Rank-50-true;Rank-50-TOT;Measure
100;723;ORIGINAL-MODEL
76;510;Recall
71;334;Ylue Y
71;334;Ylue Q
71;334;Odds Ratio
70;109;Sebag-Schoenauer
70;109;Example and Counterexample Rate
70;109;Confidence
70;109;Compliance
69;315;Specificity
69;315;Relative Risk
62;84;Least Contradiction
62;84;Jaccard
62;84;Cosine
62;84;Accuracy
60;90;Certainty factor
60;81;Odd Multiplier
60;81;Conviction
45;57;Linear Correlation Coefficient
37;53;Zhang
30;53;Laplace Correction
27;53;Gini Index
19;55;Prevalence
19;52;Piatetsky-Shapiro
17;51;Two-way Support
15;53;One-way Support
15;52;Lift
15;52;Information Gain
15;51;Leverage
15;51;Interestingness Weighting Dependency
15;51;Added Value
11;55;Support
10;51;Klosgen
7;188;Coverage
6;186;Lovinger
2;51;J Measure
1;51;Two-way Support Variation
1;51;Collective Strength
