Rank-1-true;Rank-1-TOT;Measure
100;723;ORIGINAL-MODEL
76;510;Recall
71;334;Ylue Y
71;334;Ylue Q
71;334;Odds Ratio
70;109;Sebag-Schoenauer
70;109;Example and Counterexample Rate
70;109;Confidence
70;109;Compliance
69;315;Specificity
69;315;Relative Risk
62;84;Least Contradiction
62;84;Jaccard
62;84;Cosine
62;84;Accuracy
60;81;Odd Multiplier
60;81;Conviction
10;29;Prevalence
4;23;Support
4;23;Laplace Correction
1;2;Lift
1;2;Gini Index
0;9;Linear Correlation Coefficient
0;5;J Measure
0;4;Coverage
0;2;Zhang
0;2;Two-way Support Variation
0;2;Two-way Support
0;2;Piatetsky-Shapiro
0;2;One-way Support
0;2;Lovinger
0;2;Leverage
0;2;Klosgen
0;2;Interestingness Weighting Dependency
0;2;Information Gain
0;2;Collective Strength
0;2;Certainty factor
0;2;Added Value
