'Constraint';'Template';'Activation';'Target';'Support';'Confidence level';'Interest factor'
'AtMostOne(Admission IC)';'AtMostOne';'Admission IC';;0.098;0.936;0.936
'RespondedExistence(Admission IC, Admission NC)';'RespondedExistence';'Admission IC';'Admission NC';0.095;0.909;0.909
'Response(Admission IC, Admission NC)';'Response';'Admission IC';'Admission NC';0.091;0.873;0.873
'AlternateResponse(Admission IC, Admission NC)';'AlternateResponse';'Admission IC';'Admission NC';0.086;0.818;0.818
'NotSuccession(Admission IC, Admission NC)';'NotSuccession';'Admission IC';'Admission NC';0.679;0.880;0.880
'NotCoExistence(Admission IC, Admission NC)';'NotCoExistence';'Admission IC';'Admission NC';0.676;0.877;0.877
'RespondedExistence(Admission IC, CRP)';'RespondedExistence';'Admission IC';'CRP';0.105;1.000;1.000
'Response(Admission IC, CRP)';'Response';'Admission IC';'CRP';0.103;0.982;0.982
'AlternateResponse(Admission IC, CRP)';'AlternateResponse';'Admission IC';'CRP';0.102;0.973;0.973
'NotSuccession(Admission IC, CRP)';'NotSuccession';'Admission IC';'CRP';0.856;0.893;0.893
'NotCoExistence(Admission IC, CRP)';'NotCoExistence';'Admission IC';'CRP';0.854;0.891;0.891
'NotSuccession(Admission IC, ER Registration)';'NotSuccession';'Admission IC';'ER Registration';1.000;1.000;1.000
'NotCoExistence(Admission IC, ER Registration)';'NotCoExistence';'Admission IC';'ER Registration';0.895;0.895;0.895
'NotCoExistence(Admission IC, ER Sepsis Triage)';'NotCoExistence';'Admission IC';'ER Sepsis Triage';0.896;0.896;0.896
'NotSuccession(Admission IC, ER Triage)';'NotSuccession';'Admission IC';'ER Triage';1.000;1.000;1.000
'NotCoExistence(Admission IC, ER Triage)';'NotCoExistence';'Admission IC';'ER Triage';0.895;0.895;0.895
'RespondedExistence(Admission IC, IV Antibiotics)';'RespondedExistence';'Admission IC';'IV Antibiotics';0.095;0.909;0.909
'NotSuccession(Admission IC, IV Antibiotics)';'NotSuccession';'Admission IC';'IV Antibiotics';0.791;0.998;0.998
'NotCoExistence(Admission IC, IV Antibiotics)';'NotCoExistence';'Admission IC';'IV Antibiotics';0.698;0.880;0.880
'RespondedExistence(Admission IC, IV Liquid)';'RespondedExistence';'Admission IC';'IV Liquid';0.088;0.836;0.836
'NotSuccession(Admission IC, IV Liquid)';'NotSuccession';'Admission IC';'IV Liquid';0.732;0.997;0.997
'NotCoExistence(Admission IC, IV Liquid)';'NotCoExistence';'Admission IC';'IV Liquid';0.647;0.881;0.881
'RespondedExistence(Admission IC, LacticAcid)';'RespondedExistence';'Admission IC';'LacticAcid';0.103;0.982;0.982
'Response(Admission IC, LacticAcid)';'Response';'Admission IC';'LacticAcid';0.100;0.955;0.955
'AlternateResponse(Admission IC, LacticAcid)';'AlternateResponse';'Admission IC';'LacticAcid';0.099;0.945;0.945
'NotSuccession(Admission IC, LacticAcid)';'NotSuccession';'Admission IC';'LacticAcid';0.720;0.877;0.877
'NotCoExistence(Admission IC, LacticAcid)';'NotCoExistence';'Admission IC';'LacticAcid';0.718;0.875;0.875
'RespondedExistence(Admission IC, Leucocytes)';'RespondedExistence';'Admission IC';'Leucocytes';0.105;1.000;1.000
'Response(Admission IC, Leucocytes)';'Response';'Admission IC';'Leucocytes';0.103;0.982;0.982
'AlternateResponse(Admission IC, Leucocytes)';'AlternateResponse';'Admission IC';'Leucocytes';0.102;0.973;0.973
'NotSuccession(Admission IC, Leucocytes)';'NotSuccession';'Admission IC';'Leucocytes';0.861;0.893;0.893
'NotCoExistence(Admission IC, Leucocytes)';'NotCoExistence';'Admission IC';'Leucocytes';0.859;0.891;0.891
'RespondedExistence(Admission IC, Release A)';'RespondedExistence';'Admission IC';'Release A';0.082;0.782;0.782
'Response(Admission IC, Release A)';'Response';'Admission IC';'Release A';0.082;0.782;0.782
'AlternateResponse(Admission IC, Release A)';'AlternateResponse';'Admission IC';'Release A';0.076;0.727;0.727
'NotSuccession(Admission IC, Release A)';'NotSuccession';'Admission IC';'Release A';0.580;0.876;0.876
'NotCoExistence(Admission IC, Release A)';'NotCoExistence';'Admission IC';'Release A';0.580;0.876;0.876
'NotSuccession(Admission IC, Release B)';'NotSuccession';'Admission IC';'Release B';0.133;0.915;0.915
'NotCoExistence(Admission IC, Release B)';'NotCoExistence';'Admission IC';'Release B';0.133;0.915;0.915
'NotSuccession(Admission IC, Release C)';'NotSuccession';'Admission IC';'Release C';0.127;0.993;0.993
'NotCoExistence(Admission IC, Release C)';'NotCoExistence';'Admission IC';'Release C';0.127;0.993;0.993
'NotSuccession(Admission IC, Release D)';'NotSuccession';'Admission IC';'Release D';0.118;0.961;0.961
'NotCoExistence(Admission IC, Release D)';'NotCoExistence';'Admission IC';'Release D';0.118;0.961;0.961
'NotSuccession(Admission IC, Release E)';'NotSuccession';'Admission IC';'Release E';0.107;0.982;0.982
'NotCoExistence(Admission IC, Release E)';'NotCoExistence';'Admission IC';'Release E';0.107;0.982;0.982
'NotSuccession(Admission IC, Return ER)';'NotSuccession';'Admission IC';'Return ER';0.295;0.868;0.868
'NotCoExistence(Admission IC, Return ER)';'NotCoExistence';'Admission IC';'Return ER';0.295;0.868;0.868
'Precedence(CRP, Admission IC)';'Precedence';'Admission IC';'CRP';0.103;0.982;0.982
'AlternatePrecedence(CRP, Admission IC)';'AlternatePrecedence';'Admission IC';'CRP';0.102;0.973;0.973
'AlternatePrecedence(ER Registration, Admission IC)';'AlternatePrecedence';'Admission IC';'ER Registration';0.098;0.936;0.936
'Precedence(ER Sepsis Triage, Admission IC)';'Precedence';'Admission IC';'ER Sepsis Triage';0.103;0.982;0.982
'AlternatePrecedence(ER Sepsis Triage, Admission IC)';'AlternatePrecedence';'Admission IC';'ER Sepsis Triage';0.096;0.918;0.918
'AlternatePrecedence(ER Triage, Admission IC)';'AlternatePrecedence';'Admission IC';'ER Triage';0.098;0.936;0.936
'Precedence(IV Antibiotics, Admission IC)';'Precedence';'Admission IC';'IV Antibiotics';0.093;0.891;0.891
'AlternatePrecedence(IV Antibiotics, Admission IC)';'AlternatePrecedence';'Admission IC';'IV Antibiotics';0.088;0.836;0.836
'Precedence(IV Liquid, Admission IC)';'Precedence';'Admission IC';'IV Liquid';0.086;0.818;0.818
'AlternatePrecedence(IV Liquid, Admission IC)';'AlternatePrecedence';'Admission IC';'IV Liquid';0.080;0.764;0.764
'Precedence(LacticAcid, Admission IC)';'Precedence';'Admission IC';'LacticAcid';0.092;0.882;0.882
'AlternatePrecedence(LacticAcid, Admission IC)';'AlternatePrecedence';'Admission IC';'LacticAcid';0.091;0.873;0.873
'Precedence(Leucocytes, Admission IC)';'Precedence';'Admission IC';'Leucocytes';0.103;0.982;0.982
'AlternatePrecedence(Leucocytes, Admission IC)';'AlternatePrecedence';'Admission IC';'Leucocytes';0.102;0.973;0.973
'AtMostOne(Admission NC)';'AtMostOne';'Admission NC';;0.464;0.609;0.609
'Participation(Admission NC)';'Participation';'Admission NC';;0.762;0.762;0.762
'NotSuccession(Admission NC, Admission IC)';'NotSuccession';'Admission NC';'Admission IC';0.734;0.952;0.952
'NotCoExistence(Admission NC, Admission IC)';'NotCoExistence';'Admission NC';'Admission IC';0.676;0.877;0.877
'CoExistence(Admission NC, CRP)';'CoExistence';'Admission NC';'CRP';0.756;0.784;0.784
'RespondedExistence(Admission NC, CRP)';'RespondedExistence';'Admission NC';'CRP';0.756;0.993;0.993
'Response(Admission NC, CRP)';'Response';'Admission NC';'CRP';0.590;0.774;0.774
'AlternateResponse(Admission NC, CRP)';'AlternateResponse';'Admission NC';'CRP';0.454;0.596;0.596
'CoExistence(Admission NC, ER Registration)';'CoExistence';'Admission NC';'ER Registration';0.762;0.762;0.762
'NotSuccession(Admission NC, ER Registration)';'NotSuccession';'Admission NC';'ER Registration';1.000;1.000;1.000
'CoExistence(Admission NC, ER Sepsis Triage)';'CoExistence';'Admission NC';'ER Sepsis Triage';0.761;0.761;0.761
'CoExistence(Admission NC, ER Triage)';'CoExistence';'Admission NC';'ER Triage';0.762;0.762;0.762
'CoExistence(Admission NC, IV Antibiotics)';'CoExistence';'Admission NC';'IV Antibiotics';0.665;0.755;0.755
'RespondedExistence(Admission NC, IV Antibiotics)';'RespondedExistence';'Admission NC';'IV Antibiotics';0.665;0.873;0.873
'NotSuccession(Admission NC, IV Antibiotics)';'NotSuccession';'Admission NC';'IV Antibiotics';0.870;0.988;0.988
'CoExistence(Admission NC, IV Liquid)';'CoExistence';'Admission NC';'IV Liquid';0.609;0.699;0.699
'RespondedExistence(Admission NC, IV Liquid)';'RespondedExistence';'Admission NC';'IV Liquid';0.609;0.799;0.799
'NotSuccession(Admission NC, IV Liquid)';'NotSuccession';'Admission NC';'IV Liquid';0.842;0.967;0.967
'CoExistence(Admission NC, LacticAcid)';'CoExistence';'Admission NC';'LacticAcid';0.687;0.768;0.768
'RespondedExistence(Admission NC, LacticAcid)';'RespondedExistence';'Admission NC';'LacticAcid';0.687;0.901;0.901
'NotSuccession(Admission NC, LacticAcid)';'NotSuccession';'Admission NC';'LacticAcid';0.800;0.895;0.895
'CoExistence(Admission NC, Leucocytes)';'CoExistence';'Admission NC';'Leucocytes';0.759;0.785;0.785
'RespondedExistence(Admission NC, Leucocytes)';'RespondedExistence';'Admission NC';'Leucocytes';0.759;0.996;0.996
'Response(Admission NC, Leucocytes)';'Response';'Admission NC';'Leucocytes';0.562;0.738;0.738
'AlternateResponse(Admission NC, Leucocytes)';'AlternateResponse';'Admission NC';'Leucocytes';0.435;0.571;0.571
'CoExistence(Admission NC, Release A)';'CoExistence';'Admission NC';'Release A';0.638;0.836;0.836
'Succession(Admission NC, Release A)';'Succession';'Admission NC';'Release A';0.638;0.836;0.836
'AlternateSuccession(Admission NC, Release A)';'AlternateSuccession';'Admission NC';'Release A';0.390;0.512;0.512
'RespondedExistence(Admission NC, Release A)';'RespondedExistence';'Admission NC';'Release A';0.638;0.838;0.838
'Response(Admission NC, Release A)';'Response';'Admission NC';'Release A';0.638;0.838;0.838
'AlternateResponse(Admission NC, Release A)';'AlternateResponse';'Admission NC';'Release A';0.390;0.513;0.513
'NotSuccession(Admission NC, Release B)';'NotSuccession';'Admission NC';'Release B';0.721;0.939;0.939
'NotCoExistence(Admission NC, Release B)';'NotCoExistence';'Admission NC';'Release B';0.720;0.938;0.938
'NotSuccession(Admission NC, Release C)';'NotSuccession';'Admission NC';'Release C';0.738;0.969;0.969
'NotCoExistence(Admission NC, Release C)';'NotCoExistence';'Admission NC';'Release C';0.738;0.969;0.969
'NotSuccession(Admission NC, Release D)';'NotSuccession';'Admission NC';'Release D';0.739;0.970;0.970
'NotCoExistence(Admission NC, Release D)';'NotCoExistence';'Admission NC';'Release D';0.739;0.970;0.970
'NotSuccession(Admission NC, Release E)';'NotSuccession';'Admission NC';'Release E';0.756;0.993;0.993
'NotCoExistence(Admission NC, Release E)';'NotCoExistence';'Admission NC';'Release E';0.756;0.993;0.993
'NotSuccession(Admission NC, Return ER)';'NotSuccession';'Admission NC';'Return ER';0.482;0.633;0.633
'NotCoExistence(Admission NC, Return ER)';'NotCoExistence';'Admission NC';'Return ER';0.482;0.633;0.633
'Precedence(CRP, Admission NC)';'Precedence';'Admission NC';'CRP';0.753;0.989;0.989
'AlternatePrecedence(CRP, Admission NC)';'AlternatePrecedence';'Admission NC';'CRP';0.577;0.758;0.758
'AlternatePrecedence(ER Registration, Admission NC)';'AlternatePrecedence';'Admission NC';'ER Registration';0.464;0.609;0.609
'Precedence(ER Sepsis Triage, Admission NC)';'Precedence';'Admission NC';'ER Sepsis Triage';0.756;0.993;0.993
'AlternatePrecedence(ER Sepsis Triage, Admission NC)';'AlternatePrecedence';'Admission NC';'ER Sepsis Triage';0.461;0.605;0.605
'AlternatePrecedence(ER Triage, Admission NC)';'AlternatePrecedence';'Admission NC';'ER Triage';0.464;0.609;0.609
'Precedence(IV Antibiotics, Admission NC)';'Precedence';'Admission NC';'IV Antibiotics';0.654;0.859;0.859
'AlternatePrecedence(IV Antibiotics, Admission NC)';'AlternatePrecedence';'Admission NC';'IV Antibiotics';0.391;0.514;0.514
'Precedence(IV Liquid, Admission NC)';'Precedence';'Admission NC';'IV Liquid';0.580;0.761;0.761
'Precedence(LacticAcid, Admission NC)';'Precedence';'Admission NC';'LacticAcid';0.678;0.890;0.890
'AlternatePrecedence(LacticAcid, Admission NC)';'AlternatePrecedence';'Admission NC';'LacticAcid';0.435;0.571;0.571
'Precedence(Leucocytes, Admission NC)';'Precedence';'Admission NC';'Leucocytes';0.758;0.995;0.995
'AlternatePrecedence(Leucocytes, Admission NC)';'AlternatePrecedence';'Admission NC';'Leucocytes';0.593;0.779;0.779
'Participation(CRP)';'Participation';'CRP';;0.959;0.959;0.959
'NotSuccession(CRP, Admission IC)';'NotSuccession';'CRP';'Admission IC';0.856;0.893;0.893
'NotCoExistence(CRP, Admission IC)';'NotCoExistence';'CRP';'Admission IC';0.854;0.891;0.891
'CoExistence(CRP, Admission NC)';'CoExistence';'CRP';'Admission NC';0.756;0.784;0.784
'RespondedExistence(CRP, Admission NC)';'RespondedExistence';'CRP';'Admission NC';0.756;0.788;0.788
'CoExistence(CRP, ER Registration)';'CoExistence';'CRP';'ER Registration';0.959;0.959;0.959
'CoExistence(CRP, ER Sepsis Triage)';'CoExistence';'CRP';'ER Sepsis Triage';0.958;0.958;0.958
'NotSuccession(CRP, ER Sepsis Triage)';'NotSuccession';'CRP';'ER Sepsis Triage';0.824;0.824;0.824
'CoExistence(CRP, ER Triage)';'CoExistence';'CRP';'ER Triage';0.959;0.959;0.959
'NotSuccession(CRP, ER Triage)';'NotSuccession';'CRP';'ER Triage';0.935;0.935;0.935
'CoExistence(CRP, IV Antibiotics)';'CoExistence';'CRP';'IV Antibiotics';0.784;0.817;0.817
'RespondedExistence(CRP, IV Antibiotics)';'RespondedExistence';'CRP';'IV Antibiotics';0.784;0.817;0.817
'CoExistence(CRP, IV Liquid)';'CoExistence';'CRP';'IV Liquid';0.717;0.748;0.748
'RespondedExistence(CRP, IV Liquid)';'RespondedExistence';'CRP';'IV Liquid';0.717;0.748;0.748
'CoExistence(CRP, LacticAcid)';'CoExistence';'CRP';'LacticAcid';0.819;0.854;0.854
'RespondedExistence(CRP, LacticAcid)';'RespondedExistence';'CRP';'LacticAcid';0.819;0.854;0.854
'CoExistence(CRP, Leucocytes)';'CoExistence';'CRP';'Leucocytes';0.958;0.993;0.993
'RespondedExistence(CRP, Leucocytes)';'RespondedExistence';'CRP';'Leucocytes';0.958;0.999;0.999
'CoExistence(CRP, Release A)';'CoExistence';'CRP';'Release A';0.633;0.656;0.656
'Succession(CRP, Release A)';'Succession';'CRP';'Release A';0.630;0.653;0.653
'RespondedExistence(CRP, Release A)';'RespondedExistence';'CRP';'Release A';0.633;0.660;0.660
'Response(CRP, Release A)';'Response';'CRP';'Release A';0.630;0.656;0.656
'NotSuccession(CRP, Release B)';'NotSuccession';'CRP';'Release B';0.906;0.944;0.944
'NotCoExistence(CRP, Release B)';'NotCoExistence';'CRP';'Release B';0.906;0.944;0.944
'NotSuccession(CRP, Release C)';'NotSuccession';'CRP';'Release C';0.935;0.975;0.975
'NotCoExistence(CRP, Release C)';'NotCoExistence';'CRP';'Release C';0.935;0.975;0.975
'NotSuccession(CRP, Release D)';'NotSuccession';'CRP';'Release D';0.936;0.976;0.976
'NotCoExistence(CRP, Release D)';'NotCoExistence';'CRP';'Release D';0.936;0.976;0.976
'NotSuccession(CRP, Release E)';'NotSuccession';'CRP';'Release E';0.953;0.994;0.994
'NotCoExistence(CRP, Release E)';'NotCoExistence';'CRP';'Release E';0.953;0.994;0.994
'NotSuccession(CRP, Return ER)';'NotSuccession';'CRP';'Return ER';0.681;0.709;0.709
'NotCoExistence(CRP, Return ER)';'NotCoExistence';'CRP';'Return ER';0.681;0.709;0.709
'Precedence(ER Registration, CRP)';'Precedence';'CRP';'ER Registration';0.936;0.976;0.976
'Precedence(ER Sepsis Triage, CRP)';'Precedence';'CRP';'ER Sepsis Triage';0.782;0.815;0.815
'Precedence(ER Triage, CRP)';'Precedence';'CRP';'ER Triage';0.897;0.935;0.935
'Precedence(Leucocytes, CRP)';'Precedence';'CRP';'Leucocytes';0.550;0.573;0.573
'AtMostOne(ER Registration)';'AtMostOne';'ER Registration';;1.000;1.000;1.000
'Init(ER Registration)';'Init';'ER Registration';;0.948;0.948;0.948
'NotSuccession(ER Registration, Admission IC)';'NotSuccession';'ER Registration';'Admission IC';0.895;0.895;0.895
'NotCoExistence(ER Registration, Admission IC)';'NotCoExistence';'ER Registration';'Admission IC';0.895;0.895;0.895
'CoExistence(ER Registration, Admission NC)';'CoExistence';'ER Registration';'Admission NC';0.762;0.762;0.762
'Succession(ER Registration, Admission NC)';'Succession';'ER Registration';'Admission NC';0.762;0.762;0.762
'RespondedExistence(ER Registration, Admission NC)';'RespondedExistence';'ER Registration';'Admission NC';0.762;0.762;0.762
'Response(ER Registration, Admission NC)';'Response';'ER Registration';'Admission NC';0.762;0.762;0.762
'AlternateResponse(ER Registration, Admission NC)';'AlternateResponse';'ER Registration';'Admission NC';0.762;0.762;0.762
'CoExistence(ER Registration, CRP)';'CoExistence';'ER Registration';'CRP';0.959;0.959;0.959
'Succession(ER Registration, CRP)';'Succession';'ER Registration';'CRP';0.936;0.936;0.936
'RespondedExistence(ER Registration, CRP)';'RespondedExistence';'ER Registration';'CRP';0.959;0.959;0.959
'Response(ER Registration, CRP)';'Response';'ER Registration';'CRP';0.956;0.956;0.956
'AlternateResponse(ER Registration, CRP)';'AlternateResponse';'ER Registration';'CRP';0.956;0.956;0.956
'Succession(ER Registration, ER Triage)';'Succession';'ER Registration';'ER Triage';0.994;0.994;0.994
'ChainSuccession(ER Registration, ER Triage)';'ChainSuccession';'ER Registration';'ER Triage';0.922;0.922;0.922
'RespondedExistence(ER Registration, ER Triage)';'RespondedExistence';'ER Registration';'ER Triage';1.000;1.000;1.000
'ChainResponse(ER Registration, ER Triage)';'ChainResponse';'ER Registration';'ER Triage';0.925;0.925;0.925
'CoExistence(ER Registration, IV Antibiotics)';'CoExistence';'ER Registration';'IV Antibiotics';0.784;0.784;0.784
'Succession(ER Registration, IV Antibiotics)';'Succession';'ER Registration';'IV Antibiotics';0.782;0.782;0.782
'AlternateSuccession(ER Registration, IV Antibiotics)';'AlternateSuccession';'ER Registration';'IV Antibiotics';0.782;0.782;0.782
'RespondedExistence(ER Registration, IV Antibiotics)';'RespondedExistence';'ER Registration';'IV Antibiotics';0.784;0.784;0.784
'Response(ER Registration, IV Antibiotics)';'Response';'ER Registration';'IV Antibiotics';0.782;0.782;0.782
'AlternateResponse(ER Registration, IV Antibiotics)';'AlternateResponse';'ER Registration';'IV Antibiotics';0.782;0.782;0.782
'CoExistence(ER Registration, IV Liquid)';'CoExistence';'ER Registration';'IV Liquid';0.717;0.717;0.717
'Succession(ER Registration, IV Liquid)';'Succession';'ER Registration';'IV Liquid';0.702;0.702;0.702
'AlternateSuccession(ER Registration, IV Liquid)';'AlternateSuccession';'ER Registration';'IV Liquid';0.702;0.702;0.702
'RespondedExistence(ER Registration, IV Liquid)';'RespondedExistence';'ER Registration';'IV Liquid';0.717;0.717;0.717
'Response(ER Registration, IV Liquid)';'Response';'ER Registration';'IV Liquid';0.702;0.702;0.702
'AlternateResponse(ER Registration, IV Liquid)';'AlternateResponse';'ER Registration';'IV Liquid';0.702;0.702;0.702
'CoExistence(ER Registration, LacticAcid)';'CoExistence';'ER Registration';'LacticAcid';0.819;0.819;0.819
'Succession(ER Registration, LacticAcid)';'Succession';'ER Registration';'LacticAcid';0.816;0.816;0.816
'AlternateSuccession(ER Registration, LacticAcid)';'AlternateSuccession';'ER Registration';'LacticAcid';0.653;0.653;0.653
'RespondedExistence(ER Registration, LacticAcid)';'RespondedExistence';'ER Registration';'LacticAcid';0.819;0.819;0.819
'Response(ER Registration, LacticAcid)';'Response';'ER Registration';'LacticAcid';0.817;0.817;0.817
'AlternateResponse(ER Registration, LacticAcid)';'AlternateResponse';'ER Registration';'LacticAcid';0.817;0.817;0.817
'CoExistence(ER Registration, Leucocytes)';'CoExistence';'ER Registration';'Leucocytes';0.964;0.964;0.964
'Succession(ER Registration, Leucocytes)';'Succession';'ER Registration';'Leucocytes';0.937;0.937;0.937
'RespondedExistence(ER Registration, Leucocytes)';'RespondedExistence';'ER Registration';'Leucocytes';0.964;0.964;0.964
'Response(ER Registration, Leucocytes)';'Response';'ER Registration';'Leucocytes';0.960;0.960;0.960
'AlternateResponse(ER Registration, Leucocytes)';'AlternateResponse';'ER Registration';'Leucocytes';0.960;0.960;0.960
'CoExistence(ER Registration, Release A)';'CoExistence';'ER Registration';'Release A';0.639;0.639;0.639
'Succession(ER Registration, Release A)';'Succession';'ER Registration';'Release A';0.639;0.639;0.639
'AlternateSuccession(ER Registration, Release A)';'AlternateSuccession';'ER Registration';'Release A';0.639;0.639;0.639
'RespondedExistence(ER Registration, Release A)';'RespondedExistence';'ER Registration';'Release A';0.639;0.639;0.639
'Response(ER Registration, Release A)';'Response';'ER Registration';'Release A';0.639;0.639;0.639
'AlternateResponse(ER Registration, Release A)';'AlternateResponse';'ER Registration';'Release A';0.639;0.639;0.639
'NotSuccession(ER Registration, Release B)';'NotSuccession';'ER Registration';'Release B';0.947;0.947;0.947
'NotCoExistence(ER Registration, Release B)';'NotCoExistence';'ER Registration';'Release B';0.947;0.947;0.947
'NotSuccession(ER Registration, Release C)';'NotSuccession';'ER Registration';'Release C';0.976;0.976;0.976
'NotCoExistence(ER Registration, Release C)';'NotCoExistence';'ER Registration';'Release C';0.976;0.976;0.976
'NotSuccession(ER Registration, Release D)';'NotSuccession';'ER Registration';'Release D';0.977;0.977;0.977
'NotCoExistence(ER Registration, Release D)';'NotCoExistence';'ER Registration';'Release D';0.977;0.977;0.977
'NotSuccession(ER Registration, Release E)';'NotSuccession';'ER Registration';'Release E';0.994;0.994;0.994
'NotCoExistence(ER Registration, Release E)';'NotCoExistence';'ER Registration';'Release E';0.994;0.994;0.994
'NotSuccession(ER Registration, Return ER)';'NotSuccession';'ER Registration';'Return ER';0.720;0.720;0.720
'NotCoExistence(ER Registration, Return ER)';'NotCoExistence';'ER Registration';'Return ER';0.720;0.720;0.720
'AtMostOne(ER Sepsis Triage)';'AtMostOne';'ER Sepsis Triage';;0.999;1.000;1.000
'NotSuccession(ER Sepsis Triage, Admission IC)';'NotSuccession';'ER Sepsis Triage';'Admission IC';0.897;0.897;0.897
'NotCoExistence(ER Sepsis Triage, Admission IC)';'NotCoExistence';'ER Sepsis Triage';'Admission IC';0.896;0.896;0.896
'CoExistence(ER Sepsis Triage, Admission NC)';'CoExistence';'ER Sepsis Triage';'Admission NC';0.761;0.761;0.761
'Succession(ER Sepsis Triage, Admission NC)';'Succession';'ER Sepsis Triage';'Admission NC';0.756;0.756;0.756
'RespondedExistence(ER Sepsis Triage, Admission NC)';'RespondedExistence';'ER Sepsis Triage';'Admission NC';0.761;0.762;0.762
'Response(ER Sepsis Triage, Admission NC)';'Response';'ER Sepsis Triage';'Admission NC';0.759;0.760;0.760
'AlternateResponse(ER Sepsis Triage, Admission NC)';'AlternateResponse';'ER Sepsis Triage';'Admission NC';0.759;0.760;0.760
'CoExistence(ER Sepsis Triage, CRP)';'CoExistence';'ER Sepsis Triage';'CRP';0.958;0.958;0.958
'Succession(ER Sepsis Triage, CRP)';'Succession';'ER Sepsis Triage';'CRP';0.782;0.782;0.782
'RespondedExistence(ER Sepsis Triage, CRP)';'RespondedExistence';'ER Sepsis Triage';'CRP';0.958;0.959;0.959
'Response(ER Sepsis Triage, CRP)';'Response';'ER Sepsis Triage';'CRP';0.898;0.899;0.899
'AlternateResponse(ER Sepsis Triage, CRP)';'AlternateResponse';'ER Sepsis Triage';'CRP';0.898;0.899;0.899
'CoExistence(ER Sepsis Triage, IV Antibiotics)';'CoExistence';'ER Sepsis Triage';'IV Antibiotics';0.784;0.785;0.785
'Succession(ER Sepsis Triage, IV Antibiotics)';'Succession';'ER Sepsis Triage';'IV Antibiotics';0.784;0.785;0.785
'AlternateSuccession(ER Sepsis Triage, IV Antibiotics)';'AlternateSuccession';'ER Sepsis Triage';'IV Antibiotics';0.784;0.785;0.785
'RespondedExistence(ER Sepsis Triage, IV Antibiotics)';'RespondedExistence';'ER Sepsis Triage';'IV Antibiotics';0.784;0.785;0.785
'Response(ER Sepsis Triage, IV Antibiotics)';'Response';'ER Sepsis Triage';'IV Antibiotics';0.784;0.785;0.785
'AlternateResponse(ER Sepsis Triage, IV Antibiotics)';'AlternateResponse';'ER Sepsis Triage';'IV Antibiotics';0.784;0.785;0.785
'CoExistence(ER Sepsis Triage, IV Liquid)';'CoExistence';'ER Sepsis Triage';'IV Liquid';0.717;0.718;0.718
'Succession(ER Sepsis Triage, IV Liquid)';'Succession';'ER Sepsis Triage';'IV Liquid';0.669;0.669;0.669
'AlternateSuccession(ER Sepsis Triage, IV Liquid)';'AlternateSuccession';'ER Sepsis Triage';'IV Liquid';0.669;0.669;0.669
'RespondedExistence(ER Sepsis Triage, IV Liquid)';'RespondedExistence';'ER Sepsis Triage';'IV Liquid';0.717;0.718;0.718
'Response(ER Sepsis Triage, IV Liquid)';'Response';'ER Sepsis Triage';'IV Liquid';0.669;0.669;0.669
'AlternateResponse(ER Sepsis Triage, IV Liquid)';'AlternateResponse';'ER Sepsis Triage';'IV Liquid';0.669;0.669;0.669
'CoExistence(ER Sepsis Triage, LacticAcid)';'CoExistence';'ER Sepsis Triage';'LacticAcid';0.818;0.818;0.818
'Succession(ER Sepsis Triage, LacticAcid)';'Succession';'ER Sepsis Triage';'LacticAcid';0.686;0.686;0.686
'AlternateSuccession(ER Sepsis Triage, LacticAcid)';'AlternateSuccession';'ER Sepsis Triage';'LacticAcid';0.541;0.541;0.541
'RespondedExistence(ER Sepsis Triage, LacticAcid)';'RespondedExistence';'ER Sepsis Triage';'LacticAcid';0.818;0.819;0.819
'Response(ER Sepsis Triage, LacticAcid)';'Response';'ER Sepsis Triage';'LacticAcid';0.704;0.704;0.704
'AlternateResponse(ER Sepsis Triage, LacticAcid)';'AlternateResponse';'ER Sepsis Triage';'LacticAcid';0.704;0.704;0.704
'CoExistence(ER Sepsis Triage, Leucocytes)';'CoExistence';'ER Sepsis Triage';'Leucocytes';0.963;0.963;0.963
'Succession(ER Sepsis Triage, Leucocytes)';'Succession';'ER Sepsis Triage';'Leucocytes';0.783;0.783;0.783
'RespondedExistence(ER Sepsis Triage, Leucocytes)';'RespondedExistence';'ER Sepsis Triage';'Leucocytes';0.963;0.964;0.964
'Response(ER Sepsis Triage, Leucocytes)';'Response';'ER Sepsis Triage';'Leucocytes';0.900;0.901;0.901
'AlternateResponse(ER Sepsis Triage, Leucocytes)';'AlternateResponse';'ER Sepsis Triage';'Leucocytes';0.900;0.901;0.901
'CoExistence(ER Sepsis Triage, Release A)';'CoExistence';'ER Sepsis Triage';'Release A';0.638;0.638;0.638
'Succession(ER Sepsis Triage, Release A)';'Succession';'ER Sepsis Triage';'Release A';0.638;0.638;0.638
'AlternateSuccession(ER Sepsis Triage, Release A)';'AlternateSuccession';'ER Sepsis Triage';'Release A';0.638;0.638;0.638
'RespondedExistence(ER Sepsis Triage, Release A)';'RespondedExistence';'ER Sepsis Triage';'Release A';0.638;0.639;0.639
'Response(ER Sepsis Triage, Release A)';'Response';'ER Sepsis Triage';'Release A';0.638;0.639;0.639
'AlternateResponse(ER Sepsis Triage, Release A)';'AlternateResponse';'ER Sepsis Triage';'Release A';0.638;0.639;0.639
'NotSuccession(ER Sepsis Triage, Release B)';'NotSuccession';'ER Sepsis Triage';'Release B';0.946;0.947;0.947
'NotCoExistence(ER Sepsis Triage, Release B)';'NotCoExistence';'ER Sepsis Triage';'Release B';0.946;0.947;0.947
'NotSuccession(ER Sepsis Triage, Release C)';'NotSuccession';'ER Sepsis Triage';'Release C';0.975;0.976;0.976
'NotCoExistence(ER Sepsis Triage, Release C)';'NotCoExistence';'ER Sepsis Triage';'Release C';0.975;0.976;0.976
'NotSuccession(ER Sepsis Triage, Release D)';'NotSuccession';'ER Sepsis Triage';'Release D';0.976;0.977;0.977
'NotCoExistence(ER Sepsis Triage, Release D)';'NotCoExistence';'ER Sepsis Triage';'Release D';0.976;0.977;0.977
'NotSuccession(ER Sepsis Triage, Release E)';'NotSuccession';'ER Sepsis Triage';'Release E';0.993;0.994;0.994
'NotCoExistence(ER Sepsis Triage, Release E)';'NotCoExistence';'ER Sepsis Triage';'Release E';0.993;0.994;0.994
'NotSuccession(ER Sepsis Triage, Return ER)';'NotSuccession';'ER Sepsis Triage';'Return ER';0.721;0.721;0.721
'NotCoExistence(ER Sepsis Triage, Return ER)';'NotCoExistence';'ER Sepsis Triage';'Return ER';0.721;0.721;0.721
'ChainPrecedence(ER Triage, ER Sepsis Triage)';'ChainPrecedence';'ER Sepsis Triage';'ER Triage';0.862;0.863;0.863
'AtMostOne(ER Triage)';'AtMostOne';'ER Triage';;0.997;0.997;0.997
'Participation(ER Triage)';'Participation';'ER Triage';;1.000;1.000;1.000
'ChainPrecedence(ER Registration, ER Triage)';'ChainPrecedence';'ER Triage';'ER Registration';0.922;0.922;0.922
'NotSuccession(ER Triage, Admission IC)';'NotSuccession';'ER Triage';'Admission IC';0.895;0.895;0.895
'NotCoExistence(ER Triage, Admission IC)';'NotCoExistence';'ER Triage';'Admission IC';0.895;0.895;0.895
'CoExistence(ER Triage, Admission NC)';'CoExistence';'ER Triage';'Admission NC';0.762;0.762;0.762
'Succession(ER Triage, Admission NC)';'Succession';'ER Triage';'Admission NC';0.761;0.761;0.761
'RespondedExistence(ER Triage, Admission NC)';'RespondedExistence';'ER Triage';'Admission NC';0.762;0.762;0.762
'Response(ER Triage, Admission NC)';'Response';'ER Triage';'Admission NC';0.761;0.761;0.761
'AlternateResponse(ER Triage, Admission NC)';'AlternateResponse';'ER Triage';'Admission NC';0.761;0.761;0.761
'CoExistence(ER Triage, CRP)';'CoExistence';'ER Triage';'CRP';0.959;0.959;0.959
'Succession(ER Triage, CRP)';'Succession';'ER Triage';'CRP';0.895;0.895;0.895
'RespondedExistence(ER Triage, CRP)';'RespondedExistence';'ER Triage';'CRP';0.959;0.959;0.959
'Response(ER Triage, CRP)';'Response';'ER Triage';'CRP';0.936;0.936;0.936
'AlternateResponse(ER Triage, CRP)';'AlternateResponse';'ER Triage';'CRP';0.936;0.936;0.936
'CoExistence(ER Triage, ER Registration)';'CoExistence';'ER Triage';'ER Registration';1.000;1.000;1.000
'RespondedExistence(ER Triage, ER Registration)';'RespondedExistence';'ER Triage';'ER Registration';1.000;1.000;1.000
'Succession(ER Triage, ER Sepsis Triage)';'Succession';'ER Triage';'ER Sepsis Triage';0.980;0.980;0.980
'ChainSuccession(ER Triage, ER Sepsis Triage)';'ChainSuccession';'ER Triage';'ER Sepsis Triage';0.859;0.859;0.859
'ChainResponse(ER Triage, ER Sepsis Triage)';'ChainResponse';'ER Triage';'ER Sepsis Triage';0.859;0.859;0.859
'CoExistence(ER Triage, IV Antibiotics)';'CoExistence';'ER Triage';'IV Antibiotics';0.784;0.784;0.784
'Succession(ER Triage, IV Antibiotics)';'Succession';'ER Triage';'IV Antibiotics';0.775;0.775;0.775
'AlternateSuccession(ER Triage, IV Antibiotics)';'AlternateSuccession';'ER Triage';'IV Antibiotics';0.775;0.775;0.775
'RespondedExistence(ER Triage, IV Antibiotics)';'RespondedExistence';'ER Triage';'IV Antibiotics';0.784;0.784;0.784
'Response(ER Triage, IV Antibiotics)';'Response';'ER Triage';'IV Antibiotics';0.775;0.775;0.775
'AlternateResponse(ER Triage, IV Antibiotics)';'AlternateResponse';'ER Triage';'IV Antibiotics';0.775;0.775;0.775
'CoExistence(ER Triage, IV Liquid)';'CoExistence';'ER Triage';'IV Liquid';0.717;0.717;0.717
'Succession(ER Triage, IV Liquid)';'Succession';'ER Triage';'IV Liquid';0.675;0.675;0.675
'AlternateSuccession(ER Triage, IV Liquid)';'AlternateSuccession';'ER Triage';'IV Liquid';0.675;0.675;0.675
'RespondedExistence(ER Triage, IV Liquid)';'RespondedExistence';'ER Triage';'IV Liquid';0.717;0.717;0.717
'Response(ER Triage, IV Liquid)';'Response';'ER Triage';'IV Liquid';0.675;0.675;0.675
'AlternateResponse(ER Triage, IV Liquid)';'AlternateResponse';'ER Triage';'IV Liquid';0.675;0.675;0.675
'CoExistence(ER Triage, LacticAcid)';'CoExistence';'ER Triage';'LacticAcid';0.819;0.819;0.819
'Succession(ER Triage, LacticAcid)';'Succession';'ER Triage';'LacticAcid';0.781;0.781;0.781
'AlternateSuccession(ER Triage, LacticAcid)';'AlternateSuccession';'ER Triage';'LacticAcid';0.621;0.621;0.621
'RespondedExistence(ER Triage, LacticAcid)';'RespondedExistence';'ER Triage';'LacticAcid';0.819;0.819;0.819
'Response(ER Triage, LacticAcid)';'Response';'ER Triage';'LacticAcid';0.785;0.785;0.785
'AlternateResponse(ER Triage, LacticAcid)';'AlternateResponse';'ER Triage';'LacticAcid';0.785;0.785;0.785
'CoExistence(ER Triage, Leucocytes)';'CoExistence';'ER Triage';'Leucocytes';0.964;0.964;0.964
'Succession(ER Triage, Leucocytes)';'Succession';'ER Triage';'Leucocytes';0.896;0.896;0.896
'RespondedExistence(ER Triage, Leucocytes)';'RespondedExistence';'ER Triage';'Leucocytes';0.964;0.964;0.964
'Response(ER Triage, Leucocytes)';'Response';'ER Triage';'Leucocytes';0.942;0.942;0.942
'AlternateResponse(ER Triage, Leucocytes)';'AlternateResponse';'ER Triage';'Leucocytes';0.942;0.942;0.942
'CoExistence(ER Triage, Release A)';'CoExistence';'ER Triage';'Release A';0.639;0.639;0.639
'Succession(ER Triage, Release A)';'Succession';'ER Triage';'Release A';0.639;0.639;0.639
'AlternateSuccession(ER Triage, Release A)';'AlternateSuccession';'ER Triage';'Release A';0.638;0.638;0.638
'RespondedExistence(ER Triage, Release A)';'RespondedExistence';'ER Triage';'Release A';0.639;0.639;0.639
'Response(ER Triage, Release A)';'Response';'ER Triage';'Release A';0.639;0.639;0.639
'AlternateResponse(ER Triage, Release A)';'AlternateResponse';'ER Triage';'Release A';0.638;0.638;0.638
'NotSuccession(ER Triage, Release B)';'NotSuccession';'ER Triage';'Release B';0.947;0.947;0.947
'NotCoExistence(ER Triage, Release B)';'NotCoExistence';'ER Triage';'Release B';0.947;0.947;0.947
'NotSuccession(ER Triage, Release C)';'NotSuccession';'ER Triage';'Release C';0.976;0.976;0.976
'NotCoExistence(ER Triage, Release C)';'NotCoExistence';'ER Triage';'Release C';0.976;0.976;0.976
'NotSuccession(ER Triage, Release D)';'NotSuccession';'ER Triage';'Release D';0.977;0.977;0.977
'NotCoExistence(ER Triage, Release D)';'NotCoExistence';'ER Triage';'Release D';0.977;0.977;0.977
'NotSuccession(ER Triage, Release E)';'NotSuccession';'ER Triage';'Release E';0.994;0.994;0.994
'NotCoExistence(ER Triage, Release E)';'NotCoExistence';'ER Triage';'Release E';0.994;0.994;0.994
'NotSuccession(ER Triage, Return ER)';'NotSuccession';'ER Triage';'Return ER';0.720;0.720;0.720
'NotCoExistence(ER Triage, Return ER)';'NotCoExistence';'ER Triage';'Return ER';0.720;0.720;0.720
'AtMostOne(IV Antibiotics)';'AtMostOne';'IV Antibiotics';;0.784;1.000;1.000
'Participation(IV Antibiotics)';'Participation';'IV Antibiotics';;0.784;0.784;0.784
'Precedence(CRP, IV Antibiotics)';'Precedence';'IV Antibiotics';'CRP';0.670;0.855;0.855
'AlternatePrecedence(CRP, IV Antibiotics)';'AlternatePrecedence';'IV Antibiotics';'CRP';0.670;0.855;0.855
'Precedence(ER Sepsis Triage, IV Antibiotics)';'Precedence';'IV Antibiotics';'ER Sepsis Triage';0.784;1.000;1.000
'NotSuccession(IV Antibiotics, Admission IC)';'NotSuccession';'IV Antibiotics';'Admission IC';0.700;0.882;0.882
'NotCoExistence(IV Antibiotics, Admission IC)';'NotCoExistence';'IV Antibiotics';'Admission IC';0.698;0.880;0.880
'CoExistence(IV Antibiotics, Admission NC)';'CoExistence';'IV Antibiotics';'Admission NC';0.665;0.755;0.755
'Succession(IV Antibiotics, Admission NC)';'Succession';'IV Antibiotics';'Admission NC';0.654;0.743;0.743
'RespondedExistence(IV Antibiotics, Admission NC)';'RespondedExistence';'IV Antibiotics';'Admission NC';0.665;0.848;0.848
'Response(IV Antibiotics, Admission NC)';'Response';'IV Antibiotics';'Admission NC';0.658;0.840;0.840
'AlternateResponse(IV Antibiotics, Admission NC)';'AlternateResponse';'IV Antibiotics';'Admission NC';0.658;0.840;0.840
'ChainResponse(IV Antibiotics, Admission NC)';'ChainResponse';'IV Antibiotics';'Admission NC';0.466;0.594;0.594
'CoExistence(IV Antibiotics, CRP)';'CoExistence';'IV Antibiotics';'CRP';0.784;0.817;0.817
'RespondedExistence(IV Antibiotics, CRP)';'RespondedExistence';'IV Antibiotics';'CRP';0.784;1.000;1.000
'Response(IV Antibiotics, CRP)';'Response';'IV Antibiotics';'CRP';0.615;0.785;0.785
'AlternateResponse(IV Antibiotics, CRP)';'AlternateResponse';'IV Antibiotics';'CRP';0.615;0.785;0.785
'CoExistence(IV Antibiotics, ER Registration)';'CoExistence';'IV Antibiotics';'ER Registration';0.784;0.784;0.784
'CoExistence(IV Antibiotics, ER Sepsis Triage)';'CoExistence';'IV Antibiotics';'ER Sepsis Triage';0.784;0.785;0.785
'CoExistence(IV Antibiotics, ER Triage)';'CoExistence';'IV Antibiotics';'ER Triage';0.784;0.784;0.784
'CoExistence(IV Antibiotics, IV Liquid)';'CoExistence';'IV Antibiotics';'IV Liquid';0.717;0.915;0.915
'RespondedExistence(IV Antibiotics, IV Liquid)';'RespondedExistence';'IV Antibiotics';'IV Liquid';0.717;0.915;0.915
'NotSuccession(IV Antibiotics, IV Liquid)';'NotSuccession';'IV Antibiotics';'IV Liquid';0.697;0.889;0.889
'CoExistence(IV Antibiotics, LacticAcid)';'CoExistence';'IV Antibiotics';'LacticAcid';0.751;0.883;0.883
'RespondedExistence(IV Antibiotics, LacticAcid)';'RespondedExistence';'IV Antibiotics';'LacticAcid';0.751;0.959;0.959
'NotSuccession(IV Antibiotics, LacticAcid)';'NotSuccession';'IV Antibiotics';'LacticAcid';0.611;0.718;0.718
'CoExistence(IV Antibiotics, Leucocytes)';'CoExistence';'IV Antibiotics';'Leucocytes';0.784;0.813;0.813
'RespondedExistence(IV Antibiotics, Leucocytes)';'RespondedExistence';'IV Antibiotics';'Leucocytes';0.784;1.000;1.000
'Response(IV Antibiotics, Leucocytes)';'Response';'IV Antibiotics';'Leucocytes';0.599;0.764;0.764
'AlternateResponse(IV Antibiotics, Leucocytes)';'AlternateResponse';'IV Antibiotics';'Leucocytes';0.599;0.764;0.764
'CoExistence(IV Antibiotics, Release A)';'CoExistence';'IV Antibiotics';'Release A';0.563;0.654;0.654
'Succession(IV Antibiotics, Release A)';'Succession';'IV Antibiotics';'Release A';0.563;0.654;0.654
'AlternateSuccession(IV Antibiotics, Release A)';'AlternateSuccession';'IV Antibiotics';'Release A';0.563;0.654;0.654
'RespondedExistence(IV Antibiotics, Release A)';'RespondedExistence';'IV Antibiotics';'Release A';0.563;0.718;0.718
'Response(IV Antibiotics, Release A)';'Response';'IV Antibiotics';'Release A';0.563;0.718;0.718
'AlternateResponse(IV Antibiotics, Release A)';'AlternateResponse';'IV Antibiotics';'Release A';0.563;0.718;0.718
'NotSuccession(IV Antibiotics, Release B)';'NotSuccession';'IV Antibiotics';'Release B';0.751;0.946;0.946
'NotCoExistence(IV Antibiotics, Release B)';'NotCoExistence';'IV Antibiotics';'Release B';0.751;0.946;0.946
'NotSuccession(IV Antibiotics, Release C)';'NotSuccession';'IV Antibiotics';'Release C';0.768;0.975;0.975
'NotCoExistence(IV Antibiotics, Release C)';'NotCoExistence';'IV Antibiotics';'Release C';0.768;0.975;0.975
'NotSuccession(IV Antibiotics, Release D)';'NotSuccession';'IV Antibiotics';'Release D';0.767;0.975;0.975
'NotCoExistence(IV Antibiotics, Release D)';'NotCoExistence';'IV Antibiotics';'Release D';0.767;0.975;0.975
'NotSuccession(IV Antibiotics, Release E)';'NotSuccession';'IV Antibiotics';'Release E';0.784;0.996;0.996
'NotCoExistence(IV Antibiotics, Release E)';'NotCoExistence';'IV Antibiotics';'Release E';0.784;0.996;0.996
'NotSuccession(IV Antibiotics, Return ER)';'NotSuccession';'IV Antibiotics';'Return ER';0.563;0.692;0.692
'NotCoExistence(IV Antibiotics, Return ER)';'NotCoExistence';'IV Antibiotics';'Return ER';0.563;0.692;0.692
'Precedence(IV Liquid, IV Antibiotics)';'Precedence';'IV Antibiotics';'IV Liquid';0.630;0.804;0.804
'AlternatePrecedence(IV Liquid, IV Antibiotics)';'AlternatePrecedence';'IV Antibiotics';'IV Liquid';0.630;0.804;0.804
'ChainPrecedence(IV Liquid, IV Antibiotics)';'ChainPrecedence';'IV Antibiotics';'IV Liquid';0.477;0.609;0.609
'Precedence(LacticAcid, IV Antibiotics)';'Precedence';'IV Antibiotics';'LacticAcid';0.630;0.804;0.804
'AlternatePrecedence(LacticAcid, IV Antibiotics)';'AlternatePrecedence';'IV Antibiotics';'LacticAcid';0.630;0.804;0.804
'Precedence(Leucocytes, IV Antibiotics)';'Precedence';'IV Antibiotics';'Leucocytes';0.670;0.855;0.855
'AlternatePrecedence(Leucocytes, IV Antibiotics)';'AlternatePrecedence';'IV Antibiotics';'Leucocytes';0.670;0.855;0.855
'AtMostOne(IV Liquid)';'AtMostOne';'IV Liquid';;0.717;1.000;1.000
'Participation(IV Liquid)';'Participation';'IV Liquid';;0.717;0.717;0.717
'Precedence(CRP, IV Liquid)';'Precedence';'IV Liquid';'CRP';0.492;0.687;0.687
'AlternatePrecedence(CRP, IV Liquid)';'AlternatePrecedence';'IV Liquid';'CRP';0.492;0.687;0.687
'Precedence(ER Sepsis Triage, IV Liquid)';'Precedence';'IV Liquid';'ER Sepsis Triage';0.669;0.932;0.932
'NotSuccession(IV Liquid, Admission IC)';'NotSuccession';'IV Liquid';'Admission IC';0.649;0.883;0.883
'NotCoExistence(IV Liquid, Admission IC)';'NotCoExistence';'IV Liquid';'Admission IC';0.647;0.881;0.881
'CoExistence(IV Liquid, Admission NC)';'CoExistence';'IV Liquid';'Admission NC';0.609;0.699;0.699
'Succession(IV Liquid, Admission NC)';'Succession';'IV Liquid';'Admission NC';0.580;0.666;0.666
'RespondedExistence(IV Liquid, Admission NC)';'RespondedExistence';'IV Liquid';'Admission NC';0.609;0.849;0.849
'Response(IV Liquid, Admission NC)';'Response';'IV Liquid';'Admission NC';0.585;0.815;0.815
'AlternateResponse(IV Liquid, Admission NC)';'AlternateResponse';'IV Liquid';'Admission NC';0.585;0.815;0.815
'CoExistence(IV Liquid, CRP)';'CoExistence';'IV Liquid';'CRP';0.717;0.748;0.748
'RespondedExistence(IV Liquid, CRP)';'RespondedExistence';'IV Liquid';'CRP';0.717;1.000;1.000
'Response(IV Liquid, CRP)';'Response';'IV Liquid';'CRP';0.590;0.823;0.823
'AlternateResponse(IV Liquid, CRP)';'AlternateResponse';'IV Liquid';'CRP';0.590;0.823;0.823
'CoExistence(IV Liquid, ER Registration)';'CoExistence';'IV Liquid';'ER Registration';0.717;0.717;0.717
'CoExistence(IV Liquid, ER Sepsis Triage)';'CoExistence';'IV Liquid';'ER Sepsis Triage';0.717;0.718;0.718
'CoExistence(IV Liquid, ER Triage)';'CoExistence';'IV Liquid';'ER Triage';0.717;0.717;0.717
'CoExistence(IV Liquid, IV Antibiotics)';'CoExistence';'IV Liquid';'IV Antibiotics';0.717;0.915;0.915
'Succession(IV Liquid, IV Antibiotics)';'Succession';'IV Liquid';'IV Antibiotics';0.630;0.804;0.804
'AlternateSuccession(IV Liquid, IV Antibiotics)';'AlternateSuccession';'IV Liquid';'IV Antibiotics';0.630;0.804;0.804
'ChainSuccession(IV Liquid, IV Antibiotics)';'ChainSuccession';'IV Liquid';'IV Antibiotics';0.477;0.609;0.609
'RespondedExistence(IV Liquid, IV Antibiotics)';'RespondedExistence';'IV Liquid';'IV Antibiotics';0.717;1.000;1.000
'Response(IV Liquid, IV Antibiotics)';'Response';'IV Liquid';'IV Antibiotics';0.630;0.879;0.879
'AlternateResponse(IV Liquid, IV Antibiotics)';'AlternateResponse';'IV Liquid';'IV Antibiotics';0.630;0.879;0.879
'ChainResponse(IV Liquid, IV Antibiotics)';'ChainResponse';'IV Liquid';'IV Antibiotics';0.477;0.665;0.665
'CoExistence(IV Liquid, LacticAcid)';'CoExistence';'IV Liquid';'LacticAcid';0.692;0.821;0.821
'RespondedExistence(IV Liquid, LacticAcid)';'RespondedExistence';'IV Liquid';'LacticAcid';0.692;0.965;0.965
'NotSuccession(IV Liquid, LacticAcid)';'NotSuccession';'IV Liquid';'LacticAcid';0.533;0.632;0.632
'CoExistence(IV Liquid, Leucocytes)';'CoExistence';'IV Liquid';'Leucocytes';0.717;0.744;0.744
'RespondedExistence(IV Liquid, Leucocytes)';'RespondedExistence';'IV Liquid';'Leucocytes';0.717;1.000;1.000
'Response(IV Liquid, Leucocytes)';'Response';'IV Liquid';'Leucocytes';0.581;0.810;0.810
'AlternateResponse(IV Liquid, Leucocytes)';'AlternateResponse';'IV Liquid';'Leucocytes';0.581;0.810;0.810
'CoExistence(IV Liquid, Release A)';'CoExistence';'IV Liquid';'Release A';0.513;0.609;0.609
'Succession(IV Liquid, Release A)';'Succession';'IV Liquid';'Release A';0.513;0.609;0.609
'AlternateSuccession(IV Liquid, Release A)';'AlternateSuccession';'IV Liquid';'Release A';0.513;0.609;0.609
'RespondedExistence(IV Liquid, Release A)';'RespondedExistence';'IV Liquid';'Release A';0.513;0.716;0.716
'Response(IV Liquid, Release A)';'Response';'IV Liquid';'Release A';0.513;0.716;0.716
'AlternateResponse(IV Liquid, Release A)';'AlternateResponse';'IV Liquid';'Release A';0.513;0.716;0.716
'NotSuccession(IV Liquid, Release B)';'NotSuccession';'IV Liquid';'Release B';0.690;0.945;0.945
'NotCoExistence(IV Liquid, Release B)';'NotCoExistence';'IV Liquid';'Release B';0.690;0.945;0.945
'NotSuccession(IV Liquid, Release C)';'NotSuccession';'IV Liquid';'Release C';0.703;0.974;0.974
'NotCoExistence(IV Liquid, Release C)';'NotCoExistence';'IV Liquid';'Release C';0.703;0.974;0.974
'NotSuccession(IV Liquid, Release D)';'NotSuccession';'IV Liquid';'Release D';0.704;0.975;0.975
'NotCoExistence(IV Liquid, Release D)';'NotCoExistence';'IV Liquid';'Release D';0.704;0.975;0.975
'NotSuccession(IV Liquid, Release E)';'NotSuccession';'IV Liquid';'Release E';0.717;0.996;0.996
'NotCoExistence(IV Liquid, Release E)';'NotCoExistence';'IV Liquid';'Release E';0.717;0.996;0.996
'NotSuccession(IV Liquid, Return ER)';'NotSuccession';'IV Liquid';'Return ER';0.534;0.698;0.698
'NotCoExistence(IV Liquid, Return ER)';'NotCoExistence';'IV Liquid';'Return ER';0.534;0.698;0.698
'Precedence(LacticAcid, IV Liquid)';'Precedence';'IV Liquid';'LacticAcid';0.460;0.641;0.641
'AlternatePrecedence(LacticAcid, IV Liquid)';'AlternatePrecedence';'IV Liquid';'LacticAcid';0.460;0.641;0.641
'Precedence(Leucocytes, IV Liquid)';'Precedence';'IV Liquid';'Leucocytes';0.493;0.688;0.688
'AlternatePrecedence(Leucocytes, IV Liquid)';'AlternatePrecedence';'IV Liquid';'Leucocytes';0.493;0.688;0.688
'AtMostOne(LacticAcid)';'AtMostOne';'LacticAcid';;0.655;0.800;0.800
'Participation(LacticAcid)';'Participation';'LacticAcid';;0.819;0.819;0.819
'Precedence(CRP, LacticAcid)';'Precedence';'LacticAcid';'CRP';0.483;0.590;0.590
'AlternatePrecedence(CRP, LacticAcid)';'AlternatePrecedence';'LacticAcid';'CRP';0.414;0.506;0.506
'Precedence(ER Registration, LacticAcid)';'Precedence';'LacticAcid';'ER Registration';0.816;0.997;0.997
'AlternatePrecedence(ER Registration, LacticAcid)';'AlternatePrecedence';'LacticAcid';'ER Registration';0.653;0.798;0.798
'Precedence(ER Sepsis Triage, LacticAcid)';'Precedence';'LacticAcid';'ER Sepsis Triage';0.686;0.837;0.837
'AlternatePrecedence(ER Sepsis Triage, LacticAcid)';'AlternatePrecedence';'LacticAcid';'ER Sepsis Triage';0.541;0.660;0.660
'Precedence(ER Triage, LacticAcid)';'Precedence';'LacticAcid';'ER Triage';0.783;0.956;0.956
'AlternatePrecedence(ER Triage, LacticAcid)';'AlternatePrecedence';'LacticAcid';'ER Triage';0.623;0.760;0.760
'NotSuccession(LacticAcid, Admission IC)';'NotSuccession';'LacticAcid';'Admission IC';0.728;0.886;0.886
'NotCoExistence(LacticAcid, Admission IC)';'NotCoExistence';'LacticAcid';'Admission IC';0.718;0.875;0.875
'CoExistence(LacticAcid, Admission NC)';'CoExistence';'LacticAcid';'Admission NC';0.687;0.768;0.768
'Succession(LacticAcid, Admission NC)';'Succession';'LacticAcid';'Admission NC';0.638;0.714;0.714
'RespondedExistence(LacticAcid, Admission NC)';'RespondedExistence';'LacticAcid';'Admission NC';0.687;0.838;0.838
'Response(LacticAcid, Admission NC)';'Response';'LacticAcid';'Admission NC';0.646;0.788;0.788
'AlternateResponse(LacticAcid, Admission NC)';'AlternateResponse';'LacticAcid';'Admission NC';0.554;0.677;0.677
'CoExistence(LacticAcid, CRP)';'CoExistence';'LacticAcid';'CRP';0.819;0.854;0.854
'RespondedExistence(LacticAcid, CRP)';'RespondedExistence';'LacticAcid';'CRP';0.819;1.000;1.000
'Response(LacticAcid, CRP)';'Response';'LacticAcid';'CRP';0.662;0.808;0.808
'AlternateResponse(LacticAcid, CRP)';'AlternateResponse';'LacticAcid';'CRP';0.587;0.716;0.716
'CoExistence(LacticAcid, ER Registration)';'CoExistence';'LacticAcid';'ER Registration';0.819;0.819;0.819
'CoExistence(LacticAcid, ER Sepsis Triage)';'CoExistence';'LacticAcid';'ER Sepsis Triage';0.818;0.818;0.818
'NotSuccession(LacticAcid, ER Sepsis Triage)';'NotSuccession';'LacticAcid';'ER Sepsis Triage';0.868;0.868;0.868
'CoExistence(LacticAcid, ER Triage)';'CoExistence';'LacticAcid';'ER Triage';0.819;0.819;0.819
'NotSuccession(LacticAcid, ER Triage)';'NotSuccession';'LacticAcid';'ER Triage';0.962;0.962;0.962
'CoExistence(LacticAcid, IV Antibiotics)';'CoExistence';'LacticAcid';'IV Antibiotics';0.751;0.883;0.883
'Succession(LacticAcid, IV Antibiotics)';'Succession';'LacticAcid';'IV Antibiotics';0.511;0.601;0.601
'AlternateSuccession(LacticAcid, IV Antibiotics)';'AlternateSuccession';'LacticAcid';'IV Antibiotics';0.508;0.596;0.596
'RespondedExistence(LacticAcid, IV Antibiotics)';'RespondedExistence';'LacticAcid';'IV Antibiotics';0.751;0.917;0.917
'Response(LacticAcid, IV Antibiotics)';'Response';'LacticAcid';'IV Antibiotics';0.511;0.624;0.624
'AlternateResponse(LacticAcid, IV Antibiotics)';'AlternateResponse';'LacticAcid';'IV Antibiotics';0.508;0.620;0.620
'CoExistence(LacticAcid, IV Liquid)';'CoExistence';'LacticAcid';'IV Liquid';0.692;0.821;0.821
'RespondedExistence(LacticAcid, IV Liquid)';'RespondedExistence';'LacticAcid';'IV Liquid';0.692;0.845;0.845
'CoExistence(LacticAcid, Leucocytes)';'CoExistence';'LacticAcid';'Leucocytes';0.819;0.850;0.850
'RespondedExistence(LacticAcid, Leucocytes)';'RespondedExistence';'LacticAcid';'Leucocytes';0.819;1.000;1.000
'Response(LacticAcid, Leucocytes)';'Response';'LacticAcid';'Leucocytes';0.657;0.802;0.802
'AlternateResponse(LacticAcid, Leucocytes)';'AlternateResponse';'LacticAcid';'Leucocytes';0.581;0.709;0.709
'CoExistence(LacticAcid, Release A)';'CoExistence';'LacticAcid';'Release A';0.575;0.652;0.652
'Succession(LacticAcid, Release A)';'Succession';'LacticAcid';'Release A';0.573;0.649;0.649
'AlternateSuccession(LacticAcid, Release A)';'AlternateSuccession';'LacticAcid';'Release A';0.451;0.511;0.511
'RespondedExistence(LacticAcid, Release A)';'RespondedExistence';'LacticAcid';'Release A';0.575;0.702;0.702
'Response(LacticAcid, Release A)';'Response';'LacticAcid';'Release A';0.573;0.700;0.700
'AlternateResponse(LacticAcid, Release A)';'AlternateResponse';'LacticAcid';'Release A';0.451;0.551;0.551
'NotSuccession(LacticAcid, Release B)';'NotSuccession';'LacticAcid';'Release B';0.777;0.942;0.942
'NotCoExistence(LacticAcid, Release B)';'NotCoExistence';'LacticAcid';'Release B';0.777;0.942;0.942
'NotSuccession(LacticAcid, Release C)';'NotSuccession';'LacticAcid';'Release C';0.799;0.973;0.973
'NotCoExistence(LacticAcid, Release C)';'NotCoExistence';'LacticAcid';'Release C';0.799;0.973;0.973
'NotSuccession(LacticAcid, Release D)';'NotSuccession';'LacticAcid';'Release D';0.800;0.974;0.974
'NotCoExistence(LacticAcid, Release D)';'NotCoExistence';'LacticAcid';'Release D';0.800;0.974;0.974
'NotSuccession(LacticAcid, Release E)';'NotSuccession';'LacticAcid';'Release E';0.817;0.995;0.995
'NotCoExistence(LacticAcid, Release E)';'NotCoExistence';'LacticAcid';'Release E';0.817;0.995;0.995
'NotSuccession(LacticAcid, Return ER)';'NotSuccession';'LacticAcid';'Return ER';0.575;0.687;0.687
'NotCoExistence(LacticAcid, Return ER)';'NotCoExistence';'LacticAcid';'Return ER';0.575;0.687;0.687
'Precedence(Leucocytes, LacticAcid)';'Precedence';'LacticAcid';'Leucocytes';0.465;0.567;0.567
'Participation(Leucocytes)';'Participation';'Leucocytes';;0.964;0.964;0.964
'Precedence(ER Registration, Leucocytes)';'Precedence';'Leucocytes';'ER Registration';0.937;0.972;0.972
'Precedence(ER Sepsis Triage, Leucocytes)';'Precedence';'Leucocytes';'ER Sepsis Triage';0.783;0.812;0.812
'Precedence(ER Triage, Leucocytes)';'Precedence';'Leucocytes';'ER Triage';0.898;0.932;0.932
'NotSuccession(Leucocytes, Admission IC)';'NotSuccession';'Leucocytes';'Admission IC';0.861;0.893;0.893
'NotCoExistence(Leucocytes, Admission IC)';'NotCoExistence';'Leucocytes';'Admission IC';0.859;0.891;0.891
'CoExistence(Leucocytes, Admission NC)';'CoExistence';'Leucocytes';'Admission NC';0.759;0.785;0.785
'RespondedExistence(Leucocytes, Admission NC)';'RespondedExistence';'Leucocytes';'Admission NC';0.759;0.788;0.788
'CoExistence(Leucocytes, CRP)';'CoExistence';'Leucocytes';'CRP';0.958;0.993;0.993
'RespondedExistence(Leucocytes, CRP)';'RespondedExistence';'Leucocytes';'CRP';0.958;0.994;0.994
'Response(Leucocytes, CRP)';'Response';'Leucocytes';'CRP';0.546;0.566;0.566
'CoExistence(Leucocytes, ER Registration)';'CoExistence';'Leucocytes';'ER Registration';0.964;0.964;0.964
'CoExistence(Leucocytes, ER Sepsis Triage)';'CoExistence';'Leucocytes';'ER Sepsis Triage';0.963;0.963;0.963
'NotSuccession(Leucocytes, ER Sepsis Triage)';'NotSuccession';'Leucocytes';'ER Sepsis Triage';0.820;0.820;0.820
'CoExistence(Leucocytes, ER Triage)';'CoExistence';'Leucocytes';'ER Triage';0.964;0.964;0.964
'NotSuccession(Leucocytes, ER Triage)';'NotSuccession';'Leucocytes';'ER Triage';0.931;0.931;0.931
'CoExistence(Leucocytes, IV Antibiotics)';'CoExistence';'Leucocytes';'IV Antibiotics';0.784;0.813;0.813
'RespondedExistence(Leucocytes, IV Antibiotics)';'RespondedExistence';'Leucocytes';'IV Antibiotics';0.784;0.813;0.813
'CoExistence(Leucocytes, IV Liquid)';'CoExistence';'Leucocytes';'IV Liquid';0.717;0.744;0.744
'RespondedExistence(Leucocytes, IV Liquid)';'RespondedExistence';'Leucocytes';'IV Liquid';0.717;0.744;0.744
'CoExistence(Leucocytes, LacticAcid)';'CoExistence';'Leucocytes';'LacticAcid';0.819;0.850;0.850
'RespondedExistence(Leucocytes, LacticAcid)';'RespondedExistence';'Leucocytes';'LacticAcid';0.819;0.850;0.850
'CoExistence(Leucocytes, Release A)';'CoExistence';'Leucocytes';'Release A';0.636;0.658;0.658
'Succession(Leucocytes, Release A)';'Succession';'Leucocytes';'Release A';0.631;0.653;0.653
'RespondedExistence(Leucocytes, Release A)';'RespondedExistence';'Leucocytes';'Release A';0.636;0.660;0.660
'Response(Leucocytes, Release A)';'Response';'Leucocytes';'Release A';0.631;0.655;0.655
'NotSuccession(Leucocytes, Release B)';'NotSuccession';'Leucocytes';'Release B';0.910;0.945;0.945
'NotCoExistence(Leucocytes, Release B)';'NotCoExistence';'Leucocytes';'Release B';0.910;0.945;0.945
'NotSuccession(Leucocytes, Release C)';'NotSuccession';'Leucocytes';'Release C';0.940;0.975;0.975
'NotCoExistence(Leucocytes, Release C)';'NotCoExistence';'Leucocytes';'Release C';0.940;0.975;0.975
'NotSuccession(Leucocytes, Release D)';'NotSuccession';'Leucocytes';'Release D';0.941;0.976;0.976
'NotCoExistence(Leucocytes, Release D)';'NotCoExistence';'Leucocytes';'Release D';0.941;0.976;0.976
'NotSuccession(Leucocytes, Release E)';'NotSuccession';'Leucocytes';'Release E';0.958;0.994;0.994
'NotCoExistence(Leucocytes, Release E)';'NotCoExistence';'Leucocytes';'Release E';0.958;0.994;0.994
'NotSuccession(Leucocytes, Return ER)';'NotSuccession';'Leucocytes';'Return ER';0.686;0.711;0.711
'NotCoExistence(Leucocytes, Return ER)';'NotCoExistence';'Leucocytes';'Return ER';0.686;0.711;0.711
'AtMostOne(Release A)';'AtMostOne';'Release A';;0.639;1.000;1.000
'Participation(Release A)';'Participation';'Release A';;0.639;0.639;0.639
'Precedence(Admission NC, Release A)';'Precedence';'Release A';'Admission NC';0.638;0.999;0.999
'AlternatePrecedence(Admission NC, Release A)';'AlternatePrecedence';'Release A';'Admission NC';0.638;0.999;0.999
'Precedence(CRP, Release A)';'Precedence';'Release A';'CRP';0.633;0.991;0.991
'AlternatePrecedence(CRP, Release A)';'AlternatePrecedence';'Release A';'CRP';0.633;0.991;0.991
'Precedence(IV Antibiotics, Release A)';'Precedence';'Release A';'IV Antibiotics';0.563;0.881;0.881
'AlternatePrecedence(IV Antibiotics, Release A)';'AlternatePrecedence';'Release A';'IV Antibiotics';0.563;0.881;0.881
'Precedence(IV Liquid, Release A)';'Precedence';'Release A';'IV Liquid';0.513;0.803;0.803
'AlternatePrecedence(IV Liquid, Release A)';'AlternatePrecedence';'Release A';'IV Liquid';0.513;0.803;0.803
'Precedence(LacticAcid, Release A)';'Precedence';'Release A';'LacticAcid';0.575;0.900;0.900
'AlternatePrecedence(LacticAcid, Release A)';'AlternatePrecedence';'Release A';'LacticAcid';0.575;0.900;0.900
'Precedence(Leucocytes, Release A)';'Precedence';'Release A';'Leucocytes';0.636;0.996;0.996
'AlternatePrecedence(Leucocytes, Release A)';'AlternatePrecedence';'Release A';'Leucocytes';0.636;0.996;0.996
'NotSuccession(Release A, Admission IC)';'NotSuccession';'Release A';'Admission IC';0.662;1.000;1.000
'NotCoExistence(Release A, Admission IC)';'NotCoExistence';'Release A';'Admission IC';0.580;0.876;0.876
'CoExistence(Release A, Admission NC)';'CoExistence';'Release A';'Admission NC';0.638;0.836;0.836
'RespondedExistence(Release A, Admission NC)';'RespondedExistence';'Release A';'Admission NC';0.638;0.999;0.999
'NotSuccession(Release A, Admission NC)';'NotSuccession';'Release A';'Admission NC';0.763;1.000;1.000
'CoExistence(Release A, CRP)';'CoExistence';'Release A';'CRP';0.633;0.656;0.656
'RespondedExistence(Release A, CRP)';'RespondedExistence';'Release A';'CRP';0.633;0.991;0.991
'NotSuccession(Release A, CRP)';'NotSuccession';'Release A';'CRP';0.961;0.996;0.996
'CoExistence(Release A, ER Registration)';'CoExistence';'Release A';'ER Registration';0.639;0.639;0.639
'NotSuccession(Release A, ER Registration)';'NotSuccession';'Release A';'ER Registration';1.000;1.000;1.000
'CoExistence(Release A, ER Sepsis Triage)';'CoExistence';'Release A';'ER Sepsis Triage';0.638;0.638;0.638
'NotSuccession(Release A, ER Sepsis Triage)';'NotSuccession';'Release A';'ER Sepsis Triage';1.000;1.000;1.000
'CoExistence(Release A, ER Triage)';'CoExistence';'Release A';'ER Triage';0.639;0.639;0.639
'NotSuccession(Release A, ER Triage)';'NotSuccession';'Release A';'ER Triage';1.000;1.000;1.000
'CoExistence(Release A, IV Antibiotics)';'CoExistence';'Release A';'IV Antibiotics';0.563;0.654;0.654
'RespondedExistence(Release A, IV Antibiotics)';'RespondedExistence';'Release A';'IV Antibiotics';0.563;0.881;0.881
'NotSuccession(Release A, IV Antibiotics)';'NotSuccession';'Release A';'IV Antibiotics';0.860;1.000;1.000
'CoExistence(Release A, IV Liquid)';'CoExistence';'Release A';'IV Liquid';0.513;0.609;0.609
'RespondedExistence(Release A, IV Liquid)';'RespondedExistence';'Release A';'IV Liquid';0.513;0.803;0.803
'NotSuccession(Release A, IV Liquid)';'NotSuccession';'Release A';'IV Liquid';0.843;1.000;1.000
'CoExistence(Release A, LacticAcid)';'CoExistence';'Release A';'LacticAcid';0.575;0.652;0.652
'RespondedExistence(Release A, LacticAcid)';'RespondedExistence';'Release A';'LacticAcid';0.575;0.900;0.900
'NotSuccession(Release A, LacticAcid)';'NotSuccession';'Release A';'LacticAcid';0.881;0.998;0.998
'CoExistence(Release A, Leucocytes)';'CoExistence';'Release A';'Leucocytes';0.636;0.658;0.658
'RespondedExistence(Release A, Leucocytes)';'RespondedExistence';'Release A';'Leucocytes';0.636;0.996;0.996
'NotSuccession(Release A, Leucocytes)';'NotSuccession';'Release A';'Leucocytes';0.962;0.995;0.995
'NotCoExistence(Release A, Release B)';'NotCoExistence';'Release A';'Release B';0.692;1.000;1.000
'NotCoExistence(Release A, Release C)';'NotCoExistence';'Release A';'Release C';0.663;1.000;1.000
'NotCoExistence(Release A, Release D)';'NotCoExistence';'Release A';'Release D';0.662;1.000;1.000
'NotCoExistence(Release A, Release E)';'NotCoExistence';'Release A';'Release E';0.645;1.000;1.000
'NotSuccession(Release A, Return ER)';'NotSuccession';'Release A';'Return ER';0.391;0.597;0.597
'NotCoExistence(Release A, Return ER)';'NotCoExistence';'Release A';'Return ER';0.391;0.597;0.597
'AtMostOne(Release B)';'AtMostOne';'Release B';;0.053;1.000;1.000
'Precedence(CRP, Release B)';'Precedence';'Release B';'CRP';0.053;1.000;1.000
'AlternatePrecedence(CRP, Release B)';'AlternatePrecedence';'Release B';'CRP';0.053;1.000;1.000
'Precedence(Leucocytes, Release B)';'Precedence';'Release B';'Leucocytes';0.053;1.000;1.000
'AlternatePrecedence(Leucocytes, Release B)';'AlternatePrecedence';'Release B';'Leucocytes';0.053;1.000;1.000
'NotSuccession(Release B, Admission IC)';'NotSuccession';'Release B';'Admission IC';0.146;1.000;1.000
'NotCoExistence(Release B, Admission IC)';'NotCoExistence';'Release B';'Admission IC';0.133;0.915;0.915
'NotSuccession(Release B, Admission NC)';'NotSuccession';'Release B';'Admission NC';0.767;0.999;0.999
'NotCoExistence(Release B, Admission NC)';'NotCoExistence';'Release B';'Admission NC';0.720;0.938;0.938
'RespondedExistence(Release B, CRP)';'RespondedExistence';'Release B';'CRP';0.053;1.000;1.000
'NotSuccession(Release B, CRP)';'NotSuccession';'Release B';'CRP';0.959;1.000;1.000
'NotCoExistence(Release B, CRP)';'NotCoExistence';'Release B';'CRP';0.906;0.944;0.944
'NotSuccession(Release B, ER Registration)';'NotSuccession';'Release B';'ER Registration';1.000;1.000;1.000
'NotCoExistence(Release B, ER Registration)';'NotCoExistence';'Release B';'ER Registration';0.947;0.947;0.947
'NotSuccession(Release B, ER Sepsis Triage)';'NotSuccession';'Release B';'ER Sepsis Triage';0.999;1.000;1.000
'NotCoExistence(Release B, ER Sepsis Triage)';'NotCoExistence';'Release B';'ER Sepsis Triage';0.946;0.947;0.947
'NotSuccession(Release B, ER Triage)';'NotSuccession';'Release B';'ER Triage';1.000;1.000;1.000
'NotCoExistence(Release B, ER Triage)';'NotCoExistence';'Release B';'ER Triage';0.947;0.947;0.947
'NotSuccession(Release B, IV Antibiotics)';'NotSuccession';'Release B';'IV Antibiotics';0.794;1.000;1.000
'NotCoExistence(Release B, IV Antibiotics)';'NotCoExistence';'Release B';'IV Antibiotics';0.751;0.946;0.946
'NotSuccession(Release B, IV Liquid)';'NotSuccession';'Release B';'IV Liquid';0.730;1.000;1.000
'NotCoExistence(Release B, IV Liquid)';'NotCoExistence';'Release B';'IV Liquid';0.690;0.945;0.945
'NotSuccession(Release B, LacticAcid)';'NotSuccession';'Release B';'LacticAcid';0.825;1.000;1.000
'NotCoExistence(Release B, LacticAcid)';'NotCoExistence';'Release B';'LacticAcid';0.777;0.942;0.942
'RespondedExistence(Release B, Leucocytes)';'RespondedExistence';'Release B';'Leucocytes';0.053;1.000;1.000
'NotSuccession(Release B, Leucocytes)';'NotSuccession';'Release B';'Leucocytes';0.964;1.000;1.000
'NotCoExistence(Release B, Leucocytes)';'NotCoExistence';'Release B';'Leucocytes';0.910;0.945;0.945
'NotCoExistence(Release B, Release A)';'NotCoExistence';'Release B';'Release A';0.692;1.000;1.000
'NotCoExistence(Release B, Release C)';'NotCoExistence';'Release B';'Release C';0.077;1.000;1.000
'NotCoExistence(Release B, Release D)';'NotCoExistence';'Release B';'Release D';0.076;1.000;1.000
'NotCoExistence(Release B, Release E)';'NotCoExistence';'Release B';'Release E';0.059;1.000;1.000
'NotSuccession(Release B, Return ER)';'NotSuccession';'Release B';'Return ER';0.333;1.000;1.000
'NotCoExistence(Release B, Return ER)';'NotCoExistence';'Release B';'Return ER';0.333;1.000;1.000
'NotSuccession(Release C, Admission IC)';'NotSuccession';'Release C';'Admission IC';0.128;1.000;1.000
'NotCoExistence(Release C, Admission IC)';'NotCoExistence';'Release C';'Admission IC';0.127;0.993;0.993
'NotSuccession(Release C, Admission NC)';'NotSuccession';'Release C';'Admission NC';0.762;1.000;1.000
'NotCoExistence(Release C, Admission NC)';'NotCoExistence';'Release C';'Admission NC';0.738;0.969;0.969
'NotSuccession(Release C, CRP)';'NotSuccession';'Release C';'CRP';0.959;1.000;1.000
'NotCoExistence(Release C, CRP)';'NotCoExistence';'Release C';'CRP';0.935;0.975;0.975
'NotSuccession(Release C, ER Registration)';'NotSuccession';'Release C';'ER Registration';1.000;1.000;1.000
'NotCoExistence(Release C, ER Registration)';'NotCoExistence';'Release C';'ER Registration';0.976;0.976;0.976
'NotSuccession(Release C, ER Sepsis Triage)';'NotSuccession';'Release C';'ER Sepsis Triage';0.999;1.000;1.000
'NotCoExistence(Release C, ER Sepsis Triage)';'NotCoExistence';'Release C';'ER Sepsis Triage';0.975;0.976;0.976
'NotSuccession(Release C, ER Triage)';'NotSuccession';'Release C';'ER Triage';1.000;1.000;1.000
'NotCoExistence(Release C, ER Triage)';'NotCoExistence';'Release C';'ER Triage';0.976;0.976;0.976
'NotSuccession(Release C, IV Antibiotics)';'NotSuccession';'Release C';'IV Antibiotics';0.788;1.000;1.000
'NotCoExistence(Release C, IV Antibiotics)';'NotCoExistence';'Release C';'IV Antibiotics';0.768;0.975;0.975
'NotSuccession(Release C, IV Liquid)';'NotSuccession';'Release C';'IV Liquid';0.722;1.000;1.000
'NotCoExistence(Release C, IV Liquid)';'NotCoExistence';'Release C';'IV Liquid';0.703;0.974;0.974
'NotSuccession(Release C, LacticAcid)';'NotSuccession';'Release C';'LacticAcid';0.821;1.000;1.000
'NotCoExistence(Release C, LacticAcid)';'NotCoExistence';'Release C';'LacticAcid';0.799;0.973;0.973
'NotSuccession(Release C, Leucocytes)';'NotSuccession';'Release C';'Leucocytes';0.964;1.000;1.000
'NotCoExistence(Release C, Leucocytes)';'NotCoExistence';'Release C';'Leucocytes';0.940;0.975;0.975
'NotCoExistence(Release C, Release A)';'NotCoExistence';'Release C';'Release A';0.663;1.000;1.000
'NotCoExistence(Release C, Release B)';'NotCoExistence';'Release C';'Release B';0.077;1.000;1.000
'NotSuccession(Release C, Return ER)';'NotSuccession';'Release C';'Return ER';0.292;0.981;0.981
'NotCoExistence(Release C, Return ER)';'NotCoExistence';'Release C';'Return ER';0.292;0.981;0.981
'NotSuccession(Release D, Admission IC)';'NotSuccession';'Release D';'Admission IC';0.123;1.000;1.000
'NotCoExistence(Release D, Admission IC)';'NotCoExistence';'Release D';'Admission IC';0.118;0.961;0.961
'NotSuccession(Release D, Admission NC)';'NotSuccession';'Release D';'Admission NC';0.762;1.000;1.000
'NotCoExistence(Release D, Admission NC)';'NotCoExistence';'Release D';'Admission NC';0.739;0.970;0.970
'NotSuccession(Release D, CRP)';'NotSuccession';'Release D';'CRP';0.959;1.000;1.000
'NotCoExistence(Release D, CRP)';'NotCoExistence';'Release D';'CRP';0.936;0.976;0.976
'NotSuccession(Release D, ER Registration)';'NotSuccession';'Release D';'ER Registration';1.000;1.000;1.000
'NotCoExistence(Release D, ER Registration)';'NotCoExistence';'Release D';'ER Registration';0.977;0.977;0.977
'NotSuccession(Release D, ER Sepsis Triage)';'NotSuccession';'Release D';'ER Sepsis Triage';0.999;1.000;1.000
'NotCoExistence(Release D, ER Sepsis Triage)';'NotCoExistence';'Release D';'ER Sepsis Triage';0.976;0.977;0.977
'NotSuccession(Release D, ER Triage)';'NotSuccession';'Release D';'ER Triage';1.000;1.000;1.000
'NotCoExistence(Release D, ER Triage)';'NotCoExistence';'Release D';'ER Triage';0.977;0.977;0.977
'NotSuccession(Release D, IV Antibiotics)';'NotSuccession';'Release D';'IV Antibiotics';0.787;1.000;1.000
'NotCoExistence(Release D, IV Antibiotics)';'NotCoExistence';'Release D';'IV Antibiotics';0.767;0.975;0.975
'NotSuccession(Release D, IV Liquid)';'NotSuccession';'Release D';'IV Liquid';0.722;1.000;1.000
'NotCoExistence(Release D, IV Liquid)';'NotCoExistence';'Release D';'IV Liquid';0.704;0.975;0.975
'NotSuccession(Release D, LacticAcid)';'NotSuccession';'Release D';'LacticAcid';0.821;1.000;1.000
'NotCoExistence(Release D, LacticAcid)';'NotCoExistence';'Release D';'LacticAcid';0.800;0.974;0.974
'NotSuccession(Release D, Leucocytes)';'NotSuccession';'Release D';'Leucocytes';0.964;1.000;1.000
'NotCoExistence(Release D, Leucocytes)';'NotCoExistence';'Release D';'Leucocytes';0.941;0.976;0.976
'NotCoExistence(Release D, Release A)';'NotCoExistence';'Release D';'Release A';0.662;1.000;1.000
'NotCoExistence(Release D, Release B)';'NotCoExistence';'Release D';'Release B';0.076;1.000;1.000
'NotSuccession(Release D, Return ER)';'NotSuccession';'Release D';'Return ER';0.284;0.968;0.968
'NotCoExistence(Release D, Return ER)';'NotCoExistence';'Release D';'Return ER';0.284;0.968;0.968
'NotSuccession(Release E, Admission IC)';'NotSuccession';'Release E';'Admission IC';0.109;1.000;1.000
'NotCoExistence(Release E, Admission IC)';'NotCoExistence';'Release E';'Admission IC';0.107;0.982;0.982
'NotSuccession(Release E, Admission NC)';'NotSuccession';'Release E';'Admission NC';0.762;1.000;1.000
'NotCoExistence(Release E, Admission NC)';'NotCoExistence';'Release E';'Admission NC';0.756;0.993;0.993
'NotSuccession(Release E, CRP)';'NotSuccession';'Release E';'CRP';0.959;1.000;1.000
'NotCoExistence(Release E, CRP)';'NotCoExistence';'Release E';'CRP';0.953;0.994;0.994
'NotSuccession(Release E, ER Registration)';'NotSuccession';'Release E';'ER Registration';1.000;1.000;1.000
'NotCoExistence(Release E, ER Registration)';'NotCoExistence';'Release E';'ER Registration';0.994;0.994;0.994
'NotSuccession(Release E, ER Sepsis Triage)';'NotSuccession';'Release E';'ER Sepsis Triage';0.999;1.000;1.000
'NotCoExistence(Release E, ER Sepsis Triage)';'NotCoExistence';'Release E';'ER Sepsis Triage';0.993;0.994;0.994
'NotSuccession(Release E, ER Triage)';'NotSuccession';'Release E';'ER Triage';1.000;1.000;1.000
'NotCoExistence(Release E, ER Triage)';'NotCoExistence';'Release E';'ER Triage';0.994;0.994;0.994
'NotSuccession(Release E, IV Antibiotics)';'NotSuccession';'Release E';'IV Antibiotics';0.787;1.000;1.000
'NotCoExistence(Release E, IV Antibiotics)';'NotCoExistence';'Release E';'IV Antibiotics';0.784;0.996;0.996
'NotSuccession(Release E, IV Liquid)';'NotSuccession';'Release E';'IV Liquid';0.720;1.000;1.000
'NotCoExistence(Release E, IV Liquid)';'NotCoExistence';'Release E';'IV Liquid';0.717;0.996;0.996
'NotSuccession(Release E, LacticAcid)';'NotSuccession';'Release E';'LacticAcid';0.821;1.000;1.000
'NotCoExistence(Release E, LacticAcid)';'NotCoExistence';'Release E';'LacticAcid';0.817;0.995;0.995
'NotSuccession(Release E, Leucocytes)';'NotSuccession';'Release E';'Leucocytes';0.964;1.000;1.000
'NotCoExistence(Release E, Leucocytes)';'NotCoExistence';'Release E';'Leucocytes';0.958;0.994;0.994
'NotCoExistence(Release E, Release A)';'NotCoExistence';'Release E';'Release A';0.645;1.000;1.000
'NotCoExistence(Release E, Release B)';'NotCoExistence';'Release E';'Release B';0.059;1.000;1.000
'NotSuccession(Release E, Return ER)';'NotSuccession';'Release E';'Return ER';0.284;0.997;0.997
'NotCoExistence(Release E, Return ER)';'NotCoExistence';'Release E';'Return ER';0.284;0.997;0.997
'AtMostOne(Return ER)';'AtMostOne';'Return ER';;0.280;1.000;1.000
'Precedence(Admission NC, Return ER)';'Precedence';'Return ER';'Admission NC';0.280;1.000;1.000
'AlternatePrecedence(Admission NC, Return ER)';'AlternatePrecedence';'Return ER';'Admission NC';0.280;1.000;1.000
'Precedence(CRP, Return ER)';'Precedence';'Return ER';'CRP';0.279;0.997;0.997
'AlternatePrecedence(CRP, Return ER)';'AlternatePrecedence';'Return ER';'CRP';0.279;0.997;0.997
'Precedence(ER Sepsis Triage, Return ER)';'Precedence';'Return ER';'ER Sepsis Triage';0.279;0.997;0.997
'Precedence(IV Antibiotics, Return ER)';'Precedence';'Return ER';'IV Antibiotics';0.250;0.895;0.895
'AlternatePrecedence(IV Antibiotics, Return ER)';'AlternatePrecedence';'Return ER';'IV Antibiotics';0.250;0.895;0.895
'Precedence(IV Liquid, Return ER)';'Precedence';'Return ER';'IV Liquid';0.231;0.827;0.827
'AlternatePrecedence(IV Liquid, Return ER)';'AlternatePrecedence';'Return ER';'IV Liquid';0.231;0.827;0.827
'Precedence(LacticAcid, Return ER)';'Precedence';'Return ER';'LacticAcid';0.262;0.935;0.935
'AlternatePrecedence(LacticAcid, Return ER)';'AlternatePrecedence';'Return ER';'LacticAcid';0.262;0.935;0.935
'Precedence(Leucocytes, Return ER)';'Precedence';'Return ER';'Leucocytes';0.279;0.997;0.997
'AlternatePrecedence(Leucocytes, Return ER)';'AlternatePrecedence';'Return ER';'Leucocytes';0.279;0.997;0.997
'Precedence(Release A, Return ER)';'Precedence';'Return ER';'Release A';0.264;0.942;0.942
'AlternatePrecedence(Release A, Return ER)';'AlternatePrecedence';'Return ER';'Release A';0.264;0.942;0.942
'ChainPrecedence(Release A, Return ER)';'ChainPrecedence';'Return ER';'Release A';0.263;0.939;0.939
'NotSuccession(Return ER, Admission IC)';'NotSuccession';'Return ER';'Admission IC';0.340;1.000;1.000
'NotCoExistence(Return ER, Admission IC)';'NotCoExistence';'Return ER';'Admission IC';0.295;0.868;0.868
'RespondedExistence(Return ER, Admission NC)';'RespondedExistence';'Return ER';'Admission NC';0.280;1.000;1.000
'NotSuccession(Return ER, Admission NC)';'NotSuccession';'Return ER';'Admission NC';0.762;1.000;1.000
'NotCoExistence(Return ER, Admission NC)';'NotCoExistence';'Return ER';'Admission NC';0.482;0.633;0.633
'RespondedExistence(Return ER, CRP)';'RespondedExistence';'Return ER';'CRP';0.279;0.997;0.997
'NotSuccession(Return ER, CRP)';'NotSuccession';'Return ER';'CRP';0.957;0.997;0.997
'NotCoExistence(Return ER, CRP)';'NotCoExistence';'Return ER';'CRP';0.681;0.709;0.709
'NotSuccession(Return ER, ER Registration)';'NotSuccession';'Return ER';'ER Registration';1.000;1.000;1.000
'NotCoExistence(Return ER, ER Registration)';'NotCoExistence';'Return ER';'ER Registration';0.720;0.720;0.720
'NotSuccession(Return ER, ER Sepsis Triage)';'NotSuccession';'Return ER';'ER Sepsis Triage';1.000;1.000;1.000
'NotCoExistence(Return ER, ER Sepsis Triage)';'NotCoExistence';'Return ER';'ER Sepsis Triage';0.721;0.721;0.721
'NotSuccession(Return ER, ER Triage)';'NotSuccession';'Return ER';'ER Triage';1.000;1.000;1.000
'NotCoExistence(Return ER, ER Triage)';'NotCoExistence';'Return ER';'ER Triage';0.720;0.720;0.720
'RespondedExistence(Return ER, IV Antibiotics)';'RespondedExistence';'Return ER';'IV Antibiotics';0.250;0.895;0.895
'NotSuccession(Return ER, IV Antibiotics)';'NotSuccession';'Return ER';'IV Antibiotics';0.813;1.000;1.000
'NotCoExistence(Return ER, IV Antibiotics)';'NotCoExistence';'Return ER';'IV Antibiotics';0.563;0.692;0.692
'RespondedExistence(Return ER, IV Liquid)';'RespondedExistence';'Return ER';'IV Liquid';0.231;0.827;0.827
'NotSuccession(Return ER, IV Liquid)';'NotSuccession';'Return ER';'IV Liquid';0.766;1.000;1.000
'NotCoExistence(Return ER, IV Liquid)';'NotCoExistence';'Return ER';'IV Liquid';0.534;0.698;0.698
'RespondedExistence(Return ER, LacticAcid)';'RespondedExistence';'Return ER';'LacticAcid';0.262;0.935;0.935
'NotSuccession(Return ER, LacticAcid)';'NotSuccession';'Return ER';'LacticAcid';0.835;0.998;0.998
'NotCoExistence(Return ER, LacticAcid)';'NotCoExistence';'Return ER';'LacticAcid';0.575;0.687;0.687
'RespondedExistence(Return ER, Leucocytes)';'RespondedExistence';'Return ER';'Leucocytes';0.279;0.997;0.997
'NotSuccession(Return ER, Leucocytes)';'NotSuccession';'Return ER';'Leucocytes';0.962;0.997;0.997
'NotCoExistence(Return ER, Leucocytes)';'NotCoExistence';'Return ER';'Leucocytes';0.686;0.711;0.711
'RespondedExistence(Return ER, Release A)';'RespondedExistence';'Return ER';'Release A';0.264;0.942;0.942
'NotSuccession(Return ER, Release A)';'NotSuccession';'Return ER';'Release A';0.655;1.000;1.000
'NotCoExistence(Return ER, Release A)';'NotCoExistence';'Return ER';'Release A';0.391;0.597;0.597
'NotSuccession(Return ER, Release B)';'NotSuccession';'Return ER';'Release B';0.333;1.000;1.000
'NotCoExistence(Return ER, Release B)';'NotCoExistence';'Return ER';'Release B';0.333;1.000;1.000
'NotSuccession(Return ER, Release C)';'NotSuccession';'Return ER';'Release C';0.298;1.000;1.000
'NotCoExistence(Return ER, Release C)';'NotCoExistence';'Return ER';'Release C';0.292;0.981;0.981
'NotSuccession(Return ER, Release D)';'NotSuccession';'Return ER';'Release D';0.293;1.000;1.000
'NotCoExistence(Return ER, Release D)';'NotCoExistence';'Return ER';'Release D';0.284;0.968;0.968
'NotSuccession(Return ER, Release E)';'NotSuccession';'Return ER';'Release E';0.285;1.000;1.000
'NotCoExistence(Return ER, Release E)';'NotCoExistence';'Return ER';'Release E';0.284;0.997;0.997
