Rank-25-true;Rank-25-TOT;Measure
100;723;ORIGINAL-MODEL
76;510;Recall
71;334;Ylue Y
71;334;Ylue Q
71;334;Odds Ratio
70;109;Sebag-Schoenauer
70;109;Example and Counterexample Rate
70;109;Confidence
70;109;Compliance
69;315;Specificity
69;315;Relative Risk
62;84;Least Contradiction
62;84;Jaccard
62;84;Cosine
62;84;Accuracy
60;90;Certainty factor
60;81;Odd Multiplier
60;81;Conviction
17;27;Gini Index
17;26;Linear Correlation Coefficient
16;32;Zhang
13;26;Piatetsky-Shapiro
11;28;One-way Support
11;27;Interestingness Weighting Dependency
10;29;Prevalence
10;29;Information Gain
10;26;Leverage
10;26;Added Value
9;28;Support
9;28;Laplace Correction
7;188;Coverage
7;27;Lift
5;28;Two-way Support
5;28;Klosgen
2;26;Lovinger
2;26;J Measure
0;26;Two-way Support Variation
0;26;Collective Strength
