Rank-5-true;Rank-5-TOT;Measure
100;723;ORIGINAL-MODEL
76;510;Recall
71;334;Ylue Y
71;334;Ylue Q
71;334;Odds Ratio
70;109;Sebag-Schoenauer
70;109;Example and Counterexample Rate
70;109;Confidence
70;109;Compliance
69;315;Specificity
69;315;Relative Risk
62;84;Least Contradiction
62;84;Jaccard
62;84;Cosine
62;84;Accuracy
60;81;Odd Multiplier
60;81;Conviction
10;29;Prevalence
4;23;Support
4;23;Laplace Correction
3;7;Information Gain
3;6;One-way Support
3;6;Gini Index
2;9;Lift
1;9;Leverage
0;9;Linear Correlation Coefficient
0;8;Coverage
0;6;Zhang
0;6;Two-way Support Variation
0;6;Two-way Support
0;6;Piatetsky-Shapiro
0;6;Lovinger
0;6;Klosgen
0;6;J Measure
0;6;Interestingness Weighting Dependency
0;6;Collective Strength
0;6;Certainty factor
0;6;Added Value
