Rank-500-true;Rank-500-TOT;Measure
100;723;ORIGINAL-MODEL
91;503;Compliance
91;501;Laplace Correction
91;501;Example and Counterexample Rate
91;501;Confidence
86;501;Least Contradiction
85;505;Jaccard
85;503;Cosine
85;502;Accuracy
84;501;Sebag-Schoenauer
83;503;Leverage
82;505;Gini Index
81;501;Lovinger
76;510;Recall
76;505;Two-way Support
76;505;Piatetsky-Shapiro
76;505;One-way Support
76;505;Klosgen
76;505;Added Value
76;504;Zhang
76;504;Certainty factor
76;502;Odd Multiplier
76;502;Conviction
76;501;Ylue Y
76;501;Ylue Q
76;501;Odds Ratio
76;501;Linear Correlation Coefficient
76;501;Lift
76;501;Interestingness Weighting Dependency
76;501;Information Gain
75;501;Specificity
75;501;Relative Risk
73;501;Collective Strength
72;504;Support
68;501;Prevalence
48;501;Coverage
22;606;J Measure
5;179;Two-way Support Variation
