Rank-200-true;Rank-200-TOT;Measure
100;723;ORIGINAL-MODEL
88;205;Example and Counterexample Rate
88;205;Confidence
87;204;Laplace Correction
85;203;Compliance
78;201;Sebag-Schoenauer
76;510;Recall
76;201;Least Contradiction
76;201;Jaccard
76;201;Cosine
75;206;Accuracy
73;201;Zhang
73;201;Certainty factor
71;334;Ylue Y
71;334;Ylue Q
71;334;Odds Ratio
70;201;Linear Correlation Coefficient
69;315;Specificity
69;315;Relative Risk
68;201;Conviction
66;266;Lovinger
66;201;Odd Multiplier
55;201;Gini Index
54;202;Interestingness Weighting Dependency
51;201;Two-way Support
49;202;Added Value
48;201;Klosgen
47;201;One-way Support
47;201;Leverage
45;201;Piatetsky-Shapiro
44;203;Lift
42;203;Information Gain
36;207;Support
35;201;Prevalence
18;201;Collective Strength
12;235;Coverage
11;201;J Measure
5;179;Two-way Support Variation
