Rank-1000-true;Rank-1000-TOT;Measure
100;723;ORIGINAL-MODEL
91;723;Two-way Support
91;723;Support
91;723;Sebag-Schoenauer
91;723;Recall
91;723;Prevalence
91;723;Piatetsky-Shapiro
91;723;One-way Support
91;723;Lift
91;723;Leverage
91;723;Least Contradiction
91;723;Laplace Correction
91;723;Klosgen
91;723;Jaccard
91;723;Interestingness Weighting Dependency
91;723;Information Gain
91;723;Example and Counterexample Rate
91;723;Coverage
91;723;Cosine
91;723;Confidence
91;723;Compliance
91;723;Added Value
91;723;Accuracy
84;528;Specificity
84;528;Relative Risk
84;528;Gini Index
84;528;Collective Strength
82;695;Zhang
82;695;Odd Multiplier
82;695;Lovinger
82;695;Conviction
82;695;Certainty factor
78;537;Linear Correlation Coefficient
78;522;Ylue Y
78;522;Ylue Q
78;522;Odds Ratio
22;615;J Measure
5;179;Two-way Support Variation
