Rank-100-true;Rank-100-TOT;Measure
100;723;ORIGINAL-MODEL
76;510;Recall
72;101;Least Contradiction
72;101;Jaccard
72;101;Cosine
71;334;Ylue Y
71;334;Ylue Q
71;334;Odds Ratio
70;109;Sebag-Schoenauer
70;109;Example and Counterexample Rate
70;109;Confidence
70;109;Compliance
70;101;Accuracy
69;315;Specificity
69;315;Relative Risk
66;102;Linear Correlation Coefficient
66;101;Laplace Correction
62;103;Conviction
62;101;Certainty factor
61;101;Zhang
61;101;Odd Multiplier
39;101;Gini Index
37;101;Interestingness Weighting Dependency
35;101;Klosgen
32;103;Piatetsky-Shapiro
31;119;Prevalence
31;101;Two-way Support
26;102;Lift
25;102;Information Gain
25;101;One-way Support
25;101;Added Value
23;101;Support
18;101;Leverage
11;101;Collective Strength
7;188;Coverage
6;186;Lovinger
5;102;J Measure
3;101;Two-way Support Variation
