Rank-10-true;Rank-10-TOT;Measure
100;723;ORIGINAL-MODEL
76;510;Recall
71;334;Ylue Y
71;334;Ylue Q
71;334;Odds Ratio
70;109;Sebag-Schoenauer
70;109;Example and Counterexample Rate
70;109;Confidence
70;109;Compliance
69;315;Specificity
69;315;Relative Risk
62;84;Least Contradiction
62;84;Jaccard
62;84;Cosine
62;84;Accuracy
60;90;Certainty factor
60;81;Odd Multiplier
60;81;Conviction
17;26;Linear Correlation Coefficient
10;29;Prevalence
7;188;Coverage
6;11;One-way Support
6;11;Information Gain
5;11;Gini Index
4;23;Support
4;23;Laplace Correction
3;12;Lift
3;11;Leverage
1;13;J Measure
1;11;Two-way Support
1;11;Piatetsky-Shapiro
1;11;Klosgen
1;11;Interestingness Weighting Dependency
1;11;Added Value
0;11;Zhang
0;11;Two-way Support Variation
0;11;Lovinger
0;11;Collective Strength
