Rank-1500-true;Rank-1500-TOT;Measure
11;1318;ORIGINAL-MODEL
11;1318;Two-way Support
11;1318;Support
11;1318;Sebag-Schoenauer
11;1318;Recall
11;1318;Prevalence
11;1318;Piatetsky-Shapiro
11;1318;One-way Support
11;1318;Lift
11;1318;Leverage
11;1318;Least Contradiction
11;1318;Laplace Correction
11;1318;Klosgen
11;1318;Jaccard
11;1318;Interestingness Weighting Dependency
11;1318;Information Gain
11;1318;Example and Counterexample Rate
11;1318;Coverage
11;1318;Cosine
11;1318;Confidence
11;1318;Compliance
11;1318;Added Value
11;1318;Accuracy
8;1053;Specificity
8;1053;Relative Risk
8;1053;Gini Index
8;1053;Collective Strength
7;1297;Zhang
7;1297;Odd Multiplier
7;1297;Lovinger
7;1297;Conviction
7;1297;Certainty factor
7;1095;Linear Correlation Coefficient
7;1052;Ylue Y
7;1052;Ylue Q
7;1052;Odds Ratio
0;1290;J Measure
0;600;Two-way Support Variation
