Rank-50-true;Rank-50-TOT;Measure
11;1318;ORIGINAL-MODEL
11;56;Compliance
11;51;Sebag-Schoenauer
11;51;Laplace Correction
11;51;Example and Counterexample Rate
11;51;Confidence
7;450;Ylue Y
7;450;Ylue Q
7;450;Odds Ratio
7;52;Odd Multiplier
7;52;Certainty factor
7;51;Zhang
7;51;Conviction
4;53;Accuracy
4;52;Least Contradiction
4;52;Jaccard
4;52;Cosine
4;51;Prevalence
3;708;Recall
3;235;Coverage
3;51;Two-way Support
3;51;Support
3;51;Piatetsky-Shapiro
3;51;One-way Support
3;51;Lift
3;51;Klosgen
3;51;Interestingness Weighting Dependency
3;51;Information Gain
3;51;Added Value
2;51;Linear Correlation Coefficient
1;443;Specificity
1;51;Leverage
0;443;Relative Risk
0;51;Two-way Support Variation
0;51;Lovinger
0;51;J Measure
0;51;Gini Index
0;51;Collective Strength
