Rank-25-true;Rank-25-TOT;Measure
11;1318;ORIGINAL-MODEL
11;29;Sebag-Schoenauer
11;29;Example and Counterexample Rate
11;29;Confidence
11;29;Compliance
9;26;Laplace Correction
7;450;Ylue Y
7;450;Ylue Q
7;450;Odds Ratio
7;26;Odd Multiplier
7;26;Conviction
4;37;Prevalence
4;32;Least Contradiction
4;32;Jaccard
4;32;Cosine
4;32;Accuracy
3;708;Recall
3;235;Coverage
3;31;Support
3;29;Lift
1;443;Specificity
1;33;Information Gain
1;32;Leverage
1;26;One-way Support
0;443;Relative Risk
0;32;Piatetsky-Shapiro
0;32;Lovinger
0;32;Linear Correlation Coefficient
0;26;Zhang
0;26;Two-way Support Variation
0;26;Two-way Support
0;26;Klosgen
0;26;J Measure
0;26;Interestingness Weighting Dependency
0;26;Gini Index
0;26;Collective Strength
0;26;Certainty factor
0;26;Added Value
