Rank-10-true;Rank-10-TOT;Measure
11;1318;ORIGINAL-MODEL
11;29;Sebag-Schoenauer
11;29;Example and Counterexample Rate
11;29;Confidence
11;29;Compliance
7;450;Ylue Y
7;450;Ylue Q
7;450;Odds Ratio
7;11;Odd Multiplier
7;11;Conviction
4;22;Prevalence
4;21;Least Contradiction
4;21;Laplace Correction
4;21;Jaccard
4;21;Cosine
4;21;Accuracy
3;708;Recall
3;21;Support
3;11;Lift
1;443;Specificity
1;33;Information Gain
1;11;One-way Support
0;443;Relative Risk
0;32;Linear Correlation Coefficient
0;19;Added Value
0;18;Piatetsky-Shapiro
0;15;Leverage
0;14;Lovinger
0;13;Coverage
0;12;Two-way Support Variation
0;11;Zhang
0;11;Two-way Support
0;11;Klosgen
0;11;J Measure
0;11;Interestingness Weighting Dependency
0;11;Gini Index
0;11;Collective Strength
0;11;Certainty factor
