Rank-100-true;Rank-100-TOT;Measure
11;1318;ORIGINAL-MODEL
11;109;Example and Counterexample Rate
11;109;Confidence
11;107;Laplace Correction
11;102;Compliance
11;101;Sebag-Schoenauer
7;450;Ylue Y
7;450;Ylue Q
7;450;Odds Ratio
7;102;Certainty factor
7;101;Zhang
7;101;Odd Multiplier
7;101;Conviction
6;101;Linear Correlation Coefficient
5;102;Two-way Support
5;102;Piatetsky-Shapiro
5;101;Least Contradiction
5;101;Interestingness Weighting Dependency
5;101;Accuracy
4;106;Prevalence
4;105;Support
4;102;Lift
4;101;One-way Support
4;101;Klosgen
4;101;Jaccard
4;101;Cosine
4;101;Added Value
3;708;Recall
3;235;Coverage
3;101;Information Gain
3;101;Gini Index
2;101;Leverage
1;443;Specificity
0;443;Relative Risk
0;101;Two-way Support Variation
0;101;Lovinger
0;101;J Measure
0;101;Collective Strength
