Rank-1-true;Rank-1-TOT;Measure
11;1318;ORIGINAL-MODEL
11;29;Sebag-Schoenauer
11;29;Example and Counterexample Rate
11;29;Confidence
11;29;Compliance
7;450;Ylue Y
7;450;Ylue Q
7;450;Odds Ratio
7;8;Odd Multiplier
7;8;Conviction
4;22;Prevalence
4;21;Least Contradiction
4;21;Laplace Correction
4;21;Jaccard
4;21;Cosine
4;21;Accuracy
3;708;Recall
3;21;Support
1;443;Specificity
1;2;Lift
0;443;Relative Risk
0;32;Linear Correlation Coefficient
0;18;Piatetsky-Shapiro
0;14;Lovinger
0;2;Zhang
0;2;Two-way Support Variation
0;2;Two-way Support
0;2;One-way Support
0;2;Leverage
0;2;Klosgen
0;2;J Measure
0;2;Interestingness Weighting Dependency
0;2;Information Gain
0;2;Gini Index
0;2;Coverage
0;2;Collective Strength
0;2;Certainty factor
0;2;Added Value
