Rank-200-true;Rank-200-TOT;Measure
11;1318;ORIGINAL-MODEL
11;201;Sebag-Schoenauer
11;201;Laplace Correction
11;201;Example and Counterexample Rate
11;201;Confidence
11;201;Compliance
8;226;Prevalence
8;206;Accuracy
7;450;Ylue Y
7;450;Ylue Q
7;450;Odds Ratio
7;202;Linear Correlation Coefficient
7;202;Least Contradiction
7;202;Klosgen
7;202;Jaccard
7;202;Cosine
7;201;Zhang
7;201;Two-way Support
7;201;Piatetsky-Shapiro
7;201;One-way Support
7;201;Odd Multiplier
7;201;Interestingness Weighting Dependency
7;201;Conviction
7;201;Certainty factor
7;201;Added Value
6;202;Gini Index
6;201;Lift
6;201;Information Gain
4;217;Support
3;708;Recall
3;235;Coverage
3;201;Leverage
1;443;Specificity
1;318;Lovinger
0;443;Relative Risk
0;201;Two-way Support Variation
0;201;J Measure
0;201;Collective Strength
