'Constraint';'Template';'Activation';'Target';'Support';'Confidence level';'Interest factor'
'Init(a)';'Init';'a';;1.000;1.000;1.000
'Participation(a)';'Participation';'a';;1.000;1.000;1.000
'CoExistence(a, b)';'CoExistence';'a';'b';1.000;1.000;1.000
'Succession(a, b)';'Succession';'a';'b';1.000;1.000;1.000
'RespondedExistence(a, b)';'RespondedExistence';'a';'b';1.000;1.000;1.000
'Response(a, b)';'Response';'a';'b';1.000;1.000;1.000
'CoExistence(a, c)';'CoExistence';'a';'c';0.862;0.862;0.862
'RespondedExistence(a, c)';'RespondedExistence';'a';'c';0.862;0.862;0.862
'CoExistence(a, d)';'CoExistence';'a';'d';1.000;1.000;1.000
'Succession(a, d)';'Succession';'a';'d';0.592;0.592;0.592
'RespondedExistence(a, d)';'RespondedExistence';'a';'d';1.000;1.000;1.000
'Response(a, d)';'Response';'a';'d';0.592;0.592;0.592
'CoExistence(a, e)';'CoExistence';'a';'e';0.868;0.868;0.868
'RespondedExistence(a, e)';'RespondedExistence';'a';'e';0.868;0.868;0.868
'CoExistence(a, f)';'CoExistence';'a';'f';0.972;0.972;0.972
'Succession(a, f)';'Succession';'a';'f';0.800;0.800;0.800
'RespondedExistence(a, f)';'RespondedExistence';'a';'f';0.972;0.972;0.972
'Response(a, f)';'Response';'a';'f';0.800;0.800;0.800
'CoExistence(a, g)';'CoExistence';'a';'g';0.898;0.898;0.898
'RespondedExistence(a, g)';'RespondedExistence';'a';'g';0.898;0.898;0.898
'CoExistence(a, h)';'CoExistence';'a';'h';0.664;0.664;0.664
'RespondedExistence(a, h)';'RespondedExistence';'a';'h';0.664;0.664;0.664
'CoExistence(a, i)';'CoExistence';'a';'i';0.878;0.878;0.878
'RespondedExistence(a, i)';'RespondedExistence';'a';'i';0.878;0.878;0.878
'CoExistence(a, l)';'CoExistence';'a';'l';0.638;0.638;0.638
'RespondedExistence(a, l)';'RespondedExistence';'a';'l';0.638;0.638;0.638
'CoExistence(a, m)';'CoExistence';'a';'m';0.874;0.874;0.874
'RespondedExistence(a, m)';'RespondedExistence';'a';'m';0.874;0.874;0.874
'CoExistence(a, n)';'CoExistence';'a';'n';0.970;0.970;0.970
'Succession(a, n)';'Succession';'a';'n';0.788;0.788;0.788
'RespondedExistence(a, n)';'RespondedExistence';'a';'n';0.970;0.970;0.970
'Response(a, n)';'Response';'a';'n';0.788;0.788;0.788
'CoExistence(a, o)';'CoExistence';'a';'o';0.924;0.924;0.924
'Succession(a, o)';'Succession';'a';'o';0.502;0.502;0.502
'RespondedExistence(a, o)';'RespondedExistence';'a';'o';0.924;0.924;0.924
'Response(a, o)';'Response';'a';'o';0.502;0.502;0.502
'CoExistence(a, p)';'CoExistence';'a';'p';0.984;0.984;0.984
'Succession(a, p)';'Succession';'a';'p';0.672;0.672;0.672
'RespondedExistence(a, p)';'RespondedExistence';'a';'p';0.984;0.984;0.984
'Response(a, p)';'Response';'a';'p';0.672;0.672;0.672
'CoExistence(a, q)';'CoExistence';'a';'q';0.908;0.908;0.908
'RespondedExistence(a, q)';'RespondedExistence';'a';'q';0.908;0.908;0.908
'NotSuccession(a, r)';'NotSuccession';'a';'r';0.876;0.876;0.876
'NotCoExistence(a, r)';'NotCoExistence';'a';'r';0.876;0.876;0.876
'CoExistence(a, s)';'CoExistence';'a';'s';0.862;0.862;0.862
'RespondedExistence(a, s)';'RespondedExistence';'a';'s';0.862;0.862;0.862
'CoExistence(a, t)';'CoExistence';'a';'t';0.964;0.964;0.964
'Succession(a, t)';'Succession';'a';'t';0.562;0.562;0.562
'RespondedExistence(a, t)';'RespondedExistence';'a';'t';0.964;0.964;0.964
'Response(a, t)';'Response';'a';'t';0.562;0.562;0.562
'CoExistence(a, u)';'CoExistence';'a';'u';0.878;0.878;0.878
'RespondedExistence(a, u)';'RespondedExistence';'a';'u';0.878;0.878;0.878
'CoExistence(a, v)';'CoExistence';'a';'v';0.872;0.872;0.872
'RespondedExistence(a, v)';'RespondedExistence';'a';'v';0.872;0.872;0.872
'CoExistence(a, w)';'CoExistence';'a';'w';0.882;0.882;0.882
'RespondedExistence(a, w)';'RespondedExistence';'a';'w';0.882;0.882;0.882
'CoExistence(a, z)';'CoExistence';'a';'z';0.884;0.884;0.884
'RespondedExistence(a, z)';'RespondedExistence';'a';'z';0.884;0.884;0.884
'End(b)';'End';'b';;1.000;1.000;1.000
'Participation(b)';'Participation';'b';;1.000;1.000;1.000
'Precedence(a, b)';'Precedence';'b';'a';1.000;1.000;1.000
'CoExistence(b, a)';'CoExistence';'b';'a';1.000;1.000;1.000
'RespondedExistence(b, a)';'RespondedExistence';'b';'a';1.000;1.000;1.000
'CoExistence(b, c)';'CoExistence';'b';'c';0.862;0.862;0.862
'RespondedExistence(b, c)';'RespondedExistence';'b';'c';0.862;0.862;0.862
'NotSuccession(b, c)';'NotSuccession';'b';'c';0.600;0.600;0.600
'CoExistence(b, d)';'CoExistence';'b';'d';1.000;1.000;1.000
'RespondedExistence(b, d)';'RespondedExistence';'b';'d';1.000;1.000;1.000
'CoExistence(b, e)';'CoExistence';'b';'e';0.868;0.868;0.868
'RespondedExistence(b, e)';'RespondedExistence';'b';'e';0.868;0.868;0.868
'CoExistence(b, f)';'CoExistence';'b';'f';0.972;0.972;0.972
'RespondedExistence(b, f)';'RespondedExistence';'b';'f';0.972;0.972;0.972
'CoExistence(b, g)';'CoExistence';'b';'g';0.898;0.898;0.898
'RespondedExistence(b, g)';'RespondedExistence';'b';'g';0.898;0.898;0.898
'CoExistence(b, h)';'CoExistence';'b';'h';0.664;0.664;0.664
'RespondedExistence(b, h)';'RespondedExistence';'b';'h';0.664;0.664;0.664
'CoExistence(b, i)';'CoExistence';'b';'i';0.878;0.878;0.878
'RespondedExistence(b, i)';'RespondedExistence';'b';'i';0.878;0.878;0.878
'CoExistence(b, l)';'CoExistence';'b';'l';0.638;0.638;0.638
'RespondedExistence(b, l)';'RespondedExistence';'b';'l';0.638;0.638;0.638
'NotSuccession(b, l)';'NotSuccession';'b';'l';0.554;0.554;0.554
'CoExistence(b, m)';'CoExistence';'b';'m';0.874;0.874;0.874
'RespondedExistence(b, m)';'RespondedExistence';'b';'m';0.874;0.874;0.874
'CoExistence(b, n)';'CoExistence';'b';'n';0.970;0.970;0.970
'RespondedExistence(b, n)';'RespondedExistence';'b';'n';0.970;0.970;0.970
'CoExistence(b, o)';'CoExistence';'b';'o';0.924;0.924;0.924
'RespondedExistence(b, o)';'RespondedExistence';'b';'o';0.924;0.924;0.924
'CoExistence(b, p)';'CoExistence';'b';'p';0.984;0.984;0.984
'RespondedExistence(b, p)';'RespondedExistence';'b';'p';0.984;0.984;0.984
'CoExistence(b, q)';'CoExistence';'b';'q';0.908;0.908;0.908
'RespondedExistence(b, q)';'RespondedExistence';'b';'q';0.908;0.908;0.908
'NotSuccession(b, r)';'NotSuccession';'b';'r';0.922;0.922;0.922
'NotCoExistence(b, r)';'NotCoExistence';'b';'r';0.876;0.876;0.876
'CoExistence(b, s)';'CoExistence';'b';'s';0.862;0.862;0.862
'RespondedExistence(b, s)';'RespondedExistence';'b';'s';0.862;0.862;0.862
'CoExistence(b, t)';'CoExistence';'b';'t';0.964;0.964;0.964
'RespondedExistence(b, t)';'RespondedExistence';'b';'t';0.964;0.964;0.964
'CoExistence(b, u)';'CoExistence';'b';'u';0.878;0.878;0.878
'RespondedExistence(b, u)';'RespondedExistence';'b';'u';0.878;0.878;0.878
'CoExistence(b, v)';'CoExistence';'b';'v';0.872;0.872;0.872
'RespondedExistence(b, v)';'RespondedExistence';'b';'v';0.872;0.872;0.872
'CoExistence(b, w)';'CoExistence';'b';'w';0.882;0.882;0.882
'RespondedExistence(b, w)';'RespondedExistence';'b';'w';0.882;0.882;0.882
'CoExistence(b, z)';'CoExistence';'b';'z';0.884;0.884;0.884
'RespondedExistence(b, z)';'RespondedExistence';'b';'z';0.884;0.884;0.884
'Precedence(f, b)';'Precedence';'b';'f';0.504;0.504;0.504
'Precedence(g, b)';'Precedence';'b';'g';0.516;0.516;0.516
'Precedence(p, b)';'Precedence';'b';'p';0.644;0.644;0.644
'Precedence(v, b)';'Precedence';'b';'v';0.516;0.516;0.516
'Precedence(w, b)';'Precedence';'b';'w';0.502;0.502;0.502
'Precedence(z, b)';'Precedence';'b';'z';0.512;0.512;0.512
'AtMostOne(c)';'AtMostOne';'c';;0.862;1.000;1.000
'Participation(c)';'Participation';'c';;0.862;0.862;0.862
'Precedence(a, c)';'Precedence';'c';'a';0.862;1.000;1.000
'AlternatePrecedence(a, c)';'AlternatePrecedence';'c';'a';0.862;1.000;1.000
'CoExistence(c, a)';'CoExistence';'c';'a';0.862;0.862;0.862
'RespondedExistence(c, a)';'RespondedExistence';'c';'a';0.862;1.000;1.000
'Response(c, a)';'Response';'c';'a';0.652;0.756;0.756
'AlternateResponse(c, a)';'AlternateResponse';'c';'a';0.652;0.756;0.756
'CoExistence(c, b)';'CoExistence';'c';'b';0.862;0.862;0.862
'RespondedExistence(c, b)';'RespondedExistence';'c';'b';0.862;1.000;1.000
'Response(c, b)';'Response';'c';'b';0.862;1.000;1.000
'AlternateResponse(c, b)';'AlternateResponse';'c';'b';0.862;1.000;1.000
'CoExistence(c, d)';'CoExistence';'c';'d';0.862;0.862;0.862
'Succession(c, d)';'Succession';'c';'d';0.526;0.526;0.526
'RespondedExistence(c, d)';'RespondedExistence';'c';'d';0.862;1.000;1.000
'Response(c, d)';'Response';'c';'d';0.728;0.845;0.845
'AlternateResponse(c, d)';'AlternateResponse';'c';'d';0.728;0.845;0.845
'CoExistence(c, e)';'CoExistence';'c';'e';0.770;0.802;0.802
'RespondedExistence(c, e)';'RespondedExistence';'c';'e';0.770;0.893;0.893
'Response(c, e)';'Response';'c';'e';0.636;0.738;0.738
'AlternateResponse(c, e)';'AlternateResponse';'c';'e';0.636;0.738;0.738
'CoExistence(c, f)';'CoExistence';'c';'f';0.848;0.860;0.860
'RespondedExistence(c, f)';'RespondedExistence';'c';'f';0.848;0.984;0.984
'Response(c, f)';'Response';'c';'f';0.806;0.935;0.935
'AlternateResponse(c, f)';'AlternateResponse';'c';'f';0.806;0.935;0.935
'CoExistence(c, g)';'CoExistence';'c';'g';0.774;0.785;0.785
'RespondedExistence(c, g)';'RespondedExistence';'c';'g';0.774;0.898;0.898
'Response(c, g)';'Response';'c';'g';0.634;0.735;0.735
'AlternateResponse(c, g)';'AlternateResponse';'c';'g';0.634;0.735;0.735
'CoExistence(c, h)';'CoExistence';'c';'h';0.574;0.603;0.603
'RespondedExistence(c, h)';'RespondedExistence';'c';'h';0.574;0.666;0.666
'Response(c, h)';'Response';'c';'h';0.510;0.592;0.592
'AlternateResponse(c, h)';'AlternateResponse';'c';'h';0.510;0.592;0.592
'CoExistence(c, i)';'CoExistence';'c';'i';0.764;0.783;0.783
'RespondedExistence(c, i)';'RespondedExistence';'c';'i';0.764;0.886;0.886
'Response(c, i)';'Response';'c';'i';0.650;0.754;0.754
'AlternateResponse(c, i)';'AlternateResponse';'c';'i';0.650;0.754;0.754
'CoExistence(c, l)';'CoExistence';'c';'l';0.572;0.616;0.616
'RespondedExistence(c, l)';'RespondedExistence';'c';'l';0.572;0.664;0.664
'Response(c, l)';'Response';'c';'l';0.432;0.501;0.501
'AlternateResponse(c, l)';'AlternateResponse';'c';'l';0.432;0.501;0.501
'NotSuccession(c, l)';'NotSuccession';'c';'l';0.496;0.534;0.534
'CoExistence(c, m)';'CoExistence';'c';'m';0.776;0.808;0.808
'RespondedExistence(c, m)';'RespondedExistence';'c';'m';0.776;0.900;0.900
'Response(c, m)';'Response';'c';'m';0.564;0.654;0.654
'AlternateResponse(c, m)';'AlternateResponse';'c';'m';0.564;0.654;0.654
'CoExistence(c, n)';'CoExistence';'c';'n';0.848;0.862;0.862
'RespondedExistence(c, n)';'RespondedExistence';'c';'n';0.848;0.984;0.984
'Response(c, n)';'Response';'c';'n';0.812;0.942;0.942
'AlternateResponse(c, n)';'AlternateResponse';'c';'n';0.812;0.942;0.942
'CoExistence(c, o)';'CoExistence';'c';'o';0.806;0.822;0.822
'RespondedExistence(c, o)';'RespondedExistence';'c';'o';0.806;0.935;0.935
'Response(c, o)';'Response';'c';'o';0.662;0.768;0.768
'AlternateResponse(c, o)';'AlternateResponse';'c';'o';0.662;0.768;0.768
'CoExistence(c, p)';'CoExistence';'c';'p';0.856;0.865;0.865
'RespondedExistence(c, p)';'RespondedExistence';'c';'p';0.856;0.993;0.993
'Response(c, p)';'Response';'c';'p';0.768;0.891;0.891
'AlternateResponse(c, p)';'AlternateResponse';'c';'p';0.768;0.891;0.891
'CoExistence(c, q)';'CoExistence';'c';'q';0.790;0.806;0.806
'RespondedExistence(c, q)';'RespondedExistence';'c';'q';0.790;0.916;0.916
'Response(c, q)';'Response';'c';'q';0.678;0.787;0.787
'AlternateResponse(c, q)';'AlternateResponse';'c';'q';0.678;0.787;0.787
'NotSuccession(c, r)';'NotSuccession';'c';'r';0.800;0.915;0.915
'NotCoExistence(c, r)';'NotCoExistence';'c';'r';0.762;0.872;0.872
'CoExistence(c, s)';'CoExistence';'c';'s';0.760;0.788;0.788
'RespondedExistence(c, s)';'RespondedExistence';'c';'s';0.760;0.882;0.882
'Response(c, s)';'Response';'c';'s';0.624;0.724;0.724
'AlternateResponse(c, s)';'AlternateResponse';'c';'s';0.624;0.724;0.724
'CoExistence(c, t)';'CoExistence';'c';'t';0.846;0.863;0.863
'RespondedExistence(c, t)';'RespondedExistence';'c';'t';0.846;0.981;0.981
'Response(c, t)';'Response';'c';'t';0.716;0.831;0.831
'AlternateResponse(c, t)';'AlternateResponse';'c';'t';0.716;0.831;0.831
'CoExistence(c, u)';'CoExistence';'c';'u';0.768;0.790;0.790
'RespondedExistence(c, u)';'RespondedExistence';'c';'u';0.768;0.891;0.891
'Response(c, u)';'Response';'c';'u';0.624;0.724;0.724
'AlternateResponse(c, u)';'AlternateResponse';'c';'u';0.624;0.724;0.724
'CoExistence(c, v)';'CoExistence';'c';'v';0.764;0.788;0.788
'RespondedExistence(c, v)';'RespondedExistence';'c';'v';0.764;0.886;0.886
'Response(c, v)';'Response';'c';'v';0.602;0.698;0.698
'AlternateResponse(c, v)';'AlternateResponse';'c';'v';0.602;0.698;0.698
'CoExistence(c, w)';'CoExistence';'c';'w';0.774;0.798;0.798
'RespondedExistence(c, w)';'RespondedExistence';'c';'w';0.774;0.898;0.898
'Response(c, w)';'Response';'c';'w';0.634;0.735;0.735
'AlternateResponse(c, w)';'AlternateResponse';'c';'w';0.634;0.735;0.735
'CoExistence(c, z)';'CoExistence';'c';'z';0.772;0.793;0.793
'RespondedExistence(c, z)';'RespondedExistence';'c';'z';0.772;0.896;0.896
'Response(c, z)';'Response';'c';'z';0.644;0.747;0.747
'AlternateResponse(c, z)';'AlternateResponse';'c';'z';0.644;0.747;0.747
'Precedence(p, c)';'Precedence';'c';'p';0.554;0.643;0.643
'AlternatePrecedence(p, c)';'AlternatePrecedence';'c';'p';0.554;0.643;0.643
'Participation(d)';'Participation';'d';;1.000;1.000;1.000
'Precedence(a, d)';'Precedence';'d';'a';1.000;1.000;1.000
'AlternatePrecedence(a, d)';'AlternatePrecedence';'d';'a';0.518;0.518;0.518
'Precedence(b, d)';'Precedence';'d';'b';0.546;0.546;0.546
'Precedence(c, d)';'Precedence';'d';'c';0.526;0.526;0.526
'CoExistence(d, a)';'CoExistence';'d';'a';1.000;1.000;1.000
'RespondedExistence(d, a)';'RespondedExistence';'d';'a';1.000;1.000;1.000
'CoExistence(d, b)';'CoExistence';'d';'b';1.000;1.000;1.000
'RespondedExistence(d, b)';'RespondedExistence';'d';'b';1.000;1.000;1.000
'Response(d, b)';'Response';'d';'b';1.000;1.000;1.000
'CoExistence(d, c)';'CoExistence';'d';'c';0.862;0.862;0.862
'RespondedExistence(d, c)';'RespondedExistence';'d';'c';0.862;0.862;0.862
'NotSuccession(d, c)';'NotSuccession';'d';'c';0.664;0.664;0.664
'CoExistence(d, e)';'CoExistence';'d';'e';0.868;0.868;0.868
'RespondedExistence(d, e)';'RespondedExistence';'d';'e';0.868;0.868;0.868
'CoExistence(d, f)';'CoExistence';'d';'f';0.972;0.972;0.972
'RespondedExistence(d, f)';'RespondedExistence';'d';'f';0.972;0.972;0.972
'Response(d, f)';'Response';'d';'f';0.744;0.744;0.744
'CoExistence(d, g)';'CoExistence';'d';'g';0.898;0.898;0.898
'RespondedExistence(d, g)';'RespondedExistence';'d';'g';0.898;0.898;0.898
'CoExistence(d, h)';'CoExistence';'d';'h';0.664;0.664;0.664
'RespondedExistence(d, h)';'RespondedExistence';'d';'h';0.664;0.664;0.664
'CoExistence(d, i)';'CoExistence';'d';'i';0.878;0.878;0.878
'RespondedExistence(d, i)';'RespondedExistence';'d';'i';0.878;0.878;0.878
'CoExistence(d, l)';'CoExistence';'d';'l';0.638;0.638;0.638
'RespondedExistence(d, l)';'RespondedExistence';'d';'l';0.638;0.638;0.638
'NotSuccession(d, l)';'NotSuccession';'d';'l';0.546;0.546;0.546
'CoExistence(d, m)';'CoExistence';'d';'m';0.874;0.874;0.874
'RespondedExistence(d, m)';'RespondedExistence';'d';'m';0.874;0.874;0.874
'CoExistence(d, n)';'CoExistence';'d';'n';0.970;0.970;0.970
'RespondedExistence(d, n)';'RespondedExistence';'d';'n';0.970;0.970;0.970
'Response(d, n)';'Response';'d';'n';0.742;0.742;0.742
'CoExistence(d, o)';'CoExistence';'d';'o';0.924;0.924;0.924
'RespondedExistence(d, o)';'RespondedExistence';'d';'o';0.924;0.924;0.924
'CoExistence(d, p)';'CoExistence';'d';'p';0.984;0.984;0.984
'RespondedExistence(d, p)';'RespondedExistence';'d';'p';0.984;0.984;0.984
'Response(d, p)';'Response';'d';'p';0.590;0.590;0.590
'CoExistence(d, q)';'CoExistence';'d';'q';0.908;0.908;0.908
'RespondedExistence(d, q)';'RespondedExistence';'d';'q';0.908;0.908;0.908
'NotSuccession(d, r)';'NotSuccession';'d';'r';0.922;0.922;0.922
'NotCoExistence(d, r)';'NotCoExistence';'d';'r';0.876;0.876;0.876
'CoExistence(d, s)';'CoExistence';'d';'s';0.862;0.862;0.862
'RespondedExistence(d, s)';'RespondedExistence';'d';'s';0.862;0.862;0.862
'CoExistence(d, t)';'CoExistence';'d';'t';0.964;0.964;0.964
'RespondedExistence(d, t)';'RespondedExistence';'d';'t';0.964;0.964;0.964
'Response(d, t)';'Response';'d';'t';0.516;0.516;0.516
'CoExistence(d, u)';'CoExistence';'d';'u';0.878;0.878;0.878
'RespondedExistence(d, u)';'RespondedExistence';'d';'u';0.878;0.878;0.878
'CoExistence(d, v)';'CoExistence';'d';'v';0.872;0.872;0.872
'RespondedExistence(d, v)';'RespondedExistence';'d';'v';0.872;0.872;0.872
'CoExistence(d, w)';'CoExistence';'d';'w';0.882;0.882;0.882
'RespondedExistence(d, w)';'RespondedExistence';'d';'w';0.882;0.882;0.882
'CoExistence(d, z)';'CoExistence';'d';'z';0.884;0.884;0.884
'RespondedExistence(d, z)';'RespondedExistence';'d';'z';0.884;0.884;0.884
'Precedence(f, d)';'Precedence';'d';'f';0.526;0.526;0.526
'Precedence(g, d)';'Precedence';'d';'g';0.544;0.544;0.544
'Precedence(m, d)';'Precedence';'d';'m';0.512;0.512;0.512
'Precedence(n, d)';'Precedence';'d';'n';0.516;0.516;0.516
'Precedence(o, d)';'Precedence';'d';'o';0.528;0.528;0.528
'Precedence(p, d)';'Precedence';'d';'p';0.708;0.708;0.708
'Precedence(q, d)';'Precedence';'d';'q';0.536;0.536;0.536
'Precedence(s, d)';'Precedence';'d';'s';0.514;0.514;0.514
'Precedence(t, d)';'Precedence';'d';'t';0.512;0.512;0.512
'Precedence(u, d)';'Precedence';'d';'u';0.522;0.522;0.522
'Precedence(v, d)';'Precedence';'d';'v';0.532;0.532;0.532
'Precedence(w, d)';'Precedence';'d';'w';0.528;0.528;0.528
'Precedence(z, d)';'Precedence';'d';'z';0.522;0.522;0.522
'Participation(e)';'Participation';'e';;0.868;0.868;0.868
'Precedence(a, e)';'Precedence';'e';'a';0.868;1.000;1.000
'CoExistence(e, a)';'CoExistence';'e';'a';0.868;0.868;0.868
'RespondedExistence(e, a)';'RespondedExistence';'e';'a';0.868;1.000;1.000
'CoExistence(e, b)';'CoExistence';'e';'b';0.868;0.868;0.868
'RespondedExistence(e, b)';'RespondedExistence';'e';'b';0.868;1.000;1.000
'Response(e, b)';'Response';'e';'b';0.868;1.000;1.000
'CoExistence(e, c)';'CoExistence';'e';'c';0.770;0.802;0.802
'RespondedExistence(e, c)';'RespondedExistence';'e';'c';0.770;0.887;0.887
'NotSuccession(e, c)';'NotSuccession';'e';'c';0.570;0.594;0.594
'CoExistence(e, d)';'CoExistence';'e';'d';0.868;0.868;0.868
'RespondedExistence(e, d)';'RespondedExistence';'e';'d';0.868;1.000;1.000
'Response(e, d)';'Response';'e';'d';0.480;0.553;0.553
'CoExistence(e, f)';'CoExistence';'e';'f';0.868;0.893;0.893
'Succession(e, f)';'Succession';'e';'f';0.494;0.508;0.508
'RespondedExistence(e, f)';'RespondedExistence';'e';'f';0.868;1.000;1.000
'Response(e, f)';'Response';'e';'f';0.868;1.000;1.000
'CoExistence(e, g)';'CoExistence';'e';'g';0.784;0.798;0.798
'RespondedExistence(e, g)';'RespondedExistence';'e';'g';0.784;0.903;0.903
'CoExistence(e, h)';'CoExistence';'e';'h';0.598;0.640;0.640
'RespondedExistence(e, h)';'RespondedExistence';'e';'h';0.598;0.689;0.689
'CoExistence(e, i)';'CoExistence';'e';'i';0.780;0.807;0.807
'RespondedExistence(e, i)';'RespondedExistence';'e';'i';0.780;0.899;0.899
'CoExistence(e, l)';'CoExistence';'e';'l';0.574;0.616;0.616
'RespondedExistence(e, l)';'RespondedExistence';'e';'l';0.574;0.661;0.661
'CoExistence(e, m)';'CoExistence';'e';'m';0.784;0.818;0.818
'RespondedExistence(e, m)';'RespondedExistence';'e';'m';0.784;0.903;0.903
'CoExistence(e, n)';'CoExistence';'e';'n';0.860;0.879;0.879
'RespondedExistence(e, n)';'RespondedExistence';'e';'n';0.860;0.991;0.991
'Response(e, n)';'Response';'e';'n';0.716;0.825;0.825
'CoExistence(e, o)';'CoExistence';'e';'o';0.814;0.832;0.832
'RespondedExistence(e, o)';'RespondedExistence';'e';'o';0.814;0.938;0.938
'CoExistence(e, p)';'CoExistence';'e';'p';0.866;0.878;0.878
'RespondedExistence(e, p)';'RespondedExistence';'e';'p';0.866;0.998;0.998
'Response(e, p)';'Response';'e';'p';0.574;0.661;0.661
'CoExistence(e, q)';'CoExistence';'e';'q';0.796;0.812;0.812
'RespondedExistence(e, q)';'RespondedExistence';'e';'q';0.796;0.917;0.917
'NotSuccession(e, r)';'NotSuccession';'e';'r';0.812;0.914;0.914
'NotCoExistence(e, r)';'NotCoExistence';'e';'r';0.784;0.883;0.883
'CoExistence(e, s)';'CoExistence';'e';'s';0.768;0.798;0.798
'RespondedExistence(e, s)';'RespondedExistence';'e';'s';0.768;0.885;0.885
'CoExistence(e, t)';'CoExistence';'e';'t';0.856;0.877;0.877
'RespondedExistence(e, t)';'RespondedExistence';'e';'t';0.856;0.986;0.986
'Response(e, t)';'Response';'e';'t';0.496;0.571;0.571
'CoExistence(e, u)';'CoExistence';'e';'u';0.776;0.800;0.800
'RespondedExistence(e, u)';'RespondedExistence';'e';'u';0.776;0.894;0.894
'CoExistence(e, v)';'CoExistence';'e';'v';0.766;0.786;0.786
'RespondedExistence(e, v)';'RespondedExistence';'e';'v';0.766;0.882;0.882
'CoExistence(e, w)';'CoExistence';'e';'w';0.786;0.815;0.815
'RespondedExistence(e, w)';'RespondedExistence';'e';'w';0.786;0.906;0.906
'CoExistence(e, z)';'CoExistence';'e';'z';0.784;0.810;0.810
'RespondedExistence(e, z)';'RespondedExistence';'e';'z';0.784;0.903;0.903
'Precedence(p, e)';'Precedence';'e';'p';0.542;0.624;0.624
'Participation(f)';'Participation';'f';;0.972;0.972;0.972
'Precedence(a, f)';'Precedence';'f';'a';0.972;1.000;1.000
'Precedence(e, f)';'Precedence';'f';'e';0.494;0.508;0.508
'CoExistence(f, a)';'CoExistence';'f';'a';0.972;0.972;0.972
'RespondedExistence(f, a)';'RespondedExistence';'f';'a';0.972;1.000;1.000
'CoExistence(f, b)';'CoExistence';'f';'b';0.972;0.972;0.972
'Succession(f, b)';'Succession';'f';'b';0.504;0.504;0.504
'RespondedExistence(f, b)';'RespondedExistence';'f';'b';0.972;1.000;1.000
'Response(f, b)';'Response';'f';'b';0.972;1.000;1.000
'CoExistence(f, c)';'CoExistence';'f';'c';0.848;0.860;0.860
'RespondedExistence(f, c)';'RespondedExistence';'f';'c';0.848;0.872;0.872
'NotSuccession(f, c)';'NotSuccession';'f';'c';0.590;0.598;0.598
'CoExistence(f, d)';'CoExistence';'f';'d';0.972;0.972;0.972
'RespondedExistence(f, d)';'RespondedExistence';'f';'d';0.972;1.000;1.000
'CoExistence(f, e)';'CoExistence';'f';'e';0.868;0.893;0.893
'RespondedExistence(f, e)';'RespondedExistence';'f';'e';0.868;0.893;0.893
'CoExistence(f, g)';'CoExistence';'f';'g';0.882;0.893;0.893
'RespondedExistence(f, g)';'RespondedExistence';'f';'g';0.882;0.907;0.907
'CoExistence(f, h)';'CoExistence';'f';'h';0.660;0.676;0.676
'RespondedExistence(f, h)';'RespondedExistence';'f';'h';0.660;0.679;0.679
'CoExistence(f, i)';'CoExistence';'f';'i';0.862;0.872;0.872
'RespondedExistence(f, i)';'RespondedExistence';'f';'i';0.862;0.887;0.887
'CoExistence(f, l)';'CoExistence';'f';'l';0.630;0.643;0.643
'RespondedExistence(f, l)';'RespondedExistence';'f';'l';0.630;0.648;0.648
'NotSuccession(f, l)';'NotSuccession';'f';'l';0.524;0.535;0.535
'CoExistence(f, m)';'CoExistence';'f';'m';0.862;0.876;0.876
'RespondedExistence(f, m)';'RespondedExistence';'f';'m';0.862;0.887;0.887
'CoExistence(f, n)';'CoExistence';'f';'n';0.950;0.958;0.958
'RespondedExistence(f, n)';'RespondedExistence';'f';'n';0.950;0.977;0.977
'CoExistence(f, o)';'CoExistence';'f';'o';0.904;0.911;0.911
'RespondedExistence(f, o)';'RespondedExistence';'f';'o';0.904;0.930;0.930
'CoExistence(f, p)';'CoExistence';'f';'p';0.962;0.968;0.968
'RespondedExistence(f, p)';'RespondedExistence';'f';'p';0.962;0.990;0.990
'CoExistence(f, q)';'CoExistence';'f';'q';0.886;0.891;0.891
'RespondedExistence(f, q)';'RespondedExistence';'f';'q';0.886;0.912;0.912
'NotSuccession(f, r)';'NotSuccession';'f';'r';0.904;0.926;0.926
'NotCoExistence(f, r)';'NotCoExistence';'f';'r';0.856;0.877;0.877
'CoExistence(f, s)';'CoExistence';'f';'s';0.848;0.860;0.860
'RespondedExistence(f, s)';'RespondedExistence';'f';'s';0.848;0.872;0.872
'CoExistence(f, t)';'CoExistence';'f';'t';0.948;0.960;0.960
'RespondedExistence(f, t)';'RespondedExistence';'f';'t';0.948;0.975;0.975
'CoExistence(f, u)';'CoExistence';'f';'u';0.864;0.876;0.876
'RespondedExistence(f, u)';'RespondedExistence';'f';'u';0.864;0.889;0.889
'CoExistence(f, v)';'CoExistence';'f';'v';0.856;0.866;0.866
'RespondedExistence(f, v)';'RespondedExistence';'f';'v';0.856;0.881;0.881
'CoExistence(f, w)';'CoExistence';'f';'w';0.866;0.877;0.877
'RespondedExistence(f, w)';'RespondedExistence';'f';'w';0.866;0.891;0.891
'CoExistence(f, z)';'CoExistence';'f';'z';0.872;0.886;0.886
'RespondedExistence(f, z)';'RespondedExistence';'f';'z';0.872;0.897;0.897
'Precedence(g, f)';'Precedence';'f';'g';0.504;0.519;0.519
'Precedence(m, f)';'Precedence';'f';'m';0.488;0.502;0.502
'Precedence(n, f)';'Precedence';'f';'n';0.512;0.527;0.527
'Precedence(p, f)';'Precedence';'f';'p';0.624;0.642;0.642
'Precedence(q, f)';'Precedence';'f';'q';0.490;0.504;0.504
'Precedence(v, f)';'Precedence';'f';'v';0.494;0.508;0.508
'Precedence(w, f)';'Precedence';'f';'w';0.504;0.519;0.519
'Participation(g)';'Participation';'g';;0.898;0.898;0.898
'Precedence(a, g)';'Precedence';'g';'a';0.898;1.000;1.000
'CoExistence(g, a)';'CoExistence';'g';'a';0.898;0.898;0.898
'RespondedExistence(g, a)';'RespondedExistence';'g';'a';0.898;1.000;1.000
'CoExistence(g, b)';'CoExistence';'g';'b';0.898;0.898;0.898
'Succession(g, b)';'Succession';'g';'b';0.516;0.516;0.516
'RespondedExistence(g, b)';'RespondedExistence';'g';'b';0.898;1.000;1.000
'Response(g, b)';'Response';'g';'b';0.898;1.000;1.000
'CoExistence(g, c)';'CoExistence';'g';'c';0.774;0.785;0.785
'RespondedExistence(g, c)';'RespondedExistence';'g';'c';0.774;0.862;0.862
'NotSuccession(g, c)';'NotSuccession';'g';'c';0.612;0.621;0.621
'CoExistence(g, d)';'CoExistence';'g';'d';0.898;0.898;0.898
'RespondedExistence(g, d)';'RespondedExistence';'g';'d';0.898;1.000;1.000
'Response(g, d)';'Response';'g';'d';0.500;0.557;0.557
'CoExistence(g, e)';'CoExistence';'g';'e';0.784;0.798;0.798
'RespondedExistence(g, e)';'RespondedExistence';'g';'e';0.784;0.873;0.873
'CoExistence(g, f)';'CoExistence';'g';'f';0.882;0.893;0.893
'RespondedExistence(g, f)';'RespondedExistence';'g';'f';0.882;0.982;0.982
'Response(g, f)';'Response';'g';'f';0.708;0.788;0.788
'CoExistence(g, h)';'CoExistence';'g';'h';0.664;0.739;0.739
'RespondedExistence(g, h)';'RespondedExistence';'g';'h';0.664;0.739;0.739
'CoExistence(g, i)';'CoExistence';'g';'i';0.796;0.812;0.812
'RespondedExistence(g, i)';'RespondedExistence';'g';'i';0.796;0.886;0.886
'CoExistence(g, l)';'CoExistence';'g';'l';0.578;0.603;0.603
'RespondedExistence(g, l)';'RespondedExistence';'g';'l';0.578;0.644;0.644
'NotSuccession(g, l)';'NotSuccession';'g';'l';0.502;0.524;0.524
'CoExistence(g, m)';'CoExistence';'g';'m';0.792;0.808;0.808
'RespondedExistence(g, m)';'RespondedExistence';'g';'m';0.792;0.882;0.882
'CoExistence(g, n)';'CoExistence';'g';'n';0.872;0.876;0.876
'RespondedExistence(g, n)';'RespondedExistence';'g';'n';0.872;0.971;0.971
'Response(g, n)';'Response';'g';'n';0.706;0.786;0.786
'CoExistence(g, o)';'CoExistence';'g';'o';0.832;0.840;0.840
'RespondedExistence(g, o)';'RespondedExistence';'g';'o';0.832;0.927;0.927
'CoExistence(g, p)';'CoExistence';'g';'p';0.884;0.886;0.886
'RespondedExistence(g, p)';'RespondedExistence';'g';'p';0.884;0.984;0.984
'Response(g, p)';'Response';'g';'p';0.580;0.646;0.646
'CoExistence(g, q)';'CoExistence';'g';'q';0.814;0.821;0.821
'RespondedExistence(g, q)';'RespondedExistence';'g';'q';0.814;0.906;0.906
'NotSuccession(g, r)';'NotSuccession';'g';'r';0.860;0.937;0.937
'NotCoExistence(g, r)';'NotCoExistence';'g';'r';0.814;0.887;0.887
'CoExistence(g, s)';'CoExistence';'g';'s';0.778;0.792;0.792
'RespondedExistence(g, s)';'RespondedExistence';'g';'s';0.778;0.866;0.866
'CoExistence(g, t)';'CoExistence';'g';'t';0.868;0.873;0.873
'RespondedExistence(g, t)';'RespondedExistence';'g';'t';0.868;0.967;0.967
'Response(g, t)';'Response';'g';'t';0.468;0.521;0.521
'CoExistence(g, u)';'CoExistence';'g';'u';0.794;0.809;0.809
'RespondedExistence(g, u)';'RespondedExistence';'g';'u';0.794;0.884;0.884
'CoExistence(g, v)';'CoExistence';'g';'v';0.778;0.784;0.784
'RespondedExistence(g, v)';'RespondedExistence';'g';'v';0.778;0.866;0.866
'CoExistence(g, w)';'CoExistence';'g';'w';0.794;0.805;0.805
'RespondedExistence(g, w)';'RespondedExistence';'g';'w';0.794;0.884;0.884
'CoExistence(g, z)';'CoExistence';'g';'z';0.806;0.826;0.826
'RespondedExistence(g, z)';'RespondedExistence';'g';'z';0.806;0.898;0.898
'Precedence(p, g)';'Precedence';'g';'p';0.544;0.606;0.606
'Participation(h)';'Participation';'h';;0.664;0.664;0.664
'Precedence(a, h)';'Precedence';'h';'a';0.664;1.000;1.000
'AlternatePrecedence(a, h)';'AlternatePrecedence';'h';'a';0.350;0.527;0.527
'Precedence(b, h)';'Precedence';'h';'b';0.408;0.614;0.614
'Precedence(c, h)';'Precedence';'h';'c';0.416;0.627;0.627
'Precedence(d, h)';'Precedence';'h';'d';0.416;0.627;0.627
'Precedence(e, h)';'Precedence';'h';'e';0.408;0.614;0.614
'Precedence(f, h)';'Precedence';'h';'f';0.410;0.617;0.617
'Precedence(g, h)';'Precedence';'h';'g';0.664;1.000;1.000
'AlternatePrecedence(g, h)';'AlternatePrecedence';'h';'g';0.348;0.524;0.524
'CoExistence(h, a)';'CoExistence';'h';'a';0.664;0.664;0.664
'RespondedExistence(h, a)';'RespondedExistence';'h';'a';0.664;1.000;1.000
'NotSuccession(h, a)';'NotSuccession';'h';'a';0.552;0.552;0.552
'CoExistence(h, b)';'CoExistence';'h';'b';0.664;0.664;0.664
'RespondedExistence(h, b)';'RespondedExistence';'h';'b';0.664;1.000;1.000
'Response(h, b)';'Response';'h';'b';0.664;1.000;1.000
'AlternateResponse(h, b)';'AlternateResponse';'h';'b';0.336;0.506;0.506
'CoExistence(h, c)';'CoExistence';'h';'c';0.574;0.603;0.603
'RespondedExistence(h, c)';'RespondedExistence';'h';'c';0.574;0.864;0.864
'NotSuccession(h, c)';'NotSuccession';'h';'c';0.794;0.834;0.834
'CoExistence(h, d)';'CoExistence';'h';'d';0.664;0.664;0.664
'RespondedExistence(h, d)';'RespondedExistence';'h';'d';0.664;1.000;1.000
'NotSuccession(h, d)';'NotSuccession';'h';'d';0.544;0.544;0.544
'CoExistence(h, e)';'CoExistence';'h';'e';0.598;0.640;0.640
'RespondedExistence(h, e)';'RespondedExistence';'h';'e';0.598;0.901;0.901
'NotSuccession(h, e)';'NotSuccession';'h';'e';0.530;0.567;0.567
'CoExistence(h, f)';'CoExistence';'h';'f';0.660;0.676;0.676
'RespondedExistence(h, f)';'RespondedExistence';'h';'f';0.660;0.994;0.994
'Response(h, f)';'Response';'h';'f';0.508;0.765;0.765
'CoExistence(h, g)';'CoExistence';'h';'g';0.664;0.739;0.739
'RespondedExistence(h, g)';'RespondedExistence';'h';'g';0.664;1.000;1.000
'NotSuccession(h, g)';'NotSuccession';'h';'g';0.510;0.568;0.568
'CoExistence(h, i)';'CoExistence';'h';'i';0.600;0.637;0.637
'RespondedExistence(h, i)';'RespondedExistence';'h';'i';0.600;0.904;0.904
'NotSuccession(h, i)';'NotSuccession';'h';'i';0.526;0.558;0.558
'CoExistence(h, l)';'CoExistence';'h';'l';0.438;0.507;0.507
'RespondedExistence(h, l)';'RespondedExistence';'h';'l';0.438;0.660;0.660
'NotSuccession(h, l)';'NotSuccession';'h';'l';0.570;0.660;0.660
'CoExistence(h, m)';'CoExistence';'h';'m';0.602;0.643;0.643
'RespondedExistence(h, m)';'RespondedExistence';'h';'m';0.602;0.907;0.907
'NotSuccession(h, m)';'NotSuccession';'h';'m';0.646;0.690;0.690
'CoExistence(h, n)';'CoExistence';'h';'n';0.656;0.671;0.671
'RespondedExistence(h, n)';'RespondedExistence';'h';'n';0.656;0.988;0.988
'Response(h, n)';'Response';'h';'n';0.504;0.759;0.759
'CoExistence(h, o)';'CoExistence';'h';'o';0.616;0.634;0.634
'RespondedExistence(h, o)';'RespondedExistence';'h';'o';0.616;0.928;0.928
'NotSuccession(h, o)';'NotSuccession';'h';'o';0.598;0.615;0.615
'CoExistence(h, p)';'CoExistence';'h';'p';0.662;0.671;0.671
'RespondedExistence(h, p)';'RespondedExistence';'h';'p';0.662;0.997;0.997
'Response(h, p)';'Response';'h';'p';0.362;0.545;0.545
'CoExistence(h, q)';'CoExistence';'h';'q';0.606;0.627;0.627
'RespondedExistence(h, q)';'RespondedExistence';'h';'q';0.606;0.913;0.913
'NotSuccession(h, q)';'NotSuccession';'h';'q';0.560;0.580;0.580
'NotSuccession(h, r)';'NotSuccession';'h';'r';0.678;0.955;0.955
'NotCoExistence(h, r)';'NotCoExistence';'h';'r';0.632;0.890;0.890
'CoExistence(h, s)';'CoExistence';'h';'s';0.592;0.634;0.634
'RespondedExistence(h, s)';'RespondedExistence';'h';'s';0.592;0.892;0.892
'NotSuccession(h, s)';'NotSuccession';'h';'s';0.540;0.578;0.578
'CoExistence(h, t)';'CoExistence';'h';'t';0.652;0.668;0.668
'RespondedExistence(h, t)';'RespondedExistence';'h';'t';0.652;0.982;0.982
'NotSuccession(h, t)';'NotSuccession';'h';'t';0.542;0.555;0.555
'CoExistence(h, u)';'CoExistence';'h';'u';0.600;0.637;0.637
'RespondedExistence(h, u)';'RespondedExistence';'h';'u';0.600;0.904;0.904
'NotSuccession(h, u)';'NotSuccession';'h';'u';0.530;0.563;0.563
'CoExistence(h, v)';'CoExistence';'h';'v';0.582;0.610;0.610
'RespondedExistence(h, v)';'RespondedExistence';'h';'v';0.582;0.877;0.877
'NotSuccession(h, v)';'NotSuccession';'h';'v';0.586;0.614;0.614
'CoExistence(h, w)';'CoExistence';'h';'w';0.596;0.627;0.627
'RespondedExistence(h, w)';'RespondedExistence';'h';'w';0.596;0.898;0.898
'NotSuccession(h, w)';'NotSuccession';'h';'w';0.550;0.579;0.579
'CoExistence(h, z)';'CoExistence';'h';'z';0.608;0.647;0.647
'RespondedExistence(h, z)';'RespondedExistence';'h';'z';0.608;0.916;0.916
'NotSuccession(h, z)';'NotSuccession';'h';'z';0.544;0.579;0.579
'Precedence(i, h)';'Precedence';'h';'i';0.400;0.602;0.602
'Precedence(m, h)';'Precedence';'h';'m';0.440;0.663;0.663
'Precedence(n, h)';'Precedence';'h';'n';0.428;0.645;0.645
'Precedence(o, h)';'Precedence';'h';'o';0.450;0.678;0.678
'Precedence(p, h)';'Precedence';'h';'p';0.566;0.852;0.852
'AlternatePrecedence(p, h)';'AlternatePrecedence';'h';'p';0.336;0.506;0.506
'Precedence(q, h)';'Precedence';'h';'q';0.424;0.639;0.639
'Precedence(s, h)';'Precedence';'h';'s';0.428;0.645;0.645
'Precedence(t, h)';'Precedence';'h';'t';0.438;0.660;0.660
'Precedence(u, h)';'Precedence';'h';'u';0.436;0.657;0.657
'Precedence(v, h)';'Precedence';'h';'v';0.412;0.620;0.620
'Precedence(w, h)';'Precedence';'h';'w';0.436;0.657;0.657
'Precedence(z, h)';'Precedence';'h';'z';0.444;0.669;0.669
'Participation(i)';'Participation';'i';;0.878;0.878;0.878
'Precedence(a, i)';'Precedence';'i';'a';0.878;1.000;1.000
'CoExistence(i, a)';'CoExistence';'i';'a';0.878;0.878;0.878
'RespondedExistence(i, a)';'RespondedExistence';'i';'a';0.878;1.000;1.000
'CoExistence(i, b)';'CoExistence';'i';'b';0.878;0.878;0.878
'RespondedExistence(i, b)';'RespondedExistence';'i';'b';0.878;1.000;1.000
'Response(i, b)';'Response';'i';'b';0.878;1.000;1.000
'CoExistence(i, c)';'CoExistence';'i';'c';0.764;0.783;0.783
'RespondedExistence(i, c)';'RespondedExistence';'i';'c';0.764;0.870;0.870
'NotSuccession(i, c)';'NotSuccession';'i';'c';0.592;0.607;0.607
'CoExistence(i, d)';'CoExistence';'i';'d';0.878;0.878;0.878
'RespondedExistence(i, d)';'RespondedExistence';'i';'d';0.878;1.000;1.000
'Response(i, d)';'Response';'i';'d';0.456;0.519;0.519
'CoExistence(i, e)';'CoExistence';'i';'e';0.780;0.807;0.807
'RespondedExistence(i, e)';'RespondedExistence';'i';'e';0.780;0.888;0.888
'CoExistence(i, f)';'CoExistence';'i';'f';0.862;0.872;0.872
'RespondedExistence(i, f)';'RespondedExistence';'i';'f';0.862;0.982;0.982
'Response(i, f)';'Response';'i';'f';0.704;0.802;0.802
'CoExistence(i, g)';'CoExistence';'i';'g';0.796;0.812;0.812
'RespondedExistence(i, g)';'RespondedExistence';'i';'g';0.796;0.907;0.907
'CoExistence(i, h)';'CoExistence';'i';'h';0.600;0.637;0.637
'RespondedExistence(i, h)';'RespondedExistence';'i';'h';0.600;0.683;0.683
'CoExistence(i, l)';'CoExistence';'i';'l';0.638;0.727;0.727
'RespondedExistence(i, l)';'RespondedExistence';'i';'l';0.638;0.727;0.727
'CoExistence(i, m)';'CoExistence';'i';'m';0.782;0.806;0.806
'RespondedExistence(i, m)';'RespondedExistence';'i';'m';0.782;0.891;0.891
'CoExistence(i, n)';'CoExistence';'i';'n';0.864;0.878;0.878
'RespondedExistence(i, n)';'RespondedExistence';'i';'n';0.864;0.984;0.984
'Response(i, n)';'Response';'i';'n';0.704;0.802;0.802
'CoExistence(i, o)';'CoExistence';'i';'o';0.816;0.828;0.828
'RespondedExistence(i, o)';'RespondedExistence';'i';'o';0.816;0.929;0.929
'CoExistence(i, p)';'CoExistence';'i';'p';0.872;0.881;0.881
'RespondedExistence(i, p)';'RespondedExistence';'i';'p';0.872;0.993;0.993
'Response(i, p)';'Response';'i';'p';0.554;0.631;0.631
'CoExistence(i, q)';'CoExistence';'i';'q';0.804;0.819;0.819
'RespondedExistence(i, q)';'RespondedExistence';'i';'q';0.804;0.916;0.916
'NotSuccession(i, r)';'NotSuccession';'i';'r';0.818;0.917;0.917
'NotCoExistence(i, r)';'NotCoExistence';'i';'r';0.782;0.877;0.877
'CoExistence(i, s)';'CoExistence';'i';'s';0.758;0.772;0.772
'RespondedExistence(i, s)';'RespondedExistence';'i';'s';0.758;0.863;0.863
'CoExistence(i, t)';'CoExistence';'i';'t';0.854;0.864;0.864
'RespondedExistence(i, t)';'RespondedExistence';'i';'t';0.854;0.973;0.973
'Response(i, t)';'Response';'i';'t';0.476;0.542;0.542
'CoExistence(i, u)';'CoExistence';'i';'u';0.776;0.792;0.792
'RespondedExistence(i, u)';'RespondedExistence';'i';'u';0.776;0.884;0.884
'CoExistence(i, v)';'CoExistence';'i';'v';0.776;0.797;0.797
'RespondedExistence(i, v)';'RespondedExistence';'i';'v';0.776;0.884;0.884
'CoExistence(i, w)';'CoExistence';'i';'w';0.788;0.811;0.811
'RespondedExistence(i, w)';'RespondedExistence';'i';'w';0.788;0.897;0.897
'CoExistence(i, z)';'CoExistence';'i';'z';0.784;0.802;0.802
'RespondedExistence(i, z)';'RespondedExistence';'i';'z';0.784;0.893;0.893
'Precedence(p, i)';'Precedence';'i';'p';0.564;0.642;0.642
'AtMostOne(l)';'AtMostOne';'l';;0.468;0.734;0.734
'Participation(l)';'Participation';'l';;0.638;0.638;0.638
'Precedence(a, l)';'Precedence';'l';'a';0.638;1.000;1.000
'AlternatePrecedence(a, l)';'AlternatePrecedence';'l';'a';0.544;0.853;0.853
'Precedence(b, l)';'Precedence';'l';'b';0.406;0.636;0.636
'AlternatePrecedence(b, l)';'AlternatePrecedence';'l';'b';0.366;0.574;0.574
'Precedence(c, l)';'Precedence';'l';'c';0.386;0.605;0.605
'Precedence(d, l)';'Precedence';'l';'d';0.398;0.624;0.624
'AlternatePrecedence(d, l)';'AlternatePrecedence';'l';'d';0.352;0.552;0.552
'Precedence(e, l)';'Precedence';'l';'e';0.430;0.674;0.674
'AlternatePrecedence(e, l)';'AlternatePrecedence';'l';'e';0.380;0.596;0.596
'Precedence(f, l)';'Precedence';'l';'f';0.402;0.630;0.630
'AlternatePrecedence(f, l)';'AlternatePrecedence';'l';'f';0.360;0.564;0.564
'Precedence(g, l)';'Precedence';'l';'g';0.408;0.639;0.639
'AlternatePrecedence(g, l)';'AlternatePrecedence';'l';'g';0.354;0.555;0.555
'Precedence(i, l)';'Precedence';'l';'i';0.638;1.000;1.000
'AlternatePrecedence(i, l)';'AlternatePrecedence';'l';'i';0.638;1.000;1.000
'CoExistence(l, a)';'CoExistence';'l';'a';0.638;0.638;0.638
'RespondedExistence(l, a)';'RespondedExistence';'l';'a';0.638;1.000;1.000
'Response(l, a)';'Response';'l';'a';0.328;0.514;0.514
'NotSuccession(l, a)';'NotSuccession';'l';'a';0.618;0.618;0.618
'CoExistence(l, b)';'CoExistence';'l';'b';0.638;0.638;0.638
'RespondedExistence(l, b)';'RespondedExistence';'l';'b';0.638;1.000;1.000
'Response(l, b)';'Response';'l';'b';0.638;1.000;1.000
'AlternateResponse(l, b)';'AlternateResponse';'l';'b';0.546;0.856;0.856
'CoExistence(l, c)';'CoExistence';'l';'c';0.572;0.616;0.616
'RespondedExistence(l, c)';'RespondedExistence';'l';'c';0.572;0.897;0.897
'NotSuccession(l, c)';'NotSuccession';'l';'c';0.742;0.800;0.800
'CoExistence(l, d)';'CoExistence';'l';'d';0.638;0.638;0.638
'RespondedExistence(l, d)';'RespondedExistence';'l';'d';0.638;1.000;1.000
'Response(l, d)';'Response';'l';'d';0.348;0.545;0.545
'NotSuccession(l, d)';'NotSuccession';'l';'d';0.572;0.572;0.572
'CoExistence(l, e)';'CoExistence';'l';'e';0.574;0.616;0.616
'RespondedExistence(l, e)';'RespondedExistence';'l';'e';0.574;0.900;0.900
'NotSuccession(l, e)';'NotSuccession';'l';'e';0.598;0.642;0.642
'CoExistence(l, f)';'CoExistence';'l';'f';0.630;0.643;0.643
'RespondedExistence(l, f)';'RespondedExistence';'l';'f';0.630;0.987;0.987
'Response(l, f)';'Response';'l';'f';0.526;0.824;0.824
'AlternateResponse(l, f)';'AlternateResponse';'l';'f';0.446;0.699;0.699
'CoExistence(l, g)';'CoExistence';'l';'g';0.578;0.603;0.603
'RespondedExistence(l, g)';'RespondedExistence';'l';'g';0.578;0.906;0.906
'Response(l, g)';'Response';'l';'g';0.320;0.502;0.502
'NotSuccession(l, g)';'NotSuccession';'l';'g';0.580;0.605;0.605
'CoExistence(l, h)';'CoExistence';'l';'h';0.438;0.507;0.507
'RespondedExistence(l, h)';'RespondedExistence';'l';'h';0.438;0.687;0.687
'NotSuccession(l, h)';'NotSuccession';'l';'h';0.554;0.641;0.641
'CoExistence(l, i)';'CoExistence';'l';'i';0.638;0.727;0.727
'RespondedExistence(l, i)';'RespondedExistence';'l';'i';0.638;1.000;1.000
'NotSuccession(l, i)';'NotSuccession';'l';'i';0.506;0.576;0.576
'CoExistence(l, m)';'CoExistence';'l';'m';0.574;0.612;0.612
'RespondedExistence(l, m)';'RespondedExistence';'l';'m';0.574;0.900;0.900
'NotSuccession(l, m)';'NotSuccession';'l';'m';0.658;0.701;0.701
'CoExistence(l, n)';'CoExistence';'l';'n';0.628;0.641;0.641
'RespondedExistence(l, n)';'RespondedExistence';'l';'n';0.628;0.984;0.984
'Response(l, n)';'Response';'l';'n';0.518;0.812;0.812
'AlternateResponse(l, n)';'AlternateResponse';'l';'n';0.440;0.690;0.690
'CoExistence(l, o)';'CoExistence';'l';'o';0.586;0.600;0.600
'RespondedExistence(l, o)';'RespondedExistence';'l';'o';0.586;0.918;0.918
'NotSuccession(l, o)';'NotSuccession';'l';'o';0.590;0.605;0.605
'CoExistence(l, p)';'CoExistence';'l';'p';0.636;0.645;0.645
'RespondedExistence(l, p)';'RespondedExistence';'l';'p';0.636;0.997;0.997
'Response(l, p)';'Response';'l';'p';0.438;0.687;0.687
'AlternateResponse(l, p)';'AlternateResponse';'l';'p';0.410;0.643;0.643
'CoExistence(l, q)';'CoExistence';'l';'q';0.592;0.621;0.621
'RespondedExistence(l, q)';'RespondedExistence';'l';'q';0.592;0.928;0.928
'Response(l, q)';'Response';'l';'q';0.324;0.508;0.508
'NotSuccession(l, q)';'NotSuccession';'l';'q';0.554;0.581;0.581
'NotSuccession(l, r)';'NotSuccession';'l';'r';0.632;0.927;0.927
'NotCoExistence(l, r)';'NotCoExistence';'l';'r';0.602;0.883;0.883
'CoExistence(l, s)';'CoExistence';'l';'s';0.562;0.599;0.599
'RespondedExistence(l, s)';'RespondedExistence';'l';'s';0.562;0.881;0.881
'Response(l, s)';'Response';'l';'s';0.322;0.505;0.505
'NotSuccession(l, s)';'NotSuccession';'l';'s';0.566;0.603;0.603
'CoExistence(l, t)';'CoExistence';'l';'t';0.628;0.645;0.645
'RespondedExistence(l, t)';'RespondedExistence';'l';'t';0.628;0.984;0.984
'Response(l, t)';'Response';'l';'t';0.396;0.621;0.621
'AlternateResponse(l, t)';'AlternateResponse';'l';'t';0.332;0.520;0.520
'NotSuccession(l, t)';'NotSuccession';'l';'t';0.528;0.542;0.542
'CoExistence(l, u)';'CoExistence';'l';'u';0.570;0.603;0.603
'RespondedExistence(l, u)';'RespondedExistence';'l';'u';0.570;0.893;0.893
'NotSuccession(l, u)';'NotSuccession';'l';'u';0.572;0.605;0.605
'CoExistence(l, v)';'CoExistence';'l';'v';0.582;0.627;0.627
'RespondedExistence(l, v)';'RespondedExistence';'l';'v';0.582;0.912;0.912
'Response(l, v)';'Response';'l';'v';0.330;0.517;0.517
'NotSuccession(l, v)';'NotSuccession';'l';'v';0.538;0.580;0.580
'CoExistence(l, w)';'CoExistence';'l';'w';0.570;0.600;0.600
'RespondedExistence(l, w)';'RespondedExistence';'l';'w';0.570;0.893;0.893
'NotSuccession(l, w)';'NotSuccession';'l';'w';0.576;0.606;0.606
'CoExistence(l, z)';'CoExistence';'l';'z';0.566;0.592;0.592
'RespondedExistence(l, z)';'RespondedExistence';'l';'z';0.566;0.887;0.887
'Response(l, z)';'Response';'l';'z';0.320;0.502;0.502
'NotSuccession(l, z)';'NotSuccession';'l';'z';0.576;0.603;0.603
'Precedence(m, l)';'Precedence';'l';'m';0.424;0.665;0.665
'AlternatePrecedence(m, l)';'AlternatePrecedence';'l';'m';0.342;0.536;0.536
'Precedence(n, l)';'Precedence';'l';'n';0.410;0.643;0.643
'AlternatePrecedence(n, l)';'AlternatePrecedence';'l';'n';0.370;0.580;0.580
'Precedence(o, l)';'Precedence';'l';'o';0.424;0.665;0.665
'AlternatePrecedence(o, l)';'AlternatePrecedence';'l';'o';0.378;0.592;0.592
'Precedence(p, l)';'Precedence';'l';'p';0.542;0.850;0.850
'AlternatePrecedence(p, l)';'AlternatePrecedence';'l';'p';0.502;0.787;0.787
'Precedence(q, l)';'Precedence';'l';'q';0.432;0.677;0.677
'AlternatePrecedence(q, l)';'AlternatePrecedence';'l';'q';0.382;0.599;0.599
'Precedence(s, l)';'Precedence';'l';'s';0.430;0.674;0.674
'AlternatePrecedence(s, l)';'AlternatePrecedence';'l';'s';0.364;0.571;0.571
'Precedence(t, l)';'Precedence';'l';'t';0.404;0.633;0.633
'AlternatePrecedence(t, l)';'AlternatePrecedence';'l';'t';0.354;0.555;0.555
'Precedence(u, l)';'Precedence';'l';'u';0.424;0.665;0.665
'AlternatePrecedence(u, l)';'AlternatePrecedence';'l';'u';0.382;0.599;0.599
'Precedence(v, l)';'Precedence';'l';'v';0.450;0.705;0.705
'AlternatePrecedence(v, l)';'AlternatePrecedence';'l';'v';0.408;0.639;0.639
'Precedence(w, l)';'Precedence';'l';'w';0.422;0.661;0.661
'AlternatePrecedence(w, l)';'AlternatePrecedence';'l';'w';0.374;0.586;0.586
'Precedence(z, l)';'Precedence';'l';'z';0.406;0.636;0.636
'AlternatePrecedence(z, l)';'AlternatePrecedence';'l';'z';0.362;0.567;0.567
'AtMostOne(m)';'AtMostOne';'m';;0.492;0.563;0.563
'Participation(m)';'Participation';'m';;0.874;0.874;0.874
'Precedence(a, m)';'Precedence';'m';'a';0.874;1.000;1.000
'AlternatePrecedence(a, m)';'AlternatePrecedence';'m';'a';0.708;0.810;0.810
'CoExistence(m, a)';'CoExistence';'m';'a';0.874;0.874;0.874
'RespondedExistence(m, a)';'RespondedExistence';'m';'a';0.874;1.000;1.000
'Response(m, a)';'Response';'m';'a';0.526;0.602;0.602
'AlternateResponse(m, a)';'AlternateResponse';'m';'a';0.438;0.501;0.501
'CoExistence(m, b)';'CoExistence';'m';'b';0.874;0.874;0.874
'RespondedExistence(m, b)';'RespondedExistence';'m';'b';0.874;1.000;1.000
'Response(m, b)';'Response';'m';'b';0.874;1.000;1.000
'AlternateResponse(m, b)';'AlternateResponse';'m';'b';0.708;0.810;0.810
'CoExistence(m, c)';'CoExistence';'m';'c';0.776;0.808;0.808
'RespondedExistence(m, c)';'RespondedExistence';'m';'c';0.776;0.888;0.888
'NotSuccession(m, c)';'NotSuccession';'m';'c';0.584;0.608;0.608
'CoExistence(m, d)';'CoExistence';'m';'d';0.874;0.874;0.874
'RespondedExistence(m, d)';'RespondedExistence';'m';'d';0.874;1.000;1.000
'Response(m, d)';'Response';'m';'d';0.586;0.670;0.670
'AlternateResponse(m, d)';'AlternateResponse';'m';'d';0.476;0.545;0.545
'CoExistence(m, e)';'CoExistence';'m';'e';0.784;0.818;0.818
'RespondedExistence(m, e)';'RespondedExistence';'m';'e';0.784;0.897;0.897
'Response(m, e)';'Response';'m';'e';0.484;0.554;0.554
'CoExistence(m, f)';'CoExistence';'m';'f';0.862;0.876;0.876
'RespondedExistence(m, f)';'RespondedExistence';'m';'f';0.862;0.986;0.986
'Response(m, f)';'Response';'m';'f';0.756;0.865;0.865
'AlternateResponse(m, f)';'AlternateResponse';'m';'f';0.588;0.673;0.673
'CoExistence(m, g)';'CoExistence';'m';'g';0.792;0.808;0.808
'RespondedExistence(m, g)';'RespondedExistence';'m';'g';0.792;0.906;0.906
'Response(m, g)';'Response';'m';'g';0.502;0.574;0.574
'CoExistence(m, h)';'CoExistence';'m';'h';0.602;0.643;0.643
'RespondedExistence(m, h)';'RespondedExistence';'m';'h';0.602;0.689;0.689
'CoExistence(m, i)';'CoExistence';'m';'i';0.782;0.806;0.806
'RespondedExistence(m, i)';'RespondedExistence';'m';'i';0.782;0.895;0.895
'Response(m, i)';'Response';'m';'i';0.532;0.609;0.609
'AlternateResponse(m, i)';'AlternateResponse';'m';'i';0.452;0.517;0.517
'CoExistence(m, l)';'CoExistence';'m';'l';0.574;0.612;0.612
'RespondedExistence(m, l)';'RespondedExistence';'m';'l';0.574;0.657;0.657
'CoExistence(m, n)';'CoExistence';'m';'n';0.874;0.901;0.901
'RespondedExistence(m, n)';'RespondedExistence';'m';'n';0.874;1.000;1.000
'Response(m, n)';'Response';'m';'n';0.874;1.000;1.000
'AlternateResponse(m, n)';'AlternateResponse';'m';'n';0.874;1.000;1.000
'CoExistence(m, o)';'CoExistence';'m';'o';0.814;0.827;0.827
'RespondedExistence(m, o)';'RespondedExistence';'m';'o';0.814;0.931;0.931
'Response(m, o)';'Response';'m';'o';0.522;0.597;0.597
'AlternateResponse(m, o)';'AlternateResponse';'m';'o';0.442;0.506;0.506
'CoExistence(m, p)';'CoExistence';'m';'p';0.868;0.877;0.877
'RespondedExistence(m, p)';'RespondedExistence';'m';'p';0.868;0.993;0.993
'Response(m, p)';'Response';'m';'p';0.686;0.785;0.785
'AlternateResponse(m, p)';'AlternateResponse';'m';'p';0.622;0.712;0.712
'CoExistence(m, q)';'CoExistence';'m';'q';0.800;0.815;0.815
'RespondedExistence(m, q)';'RespondedExistence';'m';'q';0.800;0.915;0.915
'Response(m, q)';'Response';'m';'q';0.510;0.584;0.584
'NotSuccession(m, r)';'NotSuccession';'m';'r';0.804;0.912;0.912
'NotCoExistence(m, r)';'NotCoExistence';'m';'r';0.766;0.868;0.868
'CoExistence(m, s)';'CoExistence';'m';'s';0.772;0.801;0.801
'RespondedExistence(m, s)';'RespondedExistence';'m';'s';0.772;0.883;0.883
'Response(m, s)';'Response';'m';'s';0.498;0.570;0.570
'CoExistence(m, t)';'CoExistence';'m';'t';0.858;0.876;0.876
'RespondedExistence(m, t)';'RespondedExistence';'m';'t';0.858;0.982;0.982
'Response(m, t)';'Response';'m';'t';0.578;0.661;0.661
'AlternateResponse(m, t)';'AlternateResponse';'m';'t';0.448;0.513;0.513
'CoExistence(m, u)';'CoExistence';'m';'u';0.782;0.806;0.806
'RespondedExistence(m, u)';'RespondedExistence';'m';'u';0.782;0.895;0.895
'Response(m, u)';'Response';'m';'u';0.522;0.597;0.597
'AlternateResponse(m, u)';'AlternateResponse';'m';'u';0.454;0.519;0.519
'CoExistence(m, v)';'CoExistence';'m';'v';0.784;0.815;0.815
'RespondedExistence(m, v)';'RespondedExistence';'m';'v';0.784;0.897;0.897
'Response(m, v)';'Response';'m';'v';0.484;0.554;0.554
'CoExistence(m, w)';'CoExistence';'m';'w';0.784;0.807;0.807
'RespondedExistence(m, w)';'RespondedExistence';'m';'w';0.784;0.897;0.897
'Response(m, w)';'Response';'m';'w';0.510;0.584;0.584
'CoExistence(m, z)';'CoExistence';'m';'z';0.790;0.816;0.816
'RespondedExistence(m, z)';'RespondedExistence';'m';'z';0.790;0.904;0.904
'Response(m, z)';'Response';'m';'z';0.486;0.556;0.556
'Precedence(p, m)';'Precedence';'m';'p';0.536;0.613;0.613
'AlternatePrecedence(p, m)';'AlternatePrecedence';'m';'p';0.486;0.556;0.556
'Participation(n)';'Participation';'n';;0.970;0.970;0.970
'Precedence(a, n)';'Precedence';'n';'a';0.970;1.000;1.000
'Precedence(b, n)';'Precedence';'n';'b';0.488;0.503;0.503
'Precedence(g, n)';'Precedence';'n';'g';0.490;0.505;0.505
'CoExistence(n, a)';'CoExistence';'n';'a';0.970;0.970;0.970
'RespondedExistence(n, a)';'RespondedExistence';'n';'a';0.970;1.000;1.000
'CoExistence(n, b)';'CoExistence';'n';'b';0.970;0.970;0.970
'RespondedExistence(n, b)';'RespondedExistence';'n';'b';0.970;1.000;1.000
'Response(n, b)';'Response';'n';'b';0.970;1.000;1.000
'CoExistence(n, c)';'CoExistence';'n';'c';0.848;0.862;0.862
'RespondedExistence(n, c)';'RespondedExistence';'n';'c';0.848;0.874;0.874
'NotSuccession(n, c)';'NotSuccession';'n';'c';0.590;0.600;0.600
'CoExistence(n, d)';'CoExistence';'n';'d';0.970;0.970;0.970
'RespondedExistence(n, d)';'RespondedExistence';'n';'d';0.970;1.000;1.000
'CoExistence(n, e)';'CoExistence';'n';'e';0.860;0.879;0.879
'RespondedExistence(n, e)';'RespondedExistence';'n';'e';0.860;0.887;0.887
'CoExistence(n, f)';'CoExistence';'n';'f';0.950;0.958;0.958
'RespondedExistence(n, f)';'RespondedExistence';'n';'f';0.950;0.979;0.979
'CoExistence(n, g)';'CoExistence';'n';'g';0.872;0.876;0.876
'RespondedExistence(n, g)';'RespondedExistence';'n';'g';0.872;0.899;0.899
'CoExistence(n, h)';'CoExistence';'n';'h';0.656;0.671;0.671
'RespondedExistence(n, h)';'RespondedExistence';'n';'h';0.656;0.676;0.676
'CoExistence(n, i)';'CoExistence';'n';'i';0.864;0.878;0.878
'RespondedExistence(n, i)';'RespondedExistence';'n';'i';0.864;0.891;0.891
'CoExistence(n, l)';'CoExistence';'n';'l';0.628;0.641;0.641
'RespondedExistence(n, l)';'RespondedExistence';'n';'l';0.628;0.647;0.647
'NotSuccession(n, l)';'NotSuccession';'n';'l';0.522;0.533;0.533
'CoExistence(n, m)';'CoExistence';'n';'m';0.874;0.901;0.901
'RespondedExistence(n, m)';'RespondedExistence';'n';'m';0.874;0.901;0.901
'CoExistence(n, o)';'CoExistence';'n';'o';0.904;0.913;0.913
'RespondedExistence(n, o)';'RespondedExistence';'n';'o';0.904;0.932;0.932
'CoExistence(n, p)';'CoExistence';'n';'p';0.960;0.966;0.966
'RespondedExistence(n, p)';'RespondedExistence';'n';'p';0.960;0.990;0.990
'CoExistence(n, q)';'CoExistence';'n';'q';0.886;0.893;0.893
'RespondedExistence(n, q)';'RespondedExistence';'n';'q';0.886;0.913;0.913
'NotSuccession(n, r)';'NotSuccession';'n';'r';0.892;0.918;0.918
'NotCoExistence(n, r)';'NotCoExistence';'n';'r';0.850;0.874;0.874
'CoExistence(n, s)';'CoExistence';'n';'s';0.844;0.854;0.854
'RespondedExistence(n, s)';'RespondedExistence';'n';'s';0.844;0.870;0.870
'CoExistence(n, t)';'CoExistence';'n';'t';0.942;0.950;0.950
'RespondedExistence(n, t)';'RespondedExistence';'n';'t';0.942;0.971;0.971
'CoExistence(n, u)';'CoExistence';'n';'u';0.864;0.878;0.878
'RespondedExistence(n, u)';'RespondedExistence';'n';'u';0.864;0.891;0.891
'CoExistence(n, v)';'CoExistence';'n';'v';0.850;0.857;0.857
'RespondedExistence(n, v)';'RespondedExistence';'n';'v';0.850;0.876;0.876
'CoExistence(n, w)';'CoExistence';'n';'w';0.860;0.867;0.867
'RespondedExistence(n, w)';'RespondedExistence';'n';'w';0.860;0.887;0.887
'CoExistence(n, z)';'CoExistence';'n';'z';0.868;0.880;0.880
'RespondedExistence(n, z)';'RespondedExistence';'n';'z';0.868;0.895;0.895
'Precedence(o, n)';'Precedence';'n';'o';0.498;0.513;0.513
'Precedence(p, n)';'Precedence';'n';'p';0.642;0.662;0.662
'Precedence(w, n)';'Precedence';'n';'w';0.488;0.503;0.503
'Participation(o)';'Participation';'o';;0.924;0.924;0.924
'Precedence(a, o)';'Precedence';'o';'a';0.924;1.000;1.000
'CoExistence(o, a)';'CoExistence';'o';'a';0.924;0.924;0.924
'RespondedExistence(o, a)';'RespondedExistence';'o';'a';0.924;1.000;1.000
'CoExistence(o, b)';'CoExistence';'o';'b';0.924;0.924;0.924
'RespondedExistence(o, b)';'RespondedExistence';'o';'b';0.924;1.000;1.000
'Response(o, b)';'Response';'o';'b';0.924;1.000;1.000
'CoExistence(o, c)';'CoExistence';'o';'c';0.806;0.822;0.822
'RespondedExistence(o, c)';'RespondedExistence';'o';'c';0.806;0.872;0.872
'NotSuccession(o, c)';'NotSuccession';'o';'c';0.576;0.588;0.588
'CoExistence(o, d)';'CoExistence';'o';'d';0.924;0.924;0.924
'RespondedExistence(o, d)';'RespondedExistence';'o';'d';0.924;1.000;1.000
'Response(o, d)';'Response';'o';'d';0.502;0.543;0.543
'CoExistence(o, e)';'CoExistence';'o';'e';0.814;0.832;0.832
'RespondedExistence(o, e)';'RespondedExistence';'o';'e';0.814;0.881;0.881
'CoExistence(o, f)';'CoExistence';'o';'f';0.904;0.911;0.911
'RespondedExistence(o, f)';'RespondedExistence';'o';'f';0.904;0.978;0.978
'Response(o, f)';'Response';'o';'f';0.740;0.801;0.801
'CoExistence(o, g)';'CoExistence';'o';'g';0.832;0.840;0.840
'RespondedExistence(o, g)';'RespondedExistence';'o';'g';0.832;0.900;0.900
'CoExistence(o, h)';'CoExistence';'o';'h';0.616;0.634;0.634
'RespondedExistence(o, h)';'RespondedExistence';'o';'h';0.616;0.667;0.667
'CoExistence(o, i)';'CoExistence';'o';'i';0.816;0.828;0.828
'RespondedExistence(o, i)';'RespondedExistence';'o';'i';0.816;0.883;0.883
'CoExistence(o, l)';'CoExistence';'o';'l';0.586;0.600;0.600
'RespondedExistence(o, l)';'RespondedExistence';'o';'l';0.586;0.634;0.634
'NotSuccession(o, l)';'NotSuccession';'o';'l';0.504;0.516;0.516
'CoExistence(o, m)';'CoExistence';'o';'m';0.814;0.827;0.827
'RespondedExistence(o, m)';'RespondedExistence';'o';'m';0.814;0.881;0.881
'CoExistence(o, n)';'CoExistence';'o';'n';0.904;0.913;0.913
'RespondedExistence(o, n)';'RespondedExistence';'o';'n';0.904;0.978;0.978
'Response(o, n)';'Response';'o';'n';0.734;0.794;0.794
'CoExistence(o, p)';'CoExistence';'o';'p';0.924;0.939;0.939
'Succession(o, p)';'Succession';'o';'p';0.508;0.516;0.516
'RespondedExistence(o, p)';'RespondedExistence';'o';'p';0.924;1.000;1.000
'Response(o, p)';'Response';'o';'p';0.924;1.000;1.000
'AlternateResponse(o, p)';'AlternateResponse';'o';'p';0.924;1.000;1.000
'ChainResponse(o, p)';'ChainResponse';'o';'p';0.924;1.000;1.000
'CoExistence(o, q)';'CoExistence';'o';'q';0.842;0.851;0.851
'RespondedExistence(o, q)';'RespondedExistence';'o';'q';0.842;0.911;0.911
'NotSuccession(o, r)';'NotSuccession';'o';'r';0.868;0.925;0.925
'NotCoExistence(o, r)';'NotCoExistence';'o';'r';0.828;0.883;0.883
'CoExistence(o, s)';'CoExistence';'o';'s';0.802;0.815;0.815
'RespondedExistence(o, s)';'RespondedExistence';'o';'s';0.802;0.868;0.868
'CoExistence(o, t)';'CoExistence';'o';'t';0.898;0.907;0.907
'RespondedExistence(o, t)';'RespondedExistence';'o';'t';0.898;0.972;0.972
'Response(o, t)';'Response';'o';'t';0.486;0.526;0.526
'CoExistence(o, u)';'CoExistence';'o';'u';0.822;0.839;0.839
'RespondedExistence(o, u)';'RespondedExistence';'o';'u';0.822;0.890;0.890
'CoExistence(o, v)';'CoExistence';'o';'v';0.810;0.822;0.822
'RespondedExistence(o, v)';'RespondedExistence';'o';'v';0.810;0.877;0.877
'CoExistence(o, w)';'CoExistence';'o';'w';0.818;0.828;0.828
'RespondedExistence(o, w)';'RespondedExistence';'o';'w';0.818;0.885;0.885
'CoExistence(o, z)';'CoExistence';'o';'z';0.820;0.830;0.830
'RespondedExistence(o, z)';'RespondedExistence';'o';'z';0.820;0.887;0.887
'Participation(p)';'Participation';'p';;0.984;0.984;0.984
'Precedence(a, p)';'Precedence';'p';'a';0.984;1.000;1.000
'Precedence(o, p)';'Precedence';'p';'o';0.508;0.516;0.516
'CoExistence(p, a)';'CoExistence';'p';'a';0.984;0.984;0.984
'RespondedExistence(p, a)';'RespondedExistence';'p';'a';0.984;1.000;1.000
'CoExistence(p, b)';'CoExistence';'p';'b';0.984;0.984;0.984
'Succession(p, b)';'Succession';'p';'b';0.644;0.644;0.644
'RespondedExistence(p, b)';'RespondedExistence';'p';'b';0.984;1.000;1.000
'Response(p, b)';'Response';'p';'b';0.984;1.000;1.000
'CoExistence(p, c)';'CoExistence';'p';'c';0.856;0.865;0.865
'RespondedExistence(p, c)';'RespondedExistence';'p';'c';0.856;0.870;0.870
'CoExistence(p, d)';'CoExistence';'p';'d';0.984;0.984;0.984
'RespondedExistence(p, d)';'RespondedExistence';'p';'d';0.984;1.000;1.000
'CoExistence(p, e)';'CoExistence';'p';'e';0.866;0.878;0.878
'RespondedExistence(p, e)';'RespondedExistence';'p';'e';0.866;0.880;0.880
'CoExistence(p, f)';'CoExistence';'p';'f';0.962;0.968;0.968
'Succession(p, f)';'Succession';'p';'f';0.502;0.505;0.505
'RespondedExistence(p, f)';'RespondedExistence';'p';'f';0.962;0.978;0.978
'Response(p, f)';'Response';'p';'f';0.722;0.734;0.734
'CoExistence(p, g)';'CoExistence';'p';'g';0.884;0.886;0.886
'RespondedExistence(p, g)';'RespondedExistence';'p';'g';0.884;0.898;0.898
'CoExistence(p, h)';'CoExistence';'p';'h';0.662;0.671;0.671
'RespondedExistence(p, h)';'RespondedExistence';'p';'h';0.662;0.673;0.673
'CoExistence(p, i)';'CoExistence';'p';'i';0.872;0.881;0.881
'RespondedExistence(p, i)';'RespondedExistence';'p';'i';0.872;0.886;0.886
'CoExistence(p, l)';'CoExistence';'p';'l';0.636;0.645;0.645
'RespondedExistence(p, l)';'RespondedExistence';'p';'l';0.636;0.646;0.646
'CoExistence(p, m)';'CoExistence';'p';'m';0.868;0.877;0.877
'RespondedExistence(p, m)';'RespondedExistence';'p';'m';0.868;0.882;0.882
'CoExistence(p, n)';'CoExistence';'p';'n';0.960;0.966;0.966
'RespondedExistence(p, n)';'RespondedExistence';'p';'n';0.960;0.976;0.976
'Response(p, n)';'Response';'p';'n';0.702;0.713;0.713
'CoExistence(p, o)';'CoExistence';'p';'o';0.924;0.939;0.939
'RespondedExistence(p, o)';'RespondedExistence';'p';'o';0.924;0.939;0.939
'CoExistence(p, q)';'CoExistence';'p';'q';0.894;0.896;0.896
'RespondedExistence(p, q)';'RespondedExistence';'p';'q';0.894;0.909;0.909
'NotSuccession(p, r)';'NotSuccession';'p';'r';0.886;0.899;0.899
'NotCoExistence(p, r)';'NotCoExistence';'p';'r';0.864;0.876;0.876
'CoExistence(p, s)';'CoExistence';'p';'s';0.856;0.865;0.865
'RespondedExistence(p, s)';'RespondedExistence';'p';'s';0.856;0.870;0.870
'CoExistence(p, t)';'CoExistence';'p';'t';0.956;0.964;0.964
'RespondedExistence(p, t)';'RespondedExistence';'p';'t';0.956;0.972;0.972
'CoExistence(p, u)';'CoExistence';'p';'u';0.868;0.873;0.873
'RespondedExistence(p, u)';'RespondedExistence';'p';'u';0.868;0.882;0.882
'CoExistence(p, v)';'CoExistence';'p';'v';0.862;0.867;0.867
'RespondedExistence(p, v)';'RespondedExistence';'p';'v';0.862;0.876;0.876
'CoExistence(p, w)';'CoExistence';'p';'w';0.872;0.877;0.877
'RespondedExistence(p, w)';'RespondedExistence';'p';'w';0.872;0.886;0.886
'CoExistence(p, z)';'CoExistence';'p';'z';0.876;0.883;0.883
'RespondedExistence(p, z)';'RespondedExistence';'p';'z';0.876;0.890;0.890
'Participation(q)';'Participation';'q';;0.908;0.908;0.908
'Precedence(a, q)';'Precedence';'q';'a';0.908;1.000;1.000
'Precedence(p, q)';'Precedence';'q';'p';0.560;0.617;0.617
'CoExistence(q, a)';'CoExistence';'q';'a';0.908;0.908;0.908
'RespondedExistence(q, a)';'RespondedExistence';'q';'a';0.908;1.000;1.000
'CoExistence(q, b)';'CoExistence';'q';'b';0.908;0.908;0.908
'RespondedExistence(q, b)';'RespondedExistence';'q';'b';0.908;1.000;1.000
'Response(q, b)';'Response';'q';'b';0.908;1.000;1.000
'CoExistence(q, c)';'CoExistence';'q';'c';0.790;0.806;0.806
'RespondedExistence(q, c)';'RespondedExistence';'q';'c';0.790;0.870;0.870
'NotSuccession(q, c)';'NotSuccession';'q';'c';0.590;0.602;0.602
'CoExistence(q, d)';'CoExistence';'q';'d';0.908;0.908;0.908
'RespondedExistence(q, d)';'RespondedExistence';'q';'d';0.908;1.000;1.000
'Response(q, d)';'Response';'q';'d';0.478;0.526;0.526
'CoExistence(q, e)';'CoExistence';'q';'e';0.796;0.812;0.812
'RespondedExistence(q, e)';'RespondedExistence';'q';'e';0.796;0.877;0.877
'CoExistence(q, f)';'CoExistence';'q';'f';0.886;0.891;0.891
'RespondedExistence(q, f)';'RespondedExistence';'q';'f';0.886;0.976;0.976
'Response(q, f)';'Response';'q';'f';0.720;0.793;0.793
'CoExistence(q, g)';'CoExistence';'q';'g';0.814;0.821;0.821
'RespondedExistence(q, g)';'RespondedExistence';'q';'g';0.814;0.896;0.896
'CoExistence(q, h)';'CoExistence';'q';'h';0.606;0.627;0.627
'RespondedExistence(q, h)';'RespondedExistence';'q';'h';0.606;0.667;0.667
'CoExistence(q, i)';'CoExistence';'q';'i';0.804;0.819;0.819
'RespondedExistence(q, i)';'RespondedExistence';'q';'i';0.804;0.885;0.885
'CoExistence(q, l)';'CoExistence';'q';'l';0.592;0.621;0.621
'RespondedExistence(q, l)';'RespondedExistence';'q';'l';0.592;0.652;0.652
'NotSuccession(q, l)';'NotSuccession';'q';'l';0.478;0.501;0.501
'CoExistence(q, m)';'CoExistence';'q';'m';0.800;0.815;0.815
'RespondedExistence(q, m)';'RespondedExistence';'q';'m';0.800;0.881;0.881
'CoExistence(q, n)';'CoExistence';'q';'n';0.886;0.893;0.893
'RespondedExistence(q, n)';'RespondedExistence';'q';'n';0.886;0.976;0.976
'Response(q, n)';'Response';'q';'n';0.708;0.780;0.780
'CoExistence(q, o)';'CoExistence';'q';'o';0.842;0.851;0.851
'RespondedExistence(q, o)';'RespondedExistence';'q';'o';0.842;0.927;0.927
'CoExistence(q, p)';'CoExistence';'q';'p';0.894;0.896;0.896
'RespondedExistence(q, p)';'RespondedExistence';'q';'p';0.894;0.985;0.985
'Response(q, p)';'Response';'q';'p';0.562;0.619;0.619
'NotSuccession(q, r)';'NotSuccession';'q';'r';0.784;0.863;0.863
'NotCoExistence(q, r)';'NotCoExistence';'q';'r';0.784;0.863;0.863
'CoExistence(q, s)';'CoExistence';'q';'s';0.786;0.799;0.799
'RespondedExistence(q, s)';'RespondedExistence';'q';'s';0.786;0.866;0.866
'CoExistence(q, t)';'CoExistence';'q';'t';0.878;0.883;0.883
'RespondedExistence(q, t)';'RespondedExistence';'q';'t';0.878;0.967;0.967
'Response(q, t)';'Response';'q';'t';0.464;0.511;0.511
'CoExistence(q, u)';'CoExistence';'q';'u';0.806;0.822;0.822
'RespondedExistence(q, u)';'RespondedExistence';'q';'u';0.806;0.888;0.888
'CoExistence(q, v)';'CoExistence';'q';'v';0.798;0.813;0.813
'RespondedExistence(q, v)';'RespondedExistence';'q';'v';0.798;0.879;0.879
'CoExistence(q, w)';'CoExistence';'q';'w';0.804;0.815;0.815
'RespondedExistence(q, w)';'RespondedExistence';'q';'w';0.804;0.885;0.885
'CoExistence(q, z)';'CoExistence';'q';'z';0.802;0.810;0.810
'RespondedExistence(q, z)';'RespondedExistence';'q';'z';0.802;0.883;0.883
'AtMostOne(r)';'AtMostOne';'r';;0.110;0.887;0.887
'Precedence(a, r)';'Precedence';'r';'a';0.124;1.000;1.000
'AlternatePrecedence(a, r)';'AlternatePrecedence';'r';'a';0.110;0.887;0.887
'Precedence(b, r)';'Precedence';'r';'b';0.076;0.613;0.613
'AlternatePrecedence(b, r)';'AlternatePrecedence';'r';'b';0.066;0.532;0.532
'Precedence(c, r)';'Precedence';'r';'c';0.072;0.581;0.581
'AlternatePrecedence(c, r)';'AlternatePrecedence';'r';'c';0.064;0.516;0.516
'Precedence(d, r)';'Precedence';'r';'d';0.078;0.629;0.629
'AlternatePrecedence(d, r)';'AlternatePrecedence';'r';'d';0.066;0.532;0.532
'Precedence(e, r)';'Precedence';'r';'e';0.074;0.597;0.597
'AlternatePrecedence(e, r)';'AlternatePrecedence';'r';'e';0.068;0.548;0.548
'Precedence(f, r)';'Precedence';'r';'f';0.072;0.581;0.581
'AlternatePrecedence(f, r)';'AlternatePrecedence';'r';'f';0.064;0.516;0.516
'Precedence(i, r)';'Precedence';'r';'i';0.072;0.581;0.581
'AlternatePrecedence(i, r)';'AlternatePrecedence';'r';'i';0.064;0.516;0.516
'Precedence(m, r)';'Precedence';'r';'m';0.076;0.613;0.613
'AlternatePrecedence(m, r)';'AlternatePrecedence';'r';'m';0.064;0.516;0.516
'Precedence(n, r)';'Precedence';'r';'n';0.076;0.613;0.613
'AlternatePrecedence(n, r)';'AlternatePrecedence';'r';'n';0.070;0.565;0.565
'Precedence(o, r)';'Precedence';'r';'o';0.070;0.565;0.565
'AlternatePrecedence(o, r)';'AlternatePrecedence';'r';'o';0.062;0.500;0.500
'Precedence(p, r)';'Precedence';'r';'p';0.100;0.806;0.806
'AlternatePrecedence(p, r)';'AlternatePrecedence';'r';'p';0.092;0.742;0.742
'Precedence(q, r)';'Precedence';'r';'q';0.124;1.000;1.000
'AlternatePrecedence(q, r)';'AlternatePrecedence';'r';'q';0.124;1.000;1.000
'ChainPrecedence(q, r)';'ChainPrecedence';'r';'q';0.124;1.000;1.000
'RespondedExistence(r, a)';'RespondedExistence';'r';'a';0.124;1.000;1.000
'Response(r, a)';'Response';'r';'a';0.068;0.548;0.548
'AlternateResponse(r, a)';'AlternateResponse';'r';'a';0.062;0.500;0.500
'NotSuccession(r, a)';'NotSuccession';'r';'a';0.932;0.932;0.932
'NotCoExistence(r, a)';'NotCoExistence';'r';'a';0.876;0.876;0.876
'RespondedExistence(r, b)';'RespondedExistence';'r';'b';0.124;1.000;1.000
'Response(r, b)';'Response';'r';'b';0.124;1.000;1.000
'AlternateResponse(r, b)';'AlternateResponse';'r';'b';0.114;0.919;0.919
'NotSuccession(r, b)';'NotSuccession';'r';'b';0.876;0.876;0.876
'NotCoExistence(r, b)';'NotCoExistence';'r';'b';0.876;0.876;0.876
'RespondedExistence(r, c)';'RespondedExistence';'r';'c';0.112;0.903;0.903
'NotSuccession(r, c)';'NotSuccession';'r';'c';0.834;0.954;0.954
'NotCoExistence(r, c)';'NotCoExistence';'r';'c';0.762;0.872;0.872
'RespondedExistence(r, d)';'RespondedExistence';'r';'d';0.124;1.000;1.000
'Response(r, d)';'Response';'r';'d';0.072;0.581;0.581
'AlternateResponse(r, d)';'AlternateResponse';'r';'d';0.068;0.548;0.548
'NotSuccession(r, d)';'NotSuccession';'r';'d';0.928;0.928;0.928
'NotCoExistence(r, d)';'NotCoExistence';'r';'d';0.876;0.876;0.876
'RespondedExistence(r, e)';'RespondedExistence';'r';'e';0.104;0.839;0.839
'Response(r, e)';'Response';'r';'e';0.070;0.565;0.565
'AlternateResponse(r, e)';'AlternateResponse';'r';'e';0.064;0.516;0.516
'NotSuccession(r, e)';'NotSuccession';'r';'e';0.816;0.919;0.919
'NotCoExistence(r, e)';'NotCoExistence';'r';'e';0.784;0.883;0.883
'RespondedExistence(r, f)';'RespondedExistence';'r';'f';0.120;0.968;0.968
'Response(r, f)';'Response';'r';'f';0.102;0.823;0.823
'AlternateResponse(r, f)';'AlternateResponse';'r';'f';0.094;0.758;0.758
'NotSuccession(r, f)';'NotSuccession';'r';'f';0.874;0.895;0.895
'NotCoExistence(r, f)';'NotCoExistence';'r';'f';0.856;0.877;0.877
'RespondedExistence(r, g)';'RespondedExistence';'r';'g';0.104;0.839;0.839
'Response(r, g)';'Response';'r';'g';0.076;0.613;0.613
'AlternateResponse(r, g)';'AlternateResponse';'r';'g';0.072;0.581;0.581
'NotSuccession(r, g)';'NotSuccession';'r';'g';0.840;0.915;0.915
'NotCoExistence(r, g)';'NotCoExistence';'r';'g';0.814;0.887;0.887
'RespondedExistence(r, h)';'RespondedExistence';'r';'h';0.078;0.629;0.629
'NotSuccession(r, h)';'NotSuccession';'r';'h';0.650;0.915;0.915
'NotCoExistence(r, h)';'NotCoExistence';'r';'h';0.632;0.890;0.890
'RespondedExistence(r, i)';'RespondedExistence';'r';'i';0.110;0.887;0.887
'Response(r, i)';'Response';'r';'i';0.074;0.597;0.597
'AlternateResponse(r, i)';'AlternateResponse';'r';'i';0.066;0.532;0.532
'NotSuccession(r, i)';'NotSuccession';'r';'i';0.814;0.913;0.913
'NotCoExistence(r, i)';'NotCoExistence';'r';'i';0.782;0.877;0.877
'RespondedExistence(r, l)';'RespondedExistence';'r';'l';0.080;0.645;0.645
'NotSuccession(r, l)';'NotSuccession';'r';'l';0.638;0.935;0.935
'NotCoExistence(r, l)';'NotCoExistence';'r';'l';0.602;0.883;0.883
'RespondedExistence(r, m)';'RespondedExistence';'r';'m';0.116;0.935;0.935
'NotSuccession(r, m)';'NotSuccession';'r';'m';0.826;0.937;0.937
'NotCoExistence(r, m)';'NotCoExistence';'r';'m';0.766;0.868;0.868
'RespondedExistence(r, n)';'RespondedExistence';'r';'n';0.122;0.984;0.984
'Response(r, n)';'Response';'r';'n';0.104;0.839;0.839
'AlternateResponse(r, n)';'AlternateResponse';'r';'n';0.096;0.774;0.774
'NotSuccession(r, n)';'NotSuccession';'r';'n';0.864;0.889;0.889
'NotCoExistence(r, n)';'NotCoExistence';'r';'n';0.850;0.874;0.874
'RespondedExistence(r, o)';'RespondedExistence';'r';'o';0.110;0.887;0.887
'Response(r, o)';'Response';'r';'o';0.082;0.661;0.661
'AlternateResponse(r, o)';'AlternateResponse';'r';'o';0.076;0.613;0.613
'NotSuccession(r, o)';'NotSuccession';'r';'o';0.850;0.906;0.906
'NotCoExistence(r, o)';'NotCoExistence';'r';'o';0.828;0.883;0.883
'RespondedExistence(r, p)';'RespondedExistence';'r';'p';0.122;0.984;0.984
'Response(r, p)';'Response';'r';'p';0.094;0.758;0.758
'AlternateResponse(r, p)';'AlternateResponse';'r';'p';0.088;0.710;0.710
'NotSuccession(r, p)';'NotSuccession';'r';'p';0.886;0.899;0.899
'NotCoExistence(r, p)';'NotCoExistence';'r';'p';0.864;0.876;0.876
'RespondedExistence(r, q)';'RespondedExistence';'r';'q';0.124;1.000;1.000
'Response(r, q)';'Response';'r';'q';0.072;0.581;0.581
'AlternateResponse(r, q)';'AlternateResponse';'r';'q';0.072;0.581;0.581
'NotSuccession(r, q)';'NotSuccession';'r';'q';0.826;0.910;0.910
'NotCoExistence(r, q)';'NotCoExistence';'r';'q';0.784;0.863;0.863
'RespondedExistence(r, s)';'RespondedExistence';'r';'s';0.102;0.823;0.823
'Response(r, s)';'Response';'r';'s';0.070;0.565;0.565
'AlternateResponse(r, s)';'AlternateResponse';'r';'s';0.068;0.548;0.548
'NotSuccession(r, s)';'NotSuccession';'r';'s';0.808;0.914;0.914
'NotCoExistence(r, s)';'NotCoExistence';'r';'s';0.782;0.885;0.885
'RespondedExistence(r, t)';'RespondedExistence';'r';'t';0.116;0.935;0.935
'Response(r, t)';'Response';'r';'t';0.076;0.613;0.613
'AlternateResponse(r, t)';'AlternateResponse';'r';'t';0.070;0.565;0.565
'NotSuccession(r, t)';'NotSuccession';'r';'t';0.894;0.920;0.920
'NotCoExistence(r, t)';'NotCoExistence';'r';'t';0.856;0.881;0.881
'RespondedExistence(r, u)';'RespondedExistence';'r';'u';0.106;0.855;0.855
'Response(r, u)';'Response';'r';'u';0.078;0.629;0.629
'AlternateResponse(r, u)';'AlternateResponse';'r';'u';0.074;0.597;0.597
'NotSuccession(r, u)';'NotSuccession';'r';'u';0.814;0.908;0.908
'NotCoExistence(r, u)';'NotCoExistence';'r';'u';0.790;0.882;0.882
'RespondedExistence(r, v)';'RespondedExistence';'r';'v';0.106;0.855;0.855
'Response(r, v)';'Response';'r';'v';0.066;0.532;0.532
'AlternateResponse(r, v)';'AlternateResponse';'r';'v';0.064;0.516;0.516
'NotSuccession(r, v)';'NotSuccession';'r';'v';0.820;0.921;0.921
'NotCoExistence(r, v)';'NotCoExistence';'r';'v';0.784;0.881;0.881
'RespondedExistence(r, w)';'RespondedExistence';'r';'w';0.110;0.887;0.887
'Response(r, w)';'Response';'r';'w';0.070;0.565;0.565
'AlternateResponse(r, w)';'AlternateResponse';'r';'w';0.064;0.516;0.516
'NotSuccession(r, w)';'NotSuccession';'r';'w';0.824;0.920;0.920
'NotCoExistence(r, w)';'NotCoExistence';'r';'w';0.786;0.877;0.877
'RespondedExistence(r, z)';'RespondedExistence';'r';'z';0.110;0.887;0.887
'Response(r, z)';'Response';'r';'z';0.074;0.597;0.597
'AlternateResponse(r, z)';'AlternateResponse';'r';'z';0.068;0.548;0.548
'NotSuccession(r, z)';'NotSuccession';'r';'z';0.822;0.915;0.915
'NotCoExistence(r, z)';'NotCoExistence';'r';'z';0.788;0.878;0.878
'Precedence(s, r)';'Precedence';'r';'s';0.068;0.548;0.548
'AlternatePrecedence(s, r)';'AlternatePrecedence';'r';'s';0.062;0.500;0.500
'Precedence(t, r)';'Precedence';'r';'t';0.076;0.613;0.613
'AlternatePrecedence(t, r)';'AlternatePrecedence';'r';'t';0.070;0.565;0.565
'Precedence(u, r)';'Precedence';'r';'u';0.062;0.500;0.500
'Precedence(v, r)';'Precedence';'r';'v';0.070;0.565;0.565
'AlternatePrecedence(v, r)';'AlternatePrecedence';'r';'v';0.064;0.516;0.516
'Precedence(w, r)';'Precedence';'r';'w';0.074;0.597;0.597
'AlternatePrecedence(w, r)';'AlternatePrecedence';'r';'w';0.062;0.500;0.500
'Precedence(z, r)';'Precedence';'r';'z';0.076;0.613;0.613
'AlternatePrecedence(z, r)';'AlternatePrecedence';'r';'z';0.066;0.532;0.532
'Participation(s)';'Participation';'s';;0.862;0.862;0.862
'Precedence(a, s)';'Precedence';'s';'a';0.862;1.000;1.000
'Precedence(p, s)';'Precedence';'s';'p';0.524;0.608;0.608
'CoExistence(s, a)';'CoExistence';'s';'a';0.862;0.862;0.862
'RespondedExistence(s, a)';'RespondedExistence';'s';'a';0.862;1.000;1.000
'CoExistence(s, b)';'CoExistence';'s';'b';0.862;0.862;0.862
'RespondedExistence(s, b)';'RespondedExistence';'s';'b';0.862;1.000;1.000
'Response(s, b)';'Response';'s';'b';0.862;1.000;1.000
'CoExistence(s, c)';'CoExistence';'s';'c';0.760;0.788;0.788
'RespondedExistence(s, c)';'RespondedExistence';'s';'c';0.760;0.882;0.882
'NotSuccession(s, c)';'NotSuccession';'s';'c';0.568;0.589;0.589
'CoExistence(s, d)';'CoExistence';'s';'d';0.862;0.862;0.862
'RespondedExistence(s, d)';'RespondedExistence';'s';'d';0.862;1.000;1.000
'Response(s, d)';'Response';'s';'d';0.476;0.552;0.552
'CoExistence(s, e)';'CoExistence';'s';'e';0.768;0.798;0.798
'RespondedExistence(s, e)';'RespondedExistence';'s';'e';0.768;0.891;0.891
'CoExistence(s, f)';'CoExistence';'s';'f';0.848;0.860;0.860
'RespondedExistence(s, f)';'RespondedExistence';'s';'f';0.848;0.984;0.984
'Response(s, f)';'Response';'s';'f';0.670;0.777;0.777
'CoExistence(s, g)';'CoExistence';'s';'g';0.778;0.792;0.792
'RespondedExistence(s, g)';'RespondedExistence';'s';'g';0.778;0.903;0.903
'CoExistence(s, h)';'CoExistence';'s';'h';0.592;0.634;0.634
'RespondedExistence(s, h)';'RespondedExistence';'s';'h';0.592;0.687;0.687
'CoExistence(s, i)';'CoExistence';'s';'i';0.758;0.772;0.772
'RespondedExistence(s, i)';'RespondedExistence';'s';'i';0.758;0.879;0.879
'CoExistence(s, l)';'CoExistence';'s';'l';0.562;0.599;0.599
'RespondedExistence(s, l)';'RespondedExistence';'s';'l';0.562;0.652;0.652
'NotSuccession(s, l)';'NotSuccession';'s';'l';0.482;0.514;0.514
'CoExistence(s, m)';'CoExistence';'s';'m';0.772;0.801;0.801
'RespondedExistence(s, m)';'RespondedExistence';'s';'m';0.772;0.896;0.896
'CoExistence(s, n)';'CoExistence';'s';'n';0.844;0.854;0.854
'RespondedExistence(s, n)';'RespondedExistence';'s';'n';0.844;0.979;0.979
'Response(s, n)';'Response';'s';'n';0.678;0.787;0.787
'CoExistence(s, o)';'CoExistence';'s';'o';0.802;0.815;0.815
'RespondedExistence(s, o)';'RespondedExistence';'s';'o';0.802;0.930;0.930
'CoExistence(s, p)';'CoExistence';'s';'p';0.856;0.865;0.865
'RespondedExistence(s, p)';'RespondedExistence';'s';'p';0.856;0.993;0.993
'Response(s, p)';'Response';'s';'p';0.522;0.606;0.606
'CoExistence(s, q)';'CoExistence';'s';'q';0.786;0.799;0.799
'RespondedExistence(s, q)';'RespondedExistence';'s';'q';0.786;0.912;0.912
'NotSuccession(s, r)';'NotSuccession';'s';'r';0.814;0.921;0.921
'NotCoExistence(s, r)';'NotCoExistence';'s';'r';0.782;0.885;0.885
'CoExistence(s, t)';'CoExistence';'s';'t';0.862;0.894;0.894
'RespondedExistence(s, t)';'RespondedExistence';'s';'t';0.862;1.000;1.000
'Response(s, t)';'Response';'s';'t';0.444;0.515;0.515
'CoExistence(s, u)';'CoExistence';'s';'u';0.764;0.783;0.783
'RespondedExistence(s, u)';'RespondedExistence';'s';'u';0.764;0.886;0.886
'CoExistence(s, v)';'CoExistence';'s';'v';0.766;0.791;0.791
'RespondedExistence(s, v)';'RespondedExistence';'s';'v';0.766;0.889;0.889
'CoExistence(s, w)';'CoExistence';'s';'w';0.770;0.791;0.791
'RespondedExistence(s, w)';'RespondedExistence';'s';'w';0.770;0.893;0.893
'CoExistence(s, z)';'CoExistence';'s';'z';0.776;0.800;0.800
'RespondedExistence(s, z)';'RespondedExistence';'s';'z';0.776;0.900;0.900
'Participation(t)';'Participation';'t';;0.964;0.964;0.964
'Precedence(a, t)';'Precedence';'t';'a';0.964;1.000;1.000
'Precedence(b, t)';'Precedence';'t';'b';0.490;0.508;0.508
'Precedence(c, t)';'Precedence';'t';'c';0.482;0.500;0.500
'Precedence(g, t)';'Precedence';'t';'g';0.488;0.506;0.506
'Precedence(m, t)';'Precedence';'t';'m';0.486;0.504;0.504
'Precedence(n, t)';'Precedence';'t';'n';0.492;0.510;0.510
'Precedence(p, t)';'Precedence';'t';'p';0.642;0.666;0.666
'Precedence(q, t)';'Precedence';'t';'q';0.490;0.508;0.508
'Precedence(s, t)';'Precedence';'t';'s';0.496;0.515;0.515
'CoExistence(t, a)';'CoExistence';'t';'a';0.964;0.964;0.964
'RespondedExistence(t, a)';'RespondedExistence';'t';'a';0.964;1.000;1.000
'CoExistence(t, b)';'CoExistence';'t';'b';0.964;0.964;0.964
'RespondedExistence(t, b)';'RespondedExistence';'t';'b';0.964;1.000;1.000
'Response(t, b)';'Response';'t';'b';0.964;1.000;1.000
'CoExistence(t, c)';'CoExistence';'t';'c';0.846;0.863;0.863
'RespondedExistence(t, c)';'RespondedExistence';'t';'c';0.846;0.878;0.878
'NotSuccession(t, c)';'NotSuccession';'t';'c';0.616;0.629;0.629
'CoExistence(t, d)';'CoExistence';'t';'d';0.964;0.964;0.964
'RespondedExistence(t, d)';'RespondedExistence';'t';'d';0.964;1.000;1.000
'CoExistence(t, e)';'CoExistence';'t';'e';0.856;0.877;0.877
'RespondedExistence(t, e)';'RespondedExistence';'t';'e';0.856;0.888;0.888
'CoExistence(t, f)';'CoExistence';'t';'f';0.948;0.960;0.960
'RespondedExistence(t, f)';'RespondedExistence';'t';'f';0.948;0.983;0.983
'Response(t, f)';'Response';'t';'f';0.704;0.730;0.730
'CoExistence(t, g)';'CoExistence';'t';'g';0.868;0.873;0.873
'RespondedExistence(t, g)';'RespondedExistence';'t';'g';0.868;0.900;0.900
'CoExistence(t, h)';'CoExistence';'t';'h';0.652;0.668;0.668
'RespondedExistence(t, h)';'RespondedExistence';'t';'h';0.652;0.676;0.676
'CoExistence(t, i)';'CoExistence';'t';'i';0.854;0.864;0.864
'RespondedExistence(t, i)';'RespondedExistence';'t';'i';0.854;0.886;0.886
'CoExistence(t, l)';'CoExistence';'t';'l';0.628;0.645;0.645
'RespondedExistence(t, l)';'RespondedExistence';'t';'l';0.628;0.651;0.651
'NotSuccession(t, l)';'NotSuccession';'t';'l';0.514;0.528;0.528
'CoExistence(t, m)';'CoExistence';'t';'m';0.858;0.876;0.876
'RespondedExistence(t, m)';'RespondedExistence';'t';'m';0.858;0.890;0.890
'CoExistence(t, n)';'CoExistence';'t';'n';0.942;0.950;0.950
'RespondedExistence(t, n)';'RespondedExistence';'t';'n';0.942;0.977;0.977
'Response(t, n)';'Response';'t';'n';0.710;0.737;0.737
'CoExistence(t, o)';'CoExistence';'t';'o';0.898;0.907;0.907
'RespondedExistence(t, o)';'RespondedExistence';'t';'o';0.898;0.932;0.932
'CoExistence(t, p)';'CoExistence';'t';'p';0.956;0.964;0.964
'RespondedExistence(t, p)';'RespondedExistence';'t';'p';0.956;0.992;0.992
'Response(t, p)';'Response';'t';'p';0.560;0.581;0.581
'CoExistence(t, q)';'CoExistence';'t';'q';0.878;0.883;0.883
'RespondedExistence(t, q)';'RespondedExistence';'t';'q';0.878;0.911;0.911
'NotSuccession(t, r)';'NotSuccession';'t';'r';0.894;0.920;0.920
'NotCoExistence(t, r)';'NotCoExistence';'t';'r';0.856;0.881;0.881
'CoExistence(t, s)';'CoExistence';'t';'s';0.862;0.894;0.894
'RespondedExistence(t, s)';'RespondedExistence';'t';'s';0.862;0.894;0.894
'CoExistence(t, u)';'CoExistence';'t';'u';0.856;0.868;0.868
'RespondedExistence(t, u)';'RespondedExistence';'t';'u';0.856;0.888;0.888
'CoExistence(t, v)';'CoExistence';'t';'v';0.852;0.866;0.866
'RespondedExistence(t, v)';'RespondedExistence';'t';'v';0.852;0.884;0.884
'CoExistence(t, w)';'CoExistence';'t';'w';0.858;0.868;0.868
'RespondedExistence(t, w)';'RespondedExistence';'t';'w';0.858;0.890;0.890
'CoExistence(t, z)';'CoExistence';'t';'z';0.862;0.874;0.874
'RespondedExistence(t, z)';'RespondedExistence';'t';'z';0.862;0.894;0.894
'Precedence(u, t)';'Precedence';'t';'u';0.502;0.521;0.521
'Precedence(v, t)';'Precedence';'t';'v';0.494;0.512;0.512
'Participation(u)';'Participation';'u';;0.878;0.878;0.878
'Precedence(a, u)';'Precedence';'u';'a';0.878;1.000;1.000
'Precedence(p, u)';'Precedence';'u';'p';0.552;0.629;0.629
'CoExistence(u, a)';'CoExistence';'u';'a';0.878;0.878;0.878
'RespondedExistence(u, a)';'RespondedExistence';'u';'a';0.878;1.000;1.000
'CoExistence(u, b)';'CoExistence';'u';'b';0.878;0.878;0.878
'RespondedExistence(u, b)';'RespondedExistence';'u';'b';0.878;1.000;1.000
'Response(u, b)';'Response';'u';'b';0.878;1.000;1.000
'CoExistence(u, c)';'CoExistence';'u';'c';0.768;0.790;0.790
'RespondedExistence(u, c)';'RespondedExistence';'u';'c';0.768;0.875;0.875
'NotSuccession(u, c)';'NotSuccession';'u';'c';0.592;0.609;0.609
'CoExistence(u, d)';'CoExistence';'u';'d';0.878;0.878;0.878
'RespondedExistence(u, d)';'RespondedExistence';'u';'d';0.878;1.000;1.000
'Response(u, d)';'Response';'u';'d';0.466;0.531;0.531
'CoExistence(u, e)';'CoExistence';'u';'e';0.776;0.800;0.800
'RespondedExistence(u, e)';'RespondedExistence';'u';'e';0.776;0.884;0.884
'CoExistence(u, f)';'CoExistence';'u';'f';0.864;0.876;0.876
'RespondedExistence(u, f)';'RespondedExistence';'u';'f';0.864;0.984;0.984
'Response(u, f)';'Response';'u';'f';0.692;0.788;0.788
'CoExistence(u, g)';'CoExistence';'u';'g';0.794;0.809;0.809
'RespondedExistence(u, g)';'RespondedExistence';'u';'g';0.794;0.904;0.904
'CoExistence(u, h)';'CoExistence';'u';'h';0.600;0.637;0.637
'RespondedExistence(u, h)';'RespondedExistence';'u';'h';0.600;0.683;0.683
'CoExistence(u, i)';'CoExistence';'u';'i';0.776;0.792;0.792
'RespondedExistence(u, i)';'RespondedExistence';'u';'i';0.776;0.884;0.884
'CoExistence(u, l)';'CoExistence';'u';'l';0.570;0.603;0.603
'RespondedExistence(u, l)';'RespondedExistence';'u';'l';0.570;0.649;0.649
'CoExistence(u, m)';'CoExistence';'u';'m';0.782;0.806;0.806
'RespondedExistence(u, m)';'RespondedExistence';'u';'m';0.782;0.891;0.891
'CoExistence(u, n)';'CoExistence';'u';'n';0.864;0.878;0.878
'RespondedExistence(u, n)';'RespondedExistence';'u';'n';0.864;0.984;0.984
'Response(u, n)';'Response';'u';'n';0.698;0.795;0.795
'CoExistence(u, o)';'CoExistence';'u';'o';0.822;0.839;0.839
'RespondedExistence(u, o)';'RespondedExistence';'u';'o';0.822;0.936;0.936
'CoExistence(u, p)';'CoExistence';'u';'p';0.868;0.873;0.873
'RespondedExistence(u, p)';'RespondedExistence';'u';'p';0.868;0.989;0.989
'Response(u, p)';'Response';'u';'p';0.552;0.629;0.629
'CoExistence(u, q)';'CoExistence';'u';'q';0.806;0.822;0.822
'RespondedExistence(u, q)';'RespondedExistence';'u';'q';0.806;0.918;0.918
'NotSuccession(u, r)';'NotSuccession';'u';'r';0.830;0.926;0.926
'NotCoExistence(u, r)';'NotCoExistence';'u';'r';0.790;0.882;0.882
'CoExistence(u, s)';'CoExistence';'u';'s';0.764;0.783;0.783
'RespondedExistence(u, s)';'RespondedExistence';'u';'s';0.764;0.870;0.870
'CoExistence(u, t)';'CoExistence';'u';'t';0.856;0.868;0.868
'RespondedExistence(u, t)';'RespondedExistence';'u';'t';0.856;0.975;0.975
'Response(u, t)';'Response';'u';'t';0.488;0.556;0.556
'CoExistence(u, v)';'CoExistence';'u';'v';0.774;0.793;0.793
'RespondedExistence(u, v)';'RespondedExistence';'u';'v';0.774;0.882;0.882
'CoExistence(u, w)';'CoExistence';'u';'w';0.776;0.789;0.789
'RespondedExistence(u, w)';'RespondedExistence';'u';'w';0.776;0.884;0.884
'CoExistence(u, z)';'CoExistence';'u';'z';0.780;0.794;0.794
'RespondedExistence(u, z)';'RespondedExistence';'u';'z';0.780;0.888;0.888
'Participation(v)';'Participation';'v';;0.872;0.872;0.872
'Precedence(a, v)';'Precedence';'v';'a';0.872;1.000;1.000
'Precedence(p, v)';'Precedence';'v';'p';0.524;0.601;0.601
'CoExistence(v, a)';'CoExistence';'v';'a';0.872;0.872;0.872
'RespondedExistence(v, a)';'RespondedExistence';'v';'a';0.872;1.000;1.000
'CoExistence(v, b)';'CoExistence';'v';'b';0.872;0.872;0.872
'Succession(v, b)';'Succession';'v';'b';0.516;0.516;0.516
'RespondedExistence(v, b)';'RespondedExistence';'v';'b';0.872;1.000;1.000
'Response(v, b)';'Response';'v';'b';0.872;1.000;1.000
'CoExistence(v, c)';'CoExistence';'v';'c';0.764;0.788;0.788
'RespondedExistence(v, c)';'RespondedExistence';'v';'c';0.764;0.876;0.876
'NotSuccession(v, c)';'NotSuccession';'v';'c';0.564;0.581;0.581
'CoExistence(v, d)';'CoExistence';'v';'d';0.872;0.872;0.872
'RespondedExistence(v, d)';'RespondedExistence';'v';'d';0.872;1.000;1.000
'Response(v, d)';'Response';'v';'d';0.474;0.544;0.544
'CoExistence(v, e)';'CoExistence';'v';'e';0.766;0.786;0.786
'RespondedExistence(v, e)';'RespondedExistence';'v';'e';0.766;0.878;0.878
'CoExistence(v, f)';'CoExistence';'v';'f';0.856;0.866;0.866
'RespondedExistence(v, f)';'RespondedExistence';'v';'f';0.856;0.982;0.982
'Response(v, f)';'Response';'v';'f';0.704;0.807;0.807
'CoExistence(v, g)';'CoExistence';'v';'g';0.778;0.784;0.784
'RespondedExistence(v, g)';'RespondedExistence';'v';'g';0.778;0.892;0.892
'CoExistence(v, h)';'CoExistence';'v';'h';0.582;0.610;0.610
'RespondedExistence(v, h)';'RespondedExistence';'v';'h';0.582;0.667;0.667
'CoExistence(v, i)';'CoExistence';'v';'i';0.776;0.797;0.797
'RespondedExistence(v, i)';'RespondedExistence';'v';'i';0.776;0.890;0.890
'CoExistence(v, l)';'CoExistence';'v';'l';0.582;0.627;0.627
'RespondedExistence(v, l)';'RespondedExistence';'v';'l';0.582;0.667;0.667
'CoExistence(v, m)';'CoExistence';'v';'m';0.784;0.815;0.815
'RespondedExistence(v, m)';'RespondedExistence';'v';'m';0.784;0.899;0.899
'CoExistence(v, n)';'CoExistence';'v';'n';0.850;0.857;0.857
'RespondedExistence(v, n)';'RespondedExistence';'v';'n';0.850;0.975;0.975
'Response(v, n)';'Response';'v';'n';0.702;0.805;0.805
'CoExistence(v, o)';'CoExistence';'v';'o';0.810;0.822;0.822
'RespondedExistence(v, o)';'RespondedExistence';'v';'o';0.810;0.929;0.929
'CoExistence(v, p)';'CoExistence';'v';'p';0.862;0.867;0.867
'RespondedExistence(v, p)';'RespondedExistence';'v';'p';0.862;0.989;0.989
'Response(v, p)';'Response';'v';'p';0.570;0.654;0.654
'CoExistence(v, q)';'CoExistence';'v';'q';0.798;0.813;0.813
'RespondedExistence(v, q)';'RespondedExistence';'v';'q';0.798;0.915;0.915
'NotSuccession(v, r)';'NotSuccession';'v';'r';0.816;0.917;0.917
'NotCoExistence(v, r)';'NotCoExistence';'v';'r';0.784;0.881;0.881
'CoExistence(v, s)';'CoExistence';'v';'s';0.766;0.791;0.791
'RespondedExistence(v, s)';'RespondedExistence';'v';'s';0.766;0.878;0.878
'CoExistence(v, t)';'CoExistence';'v';'t';0.852;0.866;0.866
'RespondedExistence(v, t)';'RespondedExistence';'v';'t';0.852;0.977;0.977
'Response(v, t)';'Response';'v';'t';0.486;0.557;0.557
'CoExistence(v, u)';'CoExistence';'v';'u';0.774;0.793;0.793
'RespondedExistence(v, u)';'RespondedExistence';'v';'u';0.774;0.888;0.888
'CoExistence(v, w)';'CoExistence';'v';'w';0.778;0.797;0.797
'RespondedExistence(v, w)';'RespondedExistence';'v';'w';0.778;0.892;0.892
'CoExistence(v, z)';'CoExistence';'v';'z';0.776;0.792;0.792
'RespondedExistence(v, z)';'RespondedExistence';'v';'z';0.776;0.890;0.890
'Participation(w)';'Participation';'w';;0.882;0.882;0.882
'Precedence(a, w)';'Precedence';'w';'a';0.882;1.000;1.000
'Precedence(p, w)';'Precedence';'w';'p';0.542;0.615;0.615
'CoExistence(w, a)';'CoExistence';'w';'a';0.882;0.882;0.882
'RespondedExistence(w, a)';'RespondedExistence';'w';'a';0.882;1.000;1.000
'CoExistence(w, b)';'CoExistence';'w';'b';0.882;0.882;0.882
'Succession(w, b)';'Succession';'w';'b';0.502;0.502;0.502
'RespondedExistence(w, b)';'RespondedExistence';'w';'b';0.882;1.000;1.000
'Response(w, b)';'Response';'w';'b';0.882;1.000;1.000
'CoExistence(w, c)';'CoExistence';'w';'c';0.774;0.798;0.798
'RespondedExistence(w, c)';'RespondedExistence';'w';'c';0.774;0.878;0.878
'NotSuccession(w, c)';'NotSuccession';'w';'c';0.550;0.567;0.567
'CoExistence(w, d)';'CoExistence';'w';'d';0.882;0.882;0.882
'RespondedExistence(w, d)';'RespondedExistence';'w';'d';0.882;1.000;1.000
'Response(w, d)';'Response';'w';'d';0.470;0.533;0.533
'CoExistence(w, e)';'CoExistence';'w';'e';0.786;0.815;0.815
'RespondedExistence(w, e)';'RespondedExistence';'w';'e';0.786;0.891;0.891
'CoExistence(w, f)';'CoExistence';'w';'f';0.866;0.877;0.877
'RespondedExistence(w, f)';'RespondedExistence';'w';'f';0.866;0.982;0.982
'Response(w, f)';'Response';'w';'f';0.714;0.810;0.810
'CoExistence(w, g)';'CoExistence';'w';'g';0.794;0.805;0.805
'RespondedExistence(w, g)';'RespondedExistence';'w';'g';0.794;0.900;0.900
'CoExistence(w, h)';'CoExistence';'w';'h';0.596;0.627;0.627
'RespondedExistence(w, h)';'RespondedExistence';'w';'h';0.596;0.676;0.676
'CoExistence(w, i)';'CoExistence';'w';'i';0.788;0.811;0.811
'RespondedExistence(w, i)';'RespondedExistence';'w';'i';0.788;0.893;0.893
'CoExistence(w, l)';'CoExistence';'w';'l';0.570;0.600;0.600
'RespondedExistence(w, l)';'RespondedExistence';'w';'l';0.570;0.646;0.646
'NotSuccession(w, l)';'NotSuccession';'w';'l';0.486;0.512;0.512
'CoExistence(w, m)';'CoExistence';'w';'m';0.784;0.807;0.807
'RespondedExistence(w, m)';'RespondedExistence';'w';'m';0.784;0.889;0.889
'CoExistence(w, n)';'CoExistence';'w';'n';0.860;0.867;0.867
'RespondedExistence(w, n)';'RespondedExistence';'w';'n';0.860;0.975;0.975
'Response(w, n)';'Response';'w';'n';0.706;0.800;0.800
'CoExistence(w, o)';'CoExistence';'w';'o';0.818;0.828;0.828
'RespondedExistence(w, o)';'RespondedExistence';'w';'o';0.818;0.927;0.927
'CoExistence(w, p)';'CoExistence';'w';'p';0.872;0.877;0.877
'RespondedExistence(w, p)';'RespondedExistence';'w';'p';0.872;0.989;0.989
'Response(w, p)';'Response';'w';'p';0.554;0.628;0.628
'CoExistence(w, q)';'CoExistence';'w';'q';0.804;0.815;0.815
'RespondedExistence(w, q)';'RespondedExistence';'w';'q';0.804;0.912;0.912
'NotSuccession(w, r)';'NotSuccession';'w';'r';0.820;0.915;0.915
'NotCoExistence(w, r)';'NotCoExistence';'w';'r';0.786;0.877;0.877
'CoExistence(w, s)';'CoExistence';'w';'s';0.770;0.791;0.791
'RespondedExistence(w, s)';'RespondedExistence';'w';'s';0.770;0.873;0.873
'CoExistence(w, t)';'CoExistence';'w';'t';0.858;0.868;0.868
'RespondedExistence(w, t)';'RespondedExistence';'w';'t';0.858;0.973;0.973
'Response(w, t)';'Response';'w';'t';0.454;0.515;0.515
'CoExistence(w, u)';'CoExistence';'w';'u';0.776;0.789;0.789
'RespondedExistence(w, u)';'RespondedExistence';'w';'u';0.776;0.880;0.880
'CoExistence(w, v)';'CoExistence';'w';'v';0.778;0.797;0.797
'RespondedExistence(w, v)';'RespondedExistence';'w';'v';0.778;0.882;0.882
'CoExistence(w, z)';'CoExistence';'w';'z';0.790;0.809;0.809
'RespondedExistence(w, z)';'RespondedExistence';'w';'z';0.790;0.896;0.896
'Participation(z)';'Participation';'z';;0.884;0.884;0.884
'Precedence(a, z)';'Precedence';'z';'a';0.884;1.000;1.000
'Precedence(p, z)';'Precedence';'z';'p';0.552;0.624;0.624
'CoExistence(z, a)';'CoExistence';'z';'a';0.884;0.884;0.884
'RespondedExistence(z, a)';'RespondedExistence';'z';'a';0.884;1.000;1.000
'CoExistence(z, b)';'CoExistence';'z';'b';0.884;0.884;0.884
'Succession(z, b)';'Succession';'z';'b';0.512;0.512;0.512
'RespondedExistence(z, b)';'RespondedExistence';'z';'b';0.884;1.000;1.000
'Response(z, b)';'Response';'z';'b';0.884;1.000;1.000
'CoExistence(z, c)';'CoExistence';'z';'c';0.772;0.793;0.793
'RespondedExistence(z, c)';'RespondedExistence';'z';'c';0.772;0.873;0.873
'NotSuccession(z, c)';'NotSuccession';'z';'c';0.590;0.606;0.606
'CoExistence(z, d)';'CoExistence';'z';'d';0.884;0.884;0.884
'RespondedExistence(z, d)';'RespondedExistence';'z';'d';0.884;1.000;1.000
'Response(z, d)';'Response';'z';'d';0.474;0.536;0.536
'CoExistence(z, e)';'CoExistence';'z';'e';0.784;0.810;0.810
'RespondedExistence(z, e)';'RespondedExistence';'z';'e';0.784;0.887;0.887
'CoExistence(z, f)';'CoExistence';'z';'f';0.872;0.886;0.886
'RespondedExistence(z, f)';'RespondedExistence';'z';'f';0.872;0.986;0.986
'Response(z, f)';'Response';'z';'f';0.702;0.794;0.794
'CoExistence(z, g)';'CoExistence';'z';'g';0.806;0.826;0.826
'RespondedExistence(z, g)';'RespondedExistence';'z';'g';0.806;0.912;0.912
'CoExistence(z, h)';'CoExistence';'z';'h';0.608;0.647;0.647
'RespondedExistence(z, h)';'RespondedExistence';'z';'h';0.608;0.688;0.688
'CoExistence(z, i)';'CoExistence';'z';'i';0.784;0.802;0.802
'RespondedExistence(z, i)';'RespondedExistence';'z';'i';0.784;0.887;0.887
'CoExistence(z, l)';'CoExistence';'z';'l';0.566;0.592;0.592
'RespondedExistence(z, l)';'RespondedExistence';'z';'l';0.566;0.640;0.640
'NotSuccession(z, l)';'NotSuccession';'z';'l';0.500;0.523;0.523
'CoExistence(z, m)';'CoExistence';'z';'m';0.790;0.816;0.816
'RespondedExistence(z, m)';'RespondedExistence';'z';'m';0.790;0.894;0.894
'CoExistence(z, n)';'CoExistence';'z';'n';0.868;0.880;0.880
'RespondedExistence(z, n)';'RespondedExistence';'z';'n';0.868;0.982;0.982
'Response(z, n)';'Response';'z';'n';0.702;0.794;0.794
'CoExistence(z, o)';'CoExistence';'z';'o';0.820;0.830;0.830
'RespondedExistence(z, o)';'RespondedExistence';'z';'o';0.820;0.928;0.928
'CoExistence(z, p)';'CoExistence';'z';'p';0.876;0.883;0.883
'RespondedExistence(z, p)';'RespondedExistence';'z';'p';0.876;0.991;0.991
'Response(z, p)';'Response';'z';'p';0.582;0.658;0.658
'CoExistence(z, q)';'CoExistence';'z';'q';0.802;0.810;0.810
'RespondedExistence(z, q)';'RespondedExistence';'z';'q';0.802;0.907;0.907
'NotSuccession(z, r)';'NotSuccession';'z';'r';0.818;0.911;0.911
'NotCoExistence(z, r)';'NotCoExistence';'z';'r';0.788;0.878;0.878
'CoExistence(z, s)';'CoExistence';'z';'s';0.776;0.800;0.800
'RespondedExistence(z, s)';'RespondedExistence';'z';'s';0.776;0.878;0.878
'CoExistence(z, t)';'CoExistence';'z';'t';0.862;0.874;0.874
'RespondedExistence(z, t)';'RespondedExistence';'z';'t';0.862;0.975;0.975
'Response(z, t)';'Response';'z';'t';0.478;0.541;0.541
'CoExistence(z, u)';'CoExistence';'z';'u';0.780;0.794;0.794
'RespondedExistence(z, u)';'RespondedExistence';'z';'u';0.780;0.882;0.882
'CoExistence(z, v)';'CoExistence';'z';'v';0.776;0.792;0.792
'RespondedExistence(z, v)';'RespondedExistence';'z';'v';0.776;0.878;0.878
'CoExistence(z, w)';'CoExistence';'z';'w';0.790;0.809;0.809
'RespondedExistence(z, w)';'RespondedExistence';'z';'w';0.790;0.894;0.894
