Rank-500-true;Rank-500-TOT;Measure
11;1318;ORIGINAL-MODEL
11;514;Compliance
11;502;Laplace Correction
11;501;Sebag-Schoenauer
11;501;Example and Counterexample Rate
11;501;Confidence
11;501;Accuracy
10;501;Least Contradiction
10;501;Jaccard
10;501;Cosine
8;515;Prevalence
8;506;Support
8;502;Leverage
7;508;Information Gain
7;504;Linear Correlation Coefficient
7;504;Added Value
7;503;One-way Support
7;503;Interestingness Weighting Dependency
7;503;Conviction
7;502;Ylue Y
7;502;Ylue Q
7;502;Odds Ratio
7;502;Certainty factor
7;501;Zhang
7;501;Two-way Support
7;501;Piatetsky-Shapiro
7;501;Odd Multiplier
7;501;Lovinger
7;501;Lift
7;501;Klosgen
7;501;Gini Index
6;501;Relative Risk
4;501;Specificity
4;501;Collective Strength
3;708;Recall
3;506;Coverage
0;501;Two-way Support Variation
0;501;J Measure
