Rank-1-true;Rank-1-TOT;Measure
11;1317;ORIGINAL-MODEL
11;32;Sebag-Schoenauer
11;32;Example and Counterexample Rate
11;32;Confidence
11;32;Compliance
7;453;Ylue Y
7;453;Ylue Q
7;453;Odds Ratio
7;11;Odd Multiplier
7;11;Conviction
4;699;Recall
4;22;Prevalence
4;21;Least Contradiction
4;21;Laplace Correction
4;21;Jaccard
4;21;Cosine
4;21;Accuracy
3;21;Support
1;443;Specificity
1;443;Relative Risk
1;23;Linear Correlation Coefficient
1;2;Lift
0;9;Piatetsky-Shapiro
0;9;Added Value
0;3;Lovinger
0;2;Zhang
0;2;Two-way Support Variation
0;2;Two-way Support
0;2;One-way Support
0;2;Leverage
0;2;Klosgen
0;2;J Measure
0;2;Interestingness Weighting Dependency
0;2;Information Gain
0;2;Gini Index
0;2;Coverage
0;2;Collective Strength
0;2;Certainty factor
