Rank-1500-true;Rank-1500-TOT;Measure
11;1317;ORIGINAL-MODEL
11;1317;Two-way Support
11;1317;Support
11;1317;Sebag-Schoenauer
11;1317;Recall
11;1317;Prevalence
11;1317;Piatetsky-Shapiro
11;1317;One-way Support
11;1317;Lift
11;1317;Leverage
11;1317;Least Contradiction
11;1317;Laplace Correction
11;1317;Klosgen
11;1317;Jaccard
11;1317;Interestingness Weighting Dependency
11;1317;Information Gain
11;1317;Example and Counterexample Rate
11;1317;Coverage
11;1317;Cosine
11;1317;Confidence
11;1317;Compliance
11;1317;Added Value
11;1317;Accuracy
8;1061;Specificity
8;1061;Relative Risk
8;1061;Gini Index
8;1061;Collective Strength
7;1296;Zhang
7;1296;Odd Multiplier
7;1296;Lovinger
7;1296;Conviction
7;1296;Certainty factor
7;1092;Linear Correlation Coefficient
7;1060;Ylue Y
7;1060;Ylue Q
7;1060;Odds Ratio
0;1286;J Measure
0;605;Two-way Support Variation
