Rank-500-true;Rank-500-TOT;Measure
11;1317;ORIGINAL-MODEL
11;532;Compliance
11;504;Accuracy
11;502;Sebag-Schoenauer
11;501;Laplace Correction
11;501;Example and Counterexample Rate
11;501;Confidence
10;507;Least Contradiction
9;503;Jaccard
9;501;Cosine
8;505;Prevalence
8;502;Support
8;501;Leverage
7;504;Lift
7;502;Two-way Support
7;502;Piatetsky-Shapiro
7;502;Odds Ratio
7;502;Odd Multiplier
7;502;Interestingness Weighting Dependency
7;501;Zhang
7;501;Ylue Y
7;501;Ylue Q
7;501;One-way Support
7;501;Lovinger
7;501;Linear Correlation Coefficient
7;501;Klosgen
7;501;Information Gain
7;501;Conviction
7;501;Certainty factor
7;501;Added Value
6;501;Specificity
6;501;Relative Risk
6;501;Gini Index
5;501;Collective Strength
4;699;Recall
3;501;Coverage
0;501;Two-way Support Variation
0;501;J Measure
