Rank-1000-true;Rank-1000-TOT;Measure
11;1317;ORIGINAL-MODEL
11;1223;Two-way Support
11;1223;Piatetsky-Shapiro
11;1223;One-way Support
11;1223;Lift
11;1223;Klosgen
11;1223;Interestingness Weighting Dependency
11;1223;Information Gain
11;1223;Added Value
11;1008;Least Contradiction
11;1005;Jaccard
11;1005;Accuracy
11;1002;Sebag-Schoenauer
11;1001;Laplace Correction
11;1001;Example and Counterexample Rate
11;1001;Cosine
11;1001;Confidence
11;1001;Compliance
10;1001;Support
10;1001;Prevalence
8;1004;Collective Strength
8;1001;Relative Risk
8;1001;Recall
8;1001;Leverage
7;1212;Odd Multiplier
7;1202;Zhang
7;1202;Certainty factor
7;1190;Conviction
7;1008;Linear Correlation Coefficient
7;1002;Lovinger
7;1001;Ylue Y
7;1001;Ylue Q
7;1001;Specificity
7;1001;Odds Ratio
7;1001;Gini Index
5;1013;Coverage
0;1001;J Measure
0;605;Two-way Support Variation
