Rank-25-true;Rank-25-TOT;Measure
11;1317;ORIGINAL-MODEL
11;32;Sebag-Schoenauer
11;32;Example and Counterexample Rate
11;32;Confidence
11;32;Compliance
9;26;Laplace Correction
7;453;Ylue Y
7;453;Ylue Q
7;453;Odds Ratio
7;33;Certainty factor
7;26;Odd Multiplier
7;26;Conviction
5;31;Prevalence
4;699;Recall
4;32;Least Contradiction
4;32;Jaccard
4;32;Cosine
4;32;Accuracy
4;26;Lift
3;235;Coverage
3;31;Support
2;26;Zhang
1;443;Specificity
1;443;Relative Risk
1;26;One-way Support
1;26;Linear Correlation Coefficient
1;26;Leverage
1;26;Klosgen
1;26;Information Gain
1;26;Added Value
0;27;Two-way Support
0;27;Piatetsky-Shapiro
0;26;Two-way Support Variation
0;26;Lovinger
0;26;J Measure
0;26;Interestingness Weighting Dependency
0;26;Gini Index
0;26;Collective Strength
