Rank-100-true;Rank-100-TOT;Measure
11;1317;ORIGINAL-MODEL
11;110;Sebag-Schoenauer
11;105;Compliance
11;101;Laplace Correction
11;101;Example and Counterexample Rate
11;101;Confidence
7;453;Ylue Y
7;453;Ylue Q
7;453;Odds Ratio
7;101;Zhang
7;101;Odd Multiplier
7;101;Conviction
7;101;Certainty factor
6;102;Linear Correlation Coefficient
6;101;Two-way Support
6;101;Piatetsky-Shapiro
6;101;One-way Support
6;101;Lift
6;101;Klosgen
6;101;Interestingness Weighting Dependency
6;101;Added Value
5;108;Accuracy
5;107;Prevalence
4;699;Recall
4;101;Least Contradiction
4;101;Jaccard
4;101;Information Gain
4;101;Cosine
3;235;Coverage
3;101;Support
3;101;Gini Index
1;443;Specificity
1;443;Relative Risk
1;101;Leverage
0;101;Two-way Support Variation
0;101;Lovinger
0;101;J Measure
0;101;Collective Strength
