Rank-200-true;Rank-200-TOT;Measure
11;1317;ORIGINAL-MODEL
11;202;Compliance
11;201;Sebag-Schoenauer
11;201;Laplace Correction
11;201;Example and Counterexample Rate
11;201;Confidence
8;209;Least Contradiction
7;453;Ylue Y
7;453;Ylue Q
7;453;Odds Ratio
7;206;Prevalence
7;205;Accuracy
7;202;Zhang
7;202;Linear Correlation Coefficient
7;202;Jaccard
7;202;Cosine
7;202;Certainty factor
7;201;Odd Multiplier
7;201;Conviction
6;206;Lift
6;206;Information Gain
6;203;Interestingness Weighting Dependency
6;201;Two-way Support
6;201;Piatetsky-Shapiro
6;201;One-way Support
6;201;Klosgen
6;201;Gini Index
6;201;Added Value
4;699;Recall
4;201;Support
4;201;Leverage
3;235;Coverage
1;443;Specificity
1;443;Relative Risk
1;312;Lovinger
0;201;Two-way Support Variation
0;201;J Measure
0;201;Collective Strength
