'Constraint';'Template';'Activation';'Target';'Support';'Confidence level';'Interest factor'
'Init(a)';'Init';'a';;1.000;1.000;1.000
'Participation(a)';'Participation';'a';;1.000;1.000;1.000
'CoExistence(a, b)';'CoExistence';'a';'b';1.000;1.000;1.000
'Succession(a, b)';'Succession';'a';'b';1.000;1.000;1.000
'RespondedExistence(a, b)';'RespondedExistence';'a';'b';1.000;1.000;1.000
'Response(a, b)';'Response';'a';'b';1.000;1.000;1.000
'CoExistence(a, c)';'CoExistence';'a';'c';0.900;0.900;0.900
'RespondedExistence(a, c)';'RespondedExistence';'a';'c';0.900;0.900;0.900
'CoExistence(a, d)';'CoExistence';'a';'d';1.000;1.000;1.000
'Succession(a, d)';'Succession';'a';'d';0.580;0.580;0.580
'RespondedExistence(a, d)';'RespondedExistence';'a';'d';1.000;1.000;1.000
'Response(a, d)';'Response';'a';'d';0.580;0.580;0.580
'CoExistence(a, e)';'CoExistence';'a';'e';0.848;0.848;0.848
'RespondedExistence(a, e)';'RespondedExistence';'a';'e';0.848;0.848;0.848
'CoExistence(a, f)';'CoExistence';'a';'f';0.956;0.956;0.956
'Succession(a, f)';'Succession';'a';'f';0.776;0.776;0.776
'RespondedExistence(a, f)';'RespondedExistence';'a';'f';0.956;0.956;0.956
'Response(a, f)';'Response';'a';'f';0.776;0.776;0.776
'CoExistence(a, g)';'CoExistence';'a';'g';0.908;0.908;0.908
'Succession(a, g)';'Succession';'a';'g';0.508;0.508;0.508
'RespondedExistence(a, g)';'RespondedExistence';'a';'g';0.908;0.908;0.908
'Response(a, g)';'Response';'a';'g';0.508;0.508;0.508
'CoExistence(a, h)';'CoExistence';'a';'h';0.664;0.664;0.664
'RespondedExistence(a, h)';'RespondedExistence';'a';'h';0.664;0.664;0.664
'CoExistence(a, i)';'CoExistence';'a';'i';0.902;0.902;0.902
'RespondedExistence(a, i)';'RespondedExistence';'a';'i';0.902;0.902;0.902
'CoExistence(a, l)';'CoExistence';'a';'l';0.670;0.670;0.670
'RespondedExistence(a, l)';'RespondedExistence';'a';'l';0.670;0.670;0.670
'CoExistence(a, m)';'CoExistence';'a';'m';0.862;0.862;0.862
'RespondedExistence(a, m)';'RespondedExistence';'a';'m';0.862;0.862;0.862
'CoExistence(a, n)';'CoExistence';'a';'n';0.962;0.962;0.962
'Succession(a, n)';'Succession';'a';'n';0.808;0.808;0.808
'RespondedExistence(a, n)';'RespondedExistence';'a';'n';0.962;0.962;0.962
'Response(a, n)';'Response';'a';'n';0.808;0.808;0.808
'CoExistence(a, o)';'CoExistence';'a';'o';0.872;0.872;0.872
'RespondedExistence(a, o)';'RespondedExistence';'a';'o';0.872;0.872;0.872
'CoExistence(a, p)';'CoExistence';'a';'p';0.972;0.972;0.972
'Succession(a, p)';'Succession';'a';'p';0.652;0.652;0.652
'RespondedExistence(a, p)';'RespondedExistence';'a';'p';0.972;0.972;0.972
'Response(a, p)';'Response';'a';'p';0.652;0.652;0.652
'CoExistence(a, q)';'CoExistence';'a';'q';0.892;0.892;0.892
'RespondedExistence(a, q)';'RespondedExistence';'a';'q';0.892;0.892;0.892
'NotSuccession(a, r)';'NotSuccession';'a';'r';0.902;0.902;0.902
'NotCoExistence(a, r)';'NotCoExistence';'a';'r';0.902;0.902;0.902
'CoExistence(a, s)';'CoExistence';'a';'s';0.878;0.878;0.878
'RespondedExistence(a, s)';'RespondedExistence';'a';'s';0.878;0.878;0.878
'CoExistence(a, t)';'CoExistence';'a';'t';0.978;0.978;0.978
'Succession(a, t)';'Succession';'a';'t';0.550;0.550;0.550
'RespondedExistence(a, t)';'RespondedExistence';'a';'t';0.978;0.978;0.978
'Response(a, t)';'Response';'a';'t';0.550;0.550;0.550
'CoExistence(a, u)';'CoExistence';'a';'u';0.888;0.888;0.888
'RespondedExistence(a, u)';'RespondedExistence';'a';'u';0.888;0.888;0.888
'CoExistence(a, v)';'CoExistence';'a';'v';0.882;0.882;0.882
'RespondedExistence(a, v)';'RespondedExistence';'a';'v';0.882;0.882;0.882
'CoExistence(a, w)';'CoExistence';'a';'w';0.904;0.904;0.904
'RespondedExistence(a, w)';'RespondedExistence';'a';'w';0.904;0.904;0.904
'CoExistence(a, z)';'CoExistence';'a';'z';0.886;0.886;0.886
'RespondedExistence(a, z)';'RespondedExistence';'a';'z';0.886;0.886;0.886
'End(b)';'End';'b';;1.000;1.000;1.000
'Participation(b)';'Participation';'b';;1.000;1.000;1.000
'Precedence(a, b)';'Precedence';'b';'a';1.000;1.000;1.000
'CoExistence(b, a)';'CoExistence';'b';'a';1.000;1.000;1.000
'RespondedExistence(b, a)';'RespondedExistence';'b';'a';1.000;1.000;1.000
'CoExistence(b, c)';'CoExistence';'b';'c';0.900;0.900;0.900
'RespondedExistence(b, c)';'RespondedExistence';'b';'c';0.900;0.900;0.900
'NotSuccession(b, c)';'NotSuccession';'b';'c';0.638;0.638;0.638
'CoExistence(b, d)';'CoExistence';'b';'d';1.000;1.000;1.000
'RespondedExistence(b, d)';'RespondedExistence';'b';'d';1.000;1.000;1.000
'CoExistence(b, e)';'CoExistence';'b';'e';0.848;0.848;0.848
'RespondedExistence(b, e)';'RespondedExistence';'b';'e';0.848;0.848;0.848
'CoExistence(b, f)';'CoExistence';'b';'f';0.956;0.956;0.956
'RespondedExistence(b, f)';'RespondedExistence';'b';'f';0.956;0.956;0.956
'CoExistence(b, g)';'CoExistence';'b';'g';0.908;0.908;0.908
'RespondedExistence(b, g)';'RespondedExistence';'b';'g';0.908;0.908;0.908
'CoExistence(b, h)';'CoExistence';'b';'h';0.664;0.664;0.664
'RespondedExistence(b, h)';'RespondedExistence';'b';'h';0.664;0.664;0.664
'CoExistence(b, i)';'CoExistence';'b';'i';0.902;0.902;0.902
'RespondedExistence(b, i)';'RespondedExistence';'b';'i';0.902;0.902;0.902
'CoExistence(b, l)';'CoExistence';'b';'l';0.670;0.670;0.670
'RespondedExistence(b, l)';'RespondedExistence';'b';'l';0.670;0.670;0.670
'NotSuccession(b, l)';'NotSuccession';'b';'l';0.520;0.520;0.520
'CoExistence(b, m)';'CoExistence';'b';'m';0.862;0.862;0.862
'RespondedExistence(b, m)';'RespondedExistence';'b';'m';0.862;0.862;0.862
'CoExistence(b, n)';'CoExistence';'b';'n';0.962;0.962;0.962
'RespondedExistence(b, n)';'RespondedExistence';'b';'n';0.962;0.962;0.962
'CoExistence(b, o)';'CoExistence';'b';'o';0.872;0.872;0.872
'RespondedExistence(b, o)';'RespondedExistence';'b';'o';0.872;0.872;0.872
'CoExistence(b, p)';'CoExistence';'b';'p';0.972;0.972;0.972
'RespondedExistence(b, p)';'RespondedExistence';'b';'p';0.972;0.972;0.972
'CoExistence(b, q)';'CoExistence';'b';'q';0.892;0.892;0.892
'RespondedExistence(b, q)';'RespondedExistence';'b';'q';0.892;0.892;0.892
'NotSuccession(b, r)';'NotSuccession';'b';'r';0.948;0.948;0.948
'NotCoExistence(b, r)';'NotCoExistence';'b';'r';0.902;0.902;0.902
'CoExistence(b, s)';'CoExistence';'b';'s';0.878;0.878;0.878
'RespondedExistence(b, s)';'RespondedExistence';'b';'s';0.878;0.878;0.878
'CoExistence(b, t)';'CoExistence';'b';'t';0.978;0.978;0.978
'RespondedExistence(b, t)';'RespondedExistence';'b';'t';0.978;0.978;0.978
'CoExistence(b, u)';'CoExistence';'b';'u';0.888;0.888;0.888
'RespondedExistence(b, u)';'RespondedExistence';'b';'u';0.888;0.888;0.888
'CoExistence(b, v)';'CoExistence';'b';'v';0.882;0.882;0.882
'RespondedExistence(b, v)';'RespondedExistence';'b';'v';0.882;0.882;0.882
'CoExistence(b, w)';'CoExistence';'b';'w';0.904;0.904;0.904
'RespondedExistence(b, w)';'RespondedExistence';'b';'w';0.904;0.904;0.904
'CoExistence(b, z)';'CoExistence';'b';'z';0.886;0.886;0.886
'RespondedExistence(b, z)';'RespondedExistence';'b';'z';0.886;0.886;0.886
'Precedence(c, b)';'Precedence';'b';'c';0.538;0.538;0.538
'Precedence(d, b)';'Precedence';'b';'d';0.542;0.542;0.542
'Precedence(e, b)';'Precedence';'b';'e';0.512;0.512;0.512
'Precedence(i, b)';'Precedence';'b';'i';0.532;0.532;0.532
'Precedence(p, b)';'Precedence';'b';'p';0.674;0.674;0.674
'Precedence(s, b)';'Precedence';'b';'s';0.502;0.502;0.502
'Precedence(t, b)';'Precedence';'b';'t';0.538;0.538;0.538
'Precedence(u, b)';'Precedence';'b';'u';0.502;0.502;0.502
'AtMostOne(c)';'AtMostOne';'c';;0.900;1.000;1.000
'Participation(c)';'Participation';'c';;0.900;0.900;0.900
'Precedence(a, c)';'Precedence';'c';'a';0.900;1.000;1.000
'AlternatePrecedence(a, c)';'AlternatePrecedence';'c';'a';0.900;1.000;1.000
'CoExistence(c, a)';'CoExistence';'c';'a';0.900;0.900;0.900
'RespondedExistence(c, a)';'RespondedExistence';'c';'a';0.900;1.000;1.000
'Response(c, a)';'Response';'c';'a';0.678;0.753;0.753
'AlternateResponse(c, a)';'AlternateResponse';'c';'a';0.678;0.753;0.753
'CoExistence(c, b)';'CoExistence';'c';'b';0.900;0.900;0.900
'Succession(c, b)';'Succession';'c';'b';0.538;0.538;0.538
'RespondedExistence(c, b)';'RespondedExistence';'c';'b';0.900;1.000;1.000
'Response(c, b)';'Response';'c';'b';0.900;1.000;1.000
'AlternateResponse(c, b)';'AlternateResponse';'c';'b';0.900;1.000;1.000
'CoExistence(c, d)';'CoExistence';'c';'d';0.900;0.900;0.900
'Succession(c, d)';'Succession';'c';'d';0.536;0.536;0.536
'RespondedExistence(c, d)';'RespondedExistence';'c';'d';0.900;1.000;1.000
'Response(c, d)';'Response';'c';'d';0.770;0.856;0.856
'AlternateResponse(c, d)';'AlternateResponse';'c';'d';0.770;0.856;0.856
'CoExistence(c, e)';'CoExistence';'c';'e';0.772;0.791;0.791
'RespondedExistence(c, e)';'RespondedExistence';'c';'e';0.772;0.858;0.858
'Response(c, e)';'Response';'c';'e';0.664;0.738;0.738
'AlternateResponse(c, e)';'AlternateResponse';'c';'e';0.664;0.738;0.738
'CoExistence(c, f)';'CoExistence';'c';'f';0.870;0.882;0.882
'Succession(c, f)';'Succession';'c';'f';0.512;0.519;0.519
'RespondedExistence(c, f)';'RespondedExistence';'c';'f';0.870;0.967;0.967
'Response(c, f)';'Response';'c';'f';0.828;0.920;0.920
'AlternateResponse(c, f)';'AlternateResponse';'c';'f';0.828;0.920;0.920
'CoExistence(c, g)';'CoExistence';'c';'g';0.822;0.834;0.834
'RespondedExistence(c, g)';'RespondedExistence';'c';'g';0.822;0.913;0.913
'Response(c, g)';'Response';'c';'g';0.718;0.798;0.798
'AlternateResponse(c, g)';'AlternateResponse';'c';'g';0.718;0.798;0.798
'CoExistence(c, h)';'CoExistence';'c';'h';0.604;0.629;0.629
'RespondedExistence(c, h)';'RespondedExistence';'c';'h';0.604;0.671;0.671
'Response(c, h)';'Response';'c';'h';0.538;0.598;0.598
'AlternateResponse(c, h)';'AlternateResponse';'c';'h';0.538;0.598;0.598
'CoExistence(c, i)';'CoExistence';'c';'i';0.820;0.835;0.835
'RespondedExistence(c, i)';'RespondedExistence';'c';'i';0.820;0.911;0.911
'Response(c, i)';'Response';'c';'i';0.682;0.758;0.758
'AlternateResponse(c, i)';'AlternateResponse';'c';'i';0.682;0.758;0.758
'CoExistence(c, l)';'CoExistence';'c';'l';0.612;0.639;0.639
'RespondedExistence(c, l)';'RespondedExistence';'c';'l';0.612;0.680;0.680
'Response(c, l)';'Response';'c';'l';0.510;0.567;0.567
'AlternateResponse(c, l)';'AlternateResponse';'c';'l';0.510;0.567;0.567
'CoExistence(c, m)';'CoExistence';'c';'m';0.788;0.809;0.809
'RespondedExistence(c, m)';'RespondedExistence';'c';'m';0.788;0.876;0.876
'Response(c, m)';'Response';'c';'m';0.592;0.658;0.658
'AlternateResponse(c, m)';'AlternateResponse';'c';'m';0.592;0.658;0.658
'CoExistence(c, n)';'CoExistence';'c';'n';0.878;0.892;0.892
'Succession(c, n)';'Succession';'c';'n';0.516;0.524;0.524
'RespondedExistence(c, n)';'RespondedExistence';'c';'n';0.878;0.976;0.976
'Response(c, n)';'Response';'c';'n';0.836;0.929;0.929
'AlternateResponse(c, n)';'AlternateResponse';'c';'n';0.836;0.929;0.929
'CoExistence(c, o)';'CoExistence';'c';'o';0.786;0.797;0.797
'RespondedExistence(c, o)';'RespondedExistence';'c';'o';0.786;0.873;0.873
'Response(c, o)';'Response';'c';'o';0.682;0.758;0.758
'AlternateResponse(c, o)';'AlternateResponse';'c';'o';0.682;0.758;0.758
'CoExistence(c, p)';'CoExistence';'c';'p';0.876;0.880;0.880
'RespondedExistence(c, p)';'RespondedExistence';'c';'p';0.876;0.973;0.973
'Response(c, p)';'Response';'c';'p';0.824;0.916;0.916
'AlternateResponse(c, p)';'AlternateResponse';'c';'p';0.824;0.916;0.916
'CoExistence(c, q)';'CoExistence';'c';'q';0.810;0.825;0.825
'RespondedExistence(c, q)';'RespondedExistence';'c';'q';0.810;0.900;0.900
'Response(c, q)';'Response';'c';'q';0.690;0.767;0.767
'AlternateResponse(c, q)';'AlternateResponse';'c';'q';0.690;0.767;0.767
'NotSuccession(c, r)';'NotSuccession';'c';'r';0.836;0.923;0.923
'NotCoExistence(c, r)';'NotCoExistence';'c';'r';0.814;0.898;0.898
'CoExistence(c, s)';'CoExistence';'c';'s';0.798;0.814;0.814
'RespondedExistence(c, s)';'RespondedExistence';'c';'s';0.798;0.887;0.887
'Response(c, s)';'Response';'c';'s';0.682;0.758;0.758
'AlternateResponse(c, s)';'AlternateResponse';'c';'s';0.682;0.758;0.758
'CoExistence(c, t)';'CoExistence';'c';'t';0.882;0.886;0.886
'RespondedExistence(c, t)';'RespondedExistence';'c';'t';0.882;0.980;0.980
'Response(c, t)';'Response';'c';'t';0.744;0.827;0.827
'AlternateResponse(c, t)';'AlternateResponse';'c';'t';0.744;0.827;0.827
'CoExistence(c, u)';'CoExistence';'c';'u';0.810;0.828;0.828
'RespondedExistence(c, u)';'RespondedExistence';'c';'u';0.810;0.900;0.900
'Response(c, u)';'Response';'c';'u';0.692;0.769;0.769
'AlternateResponse(c, u)';'AlternateResponse';'c';'u';0.692;0.769;0.769
'CoExistence(c, v)';'CoExistence';'c';'v';0.800;0.815;0.815
'RespondedExistence(c, v)';'RespondedExistence';'c';'v';0.800;0.889;0.889
'Response(c, v)';'Response';'c';'v';0.686;0.762;0.762
'AlternateResponse(c, v)';'AlternateResponse';'c';'v';0.686;0.762;0.762
'CoExistence(c, w)';'CoExistence';'c';'w';0.818;0.830;0.830
'RespondedExistence(c, w)';'RespondedExistence';'c';'w';0.818;0.909;0.909
'Response(c, w)';'Response';'c';'w';0.690;0.767;0.767
'AlternateResponse(c, w)';'AlternateResponse';'c';'w';0.690;0.767;0.767
'CoExistence(c, z)';'CoExistence';'c';'z';0.800;0.811;0.811
'RespondedExistence(c, z)';'RespondedExistence';'c';'z';0.800;0.889;0.889
'Response(c, z)';'Response';'c';'z';0.682;0.758;0.758
'AlternateResponse(c, z)';'AlternateResponse';'c';'z';0.682;0.758;0.758
'Precedence(p, c)';'Precedence';'c';'p';0.516;0.573;0.573
'AlternatePrecedence(p, c)';'AlternatePrecedence';'c';'p';0.516;0.573;0.573
'Participation(d)';'Participation';'d';;1.000;1.000;1.000
'Precedence(a, d)';'Precedence';'d';'a';1.000;1.000;1.000
'AlternatePrecedence(a, d)';'AlternatePrecedence';'d';'a';0.508;0.508;0.508
'Precedence(c, d)';'Precedence';'d';'c';0.536;0.536;0.536
'CoExistence(d, a)';'CoExistence';'d';'a';1.000;1.000;1.000
'RespondedExistence(d, a)';'RespondedExistence';'d';'a';1.000;1.000;1.000
'CoExistence(d, b)';'CoExistence';'d';'b';1.000;1.000;1.000
'Succession(d, b)';'Succession';'d';'b';0.542;0.542;0.542
'RespondedExistence(d, b)';'RespondedExistence';'d';'b';1.000;1.000;1.000
'Response(d, b)';'Response';'d';'b';1.000;1.000;1.000
'CoExistence(d, c)';'CoExistence';'d';'c';0.900;0.900;0.900
'RespondedExistence(d, c)';'RespondedExistence';'d';'c';0.900;0.900;0.900
'NotSuccession(d, c)';'NotSuccession';'d';'c';0.636;0.636;0.636
'CoExistence(d, e)';'CoExistence';'d';'e';0.848;0.848;0.848
'RespondedExistence(d, e)';'RespondedExistence';'d';'e';0.848;0.848;0.848
'CoExistence(d, f)';'CoExistence';'d';'f';0.956;0.956;0.956
'RespondedExistence(d, f)';'RespondedExistence';'d';'f';0.956;0.956;0.956
'Response(d, f)';'Response';'d';'f';0.738;0.738;0.738
'CoExistence(d, g)';'CoExistence';'d';'g';0.908;0.908;0.908
'RespondedExistence(d, g)';'RespondedExistence';'d';'g';0.908;0.908;0.908
'CoExistence(d, h)';'CoExistence';'d';'h';0.664;0.664;0.664
'RespondedExistence(d, h)';'RespondedExistence';'d';'h';0.664;0.664;0.664
'CoExistence(d, i)';'CoExistence';'d';'i';0.902;0.902;0.902
'RespondedExistence(d, i)';'RespondedExistence';'d';'i';0.902;0.902;0.902
'CoExistence(d, l)';'CoExistence';'d';'l';0.670;0.670;0.670
'RespondedExistence(d, l)';'RespondedExistence';'d';'l';0.670;0.670;0.670
'NotSuccession(d, l)';'NotSuccession';'d';'l';0.502;0.502;0.502
'CoExistence(d, m)';'CoExistence';'d';'m';0.862;0.862;0.862
'RespondedExistence(d, m)';'RespondedExistence';'d';'m';0.862;0.862;0.862
'CoExistence(d, n)';'CoExistence';'d';'n';0.962;0.962;0.962
'RespondedExistence(d, n)';'RespondedExistence';'d';'n';0.962;0.962;0.962
'Response(d, n)';'Response';'d';'n';0.714;0.714;0.714
'CoExistence(d, o)';'CoExistence';'d';'o';0.872;0.872;0.872
'RespondedExistence(d, o)';'RespondedExistence';'d';'o';0.872;0.872;0.872
'CoExistence(d, p)';'CoExistence';'d';'p';0.972;0.972;0.972
'RespondedExistence(d, p)';'RespondedExistence';'d';'p';0.972;0.972;0.972
'Response(d, p)';'Response';'d';'p';0.562;0.562;0.562
'CoExistence(d, q)';'CoExistence';'d';'q';0.892;0.892;0.892
'RespondedExistence(d, q)';'RespondedExistence';'d';'q';0.892;0.892;0.892
'NotSuccession(d, r)';'NotSuccession';'d';'r';0.938;0.938;0.938
'NotCoExistence(d, r)';'NotCoExistence';'d';'r';0.902;0.902;0.902
'CoExistence(d, s)';'CoExistence';'d';'s';0.878;0.878;0.878
'RespondedExistence(d, s)';'RespondedExistence';'d';'s';0.878;0.878;0.878
'CoExistence(d, t)';'CoExistence';'d';'t';0.978;0.978;0.978
'RespondedExistence(d, t)';'RespondedExistence';'d';'t';0.978;0.978;0.978
'CoExistence(d, u)';'CoExistence';'d';'u';0.888;0.888;0.888
'RespondedExistence(d, u)';'RespondedExistence';'d';'u';0.888;0.888;0.888
'CoExistence(d, v)';'CoExistence';'d';'v';0.882;0.882;0.882
'RespondedExistence(d, v)';'RespondedExistence';'d';'v';0.882;0.882;0.882
'CoExistence(d, w)';'CoExistence';'d';'w';0.904;0.904;0.904
'RespondedExistence(d, w)';'RespondedExistence';'d';'w';0.904;0.904;0.904
'CoExistence(d, z)';'CoExistence';'d';'z';0.886;0.886;0.886
'RespondedExistence(d, z)';'RespondedExistence';'d';'z';0.886;0.886;0.886
'Precedence(i, d)';'Precedence';'d';'i';0.526;0.526;0.526
'Precedence(p, d)';'Precedence';'d';'p';0.638;0.638;0.638
'Participation(e)';'Participation';'e';;0.848;0.848;0.848
'Precedence(a, e)';'Precedence';'e';'a';0.848;1.000;1.000
'CoExistence(e, a)';'CoExistence';'e';'a';0.848;0.848;0.848
'RespondedExistence(e, a)';'RespondedExistence';'e';'a';0.848;1.000;1.000
'CoExistence(e, b)';'CoExistence';'e';'b';0.848;0.848;0.848
'Succession(e, b)';'Succession';'e';'b';0.512;0.512;0.512
'RespondedExistence(e, b)';'RespondedExistence';'e';'b';0.848;1.000;1.000
'Response(e, b)';'Response';'e';'b';0.848;1.000;1.000
'CoExistence(e, c)';'CoExistence';'e';'c';0.772;0.791;0.791
'RespondedExistence(e, c)';'RespondedExistence';'e';'c';0.772;0.910;0.910
'NotSuccession(e, c)';'NotSuccession';'e';'c';0.624;0.639;0.639
'CoExistence(e, d)';'CoExistence';'e';'d';0.848;0.848;0.848
'RespondedExistence(e, d)';'RespondedExistence';'e';'d';0.848;1.000;1.000
'Response(e, d)';'Response';'e';'d';0.480;0.566;0.566
'CoExistence(e, f)';'CoExistence';'e';'f';0.848;0.887;0.887
'Succession(e, f)';'Succession';'e';'f';0.498;0.521;0.521
'RespondedExistence(e, f)';'RespondedExistence';'e';'f';0.848;1.000;1.000
'Response(e, f)';'Response';'e';'f';0.848;1.000;1.000
'CoExistence(e, g)';'CoExistence';'e';'g';0.782;0.803;0.803
'RespondedExistence(e, g)';'RespondedExistence';'e';'g';0.782;0.922;0.922
'CoExistence(e, h)';'CoExistence';'e';'h';0.578;0.619;0.619
'RespondedExistence(e, h)';'RespondedExistence';'e';'h';0.578;0.682;0.682
'CoExistence(e, i)';'CoExistence';'e';'i';0.772;0.789;0.789
'RespondedExistence(e, i)';'RespondedExistence';'e';'i';0.772;0.910;0.910
'CoExistence(e, l)';'CoExistence';'e';'l';0.592;0.639;0.639
'RespondedExistence(e, l)';'RespondedExistence';'e';'l';0.592;0.698;0.698
'CoExistence(e, m)';'CoExistence';'e';'m';0.760;0.800;0.800
'RespondedExistence(e, m)';'RespondedExistence';'e';'m';0.760;0.896;0.896
'CoExistence(e, n)';'CoExistence';'e';'n';0.836;0.858;0.858
'RespondedExistence(e, n)';'RespondedExistence';'e';'n';0.836;0.986;0.986
'Response(e, n)';'Response';'e';'n';0.696;0.821;0.821
'CoExistence(e, o)';'CoExistence';'e';'o';0.756;0.784;0.784
'RespondedExistence(e, o)';'RespondedExistence';'e';'o';0.756;0.892;0.892
'CoExistence(e, p)';'CoExistence';'e';'p';0.834;0.846;0.846
'RespondedExistence(e, p)';'RespondedExistence';'e';'p';0.834;0.983;0.983
'Response(e, p)';'Response';'e';'p';0.556;0.656;0.656
'CoExistence(e, q)';'CoExistence';'e';'q';0.772;0.798;0.798
'RespondedExistence(e, q)';'RespondedExistence';'e';'q';0.772;0.910;0.910
'NotSuccession(e, r)';'NotSuccession';'e';'r';0.788;0.921;0.921
'NotCoExistence(e, r)';'NotCoExistence';'e';'r';0.766;0.895;0.895
'CoExistence(e, s)';'CoExistence';'e';'s';0.766;0.798;0.798
'RespondedExistence(e, s)';'RespondedExistence';'e';'s';0.766;0.903;0.903
'CoExistence(e, t)';'CoExistence';'e';'t';0.840;0.852;0.852
'RespondedExistence(e, t)';'RespondedExistence';'e';'t';0.840;0.991;0.991
'Response(e, t)';'Response';'e';'t';0.466;0.550;0.550
'CoExistence(e, u)';'CoExistence';'e';'u';0.772;0.801;0.801
'RespondedExistence(e, u)';'RespondedExistence';'e';'u';0.772;0.910;0.910
'CoExistence(e, v)';'CoExistence';'e';'v';0.772;0.806;0.806
'RespondedExistence(e, v)';'RespondedExistence';'e';'v';0.772;0.910;0.910
'CoExistence(e, w)';'CoExistence';'e';'w';0.768;0.780;0.780
'RespondedExistence(e, w)';'RespondedExistence';'e';'w';0.768;0.906;0.906
'CoExistence(e, z)';'CoExistence';'e';'z';0.756;0.773;0.773
'RespondedExistence(e, z)';'RespondedExistence';'e';'z';0.756;0.892;0.892
'Precedence(p, e)';'Precedence';'e';'p';0.516;0.608;0.608
'Participation(f)';'Participation';'f';;0.956;0.956;0.956
'Precedence(a, f)';'Precedence';'f';'a';0.956;1.000;1.000
'Precedence(c, f)';'Precedence';'f';'c';0.512;0.536;0.536
'Precedence(d, f)';'Precedence';'f';'d';0.514;0.538;0.538
'Precedence(e, f)';'Precedence';'f';'e';0.498;0.521;0.521
'CoExistence(f, a)';'CoExistence';'f';'a';0.956;0.956;0.956
'RespondedExistence(f, a)';'RespondedExistence';'f';'a';0.956;1.000;1.000
'CoExistence(f, b)';'CoExistence';'f';'b';0.956;0.956;0.956
'RespondedExistence(f, b)';'RespondedExistence';'f';'b';0.956;1.000;1.000
'Response(f, b)';'Response';'f';'b';0.956;1.000;1.000
'CoExistence(f, c)';'CoExistence';'f';'c';0.870;0.882;0.882
'RespondedExistence(f, c)';'RespondedExistence';'f';'c';0.870;0.910;0.910
'NotSuccession(f, c)';'NotSuccession';'f';'c';0.628;0.637;0.637
'CoExistence(f, d)';'CoExistence';'f';'d';0.956;0.956;0.956
'RespondedExistence(f, d)';'RespondedExistence';'f';'d';0.956;1.000;1.000
'CoExistence(f, e)';'CoExistence';'f';'e';0.848;0.887;0.887
'RespondedExistence(f, e)';'RespondedExistence';'f';'e';0.848;0.887;0.887
'CoExistence(f, g)';'CoExistence';'f';'g';0.876;0.887;0.887
'RespondedExistence(f, g)';'RespondedExistence';'f';'g';0.876;0.916;0.916
'CoExistence(f, h)';'CoExistence';'f';'h';0.648;0.667;0.667
'RespondedExistence(f, h)';'RespondedExistence';'f';'h';0.648;0.678;0.678
'CoExistence(f, i)';'CoExistence';'f';'i';0.868;0.877;0.877
'RespondedExistence(f, i)';'RespondedExistence';'f';'i';0.868;0.908;0.908
'CoExistence(f, l)';'CoExistence';'f';'l';0.648;0.663;0.663
'RespondedExistence(f, l)';'RespondedExistence';'f';'l';0.648;0.678;0.678
'NotSuccession(f, l)';'NotSuccession';'f';'l';0.518;0.530;0.530
'CoExistence(f, m)';'CoExistence';'f';'m';0.848;0.874;0.874
'RespondedExistence(f, m)';'RespondedExistence';'f';'m';0.848;0.887;0.887
'CoExistence(f, n)';'CoExistence';'f';'n';0.932;0.945;0.945
'RespondedExistence(f, n)';'RespondedExistence';'f';'n';0.932;0.975;0.975
'Response(f, n)';'Response';'f';'n';0.484;0.506;0.506
'CoExistence(f, o)';'CoExistence';'f';'o';0.846;0.862;0.862
'RespondedExistence(f, o)';'RespondedExistence';'f';'o';0.846;0.885;0.885
'CoExistence(f, p)';'CoExistence';'f';'p';0.938;0.947;0.947
'RespondedExistence(f, p)';'RespondedExistence';'f';'p';0.938;0.981;0.981
'CoExistence(f, q)';'CoExistence';'f';'q';0.866;0.882;0.882
'RespondedExistence(f, q)';'RespondedExistence';'f';'q';0.866;0.906;0.906
'NotSuccession(f, r)';'NotSuccession';'f';'r';0.898;0.939;0.939
'NotCoExistence(f, r)';'NotCoExistence';'f';'r';0.858;0.897;0.897
'CoExistence(f, s)';'CoExistence';'f';'s';0.850;0.864;0.864
'RespondedExistence(f, s)';'RespondedExistence';'f';'s';0.850;0.889;0.889
'CoExistence(f, t)';'CoExistence';'f';'t';0.942;0.950;0.950
'RespondedExistence(f, t)';'RespondedExistence';'f';'t';0.942;0.985;0.985
'CoExistence(f, u)';'CoExistence';'f';'u';0.862;0.878;0.878
'RespondedExistence(f, u)';'RespondedExistence';'f';'u';0.862;0.902;0.902
'CoExistence(f, v)';'CoExistence';'f';'v';0.858;0.876;0.876
'RespondedExistence(f, v)';'RespondedExistence';'f';'v';0.858;0.897;0.897
'CoExistence(f, w)';'CoExistence';'f';'w';0.870;0.879;0.879
'RespondedExistence(f, w)';'RespondedExistence';'f';'w';0.870;0.910;0.910
'CoExistence(f, z)';'CoExistence';'f';'z';0.852;0.861;0.861
'RespondedExistence(f, z)';'RespondedExistence';'f';'z';0.852;0.891;0.891
'Precedence(i, f)';'Precedence';'f';'i';0.486;0.508;0.508
'Precedence(m, f)';'Precedence';'f';'m';0.502;0.525;0.525
'Precedence(o, f)';'Precedence';'f';'o';0.490;0.513;0.513
'Precedence(p, f)';'Precedence';'f';'p';0.650;0.680;0.680
'Precedence(s, f)';'Precedence';'f';'s';0.484;0.506;0.506
'Precedence(u, f)';'Precedence';'f';'u';0.488;0.510;0.510
'Precedence(z, f)';'Precedence';'f';'z';0.478;0.500;0.500
'Participation(g)';'Participation';'g';;0.908;0.908;0.908
'Precedence(a, g)';'Precedence';'g';'a';0.908;1.000;1.000
'CoExistence(g, a)';'CoExistence';'g';'a';0.908;0.908;0.908
'RespondedExistence(g, a)';'RespondedExistence';'g';'a';0.908;1.000;1.000
'CoExistence(g, b)';'CoExistence';'g';'b';0.908;0.908;0.908
'RespondedExistence(g, b)';'RespondedExistence';'g';'b';0.908;1.000;1.000
'Response(g, b)';'Response';'g';'b';0.908;1.000;1.000
'CoExistence(g, c)';'CoExistence';'g';'c';0.822;0.834;0.834
'RespondedExistence(g, c)';'RespondedExistence';'g';'c';0.822;0.905;0.905
'NotSuccession(g, c)';'NotSuccession';'g';'c';0.608;0.617;0.617
'CoExistence(g, d)';'CoExistence';'g';'d';0.908;0.908;0.908
'RespondedExistence(g, d)';'RespondedExistence';'g';'d';0.908;1.000;1.000
'Response(g, d)';'Response';'g';'d';0.490;0.540;0.540
'CoExistence(g, e)';'CoExistence';'g';'e';0.782;0.803;0.803
'RespondedExistence(g, e)';'RespondedExistence';'g';'e';0.782;0.861;0.861
'CoExistence(g, f)';'CoExistence';'g';'f';0.876;0.887;0.887
'RespondedExistence(g, f)';'RespondedExistence';'g';'f';0.876;0.965;0.965
'Response(g, f)';'Response';'g';'f';0.678;0.747;0.747
'CoExistence(g, h)';'CoExistence';'g';'h';0.664;0.731;0.731
'RespondedExistence(g, h)';'RespondedExistence';'g';'h';0.664;0.731;0.731
'CoExistence(g, i)';'CoExistence';'g';'i';0.828;0.843;0.843
'RespondedExistence(g, i)';'RespondedExistence';'g';'i';0.828;0.912;0.912
'CoExistence(g, l)';'CoExistence';'g';'l';0.612;0.634;0.634
'RespondedExistence(g, l)';'RespondedExistence';'g';'l';0.612;0.674;0.674
'NotSuccession(g, l)';'NotSuccession';'g';'l';0.490;0.507;0.507
'CoExistence(g, m)';'CoExistence';'g';'m';0.794;0.814;0.814
'RespondedExistence(g, m)';'RespondedExistence';'g';'m';0.794;0.874;0.874
'CoExistence(g, n)';'CoExistence';'g';'n';0.880;0.889;0.889
'RespondedExistence(g, n)';'RespondedExistence';'g';'n';0.880;0.969;0.969
'Response(g, n)';'Response';'g';'n';0.698;0.769;0.769
'CoExistence(g, o)';'CoExistence';'g';'o';0.800;0.816;0.816
'RespondedExistence(g, o)';'RespondedExistence';'g';'o';0.800;0.881;0.881
'CoExistence(g, p)';'CoExistence';'g';'p';0.886;0.891;0.891
'RespondedExistence(g, p)';'RespondedExistence';'g';'p';0.886;0.976;0.976
'Response(g, p)';'Response';'g';'p';0.560;0.617;0.617
'CoExistence(g, q)';'CoExistence';'g';'q';0.816;0.829;0.829
'RespondedExistence(g, q)';'RespondedExistence';'g';'q';0.816;0.899;0.899
'NotSuccession(g, r)';'NotSuccession';'g';'r';0.836;0.917;0.917
'NotCoExistence(g, r)';'NotCoExistence';'g';'r';0.818;0.897;0.897
'CoExistence(g, s)';'CoExistence';'g';'s';0.796;0.804;0.804
'RespondedExistence(g, s)';'RespondedExistence';'g';'s';0.796;0.877;0.877
'CoExistence(g, t)';'CoExistence';'g';'t';0.892;0.897;0.897
'RespondedExistence(g, t)';'RespondedExistence';'g';'t';0.892;0.982;0.982
'Response(g, t)';'Response';'g';'t';0.468;0.515;0.515
'CoExistence(g, u)';'CoExistence';'g';'u';0.812;0.825;0.825
'RespondedExistence(g, u)';'RespondedExistence';'g';'u';0.812;0.894;0.894
'CoExistence(g, v)';'CoExistence';'g';'v';0.810;0.827;0.827
'RespondedExistence(g, v)';'RespondedExistence';'g';'v';0.810;0.892;0.892
'CoExistence(g, w)';'CoExistence';'g';'w';0.826;0.838;0.838
'RespondedExistence(g, w)';'RespondedExistence';'g';'w';0.826;0.910;0.910
'CoExistence(g, z)';'CoExistence';'g';'z';0.810;0.823;0.823
'RespondedExistence(g, z)';'RespondedExistence';'g';'z';0.810;0.892;0.892
'Precedence(p, g)';'Precedence';'g';'p';0.544;0.599;0.599
'Participation(h)';'Participation';'h';;0.664;0.664;0.664
'Precedence(a, h)';'Precedence';'h';'a';0.664;1.000;1.000
'AlternatePrecedence(a, h)';'AlternatePrecedence';'h';'a';0.372;0.560;0.560
'Precedence(b, h)';'Precedence';'h';'b';0.458;0.690;0.690
'Precedence(c, h)';'Precedence';'h';'c';0.464;0.699;0.699
'Precedence(d, h)';'Precedence';'h';'d';0.438;0.660;0.660
'Precedence(e, h)';'Precedence';'h';'e';0.446;0.672;0.672
'Precedence(f, h)';'Precedence';'h';'f';0.418;0.630;0.630
'Precedence(g, h)';'Precedence';'h';'g';0.664;1.000;1.000
'AlternatePrecedence(g, h)';'AlternatePrecedence';'h';'g';0.386;0.581;0.581
'CoExistence(h, a)';'CoExistence';'h';'a';0.664;0.664;0.664
'RespondedExistence(h, a)';'RespondedExistence';'h';'a';0.664;1.000;1.000
'NotSuccession(h, a)';'NotSuccession';'h';'a';0.572;0.572;0.572
'CoExistence(h, b)';'CoExistence';'h';'b';0.664;0.664;0.664
'RespondedExistence(h, b)';'RespondedExistence';'h';'b';0.664;1.000;1.000
'Response(h, b)';'Response';'h';'b';0.664;1.000;1.000
'AlternateResponse(h, b)';'AlternateResponse';'h';'b';0.364;0.548;0.548
'CoExistence(h, c)';'CoExistence';'h';'c';0.604;0.629;0.629
'RespondedExistence(h, c)';'RespondedExistence';'h';'c';0.604;0.910;0.910
'NotSuccession(h, c)';'NotSuccession';'h';'c';0.820;0.854;0.854
'CoExistence(h, d)';'CoExistence';'h';'d';0.664;0.664;0.664
'RespondedExistence(h, d)';'RespondedExistence';'h';'d';0.664;1.000;1.000
'Response(h, d)';'Response';'h';'d';0.366;0.551;0.551
'NotSuccession(h, d)';'NotSuccession';'h';'d';0.530;0.530;0.530
'CoExistence(h, e)';'CoExistence';'h';'e';0.578;0.619;0.619
'RespondedExistence(h, e)';'RespondedExistence';'h';'e';0.578;0.870;0.870
'NotSuccession(h, e)';'NotSuccession';'h';'e';0.538;0.576;0.576
'CoExistence(h, f)';'CoExistence';'h';'f';0.648;0.667;0.667
'RespondedExistence(h, f)';'RespondedExistence';'h';'f';0.648;0.976;0.976
'Response(h, f)';'Response';'h';'f';0.526;0.792;0.792
'CoExistence(h, g)';'CoExistence';'h';'g';0.664;0.731;0.731
'RespondedExistence(h, g)';'RespondedExistence';'h';'g';0.664;1.000;1.000
'NotSuccession(h, g)';'NotSuccession';'h';'g';0.490;0.540;0.540
'CoExistence(h, i)';'CoExistence';'h';'i';0.604;0.628;0.628
'RespondedExistence(h, i)';'RespondedExistence';'h';'i';0.604;0.910;0.910
'NotSuccession(h, i)';'NotSuccession';'h';'i';0.612;0.636;0.636
'RespondedExistence(h, l)';'RespondedExistence';'h';'l';0.438;0.660;0.660
'NotSuccession(h, l)';'NotSuccession';'h';'l';0.628;0.701;0.701
'NotCoExistence(h, l)';'NotCoExistence';'h';'l';0.458;0.511;0.511
'CoExistence(h, m)';'CoExistence';'h';'m';0.580;0.613;0.613
'RespondedExistence(h, m)';'RespondedExistence';'h';'m';0.580;0.873;0.873
'NotSuccession(h, m)';'NotSuccession';'h';'m';0.650;0.687;0.687
'CoExistence(h, n)';'CoExistence';'h';'n';0.648;0.663;0.663
'RespondedExistence(h, n)';'RespondedExistence';'h';'n';0.648;0.976;0.976
'Response(h, n)';'Response';'h';'n';0.530;0.798;0.798
'CoExistence(h, o)';'CoExistence';'h';'o';0.588;0.620;0.620
'RespondedExistence(h, o)';'RespondedExistence';'h';'o';0.588;0.886;0.886
'NotSuccession(h, o)';'NotSuccession';'h';'o';0.572;0.603;0.603
'CoExistence(h, p)';'CoExistence';'h';'p';0.648;0.656;0.656
'RespondedExistence(h, p)';'RespondedExistence';'h';'p';0.648;0.976;0.976
'Response(h, p)';'Response';'h';'p';0.398;0.599;0.599
'CoExistence(h, q)';'CoExistence';'h';'q';0.596;0.621;0.621
'RespondedExistence(h, q)';'RespondedExistence';'h';'q';0.596;0.898;0.898
'NotSuccession(h, q)';'NotSuccession';'h';'q';0.578;0.602;0.602
'NotSuccession(h, r)';'NotSuccession';'h';'r';0.648;0.942;0.942
'NotCoExistence(h, r)';'NotCoExistence';'h';'r';0.614;0.892;0.892
'CoExistence(h, s)';'CoExistence';'h';'s';0.582;0.606;0.606
'RespondedExistence(h, s)';'RespondedExistence';'h';'s';0.582;0.877;0.877
'NotSuccession(h, s)';'NotSuccession';'h';'s';0.564;0.588;0.588
'CoExistence(h, t)';'CoExistence';'h';'t';0.650;0.655;0.655
'RespondedExistence(h, t)';'RespondedExistence';'h';'t';0.650;0.979;0.979
'NotSuccession(h, t)';'NotSuccession';'h';'t';0.522;0.526;0.526
'CoExistence(h, u)';'CoExistence';'h';'u';0.598;0.627;0.627
'RespondedExistence(h, u)';'RespondedExistence';'h';'u';0.598;0.901;0.901
'NotSuccession(h, u)';'NotSuccession';'h';'u';0.544;0.570;0.570
'CoExistence(h, v)';'CoExistence';'h';'v';0.594;0.624;0.624
'RespondedExistence(h, v)';'RespondedExistence';'h';'v';0.594;0.895;0.895
'NotSuccession(h, v)';'NotSuccession';'h';'v';0.556;0.584;0.584
'CoExistence(h, w)';'CoExistence';'h';'w';0.600;0.620;0.620
'RespondedExistence(h, w)';'RespondedExistence';'h';'w';0.600;0.904;0.904
'NotSuccession(h, w)';'NotSuccession';'h';'w';0.564;0.583;0.583
'CoExistence(h, z)';'CoExistence';'h';'z';0.592;0.618;0.618
'RespondedExistence(h, z)';'RespondedExistence';'h';'z';0.592;0.892;0.892
'NotSuccession(h, z)';'NotSuccession';'h';'z';0.560;0.585;0.585
'Precedence(i, h)';'Precedence';'h';'i';0.444;0.669;0.669
'Precedence(m, h)';'Precedence';'h';'m';0.430;0.648;0.648
'Precedence(n, h)';'Precedence';'h';'n';0.396;0.596;0.596
'Precedence(o, h)';'Precedence';'h';'o';0.422;0.636;0.636
'Precedence(p, h)';'Precedence';'h';'p';0.522;0.786;0.786
'AlternatePrecedence(p, h)';'AlternatePrecedence';'h';'p';0.352;0.530;0.530
'Precedence(q, h)';'Precedence';'h';'q';0.426;0.642;0.642
'Precedence(s, h)';'Precedence';'h';'s';0.422;0.636;0.636
'Precedence(t, h)';'Precedence';'h';'t';0.428;0.645;0.645
'Precedence(u, h)';'Precedence';'h';'u';0.392;0.590;0.590
'Precedence(v, h)';'Precedence';'h';'v';0.402;0.605;0.605
'Precedence(w, h)';'Precedence';'h';'w';0.426;0.642;0.642
'Precedence(z, h)';'Precedence';'h';'z';0.416;0.627;0.627
'Participation(i)';'Participation';'i';;0.902;0.902;0.902
'Precedence(a, i)';'Precedence';'i';'a';0.902;1.000;1.000
'CoExistence(i, a)';'CoExistence';'i';'a';0.902;0.902;0.902
'RespondedExistence(i, a)';'RespondedExistence';'i';'a';0.902;1.000;1.000
'Response(i, a)';'Response';'i';'a';0.458;0.508;0.508
'CoExistence(i, b)';'CoExistence';'i';'b';0.902;0.902;0.902
'Succession(i, b)';'Succession';'i';'b';0.532;0.532;0.532
'RespondedExistence(i, b)';'RespondedExistence';'i';'b';0.902;1.000;1.000
'Response(i, b)';'Response';'i';'b';0.902;1.000;1.000
'CoExistence(i, c)';'CoExistence';'i';'c';0.820;0.835;0.835
'RespondedExistence(i, c)';'RespondedExistence';'i';'c';0.820;0.909;0.909
'NotSuccession(i, c)';'NotSuccession';'i';'c';0.604;0.615;0.615
'CoExistence(i, d)';'CoExistence';'i';'d';0.902;0.902;0.902
'RespondedExistence(i, d)';'RespondedExistence';'i';'d';0.902;1.000;1.000
'Response(i, d)';'Response';'i';'d';0.492;0.545;0.545
'CoExistence(i, e)';'CoExistence';'i';'e';0.772;0.789;0.789
'RespondedExistence(i, e)';'RespondedExistence';'i';'e';0.772;0.856;0.856
'CoExistence(i, f)';'CoExistence';'i';'f';0.868;0.877;0.877
'RespondedExistence(i, f)';'RespondedExistence';'i';'f';0.868;0.962;0.962
'Response(i, f)';'Response';'i';'f';0.704;0.780;0.780
'CoExistence(i, g)';'CoExistence';'i';'g';0.828;0.843;0.843
'RespondedExistence(i, g)';'RespondedExistence';'i';'g';0.828;0.918;0.918
'CoExistence(i, h)';'CoExistence';'i';'h';0.604;0.628;0.628
'RespondedExistence(i, h)';'RespondedExistence';'i';'h';0.604;0.670;0.670
'CoExistence(i, l)';'CoExistence';'i';'l';0.670;0.743;0.743
'RespondedExistence(i, l)';'RespondedExistence';'i';'l';0.670;0.743;0.743
'CoExistence(i, m)';'CoExistence';'i';'m';0.794;0.819;0.819
'RespondedExistence(i, m)';'RespondedExistence';'i';'m';0.794;0.880;0.880
'CoExistence(i, n)';'CoExistence';'i';'n';0.874;0.883;0.883
'RespondedExistence(i, n)';'RespondedExistence';'i';'n';0.874;0.969;0.969
'Response(i, n)';'Response';'i';'n';0.696;0.772;0.772
'CoExistence(i, o)';'CoExistence';'i';'o';0.788;0.799;0.799
'RespondedExistence(i, o)';'RespondedExistence';'i';'o';0.788;0.874;0.874
'CoExistence(i, p)';'CoExistence';'i';'p';0.880;0.885;0.885
'RespondedExistence(i, p)';'RespondedExistence';'i';'p';0.880;0.976;0.976
'Response(i, p)';'Response';'i';'p';0.560;0.621;0.621
'CoExistence(i, q)';'CoExistence';'i';'q';0.810;0.823;0.823
'RespondedExistence(i, q)';'RespondedExistence';'i';'q';0.810;0.898;0.898
'NotSuccession(i, r)';'NotSuccession';'i';'r';0.852;0.936;0.936
'NotCoExistence(i, r)';'NotCoExistence';'i';'r';0.820;0.901;0.901
'CoExistence(i, s)';'CoExistence';'i';'s';0.804;0.824;0.824
'RespondedExistence(i, s)';'RespondedExistence';'i';'s';0.804;0.891;0.891
'CoExistence(i, t)';'CoExistence';'i';'t';0.890;0.899;0.899
'RespondedExistence(i, t)';'RespondedExistence';'i';'t';0.890;0.987;0.987
'Response(i, t)';'Response';'i';'t';0.490;0.543;0.543
'CoExistence(i, u)';'CoExistence';'i';'u';0.812;0.830;0.830
'RespondedExistence(i, u)';'RespondedExistence';'i';'u';0.812;0.900;0.900
'CoExistence(i, v)';'CoExistence';'i';'v';0.804;0.820;0.820
'RespondedExistence(i, v)';'RespondedExistence';'i';'v';0.804;0.891;0.891
'CoExistence(i, w)';'CoExistence';'i';'w';0.814;0.821;0.821
'RespondedExistence(i, w)';'RespondedExistence';'i';'w';0.814;0.902;0.902
'CoExistence(i, z)';'CoExistence';'i';'z';0.802;0.813;0.813
'RespondedExistence(i, z)';'RespondedExistence';'i';'z';0.802;0.889;0.889
'Precedence(p, i)';'Precedence';'i';'p';0.540;0.599;0.599
'AtMostOne(l)';'AtMostOne';'l';;0.474;0.707;0.707
'Participation(l)';'Participation';'l';;0.670;0.670;0.670
'Precedence(a, l)';'Precedence';'l';'a';0.670;1.000;1.000
'AlternatePrecedence(a, l)';'AlternatePrecedence';'l';'a';0.560;0.836;0.836
'Precedence(b, l)';'Precedence';'l';'b';0.414;0.618;0.618
'AlternatePrecedence(b, l)';'AlternatePrecedence';'l';'b';0.360;0.537;0.537
'Precedence(c, l)';'Precedence';'l';'c';0.462;0.690;0.690
'AlternatePrecedence(c, l)';'AlternatePrecedence';'l';'c';0.348;0.519;0.519
'Precedence(d, l)';'Precedence';'l';'d';0.442;0.660;0.660
'AlternatePrecedence(d, l)';'AlternatePrecedence';'l';'d';0.382;0.570;0.570
'Precedence(e, l)';'Precedence';'l';'e';0.426;0.636;0.636
'AlternatePrecedence(e, l)';'AlternatePrecedence';'l';'e';0.366;0.546;0.546
'Precedence(f, l)';'Precedence';'l';'f';0.414;0.618;0.618
'AlternatePrecedence(f, l)';'AlternatePrecedence';'l';'f';0.352;0.525;0.525
'Precedence(g, l)';'Precedence';'l';'g';0.432;0.645;0.645
'AlternatePrecedence(g, l)';'AlternatePrecedence';'l';'g';0.374;0.558;0.558
'Precedence(i, l)';'Precedence';'l';'i';0.670;1.000;1.000
'AlternatePrecedence(i, l)';'AlternatePrecedence';'l';'i';0.670;1.000;1.000
'CoExistence(l, a)';'CoExistence';'l';'a';0.670;0.670;0.670
'RespondedExistence(l, a)';'RespondedExistence';'l';'a';0.670;1.000;1.000
'Response(l, a)';'Response';'l';'a';0.338;0.504;0.504
'NotSuccession(l, a)';'NotSuccession';'l';'a';0.588;0.588;0.588
'CoExistence(l, b)';'CoExistence';'l';'b';0.670;0.670;0.670
'RespondedExistence(l, b)';'RespondedExistence';'l';'b';0.670;1.000;1.000
'Response(l, b)';'Response';'l';'b';0.670;1.000;1.000
'AlternateResponse(l, b)';'AlternateResponse';'l';'b';0.572;0.854;0.854
'CoExistence(l, c)';'CoExistence';'l';'c';0.612;0.639;0.639
'RespondedExistence(l, c)';'RespondedExistence';'l';'c';0.612;0.913;0.913
'NotSuccession(l, c)';'NotSuccession';'l';'c';0.808;0.843;0.843
'CoExistence(l, d)';'CoExistence';'l';'d';0.670;0.670;0.670
'RespondedExistence(l, d)';'RespondedExistence';'l';'d';0.670;1.000;1.000
'Response(l, d)';'Response';'l';'d';0.402;0.600;0.600
'AlternateResponse(l, d)';'AlternateResponse';'l';'d';0.336;0.501;0.501
'NotSuccession(l, d)';'NotSuccession';'l';'d';0.534;0.534;0.534
'CoExistence(l, e)';'CoExistence';'l';'e';0.592;0.639;0.639
'RespondedExistence(l, e)';'RespondedExistence';'l';'e';0.592;0.884;0.884
'Response(l, e)';'Response';'l';'e';0.358;0.534;0.534
'NotSuccession(l, e)';'NotSuccession';'l';'e';0.504;0.544;0.544
'CoExistence(l, f)';'CoExistence';'l';'f';0.648;0.663;0.663
'RespondedExistence(l, f)';'RespondedExistence';'l';'f';0.648;0.967;0.967
'Response(l, f)';'Response';'l';'f';0.538;0.803;0.803
'AlternateResponse(l, f)';'AlternateResponse';'l';'f';0.430;0.642;0.642
'CoExistence(l, g)';'CoExistence';'l';'g';0.612;0.634;0.634
'RespondedExistence(l, g)';'RespondedExistence';'l';'g';0.612;0.913;0.913
'Response(l, g)';'Response';'l';'g';0.350;0.522;0.522
'NotSuccession(l, g)';'NotSuccession';'l';'g';0.542;0.561;0.561
'RespondedExistence(l, h)';'RespondedExistence';'l';'h';0.438;0.654;0.654
'NotSuccession(l, h)';'NotSuccession';'l';'h';0.582;0.650;0.650
'NotCoExistence(l, h)';'NotCoExistence';'l';'h';0.458;0.511;0.511
'CoExistence(l, i)';'CoExistence';'l';'i';0.670;0.743;0.743
'RespondedExistence(l, i)';'RespondedExistence';'l';'i';0.670;1.000;1.000
'NotSuccession(l, i)';'NotSuccession';'l';'i';0.502;0.557;0.557
'CoExistence(l, m)';'CoExistence';'l';'m';0.588;0.623;0.623
'RespondedExistence(l, m)';'RespondedExistence';'l';'m';0.588;0.878;0.878
'NotSuccession(l, m)';'NotSuccession';'l';'m';0.662;0.701;0.701
'CoExistence(l, n)';'CoExistence';'l';'n';0.652;0.665;0.665
'RespondedExistence(l, n)';'RespondedExistence';'l';'n';0.652;0.973;0.973
'Response(l, n)';'Response';'l';'n';0.542;0.809;0.809
'AlternateResponse(l, n)';'AlternateResponse';'l';'n';0.444;0.663;0.663
'CoExistence(l, o)';'CoExistence';'l';'o';0.588;0.616;0.616
'RespondedExistence(l, o)';'RespondedExistence';'l';'o';0.588;0.878;0.878
'NotSuccession(l, o)';'NotSuccession';'l';'o';0.572;0.600;0.600
'CoExistence(l, p)';'CoExistence';'l';'p';0.650;0.655;0.655
'RespondedExistence(l, p)';'RespondedExistence';'l';'p';0.650;0.970;0.970
'Response(l, p)';'Response';'l';'p';0.456;0.681;0.681
'AlternateResponse(l, p)';'AlternateResponse';'l';'p';0.414;0.618;0.618
'CoExistence(l, q)';'CoExistence';'l';'q';0.610;0.641;0.641
'RespondedExistence(l, q)';'RespondedExistence';'l';'q';0.610;0.910;0.910
'NotSuccession(l, q)';'NotSuccession';'l';'q';0.566;0.595;0.595
'NotSuccession(l, r)';'NotSuccession';'l';'r';0.676;0.955;0.955
'NotCoExistence(l, r)';'NotCoExistence';'l';'r';0.648;0.915;0.915
'CoExistence(l, s)';'CoExistence';'l';'s';0.602;0.636;0.636
'RespondedExistence(l, s)';'RespondedExistence';'l';'s';0.602;0.899;0.899
'Response(l, s)';'Response';'l';'s';0.342;0.510;0.510
'NotSuccession(l, s)';'NotSuccession';'l';'s';0.544;0.575;0.575
'CoExistence(l, t)';'CoExistence';'l';'t';0.662;0.671;0.671
'RespondedExistence(l, t)';'RespondedExistence';'l';'t';0.662;0.988;0.988
'Response(l, t)';'Response';'l';'t';0.382;0.570;0.570
'AlternateResponse(l, t)';'AlternateResponse';'l';'t';0.344;0.513;0.513
'NotSuccession(l, t)';'NotSuccession';'l';'t';0.522;0.529;0.529
'CoExistence(l, u)';'CoExistence';'l';'u';0.614;0.650;0.650
'RespondedExistence(l, u)';'RespondedExistence';'l';'u';0.614;0.916;0.916
'Response(l, u)';'Response';'l';'u';0.360;0.537;0.537
'NotSuccession(l, u)';'NotSuccession';'l';'u';0.522;0.553;0.553
'CoExistence(l, v)';'CoExistence';'l';'v';0.592;0.617;0.617
'RespondedExistence(l, v)';'RespondedExistence';'l';'v';0.592;0.884;0.884
'NotSuccession(l, v)';'NotSuccession';'l';'v';0.568;0.592;0.592
'CoExistence(l, w)';'CoExistence';'l';'w';0.600;0.616;0.616
'RespondedExistence(l, w)';'RespondedExistence';'l';'w';0.600;0.896;0.896
'Response(l, w)';'Response';'l';'w';0.340;0.507;0.507
'NotSuccession(l, w)';'NotSuccession';'l';'w';0.572;0.587;0.587
'CoExistence(l, z)';'CoExistence';'l';'z';0.598;0.624;0.624
'RespondedExistence(l, z)';'RespondedExistence';'l';'z';0.598;0.893;0.893
'Response(l, z)';'Response';'l';'z';0.346;0.516;0.516
'NotSuccession(l, z)';'NotSuccession';'l';'z';0.544;0.568;0.568
'Precedence(m, l)';'Precedence';'l';'m';0.434;0.648;0.648
'AlternatePrecedence(m, l)';'AlternatePrecedence';'l';'m';0.338;0.504;0.504
'Precedence(n, l)';'Precedence';'l';'n';0.404;0.603;0.603
'Precedence(o, l)';'Precedence';'l';'o';0.412;0.615;0.615
'AlternatePrecedence(o, l)';'AlternatePrecedence';'l';'o';0.352;0.525;0.525
'Precedence(p, l)';'Precedence';'l';'p';0.540;0.806;0.806
'AlternatePrecedence(p, l)';'AlternatePrecedence';'l';'p';0.496;0.740;0.740
'Precedence(q, l)';'Precedence';'l';'q';0.434;0.648;0.648
'AlternatePrecedence(q, l)';'AlternatePrecedence';'l';'q';0.366;0.546;0.546
'Precedence(s, l)';'Precedence';'l';'s';0.454;0.678;0.678
'AlternatePrecedence(s, l)';'AlternatePrecedence';'l';'s';0.396;0.591;0.591
'Precedence(t, l)';'Precedence';'l';'t';0.432;0.645;0.645
'AlternatePrecedence(t, l)';'AlternatePrecedence';'l';'t';0.390;0.582;0.582
'Precedence(u, l)';'Precedence';'l';'u';0.456;0.681;0.681
'AlternatePrecedence(u, l)';'AlternatePrecedence';'l';'u';0.392;0.585;0.585
'Precedence(v, l)';'Precedence';'l';'v';0.416;0.621;0.621
'AlternatePrecedence(v, l)';'AlternatePrecedence';'l';'v';0.352;0.525;0.525
'Precedence(w, l)';'Precedence';'l';'w';0.410;0.612;0.612
'AlternatePrecedence(w, l)';'AlternatePrecedence';'l';'w';0.358;0.534;0.534
'Precedence(z, l)';'Precedence';'l';'z';0.402;0.600;0.600
'AlternatePrecedence(z, l)';'AlternatePrecedence';'l';'z';0.356;0.531;0.531
'AtMostOne(m)';'AtMostOne';'m';;0.492;0.571;0.571
'Participation(m)';'Participation';'m';;0.862;0.862;0.862
'Precedence(a, m)';'Precedence';'m';'a';0.862;1.000;1.000
'AlternatePrecedence(a, m)';'AlternatePrecedence';'m';'a';0.680;0.789;0.789
'Precedence(c, m)';'Precedence';'m';'c';0.446;0.517;0.517
'CoExistence(m, a)';'CoExistence';'m';'a';0.862;0.862;0.862
'RespondedExistence(m, a)';'RespondedExistence';'m';'a';0.862;1.000;1.000
'Response(m, a)';'Response';'m';'a';0.504;0.585;0.585
'CoExistence(m, b)';'CoExistence';'m';'b';0.862;0.862;0.862
'RespondedExistence(m, b)';'RespondedExistence';'m';'b';0.862;1.000;1.000
'Response(m, b)';'Response';'m';'b';0.862;1.000;1.000
'AlternateResponse(m, b)';'AlternateResponse';'m';'b';0.686;0.796;0.796
'CoExistence(m, c)';'CoExistence';'m';'c';0.788;0.809;0.809
'RespondedExistence(m, c)';'RespondedExistence';'m';'c';0.788;0.914;0.914
'NotSuccession(m, c)';'NotSuccession';'m';'c';0.632;0.649;0.649
'CoExistence(m, d)';'CoExistence';'m';'d';0.862;0.862;0.862
'RespondedExistence(m, d)';'RespondedExistence';'m';'d';0.862;1.000;1.000
'Response(m, d)';'Response';'m';'d';0.568;0.659;0.659
'AlternateResponse(m, d)';'AlternateResponse';'m';'d';0.456;0.529;0.529
'CoExistence(m, e)';'CoExistence';'m';'e';0.760;0.800;0.800
'RespondedExistence(m, e)';'RespondedExistence';'m';'e';0.760;0.882;0.882
'Response(m, e)';'Response';'m';'e';0.462;0.536;0.536
'CoExistence(m, f)';'CoExistence';'m';'f';0.848;0.874;0.874
'RespondedExistence(m, f)';'RespondedExistence';'m';'f';0.848;0.984;0.984
'Response(m, f)';'Response';'m';'f';0.760;0.882;0.882
'AlternateResponse(m, f)';'AlternateResponse';'m';'f';0.592;0.687;0.687
'CoExistence(m, g)';'CoExistence';'m';'g';0.794;0.814;0.814
'RespondedExistence(m, g)';'RespondedExistence';'m';'g';0.794;0.921;0.921
'Response(m, g)';'Response';'m';'g';0.522;0.606;0.606
'CoExistence(m, h)';'CoExistence';'m';'h';0.580;0.613;0.613
'RespondedExistence(m, h)';'RespondedExistence';'m';'h';0.580;0.673;0.673
'CoExistence(m, i)';'CoExistence';'m';'i';0.794;0.819;0.819
'RespondedExistence(m, i)';'RespondedExistence';'m';'i';0.794;0.921;0.921
'Response(m, i)';'Response';'m';'i';0.488;0.566;0.566
'CoExistence(m, l)';'CoExistence';'m';'l';0.588;0.623;0.623
'RespondedExistence(m, l)';'RespondedExistence';'m';'l';0.588;0.682;0.682
'CoExistence(m, n)';'CoExistence';'m';'n';0.862;0.896;0.896
'Succession(m, n)';'Succession';'m';'n';0.512;0.532;0.532
'RespondedExistence(m, n)';'RespondedExistence';'m';'n';0.862;1.000;1.000
'Response(m, n)';'Response';'m';'n';0.862;1.000;1.000
'AlternateResponse(m, n)';'AlternateResponse';'m';'n';0.862;1.000;1.000
'CoExistence(m, o)';'CoExistence';'m';'o';0.776;0.810;0.810
'RespondedExistence(m, o)';'RespondedExistence';'m';'o';0.776;0.900;0.900
'Response(m, o)';'Response';'m';'o';0.500;0.580;0.580
'CoExistence(m, p)';'CoExistence';'m';'p';0.848;0.860;0.860
'RespondedExistence(m, p)';'RespondedExistence';'m';'p';0.848;0.984;0.984
'Response(m, p)';'Response';'m';'p';0.660;0.766;0.766
'AlternateResponse(m, p)';'AlternateResponse';'m';'p';0.600;0.696;0.696
'CoExistence(m, q)';'CoExistence';'m';'q';0.784;0.808;0.808
'RespondedExistence(m, q)';'RespondedExistence';'m';'q';0.784;0.910;0.910
'Response(m, q)';'Response';'m';'q';0.488;0.566;0.566
'NotSuccession(m, r)';'NotSuccession';'m';'r';0.820;0.936;0.936
'NotCoExistence(m, r)';'NotCoExistence';'m';'r';0.792;0.904;0.904
'CoExistence(m, s)';'CoExistence';'m';'s';0.786;0.824;0.824
'RespondedExistence(m, s)';'RespondedExistence';'m';'s';0.786;0.912;0.912
'Response(m, s)';'Response';'m';'s';0.510;0.592;0.592
'CoExistence(m, t)';'CoExistence';'m';'t';0.852;0.862;0.862
'RespondedExistence(m, t)';'RespondedExistence';'m';'t';0.852;0.988;0.988
'Response(m, t)';'Response';'m';'t';0.582;0.675;0.675
'AlternateResponse(m, t)';'AlternateResponse';'m';'t';0.454;0.527;0.527
'CoExistence(m, u)';'CoExistence';'m';'u';0.782;0.808;0.808
'RespondedExistence(m, u)';'RespondedExistence';'m';'u';0.782;0.907;0.907
'Response(m, u)';'Response';'m';'u';0.506;0.587;0.587
'CoExistence(m, v)';'CoExistence';'m';'v';0.778;0.805;0.805
'RespondedExistence(m, v)';'RespondedExistence';'m';'v';0.778;0.903;0.903
'Response(m, v)';'Response';'m';'v';0.500;0.580;0.580
'CoExistence(m, w)';'CoExistence';'m';'w';0.788;0.806;0.806
'RespondedExistence(m, w)';'RespondedExistence';'m';'w';0.788;0.914;0.914
'Response(m, w)';'Response';'m';'w';0.516;0.599;0.599
'CoExistence(m, z)';'CoExistence';'m';'z';0.768;0.784;0.784
'RespondedExistence(m, z)';'RespondedExistence';'m';'z';0.768;0.891;0.891
'Response(m, z)';'Response';'m';'z';0.504;0.585;0.585
'Precedence(p, m)';'Precedence';'m';'p';0.550;0.638;0.638
'AlternatePrecedence(p, m)';'AlternatePrecedence';'m';'p';0.494;0.573;0.573
'Participation(n)';'Participation';'n';;0.962;0.962;0.962
'Precedence(a, n)';'Precedence';'n';'a';0.962;1.000;1.000
'Precedence(c, n)';'Precedence';'n';'c';0.516;0.536;0.536
'Precedence(d, n)';'Precedence';'n';'d';0.504;0.524;0.524
'Precedence(e, n)';'Precedence';'n';'e';0.484;0.503;0.503
'Precedence(g, n)';'Precedence';'n';'g';0.492;0.511;0.511
'Precedence(i, n)';'Precedence';'n';'i';0.492;0.511;0.511
'Precedence(m, n)';'Precedence';'n';'m';0.512;0.532;0.532
'CoExistence(n, a)';'CoExistence';'n';'a';0.962;0.962;0.962
'RespondedExistence(n, a)';'RespondedExistence';'n';'a';0.962;1.000;1.000
'CoExistence(n, b)';'CoExistence';'n';'b';0.962;0.962;0.962
'RespondedExistence(n, b)';'RespondedExistence';'n';'b';0.962;1.000;1.000
'Response(n, b)';'Response';'n';'b';0.962;1.000;1.000
'CoExistence(n, c)';'CoExistence';'n';'c';0.878;0.892;0.892
'RespondedExistence(n, c)';'RespondedExistence';'n';'c';0.878;0.913;0.913
'NotSuccession(n, c)';'NotSuccession';'n';'c';0.622;0.632;0.632
'CoExistence(n, d)';'CoExistence';'n';'d';0.962;0.962;0.962
'RespondedExistence(n, d)';'RespondedExistence';'n';'d';0.962;1.000;1.000
'CoExistence(n, e)';'CoExistence';'n';'e';0.836;0.858;0.858
'RespondedExistence(n, e)';'RespondedExistence';'n';'e';0.836;0.869;0.869
'CoExistence(n, f)';'CoExistence';'n';'f';0.932;0.945;0.945
'RespondedExistence(n, f)';'RespondedExistence';'n';'f';0.932;0.969;0.969
'CoExistence(n, g)';'CoExistence';'n';'g';0.880;0.889;0.889
'RespondedExistence(n, g)';'RespondedExistence';'n';'g';0.880;0.915;0.915
'CoExistence(n, h)';'CoExistence';'n';'h';0.648;0.663;0.663
'RespondedExistence(n, h)';'RespondedExistence';'n';'h';0.648;0.674;0.674
'NotSuccession(n, h)';'NotSuccession';'n';'h';0.496;0.507;0.507
'CoExistence(n, i)';'CoExistence';'n';'i';0.874;0.883;0.883
'RespondedExistence(n, i)';'RespondedExistence';'n';'i';0.874;0.909;0.909
'CoExistence(n, l)';'CoExistence';'n';'l';0.652;0.665;0.665
'RespondedExistence(n, l)';'RespondedExistence';'n';'l';0.652;0.678;0.678
'NotSuccession(n, l)';'NotSuccession';'n';'l';0.532;0.543;0.543
'CoExistence(n, m)';'CoExistence';'n';'m';0.862;0.896;0.896
'RespondedExistence(n, m)';'RespondedExistence';'n';'m';0.862;0.896;0.896
'CoExistence(n, o)';'CoExistence';'n';'o';0.852;0.868;0.868
'RespondedExistence(n, o)';'RespondedExistence';'n';'o';0.852;0.886;0.886
'CoExistence(n, p)';'CoExistence';'n';'p';0.940;0.946;0.946
'RespondedExistence(n, p)';'RespondedExistence';'n';'p';0.940;0.977;0.977
'CoExistence(n, q)';'CoExistence';'n';'q';0.866;0.877;0.877
'RespondedExistence(n, q)';'RespondedExistence';'n';'q';0.866;0.900;0.900
'NotSuccession(n, r)';'NotSuccession';'n';'r';0.914;0.950;0.950
'NotCoExistence(n, r)';'NotCoExistence';'n';'r';0.864;0.898;0.898
'CoExistence(n, s)';'CoExistence';'n';'s';0.862;0.881;0.881
'RespondedExistence(n, s)';'RespondedExistence';'n';'s';0.862;0.896;0.896
'CoExistence(n, t)';'CoExistence';'n';'t';0.944;0.948;0.948
'RespondedExistence(n, t)';'RespondedExistence';'n';'t';0.944;0.981;0.981
'CoExistence(n, u)';'CoExistence';'n';'u';0.868;0.884;0.884
'RespondedExistence(n, u)';'RespondedExistence';'n';'u';0.868;0.902;0.902
'CoExistence(n, v)';'CoExistence';'n';'v';0.862;0.878;0.878
'RespondedExistence(n, v)';'RespondedExistence';'n';'v';0.862;0.896;0.896
'CoExistence(n, w)';'CoExistence';'n';'w';0.872;0.877;0.877
'RespondedExistence(n, w)';'RespondedExistence';'n';'w';0.872;0.906;0.906
'CoExistence(n, z)';'CoExistence';'n';'z';0.858;0.867;0.867
'RespondedExistence(n, z)';'RespondedExistence';'n';'z';0.858;0.892;0.892
'Precedence(p, n)';'Precedence';'n';'p';0.640;0.665;0.665
'Precedence(q, n)';'Precedence';'n';'q';0.510;0.530;0.530
'Precedence(z, n)';'Precedence';'n';'z';0.490;0.509;0.509
'Participation(o)';'Participation';'o';;0.872;0.872;0.872
'Precedence(a, o)';'Precedence';'o';'a';0.872;1.000;1.000
'Precedence(c, o)';'Precedence';'o';'c';0.438;0.502;0.502
'CoExistence(o, a)';'CoExistence';'o';'a';0.872;0.872;0.872
'RespondedExistence(o, a)';'RespondedExistence';'o';'a';0.872;1.000;1.000
'CoExistence(o, b)';'CoExistence';'o';'b';0.872;0.872;0.872
'RespondedExistence(o, b)';'RespondedExistence';'o';'b';0.872;1.000;1.000
'Response(o, b)';'Response';'o';'b';0.872;1.000;1.000
'CoExistence(o, c)';'CoExistence';'o';'c';0.786;0.797;0.797
'RespondedExistence(o, c)';'RespondedExistence';'o';'c';0.786;0.901;0.901
'NotSuccession(o, c)';'NotSuccession';'o';'c';0.638;0.647;0.647
'CoExistence(o, d)';'CoExistence';'o';'d';0.872;0.872;0.872
'RespondedExistence(o, d)';'RespondedExistence';'o';'d';0.872;1.000;1.000
'Response(o, d)';'Response';'o';'d';0.480;0.550;0.550
'CoExistence(o, e)';'CoExistence';'o';'e';0.756;0.784;0.784
'RespondedExistence(o, e)';'RespondedExistence';'o';'e';0.756;0.867;0.867
'CoExistence(o, f)';'CoExistence';'o';'f';0.846;0.862;0.862
'RespondedExistence(o, f)';'RespondedExistence';'o';'f';0.846;0.970;0.970
'Response(o, f)';'Response';'o';'f';0.688;0.789;0.789
'CoExistence(o, g)';'CoExistence';'o';'g';0.800;0.816;0.816
'RespondedExistence(o, g)';'RespondedExistence';'o';'g';0.800;0.917;0.917
'CoExistence(o, h)';'CoExistence';'o';'h';0.588;0.620;0.620
'RespondedExistence(o, h)';'RespondedExistence';'o';'h';0.588;0.674;0.674
'CoExistence(o, i)';'CoExistence';'o';'i';0.788;0.799;0.799
'RespondedExistence(o, i)';'RespondedExistence';'o';'i';0.788;0.904;0.904
'CoExistence(o, l)';'CoExistence';'o';'l';0.588;0.616;0.616
'RespondedExistence(o, l)';'RespondedExistence';'o';'l';0.588;0.674;0.674
'NotSuccession(o, l)';'NotSuccession';'o';'l';0.486;0.509;0.509
'CoExistence(o, m)';'CoExistence';'o';'m';0.776;0.810;0.810
'RespondedExistence(o, m)';'RespondedExistence';'o';'m';0.776;0.890;0.890
'CoExistence(o, n)';'CoExistence';'o';'n';0.852;0.868;0.868
'RespondedExistence(o, n)';'RespondedExistence';'o';'n';0.852;0.977;0.977
'Response(o, n)';'Response';'o';'n';0.718;0.823;0.823
'CoExistence(o, p)';'CoExistence';'o';'p';0.872;0.897;0.897
'RespondedExistence(o, p)';'RespondedExistence';'o';'p';0.872;1.000;1.000
'Response(o, p)';'Response';'o';'p';0.872;1.000;1.000
'AlternateResponse(o, p)';'AlternateResponse';'o';'p';0.872;1.000;1.000
'ChainResponse(o, p)';'ChainResponse';'o';'p';0.872;1.000;1.000
'CoExistence(o, q)';'CoExistence';'o';'q';0.790;0.811;0.811
'RespondedExistence(o, q)';'RespondedExistence';'o';'q';0.790;0.906;0.906
'NotSuccession(o, r)';'NotSuccession';'o';'r';0.822;0.932;0.932
'NotCoExistence(o, r)';'NotCoExistence';'o';'r';0.794;0.900;0.900
'CoExistence(o, s)';'CoExistence';'o';'s';0.778;0.800;0.800
'RespondedExistence(o, s)';'RespondedExistence';'o';'s';0.778;0.892;0.892
'CoExistence(o, t)';'CoExistence';'o';'t';0.860;0.869;0.869
'RespondedExistence(o, t)';'RespondedExistence';'o';'t';0.860;0.986;0.986
'Response(o, t)';'Response';'o';'t';0.464;0.532;0.532
'CoExistence(o, u)';'CoExistence';'o';'u';0.786;0.807;0.807
'RespondedExistence(o, u)';'RespondedExistence';'o';'u';0.786;0.901;0.901
'CoExistence(o, v)';'CoExistence';'o';'v';0.784;0.808;0.808
'RespondedExistence(o, v)';'RespondedExistence';'o';'v';0.784;0.899;0.899
'CoExistence(o, w)';'CoExistence';'o';'w';0.792;0.805;0.805
'RespondedExistence(o, w)';'RespondedExistence';'o';'w';0.792;0.908;0.908
'CoExistence(o, z)';'CoExistence';'o';'z';0.772;0.783;0.783
'RespondedExistence(o, z)';'RespondedExistence';'o';'z';0.772;0.885;0.885
'Participation(p)';'Participation';'p';;0.972;0.972;0.972
'Precedence(a, p)';'Precedence';'p';'a';0.972;1.000;1.000
'CoExistence(p, a)';'CoExistence';'p';'a';0.972;0.972;0.972
'RespondedExistence(p, a)';'RespondedExistence';'p';'a';0.972;1.000;1.000
'CoExistence(p, b)';'CoExistence';'p';'b';0.972;0.972;0.972
'Succession(p, b)';'Succession';'p';'b';0.674;0.674;0.674
'RespondedExistence(p, b)';'RespondedExistence';'p';'b';0.972;1.000;1.000
'Response(p, b)';'Response';'p';'b';0.972;1.000;1.000
'CoExistence(p, c)';'CoExistence';'p';'c';0.876;0.880;0.880
'RespondedExistence(p, c)';'RespondedExistence';'p';'c';0.876;0.901;0.901
'CoExistence(p, d)';'CoExistence';'p';'d';0.972;0.972;0.972
'RespondedExistence(p, d)';'RespondedExistence';'p';'d';0.972;1.000;1.000
'CoExistence(p, e)';'CoExistence';'p';'e';0.834;0.846;0.846
'RespondedExistence(p, e)';'RespondedExistence';'p';'e';0.834;0.858;0.858
'CoExistence(p, f)';'CoExistence';'p';'f';0.938;0.947;0.947
'RespondedExistence(p, f)';'RespondedExistence';'p';'f';0.938;0.965;0.965
'Response(p, f)';'Response';'p';'f';0.684;0.704;0.704
'CoExistence(p, g)';'CoExistence';'p';'g';0.886;0.891;0.891
'RespondedExistence(p, g)';'RespondedExistence';'p';'g';0.886;0.912;0.912
'CoExistence(p, h)';'CoExistence';'p';'h';0.648;0.656;0.656
'RespondedExistence(p, h)';'RespondedExistence';'p';'h';0.648;0.667;0.667
'CoExistence(p, i)';'CoExistence';'p';'i';0.880;0.885;0.885
'RespondedExistence(p, i)';'RespondedExistence';'p';'i';0.880;0.905;0.905
'CoExistence(p, l)';'CoExistence';'p';'l';0.650;0.655;0.655
'RespondedExistence(p, l)';'RespondedExistence';'p';'l';0.650;0.669;0.669
'CoExistence(p, m)';'CoExistence';'p';'m';0.848;0.860;0.860
'RespondedExistence(p, m)';'RespondedExistence';'p';'m';0.848;0.872;0.872
'CoExistence(p, n)';'CoExistence';'p';'n';0.940;0.946;0.946
'Succession(p, n)';'Succession';'p';'n';0.506;0.509;0.509
'RespondedExistence(p, n)';'RespondedExistence';'p';'n';0.940;0.967;0.967
'Response(p, n)';'Response';'p';'n';0.708;0.728;0.728
'CoExistence(p, o)';'CoExistence';'p';'o';0.872;0.897;0.897
'RespondedExistence(p, o)';'RespondedExistence';'p';'o';0.872;0.897;0.897
'CoExistence(p, q)';'CoExistence';'p';'q';0.872;0.879;0.879
'RespondedExistence(p, q)';'RespondedExistence';'p';'q';0.872;0.897;0.897
'NotSuccession(p, r)';'NotSuccession';'p';'r';0.896;0.920;0.920
'NotCoExistence(p, r)';'NotCoExistence';'p';'r';0.878;0.901;0.901
'CoExistence(p, s)';'CoExistence';'p';'s';0.862;0.872;0.872
'RespondedExistence(p, s)';'RespondedExistence';'p';'s';0.862;0.887;0.887
'CoExistence(p, t)';'CoExistence';'p';'t';0.958;0.966;0.966
'RespondedExistence(p, t)';'RespondedExistence';'p';'t';0.958;0.986;0.986
'CoExistence(p, u)';'CoExistence';'p';'u';0.870;0.879;0.879
'RespondedExistence(p, u)';'RespondedExistence';'p';'u';0.870;0.895;0.895
'CoExistence(p, v)';'CoExistence';'p';'v';0.862;0.869;0.869
'RespondedExistence(p, v)';'RespondedExistence';'p';'v';0.862;0.887;0.887
'CoExistence(p, w)';'CoExistence';'p';'w';0.882;0.887;0.887
'RespondedExistence(p, w)';'RespondedExistence';'p';'w';0.882;0.907;0.907
'CoExistence(p, z)';'CoExistence';'p';'z';0.864;0.869;0.869
'RespondedExistence(p, z)';'RespondedExistence';'p';'z';0.864;0.889;0.889
'Participation(q)';'Participation';'q';;0.892;0.892;0.892
'Precedence(a, q)';'Precedence';'q';'a';0.892;1.000;1.000
'Precedence(p, q)';'Precedence';'q';'p';0.550;0.617;0.617
'CoExistence(q, a)';'CoExistence';'q';'a';0.892;0.892;0.892
'RespondedExistence(q, a)';'RespondedExistence';'q';'a';0.892;1.000;1.000
'CoExistence(q, b)';'CoExistence';'q';'b';0.892;0.892;0.892
'RespondedExistence(q, b)';'RespondedExistence';'q';'b';0.892;1.000;1.000
'Response(q, b)';'Response';'q';'b';0.892;1.000;1.000
'CoExistence(q, c)';'CoExistence';'q';'c';0.810;0.825;0.825
'RespondedExistence(q, c)';'RespondedExistence';'q';'c';0.810;0.908;0.908
'NotSuccession(q, c)';'NotSuccession';'q';'c';0.604;0.615;0.615
'CoExistence(q, d)';'CoExistence';'q';'d';0.892;0.892;0.892
'RespondedExistence(q, d)';'RespondedExistence';'q';'d';0.892;1.000;1.000
'Response(q, d)';'Response';'q';'d';0.496;0.556;0.556
'CoExistence(q, e)';'CoExistence';'q';'e';0.772;0.798;0.798
'RespondedExistence(q, e)';'RespondedExistence';'q';'e';0.772;0.865;0.865
'CoExistence(q, f)';'CoExistence';'q';'f';0.866;0.882;0.882
'RespondedExistence(q, f)';'RespondedExistence';'q';'f';0.866;0.971;0.971
'Response(q, f)';'Response';'q';'f';0.686;0.769;0.769
'CoExistence(q, g)';'CoExistence';'q';'g';0.816;0.829;0.829
'RespondedExistence(q, g)';'RespondedExistence';'q';'g';0.816;0.915;0.915
'CoExistence(q, h)';'CoExistence';'q';'h';0.596;0.621;0.621
'RespondedExistence(q, h)';'RespondedExistence';'q';'h';0.596;0.668;0.668
'CoExistence(q, i)';'CoExistence';'q';'i';0.810;0.823;0.823
'RespondedExistence(q, i)';'RespondedExistence';'q';'i';0.810;0.908;0.908
'CoExistence(q, l)';'CoExistence';'q';'l';0.610;0.641;0.641
'RespondedExistence(q, l)';'RespondedExistence';'q';'l';0.610;0.684;0.684
'CoExistence(q, m)';'CoExistence';'q';'m';0.784;0.808;0.808
'RespondedExistence(q, m)';'RespondedExistence';'q';'m';0.784;0.879;0.879
'CoExistence(q, n)';'CoExistence';'q';'n';0.866;0.877;0.877
'RespondedExistence(q, n)';'RespondedExistence';'q';'n';0.866;0.971;0.971
'Response(q, n)';'Response';'q';'n';0.696;0.780;0.780
'CoExistence(q, o)';'CoExistence';'q';'o';0.790;0.811;0.811
'RespondedExistence(q, o)';'RespondedExistence';'q';'o';0.790;0.886;0.886
'CoExistence(q, p)';'CoExistence';'q';'p';0.872;0.879;0.879
'RespondedExistence(q, p)';'RespondedExistence';'q';'p';0.872;0.978;0.978
'Response(q, p)';'Response';'q';'p';0.564;0.632;0.632
'NotSuccession(q, r)';'NotSuccession';'q';'r';0.794;0.890;0.890
'NotCoExistence(q, r)';'NotCoExistence';'q';'r';0.794;0.890;0.890
'CoExistence(q, s)';'CoExistence';'q';'s';0.794;0.814;0.814
'RespondedExistence(q, s)';'RespondedExistence';'q';'s';0.794;0.890;0.890
'CoExistence(q, t)';'CoExistence';'q';'t';0.878;0.885;0.885
'RespondedExistence(q, t)';'RespondedExistence';'q';'t';0.878;0.984;0.984
'Response(q, t)';'Response';'q';'t';0.502;0.563;0.563
'CoExistence(q, u)';'CoExistence';'q';'u';0.802;0.820;0.820
'RespondedExistence(q, u)';'RespondedExistence';'q';'u';0.802;0.899;0.899
'CoExistence(q, v)';'CoExistence';'q';'v';0.808;0.836;0.836
'RespondedExistence(q, v)';'RespondedExistence';'q';'v';0.808;0.906;0.906
'CoExistence(q, w)';'CoExistence';'q';'w';0.804;0.810;0.810
'RespondedExistence(q, w)';'RespondedExistence';'q';'w';0.804;0.901;0.901
'CoExistence(q, z)';'CoExistence';'q';'z';0.792;0.803;0.803
'RespondedExistence(q, z)';'RespondedExistence';'q';'z';0.792;0.888;0.888
'AtMostOne(r)';'AtMostOne';'r';;0.094;0.959;0.959
'Precedence(a, r)';'Precedence';'r';'a';0.098;1.000;1.000
'AlternatePrecedence(a, r)';'AlternatePrecedence';'r';'a';0.098;1.000;1.000
'Precedence(b, r)';'Precedence';'r';'b';0.052;0.531;0.531
'AlternatePrecedence(b, r)';'AlternatePrecedence';'r';'b';0.050;0.510;0.510
'Precedence(c, r)';'Precedence';'r';'c';0.068;0.694;0.694
'AlternatePrecedence(c, r)';'AlternatePrecedence';'r';'c';0.066;0.673;0.673
'Precedence(d, r)';'Precedence';'r';'d';0.060;0.612;0.612
'AlternatePrecedence(d, r)';'AlternatePrecedence';'r';'d';0.058;0.592;0.592
'Precedence(e, r)';'Precedence';'r';'e';0.068;0.694;0.694
'AlternatePrecedence(e, r)';'AlternatePrecedence';'r';'e';0.068;0.694;0.694
'Precedence(f, r)';'Precedence';'r';'f';0.056;0.571;0.571
'AlternatePrecedence(f, r)';'AlternatePrecedence';'r';'f';0.056;0.571;0.571
'Precedence(g, r)';'Precedence';'r';'g';0.074;0.755;0.755
'AlternatePrecedence(g, r)';'AlternatePrecedence';'r';'g';0.074;0.755;0.755
'Precedence(i, r)';'Precedence';'r';'i';0.058;0.592;0.592
'AlternatePrecedence(i, r)';'AlternatePrecedence';'r';'i';0.058;0.592;0.592
'Precedence(m, r)';'Precedence';'r';'m';0.054;0.551;0.551
'AlternatePrecedence(m, r)';'AlternatePrecedence';'r';'m';0.052;0.531;0.531
'Precedence(o, r)';'Precedence';'r';'o';0.058;0.592;0.592
'AlternatePrecedence(o, r)';'AlternatePrecedence';'r';'o';0.058;0.592;0.592
'Precedence(p, r)';'Precedence';'r';'p';0.074;0.755;0.755
'AlternatePrecedence(p, r)';'AlternatePrecedence';'r';'p';0.074;0.755;0.755
'Precedence(q, r)';'Precedence';'r';'q';0.098;1.000;1.000
'AlternatePrecedence(q, r)';'AlternatePrecedence';'r';'q';0.098;1.000;1.000
'ChainPrecedence(q, r)';'ChainPrecedence';'r';'q';0.098;1.000;1.000
'RespondedExistence(r, a)';'RespondedExistence';'r';'a';0.098;1.000;1.000
'Response(r, a)';'Response';'r';'a';0.058;0.592;0.592
'AlternateResponse(r, a)';'AlternateResponse';'r';'a';0.058;0.592;0.592
'NotSuccession(r, a)';'NotSuccession';'r';'a';0.938;0.938;0.938
'NotCoExistence(r, a)';'NotCoExistence';'r';'a';0.902;0.902;0.902
'RespondedExistence(r, b)';'RespondedExistence';'r';'b';0.098;1.000;1.000
'Response(r, b)';'Response';'r';'b';0.098;1.000;1.000
'AlternateResponse(r, b)';'AlternateResponse';'r';'b';0.094;0.959;0.959
'NotSuccession(r, b)';'NotSuccession';'r';'b';0.902;0.902;0.902
'NotCoExistence(r, b)';'NotCoExistence';'r';'b';0.902;0.902;0.902
'RespondedExistence(r, c)';'RespondedExistence';'r';'c';0.092;0.939;0.939
'NotSuccession(r, c)';'NotSuccession';'r';'c';0.882;0.974;0.974
'NotCoExistence(r, c)';'NotCoExistence';'r';'c';0.814;0.898;0.898
'RespondedExistence(r, d)';'RespondedExistence';'r';'d';0.098;1.000;1.000
'Response(r, d)';'Response';'r';'d';0.070;0.714;0.714
'AlternateResponse(r, d)';'AlternateResponse';'r';'d';0.068;0.694;0.694
'NotSuccession(r, d)';'NotSuccession';'r';'d';0.928;0.928;0.928
'NotCoExistence(r, d)';'NotCoExistence';'r';'d';0.902;0.902;0.902
'RespondedExistence(r, e)';'RespondedExistence';'r';'e';0.090;0.918;0.918
'Response(r, e)';'Response';'r';'e';0.056;0.571;0.571
'AlternateResponse(r, e)';'AlternateResponse';'r';'e';0.056;0.571;0.571
'NotSuccession(r, e)';'NotSuccession';'r';'e';0.798;0.932;0.932
'NotCoExistence(r, e)';'NotCoExistence';'r';'e';0.766;0.895;0.895
'RespondedExistence(r, f)';'RespondedExistence';'r';'f';0.098;1.000;1.000
'Response(r, f)';'Response';'r';'f';0.086;0.878;0.878
'AlternateResponse(r, f)';'AlternateResponse';'r';'f';0.084;0.857;0.857
'NotSuccession(r, f)';'NotSuccession';'r';'f';0.868;0.908;0.908
'NotCoExistence(r, f)';'NotCoExistence';'r';'f';0.858;0.897;0.897
'RespondedExistence(r, g)';'RespondedExistence';'r';'g';0.094;0.959;0.959
'Response(r, g)';'Response';'r';'g';0.066;0.673;0.673
'AlternateResponse(r, g)';'AlternateResponse';'r';'g';0.066;0.673;0.673
'NotSuccession(r, g)';'NotSuccession';'r';'g';0.846;0.928;0.928
'NotCoExistence(r, g)';'NotCoExistence';'r';'g';0.818;0.897;0.897
'RespondedExistence(r, h)';'RespondedExistence';'r';'h';0.074;0.755;0.755
'Response(r, h)';'Response';'r';'h';0.052;0.531;0.531
'AlternateResponse(r, h)';'AlternateResponse';'r';'h';0.050;0.510;0.510
'NotSuccession(r, h)';'NotSuccession';'r';'h';0.636;0.924;0.924
'NotCoExistence(r, h)';'NotCoExistence';'r';'h';0.614;0.892;0.892
'RespondedExistence(r, i)';'RespondedExistence';'r';'i';0.090;0.918;0.918
'Response(r, i)';'Response';'r';'i';0.054;0.551;0.551
'AlternateResponse(r, i)';'AlternateResponse';'r';'i';0.052;0.531;0.531
'NotSuccession(r, i)';'NotSuccession';'r';'i';0.854;0.938;0.938
'NotCoExistence(r, i)';'NotCoExistence';'r';'i';0.820;0.901;0.901
'RespondedExistence(r, l)';'RespondedExistence';'r';'l';0.060;0.612;0.612
'NotSuccession(r, l)';'NotSuccession';'r';'l';0.676;0.955;0.955
'NotCoExistence(r, l)';'NotCoExistence';'r';'l';0.648;0.915;0.915
'RespondedExistence(r, m)';'RespondedExistence';'r';'m';0.084;0.857;0.857
'NotSuccession(r, m)';'NotSuccession';'r';'m';0.834;0.952;0.952
'NotCoExistence(r, m)';'NotCoExistence';'r';'m';0.792;0.904;0.904
'RespondedExistence(r, n)';'RespondedExistence';'r';'n';0.098;1.000;1.000
'Response(r, n)';'Response';'r';'n';0.090;0.918;0.918
'AlternateResponse(r, n)';'AlternateResponse';'r';'n';0.086;0.878;0.878
'NotSuccession(r, n)';'NotSuccession';'r';'n';0.872;0.906;0.906
'NotCoExistence(r, n)';'NotCoExistence';'r';'n';0.864;0.898;0.898
'RespondedExistence(r, o)';'RespondedExistence';'r';'o';0.088;0.898;0.898
'Response(r, o)';'Response';'r';'o';0.054;0.551;0.551
'AlternateResponse(r, o)';'AlternateResponse';'r';'o';0.052;0.531;0.531
'NotSuccession(r, o)';'NotSuccession';'r';'o';0.826;0.937;0.937
'NotCoExistence(r, o)';'NotCoExistence';'r';'o';0.794;0.900;0.900
'RespondedExistence(r, p)';'RespondedExistence';'r';'p';0.096;0.980;0.980
'Response(r, p)';'Response';'r';'p';0.074;0.755;0.755
'AlternateResponse(r, p)';'AlternateResponse';'r';'p';0.074;0.755;0.755
'NotSuccession(r, p)';'NotSuccession';'r';'p';0.900;0.924;0.924
'NotCoExistence(r, p)';'NotCoExistence';'r';'p';0.878;0.901;0.901
'RespondedExistence(r, q)';'RespondedExistence';'r';'q';0.098;1.000;1.000
'Response(r, q)';'Response';'r';'q';0.052;0.531;0.531
'AlternateResponse(r, q)';'AlternateResponse';'r';'q';0.052;0.531;0.531
'NotSuccession(r, q)';'NotSuccession';'r';'q';0.840;0.942;0.942
'NotCoExistence(r, q)';'NotCoExistence';'r';'q';0.794;0.890;0.890
'RespondedExistence(r, s)';'RespondedExistence';'r';'s';0.088;0.898;0.898
'Response(r, s)';'Response';'r';'s';0.056;0.571;0.571
'AlternateResponse(r, s)';'AlternateResponse';'r';'s';0.054;0.551;0.551
'NotSuccession(r, s)';'NotSuccession';'r';'s';0.830;0.935;0.935
'NotCoExistence(r, s)';'NotCoExistence';'r';'s';0.800;0.901;0.901
'RespondedExistence(r, t)';'RespondedExistence';'r';'t';0.094;0.959;0.959
'Response(r, t)';'Response';'r';'t';0.066;0.673;0.673
'AlternateResponse(r, t)';'AlternateResponse';'r';'t';0.066;0.673;0.673
'NotSuccession(r, t)';'NotSuccession';'r';'t';0.914;0.931;0.931
'NotCoExistence(r, t)';'NotCoExistence';'r';'t';0.888;0.904;0.904
'RespondedExistence(r, u)';'RespondedExistence';'r';'u';0.088;0.898;0.898
'Response(r, u)';'Response';'r';'u';0.050;0.510;0.510
'AlternateResponse(r, u)';'AlternateResponse';'r';'u';0.050;0.510;0.510
'NotSuccession(r, u)';'NotSuccession';'r';'u';0.844;0.940;0.940
'NotCoExistence(r, u)';'NotCoExistence';'r';'u';0.810;0.902;0.902
'RespondedExistence(r, v)';'RespondedExistence';'r';'v';0.092;0.939;0.939
'Response(r, v)';'Response';'r';'v';0.060;0.612;0.612
'AlternateResponse(r, v)';'AlternateResponse';'r';'v';0.058;0.592;0.592
'NotSuccession(r, v)';'NotSuccession';'r';'v';0.826;0.930;0.930
'NotCoExistence(r, v)';'NotCoExistence';'r';'v';0.796;0.896;0.896
'RespondedExistence(r, w)';'RespondedExistence';'r';'w';0.086;0.878;0.878
'Response(r, w)';'Response';'r';'w';0.056;0.571;0.571
'AlternateResponse(r, w)';'AlternateResponse';'r';'w';0.054;0.551;0.551
'NotSuccession(r, w)';'NotSuccession';'r';'w';0.858;0.937;0.937
'NotCoExistence(r, w)';'NotCoExistence';'r';'w';0.830;0.906;0.906
'RespondedExistence(r, z)';'RespondedExistence';'r';'z';0.084;0.857;0.857
'Response(r, z)';'Response';'r';'z';0.062;0.633;0.633
'AlternateResponse(r, z)';'AlternateResponse';'r';'z';0.060;0.612;0.612
'NotSuccession(r, z)';'NotSuccession';'r';'z';0.838;0.931;0.931
'NotCoExistence(r, z)';'NotCoExistence';'r';'z';0.816;0.907;0.907
'Precedence(s, r)';'Precedence';'r';'s';0.064;0.653;0.653
'AlternatePrecedence(s, r)';'AlternatePrecedence';'r';'s';0.064;0.653;0.653
'Precedence(u, r)';'Precedence';'r';'u';0.052;0.531;0.531
'AlternatePrecedence(u, r)';'AlternatePrecedence';'r';'u';0.052;0.531;0.531
'Precedence(v, r)';'Precedence';'r';'v';0.058;0.592;0.592
'AlternatePrecedence(v, r)';'AlternatePrecedence';'r';'v';0.058;0.592;0.592
'Precedence(w, r)';'Precedence';'r';'w';0.056;0.571;0.571
'AlternatePrecedence(w, r)';'AlternatePrecedence';'r';'w';0.054;0.551;0.551
'Precedence(z, r)';'Precedence';'r';'z';0.056;0.571;0.571
'AlternatePrecedence(z, r)';'AlternatePrecedence';'r';'z';0.054;0.551;0.551
'Participation(s)';'Participation';'s';;0.878;0.878;0.878
'Precedence(a, s)';'Precedence';'s';'a';0.878;1.000;1.000
'Precedence(p, s)';'Precedence';'s';'p';0.550;0.626;0.626
'CoExistence(s, a)';'CoExistence';'s';'a';0.878;0.878;0.878
'RespondedExistence(s, a)';'RespondedExistence';'s';'a';0.878;1.000;1.000
'CoExistence(s, b)';'CoExistence';'s';'b';0.878;0.878;0.878
'Succession(s, b)';'Succession';'s';'b';0.502;0.502;0.502
'RespondedExistence(s, b)';'RespondedExistence';'s';'b';0.878;1.000;1.000
'Response(s, b)';'Response';'s';'b';0.878;1.000;1.000
'CoExistence(s, c)';'CoExistence';'s';'c';0.798;0.814;0.814
'RespondedExistence(s, c)';'RespondedExistence';'s';'c';0.798;0.909;0.909
'NotSuccession(s, c)';'NotSuccession';'s';'c';0.606;0.618;0.618
'CoExistence(s, d)';'CoExistence';'s';'d';0.878;0.878;0.878
'RespondedExistence(s, d)';'RespondedExistence';'s';'d';0.878;1.000;1.000
'Response(s, d)';'Response';'s';'d';0.482;0.549;0.549
'CoExistence(s, e)';'CoExistence';'s';'e';0.766;0.798;0.798
'RespondedExistence(s, e)';'RespondedExistence';'s';'e';0.766;0.872;0.872
'CoExistence(s, f)';'CoExistence';'s';'f';0.850;0.864;0.864
'RespondedExistence(s, f)';'RespondedExistence';'s';'f';0.850;0.968;0.968
'Response(s, f)';'Response';'s';'f';0.688;0.784;0.784
'CoExistence(s, g)';'CoExistence';'s';'g';0.796;0.804;0.804
'RespondedExistence(s, g)';'RespondedExistence';'s';'g';0.796;0.907;0.907
'CoExistence(s, h)';'CoExistence';'s';'h';0.582;0.606;0.606
'RespondedExistence(s, h)';'RespondedExistence';'s';'h';0.582;0.663;0.663
'CoExistence(s, i)';'CoExistence';'s';'i';0.804;0.824;0.824
'RespondedExistence(s, i)';'RespondedExistence';'s';'i';0.804;0.916;0.916
'CoExistence(s, l)';'CoExistence';'s';'l';0.602;0.636;0.636
'RespondedExistence(s, l)';'RespondedExistence';'s';'l';0.602;0.686;0.686
'CoExistence(s, m)';'CoExistence';'s';'m';0.786;0.824;0.824
'RespondedExistence(s, m)';'RespondedExistence';'s';'m';0.786;0.895;0.895
'CoExistence(s, n)';'CoExistence';'s';'n';0.862;0.881;0.881
'RespondedExistence(s, n)';'RespondedExistence';'s';'n';0.862;0.982;0.982
'Response(s, n)';'Response';'s';'n';0.702;0.800;0.800
'CoExistence(s, o)';'CoExistence';'s';'o';0.778;0.800;0.800
'RespondedExistence(s, o)';'RespondedExistence';'s';'o';0.778;0.886;0.886
'CoExistence(s, p)';'CoExistence';'s';'p';0.862;0.872;0.872
'RespondedExistence(s, p)';'RespondedExistence';'s';'p';0.862;0.982;0.982
'Response(s, p)';'Response';'s';'p';0.558;0.636;0.636
'CoExistence(s, q)';'CoExistence';'s';'q';0.794;0.814;0.814
'RespondedExistence(s, q)';'RespondedExistence';'s';'q';0.794;0.904;0.904
'NotSuccession(s, r)';'NotSuccession';'s';'r';0.824;0.928;0.928
'NotCoExistence(s, r)';'NotCoExistence';'s';'r';0.800;0.901;0.901
'CoExistence(s, t)';'CoExistence';'s';'t';0.878;0.898;0.898
'RespondedExistence(s, t)';'RespondedExistence';'s';'t';0.878;1.000;1.000
'Response(s, t)';'Response';'s';'t';0.494;0.563;0.563
'CoExistence(s, u)';'CoExistence';'s';'u';0.788;0.806;0.806
'RespondedExistence(s, u)';'RespondedExistence';'s';'u';0.788;0.897;0.897
'CoExistence(s, v)';'CoExistence';'s';'v';0.788;0.811;0.811
'RespondedExistence(s, v)';'RespondedExistence';'s';'v';0.788;0.897;0.897
'CoExistence(s, w)';'CoExistence';'s';'w';0.792;0.800;0.800
'RespondedExistence(s, w)';'RespondedExistence';'s';'w';0.792;0.902;0.902
'CoExistence(s, z)';'CoExistence';'s';'z';0.780;0.793;0.793
'RespondedExistence(s, z)';'RespondedExistence';'s';'z';0.780;0.888;0.888
'Participation(t)';'Participation';'t';;0.978;0.978;0.978
'Precedence(a, t)';'Precedence';'t';'a';0.978;1.000;1.000
'Precedence(c, t)';'Precedence';'t';'c';0.494;0.505;0.505
'Precedence(d, t)';'Precedence';'t';'d';0.510;0.521;0.521
'Precedence(g, t)';'Precedence';'t';'g';0.500;0.511;0.511
'Precedence(i, t)';'Precedence';'t';'i';0.528;0.540;0.540
'Precedence(p, t)';'Precedence';'t';'p';0.636;0.650;0.650
'Precedence(q, t)';'Precedence';'t';'q';0.490;0.501;0.501
'Precedence(s, t)';'Precedence';'t';'s';0.494;0.505;0.505
'CoExistence(t, a)';'CoExistence';'t';'a';0.978;0.978;0.978
'RespondedExistence(t, a)';'RespondedExistence';'t';'a';0.978;1.000;1.000
'CoExistence(t, b)';'CoExistence';'t';'b';0.978;0.978;0.978
'Succession(t, b)';'Succession';'t';'b';0.538;0.538;0.538
'RespondedExistence(t, b)';'RespondedExistence';'t';'b';0.978;1.000;1.000
'Response(t, b)';'Response';'t';'b';0.978;1.000;1.000
'CoExistence(t, c)';'CoExistence';'t';'c';0.882;0.886;0.886
'RespondedExistence(t, c)';'RespondedExistence';'t';'c';0.882;0.902;0.902
'NotSuccession(t, c)';'NotSuccession';'t';'c';0.608;0.610;0.610
'CoExistence(t, d)';'CoExistence';'t';'d';0.978;0.978;0.978
'RespondedExistence(t, d)';'RespondedExistence';'t';'d';0.978;1.000;1.000
'Response(t, d)';'Response';'t';'d';0.490;0.501;0.501
'CoExistence(t, e)';'CoExistence';'t';'e';0.840;0.852;0.852
'RespondedExistence(t, e)';'RespondedExistence';'t';'e';0.840;0.859;0.859
'CoExistence(t, f)';'CoExistence';'t';'f';0.942;0.950;0.950
'RespondedExistence(t, f)';'RespondedExistence';'t';'f';0.942;0.963;0.963
'Response(t, f)';'Response';'t';'f';0.720;0.736;0.736
'CoExistence(t, g)';'CoExistence';'t';'g';0.892;0.897;0.897
'RespondedExistence(t, g)';'RespondedExistence';'t';'g';0.892;0.912;0.912
'CoExistence(t, h)';'CoExistence';'t';'h';0.650;0.655;0.655
'RespondedExistence(t, h)';'RespondedExistence';'t';'h';0.650;0.665;0.665
'CoExistence(t, i)';'CoExistence';'t';'i';0.890;0.899;0.899
'RespondedExistence(t, i)';'RespondedExistence';'t';'i';0.890;0.910;0.910
'CoExistence(t, l)';'CoExistence';'t';'l';0.662;0.671;0.671
'RespondedExistence(t, l)';'RespondedExistence';'t';'l';0.662;0.677;0.677
'CoExistence(t, m)';'CoExistence';'t';'m';0.852;0.862;0.862
'RespondedExistence(t, m)';'RespondedExistence';'t';'m';0.852;0.871;0.871
'CoExistence(t, n)';'CoExistence';'t';'n';0.944;0.948;0.948
'RespondedExistence(t, n)';'RespondedExistence';'t';'n';0.944;0.965;0.965
'Response(t, n)';'Response';'t';'n';0.706;0.722;0.722
'CoExistence(t, o)';'CoExistence';'t';'o';0.860;0.869;0.869
'RespondedExistence(t, o)';'RespondedExistence';'t';'o';0.860;0.879;0.879
'CoExistence(t, p)';'CoExistence';'t';'p';0.958;0.966;0.966
'RespondedExistence(t, p)';'RespondedExistence';'t';'p';0.958;0.980;0.980
'Response(t, p)';'Response';'t';'p';0.562;0.575;0.575
'CoExistence(t, q)';'CoExistence';'t';'q';0.878;0.885;0.885
'RespondedExistence(t, q)';'RespondedExistence';'t';'q';0.878;0.898;0.898
'NotSuccession(t, r)';'NotSuccession';'t';'r';0.934;0.951;0.951
'NotCoExistence(t, r)';'NotCoExistence';'t';'r';0.888;0.904;0.904
'CoExistence(t, s)';'CoExistence';'t';'s';0.878;0.898;0.898
'RespondedExistence(t, s)';'RespondedExistence';'t';'s';0.878;0.898;0.898
'CoExistence(t, u)';'CoExistence';'t';'u';0.878;0.889;0.889
'RespondedExistence(t, u)';'RespondedExistence';'t';'u';0.878;0.898;0.898
'CoExistence(t, v)';'CoExistence';'t';'v';0.870;0.879;0.879
'RespondedExistence(t, v)';'RespondedExistence';'t';'v';0.870;0.890;0.890
'CoExistence(t, w)';'CoExistence';'t';'w';0.890;0.897;0.897
'RespondedExistence(t, w)';'RespondedExistence';'t';'w';0.890;0.910;0.910
'CoExistence(t, z)';'CoExistence';'t';'z';0.868;0.871;0.871
'RespondedExistence(t, z)';'RespondedExistence';'t';'z';0.868;0.888;0.888
'Participation(u)';'Participation';'u';;0.888;0.888;0.888
'Precedence(a, u)';'Precedence';'u';'a';0.888;1.000;1.000
'Precedence(c, u)';'Precedence';'u';'c';0.446;0.502;0.502
'Precedence(p, u)';'Precedence';'u';'p';0.558;0.628;0.628
'CoExistence(u, a)';'CoExistence';'u';'a';0.888;0.888;0.888
'RespondedExistence(u, a)';'RespondedExistence';'u';'a';0.888;1.000;1.000
'CoExistence(u, b)';'CoExistence';'u';'b';0.888;0.888;0.888
'Succession(u, b)';'Succession';'u';'b';0.502;0.502;0.502
'RespondedExistence(u, b)';'RespondedExistence';'u';'b';0.888;1.000;1.000
'Response(u, b)';'Response';'u';'b';0.888;1.000;1.000
'CoExistence(u, c)';'CoExistence';'u';'c';0.810;0.828;0.828
'RespondedExistence(u, c)';'RespondedExistence';'u';'c';0.810;0.912;0.912
'NotSuccession(u, c)';'NotSuccession';'u';'c';0.614;0.628;0.628
'CoExistence(u, d)';'CoExistence';'u';'d';0.888;0.888;0.888
'RespondedExistence(u, d)';'RespondedExistence';'u';'d';0.888;1.000;1.000
'Response(u, d)';'Response';'u';'d';0.466;0.525;0.525
'CoExistence(u, e)';'CoExistence';'u';'e';0.772;0.801;0.801
'RespondedExistence(u, e)';'RespondedExistence';'u';'e';0.772;0.869;0.869
'CoExistence(u, f)';'CoExistence';'u';'f';0.862;0.878;0.878
'RespondedExistence(u, f)';'RespondedExistence';'u';'f';0.862;0.971;0.971
'Response(u, f)';'Response';'u';'f';0.676;0.761;0.761
'CoExistence(u, g)';'CoExistence';'u';'g';0.812;0.825;0.825
'RespondedExistence(u, g)';'RespondedExistence';'u';'g';0.812;0.914;0.914
'CoExistence(u, h)';'CoExistence';'u';'h';0.598;0.627;0.627
'RespondedExistence(u, h)';'RespondedExistence';'u';'h';0.598;0.673;0.673
'CoExistence(u, i)';'CoExistence';'u';'i';0.812;0.830;0.830
'RespondedExistence(u, i)';'RespondedExistence';'u';'i';0.812;0.914;0.914
'CoExistence(u, l)';'CoExistence';'u';'l';0.614;0.650;0.650
'RespondedExistence(u, l)';'RespondedExistence';'u';'l';0.614;0.691;0.691
'CoExistence(u, m)';'CoExistence';'u';'m';0.782;0.808;0.808
'RespondedExistence(u, m)';'RespondedExistence';'u';'m';0.782;0.881;0.881
'CoExistence(u, n)';'CoExistence';'u';'n';0.868;0.884;0.884
'RespondedExistence(u, n)';'RespondedExistence';'u';'n';0.868;0.977;0.977
'Response(u, n)';'Response';'u';'n';0.700;0.788;0.788
'CoExistence(u, o)';'CoExistence';'u';'o';0.786;0.807;0.807
'RespondedExistence(u, o)';'RespondedExistence';'u';'o';0.786;0.885;0.885
'CoExistence(u, p)';'CoExistence';'u';'p';0.870;0.879;0.879
'RespondedExistence(u, p)';'RespondedExistence';'u';'p';0.870;0.980;0.980
'Response(u, p)';'Response';'u';'p';0.524;0.590;0.590
'CoExistence(u, q)';'CoExistence';'u';'q';0.802;0.820;0.820
'RespondedExistence(u, q)';'RespondedExistence';'u';'q';0.802;0.903;0.903
'NotSuccession(u, r)';'NotSuccession';'u';'r';0.844;0.940;0.940
'NotCoExistence(u, r)';'NotCoExistence';'u';'r';0.810;0.902;0.902
'CoExistence(u, s)';'CoExistence';'u';'s';0.788;0.806;0.806
'RespondedExistence(u, s)';'RespondedExistence';'u';'s';0.788;0.887;0.887
'CoExistence(u, t)';'CoExistence';'u';'t';0.878;0.889;0.889
'RespondedExistence(u, t)';'RespondedExistence';'u';'t';0.878;0.989;0.989
'Response(u, t)';'Response';'u';'t';0.460;0.518;0.518
'CoExistence(u, v)';'CoExistence';'u';'v';0.796;0.817;0.817
'RespondedExistence(u, v)';'RespondedExistence';'u';'v';0.796;0.896;0.896
'CoExistence(u, w)';'CoExistence';'u';'w';0.812;0.829;0.829
'RespondedExistence(u, w)';'RespondedExistence';'u';'w';0.812;0.914;0.914
'CoExistence(u, z)';'CoExistence';'u';'z';0.792;0.807;0.807
'RespondedExistence(u, z)';'RespondedExistence';'u';'z';0.792;0.892;0.892
'Participation(v)';'Participation';'v';;0.882;0.882;0.882
'Precedence(a, v)';'Precedence';'v';'a';0.882;1.000;1.000
'Precedence(c, v)';'Precedence';'v';'c';0.442;0.501;0.501
'Precedence(p, v)';'Precedence';'v';'p';0.568;0.644;0.644
'CoExistence(v, a)';'CoExistence';'v';'a';0.882;0.882;0.882
'RespondedExistence(v, a)';'RespondedExistence';'v';'a';0.882;1.000;1.000
'CoExistence(v, b)';'CoExistence';'v';'b';0.882;0.882;0.882
'RespondedExistence(v, b)';'RespondedExistence';'v';'b';0.882;1.000;1.000
'Response(v, b)';'Response';'v';'b';0.882;1.000;1.000
'CoExistence(v, c)';'CoExistence';'v';'c';0.800;0.815;0.815
'RespondedExistence(v, c)';'RespondedExistence';'v';'c';0.800;0.907;0.907
'NotSuccession(v, c)';'NotSuccession';'v';'c';0.624;0.635;0.635
'CoExistence(v, d)';'CoExistence';'v';'d';0.882;0.882;0.882
'RespondedExistence(v, d)';'RespondedExistence';'v';'d';0.882;1.000;1.000
'Response(v, d)';'Response';'v';'d';0.478;0.542;0.542
'CoExistence(v, e)';'CoExistence';'v';'e';0.772;0.806;0.806
'RespondedExistence(v, e)';'RespondedExistence';'v';'e';0.772;0.875;0.875
'CoExistence(v, f)';'CoExistence';'v';'f';0.858;0.876;0.876
'RespondedExistence(v, f)';'RespondedExistence';'v';'f';0.858;0.973;0.973
'Response(v, f)';'Response';'v';'f';0.694;0.787;0.787
'CoExistence(v, g)';'CoExistence';'v';'g';0.810;0.827;0.827
'RespondedExistence(v, g)';'RespondedExistence';'v';'g';0.810;0.918;0.918
'CoExistence(v, h)';'CoExistence';'v';'h';0.594;0.624;0.624
'RespondedExistence(v, h)';'RespondedExistence';'v';'h';0.594;0.673;0.673
'CoExistence(v, i)';'CoExistence';'v';'i';0.804;0.820;0.820
'RespondedExistence(v, i)';'RespondedExistence';'v';'i';0.804;0.912;0.912
'CoExistence(v, l)';'CoExistence';'v';'l';0.592;0.617;0.617
'RespondedExistence(v, l)';'RespondedExistence';'v';'l';0.592;0.671;0.671
'NotSuccession(v, l)';'NotSuccession';'v';'l';0.508;0.529;0.529
'CoExistence(v, m)';'CoExistence';'v';'m';0.778;0.805;0.805
'RespondedExistence(v, m)';'RespondedExistence';'v';'m';0.778;0.882;0.882
'CoExistence(v, n)';'CoExistence';'v';'n';0.862;0.878;0.878
'RespondedExistence(v, n)';'RespondedExistence';'v';'n';0.862;0.977;0.977
'Response(v, n)';'Response';'v';'n';0.688;0.780;0.780
'CoExistence(v, o)';'CoExistence';'v';'o';0.784;0.808;0.808
'RespondedExistence(v, o)';'RespondedExistence';'v';'o';0.784;0.889;0.889
'CoExistence(v, p)';'CoExistence';'v';'p';0.862;0.869;0.869
'RespondedExistence(v, p)';'RespondedExistence';'v';'p';0.862;0.977;0.977
'Response(v, p)';'Response';'v';'p';0.536;0.608;0.608
'CoExistence(v, q)';'CoExistence';'v';'q';0.808;0.836;0.836
'RespondedExistence(v, q)';'RespondedExistence';'v';'q';0.808;0.916;0.916
'NotSuccession(v, r)';'NotSuccession';'v';'r';0.830;0.935;0.935
'NotCoExistence(v, r)';'NotCoExistence';'v';'r';0.796;0.896;0.896
'CoExistence(v, s)';'CoExistence';'v';'s';0.788;0.811;0.811
'RespondedExistence(v, s)';'RespondedExistence';'v';'s';0.788;0.893;0.893
'CoExistence(v, t)';'CoExistence';'v';'t';0.870;0.879;0.879
'RespondedExistence(v, t)';'RespondedExistence';'v';'t';0.870;0.986;0.986
'Response(v, t)';'Response';'v';'t';0.462;0.524;0.524
'CoExistence(v, u)';'CoExistence';'v';'u';0.796;0.817;0.817
'RespondedExistence(v, u)';'RespondedExistence';'v';'u';0.796;0.902;0.902
'CoExistence(v, w)';'CoExistence';'v';'w';0.804;0.819;0.819
'RespondedExistence(v, w)';'RespondedExistence';'v';'w';0.804;0.912;0.912
'CoExistence(v, z)';'CoExistence';'v';'z';0.790;0.808;0.808
'RespondedExistence(v, z)';'RespondedExistence';'v';'z';0.790;0.896;0.896
'Participation(w)';'Participation';'w';;0.904;0.904;0.904
'Precedence(a, w)';'Precedence';'w';'a';0.904;1.000;1.000
'Precedence(p, w)';'Precedence';'w';'p';0.546;0.604;0.604
'CoExistence(w, a)';'CoExistence';'w';'a';0.904;0.904;0.904
'RespondedExistence(w, a)';'RespondedExistence';'w';'a';0.904;1.000;1.000
'CoExistence(w, b)';'CoExistence';'w';'b';0.904;0.904;0.904
'RespondedExistence(w, b)';'RespondedExistence';'w';'b';0.904;1.000;1.000
'Response(w, b)';'Response';'w';'b';0.904;1.000;1.000
'CoExistence(w, c)';'CoExistence';'w';'c';0.818;0.830;0.830
'RespondedExistence(w, c)';'RespondedExistence';'w';'c';0.818;0.905;0.905
'NotSuccession(w, c)';'NotSuccession';'w';'c';0.602;0.611;0.611
'CoExistence(w, d)';'CoExistence';'w';'d';0.904;0.904;0.904
'RespondedExistence(w, d)';'RespondedExistence';'w';'d';0.904;1.000;1.000
'CoExistence(w, e)';'CoExistence';'w';'e';0.768;0.780;0.780
'RespondedExistence(w, e)';'RespondedExistence';'w';'e';0.768;0.850;0.850
'CoExistence(w, f)';'CoExistence';'w';'f';0.870;0.879;0.879
'RespondedExistence(w, f)';'RespondedExistence';'w';'f';0.870;0.962;0.962
'Response(w, f)';'Response';'w';'f';0.688;0.761;0.761
'CoExistence(w, g)';'CoExistence';'w';'g';0.826;0.838;0.838
'RespondedExistence(w, g)';'RespondedExistence';'w';'g';0.826;0.914;0.914
'CoExistence(w, h)';'CoExistence';'w';'h';0.600;0.620;0.620
'RespondedExistence(w, h)';'RespondedExistence';'w';'h';0.600;0.664;0.664
'CoExistence(w, i)';'CoExistence';'w';'i';0.814;0.821;0.821
'RespondedExistence(w, i)';'RespondedExistence';'w';'i';0.814;0.900;0.900
'CoExistence(w, l)';'CoExistence';'w';'l';0.600;0.616;0.616
'RespondedExistence(w, l)';'RespondedExistence';'w';'l';0.600;0.664;0.664
'NotSuccession(w, l)';'NotSuccession';'w';'l';0.504;0.517;0.517
'CoExistence(w, m)';'CoExistence';'w';'m';0.788;0.806;0.806
'RespondedExistence(w, m)';'RespondedExistence';'w';'m';0.788;0.872;0.872
'CoExistence(w, n)';'CoExistence';'w';'n';0.872;0.877;0.877
'RespondedExistence(w, n)';'RespondedExistence';'w';'n';0.872;0.965;0.965
'Response(w, n)';'Response';'w';'n';0.688;0.761;0.761
'CoExistence(w, o)';'CoExistence';'w';'o';0.792;0.805;0.805
'RespondedExistence(w, o)';'RespondedExistence';'w';'o';0.792;0.876;0.876
'CoExistence(w, p)';'CoExistence';'w';'p';0.882;0.887;0.887
'RespondedExistence(w, p)';'RespondedExistence';'w';'p';0.882;0.976;0.976
'Response(w, p)';'Response';'w';'p';0.536;0.593;0.593
'CoExistence(w, q)';'CoExistence';'w';'q';0.804;0.810;0.810
'RespondedExistence(w, q)';'RespondedExistence';'w';'q';0.804;0.889;0.889
'NotSuccession(w, r)';'NotSuccession';'w';'r';0.860;0.939;0.939
'NotCoExistence(w, r)';'NotCoExistence';'w';'r';0.830;0.906;0.906
'CoExistence(w, s)';'CoExistence';'w';'s';0.792;0.800;0.800
'RespondedExistence(w, s)';'RespondedExistence';'w';'s';0.792;0.876;0.876
'CoExistence(w, t)';'CoExistence';'w';'t';0.890;0.897;0.897
'RespondedExistence(w, t)';'RespondedExistence';'w';'t';0.890;0.985;0.985
'Response(w, t)';'Response';'w';'t';0.490;0.542;0.542
'CoExistence(w, u)';'CoExistence';'w';'u';0.812;0.829;0.829
'RespondedExistence(w, u)';'RespondedExistence';'w';'u';0.812;0.898;0.898
'CoExistence(w, v)';'CoExistence';'w';'v';0.804;0.819;0.819
'RespondedExistence(w, v)';'RespondedExistence';'w';'v';0.804;0.889;0.889
'CoExistence(w, z)';'CoExistence';'w';'z';0.806;0.819;0.819
'RespondedExistence(w, z)';'RespondedExistence';'w';'z';0.806;0.892;0.892
'Participation(z)';'Participation';'z';;0.886;0.886;0.886
'Precedence(a, z)';'Precedence';'z';'a';0.886;1.000;1.000
'Precedence(p, z)';'Precedence';'z';'p';0.524;0.591;0.591
'CoExistence(z, a)';'CoExistence';'z';'a';0.886;0.886;0.886
'RespondedExistence(z, a)';'RespondedExistence';'z';'a';0.886;1.000;1.000
'CoExistence(z, b)';'CoExistence';'z';'b';0.886;0.886;0.886
'RespondedExistence(z, b)';'RespondedExistence';'z';'b';0.886;1.000;1.000
'Response(z, b)';'Response';'z';'b';0.886;1.000;1.000
'CoExistence(z, c)';'CoExistence';'z';'c';0.800;0.811;0.811
'RespondedExistence(z, c)';'RespondedExistence';'z';'c';0.800;0.903;0.903
'NotSuccession(z, c)';'NotSuccession';'z';'c';0.618;0.627;0.627
'CoExistence(z, d)';'CoExistence';'z';'d';0.886;0.886;0.886
'RespondedExistence(z, d)';'RespondedExistence';'z';'d';0.886;1.000;1.000
'Response(z, d)';'Response';'z';'d';0.472;0.533;0.533
'CoExistence(z, e)';'CoExistence';'z';'e';0.756;0.773;0.773
'RespondedExistence(z, e)';'RespondedExistence';'z';'e';0.756;0.853;0.853
'CoExistence(z, f)';'CoExistence';'z';'f';0.852;0.861;0.861
'RespondedExistence(z, f)';'RespondedExistence';'z';'f';0.852;0.962;0.962
'Response(z, f)';'Response';'z';'f';0.696;0.786;0.786
'CoExistence(z, g)';'CoExistence';'z';'g';0.810;0.823;0.823
'RespondedExistence(z, g)';'RespondedExistence';'z';'g';0.810;0.914;0.914
'CoExistence(z, h)';'CoExistence';'z';'h';0.592;0.618;0.618
'RespondedExistence(z, h)';'RespondedExistence';'z';'h';0.592;0.668;0.668
'CoExistence(z, i)';'CoExistence';'z';'i';0.802;0.813;0.813
'RespondedExistence(z, i)';'RespondedExistence';'z';'i';0.802;0.905;0.905
'CoExistence(z, l)';'CoExistence';'z';'l';0.598;0.624;0.624
'RespondedExistence(z, l)';'RespondedExistence';'z';'l';0.598;0.675;0.675
'NotSuccession(z, l)';'NotSuccession';'z';'l';0.502;0.524;0.524
'CoExistence(z, m)';'CoExistence';'z';'m';0.768;0.784;0.784
'RespondedExistence(z, m)';'RespondedExistence';'z';'m';0.768;0.867;0.867
'CoExistence(z, n)';'CoExistence';'z';'n';0.858;0.867;0.867
'RespondedExistence(z, n)';'RespondedExistence';'z';'n';0.858;0.968;0.968
'Response(z, n)';'Response';'z';'n';0.704;0.795;0.795
'CoExistence(z, o)';'CoExistence';'z';'o';0.772;0.783;0.783
'RespondedExistence(z, o)';'RespondedExistence';'z';'o';0.772;0.871;0.871
'CoExistence(z, p)';'CoExistence';'z';'p';0.864;0.869;0.869
'RespondedExistence(z, p)';'RespondedExistence';'z';'p';0.864;0.975;0.975
'Response(z, p)';'Response';'z';'p';0.540;0.609;0.609
'CoExistence(z, q)';'CoExistence';'z';'q';0.792;0.803;0.803
'RespondedExistence(z, q)';'RespondedExistence';'z';'q';0.792;0.894;0.894
'NotSuccession(z, r)';'NotSuccession';'z';'r';0.844;0.938;0.938
'NotCoExistence(z, r)';'NotCoExistence';'z';'r';0.816;0.907;0.907
'CoExistence(z, s)';'CoExistence';'z';'s';0.780;0.793;0.793
'RespondedExistence(z, s)';'RespondedExistence';'z';'s';0.780;0.880;0.880
'CoExistence(z, t)';'CoExistence';'z';'t';0.868;0.871;0.871
'RespondedExistence(z, t)';'RespondedExistence';'z';'t';0.868;0.980;0.980
'Response(z, t)';'Response';'z';'t';0.454;0.512;0.512
'CoExistence(z, u)';'CoExistence';'z';'u';0.792;0.807;0.807
'RespondedExistence(z, u)';'RespondedExistence';'z';'u';0.792;0.894;0.894
'CoExistence(z, v)';'CoExistence';'z';'v';0.790;0.808;0.808
'RespondedExistence(z, v)';'RespondedExistence';'z';'v';0.790;0.892;0.892
'CoExistence(z, w)';'CoExistence';'z';'w';0.806;0.819;0.819
'RespondedExistence(z, w)';'RespondedExistence';'z';'w';0.806;0.910;0.910
