Rank-50-true;Rank-50-TOT;Measure
11;1317;ORIGINAL-MODEL
11;51;Sebag-Schoenauer
11;51;Laplace Correction
11;51;Example and Counterexample Rate
11;51;Confidence
11;51;Compliance
7;453;Ylue Y
7;453;Ylue Q
7;453;Odds Ratio
7;52;Odd Multiplier
7;51;Zhang
7;51;Conviction
7;51;Certainty factor
5;52;Prevalence
4;699;Recall
4;52;Lift
4;52;Interestingness Weighting Dependency
4;52;Accuracy
4;51;Two-way Support
4;51;One-way Support
4;51;Least Contradiction
4;51;Klosgen
4;51;Jaccard
4;51;Information Gain
4;51;Cosine
4;51;Added Value
3;235;Coverage
3;53;Support
3;51;Piatetsky-Shapiro
2;51;Linear Correlation Coefficient
1;443;Specificity
1;443;Relative Risk
1;51;Leverage
0;51;Two-way Support Variation
0;51;Lovinger
0;51;J Measure
0;51;Gini Index
0;51;Collective Strength
