Rank-100-true;Rank-100-TOT;Measure
11;1321;ORIGINAL-MODEL
11;109;Compliance
11;108;Example and Counterexample Rate
11;108;Confidence
11;103;Sebag-Schoenauer
11;102;Laplace Correction
7;454;Ylue Y
7;454;Ylue Q
7;454;Odds Ratio
7;102;Certainty factor
7;101;Zhang
7;101;Odd Multiplier
7;101;Conviction
6;101;Linear Correlation Coefficient
5;121;Prevalence
5;103;Accuracy
4;723;Recall
4;102;Interestingness Weighting Dependency
4;101;Two-way Support
4;101;Piatetsky-Shapiro
4;101;Least Contradiction
4;101;Jaccard
4;101;Cosine
3;242;Coverage
3;102;Lift
3;102;Klosgen
3;101;Support
3;101;One-way Support
3;101;Information Gain
3;101;Added Value
2;101;Leverage
2;101;Gini Index
1;446;Specificity
1;446;Relative Risk
0;101;Two-way Support Variation
0;101;Lovinger
0;101;J Measure
0;101;Collective Strength
