Rank-1500-true;Rank-1500-TOT;Measure
11;1321;ORIGINAL-MODEL
11;1321;Two-way Support
11;1321;Support
11;1321;Sebag-Schoenauer
11;1321;Recall
11;1321;Prevalence
11;1321;Piatetsky-Shapiro
11;1321;One-way Support
11;1321;Lift
11;1321;Leverage
11;1321;Least Contradiction
11;1321;Laplace Correction
11;1321;Klosgen
11;1321;Jaccard
11;1321;Interestingness Weighting Dependency
11;1321;Information Gain
11;1321;Example and Counterexample Rate
11;1321;Coverage
11;1321;Cosine
11;1321;Confidence
11;1321;Compliance
11;1321;Added Value
11;1321;Accuracy
8;1044;Specificity
8;1044;Relative Risk
8;1044;Gini Index
8;1044;Collective Strength
7;1300;Zhang
7;1300;Odd Multiplier
7;1300;Lovinger
7;1300;Conviction
7;1300;Certainty factor
7;1094;Linear Correlation Coefficient
7;1043;Ylue Y
7;1043;Ylue Q
7;1043;Odds Ratio
0;1292;J Measure
0;587;Two-way Support Variation
