Rank-50-true;Rank-50-TOT;Measure
11;1321;ORIGINAL-MODEL
11;54;Compliance
11;51;Sebag-Schoenauer
11;51;Example and Counterexample Rate
11;51;Confidence
10;51;Laplace Correction
7;454;Ylue Y
7;454;Ylue Q
7;454;Odds Ratio
7;52;Odd Multiplier
7;52;Conviction
7;52;Certainty factor
7;51;Zhang
4;723;Recall
4;65;Accuracy
4;64;Least Contradiction
4;64;Jaccard
4;64;Cosine
4;52;Prevalence
3;242;Coverage
3;61;Support
3;51;Two-way Support
3;51;One-way Support
3;51;Lift
3;51;Klosgen
3;51;Information Gain
3;51;Added Value
2;52;Piatetsky-Shapiro
1;446;Specificity
1;446;Relative Risk
1;51;Linear Correlation Coefficient
1;51;Leverage
1;51;Interestingness Weighting Dependency
0;51;Two-way Support Variation
0;51;Lovinger
0;51;J Measure
0;51;Gini Index
0;51;Collective Strength
