Rank-10-true;Rank-10-TOT;Measure
11;1321;ORIGINAL-MODEL
11;30;Sebag-Schoenauer
11;30;Example and Counterexample Rate
11;30;Confidence
11;30;Compliance
7;454;Ylue Y
7;454;Ylue Q
7;454;Odds Ratio
7;11;Odd Multiplier
7;11;Conviction
4;723;Recall
4;22;Prevalence
4;21;Least Contradiction
4;21;Laplace Correction
4;21;Jaccard
4;21;Cosine
4;21;Accuracy
3;21;Support
1;446;Specificity
1;446;Relative Risk
1;37;Linear Correlation Coefficient
1;13;Information Gain
1;11;One-way Support
1;11;Lift
0;16;Coverage
0;12;Two-way Support Variation
0;12;Lovinger
0;12;Leverage
0;11;Zhang
0;11;Two-way Support
0;11;Piatetsky-Shapiro
0;11;Klosgen
0;11;J Measure
0;11;Interestingness Weighting Dependency
0;11;Gini Index
0;11;Collective Strength
0;11;Certainty factor
0;11;Added Value
