Rank-500-true;Rank-500-TOT;Measure
11;1321;ORIGINAL-MODEL
11;519;Laplace Correction
11;519;Example and Counterexample Rate
11;519;Confidence
11;503;Accuracy
11;502;Sebag-Schoenauer
11;502;Compliance
10;503;Least Contradiction
9;502;Jaccard
9;502;Cosine
8;513;Prevalence
8;505;Support
8;501;Leverage
7;505;Information Gain
7;502;Ylue Y
7;502;Ylue Q
7;502;Piatetsky-Shapiro
7;502;Odds Ratio
7;502;Interestingness Weighting Dependency
7;502;Certainty factor
7;501;Zhang
7;501;Two-way Support
7;501;One-way Support
7;501;Odd Multiplier
7;501;Lovinger
7;501;Linear Correlation Coefficient
7;501;Lift
7;501;Klosgen
7;501;Conviction
7;501;Added Value
6;504;Gini Index
6;501;Relative Risk
5;501;Specificity
4;723;Recall
4;502;Collective Strength
3;508;Coverage
0;501;Two-way Support Variation
0;501;J Measure
