Rank-200-true;Rank-200-TOT;Measure
11;1321;ORIGINAL-MODEL
11;206;Sebag-Schoenauer
11;203;Compliance
11;201;Laplace Correction
11;201;Example and Counterexample Rate
11;201;Confidence
8;203;Accuracy
8;201;Prevalence
8;201;Least Contradiction
7;454;Ylue Y
7;454;Ylue Q
7;454;Odds Ratio
7;202;Zhang
7;201;Odd Multiplier
7;201;Linear Correlation Coefficient
7;201;Jaccard
7;201;Cosine
7;201;Conviction
7;201;Certainty factor
6;221;Support
6;205;Information Gain
6;202;Lift
6;202;Interestingness Weighting Dependency
6;201;Two-way Support
6;201;Piatetsky-Shapiro
6;201;One-way Support
6;201;Klosgen
6;201;Gini Index
6;201;Added Value
4;723;Recall
3;242;Coverage
3;201;Leverage
1;446;Specificity
1;446;Relative Risk
1;311;Lovinger
0;202;Two-way Support Variation
0;201;J Measure
0;201;Collective Strength
