'Constraint';'Template';'Activation';'Target';'Support';'Confidence level';'Interest factor'
'Init(a)';'Init';'a';;1.000;1.000;1.000
'CoExistence(a, b)';'CoExistence';'a';'b';1.000;1.000;1.000
'Succession(a, b)';'Succession';'a';'b';1.000;1.000;1.000
'RespondedExistence(a, b)';'RespondedExistence';'a';'b';1.000;1.000;1.000
'Response(a, b)';'Response';'a';'b';1.000;1.000;1.000
'CoExistence(a, c)';'CoExistence';'a';'c';0.894;0.894;0.894
'RespondedExistence(a, c)';'RespondedExistence';'a';'c';0.894;0.894;0.894
'CoExistence(a, d)';'CoExistence';'a';'d';1.000;1.000;1.000
'Succession(a, d)';'Succession';'a';'d';0.582;0.582;0.582
'RespondedExistence(a, d)';'RespondedExistence';'a';'d';1.000;1.000;1.000
'Response(a, d)';'Response';'a';'d';0.582;0.582;0.582
'CoExistence(a, e)';'CoExistence';'a';'e';0.872;0.872;0.872
'RespondedExistence(a, e)';'RespondedExistence';'a';'e';0.872;0.872;0.872
'CoExistence(a, f)';'CoExistence';'a';'f';0.970;0.970;0.970
'Succession(a, f)';'Succession';'a';'f';0.764;0.764;0.764
'RespondedExistence(a, f)';'RespondedExistence';'a';'f';0.970;0.970;0.970
'Response(a, f)';'Response';'a';'f';0.764;0.764;0.764
'CoExistence(a, g)';'CoExistence';'a';'g';0.888;0.888;0.888
'Succession(a, g)';'Succession';'a';'g';0.510;0.510;0.510
'RespondedExistence(a, g)';'RespondedExistence';'a';'g';0.888;0.888;0.888
'Response(a, g)';'Response';'a';'g';0.510;0.510;0.510
'CoExistence(a, h)';'CoExistence';'a';'h';0.656;0.656;0.656
'RespondedExistence(a, h)';'RespondedExistence';'a';'h';0.656;0.656;0.656
'CoExistence(a, i)';'CoExistence';'a';'i';0.858;0.858;0.858
'RespondedExistence(a, i)';'RespondedExistence';'a';'i';0.858;0.858;0.858
'CoExistence(a, l)';'CoExistence';'a';'l';0.602;0.602;0.602
'RespondedExistence(a, l)';'RespondedExistence';'a';'l';0.602;0.602;0.602
'CoExistence(a, m)';'CoExistence';'a';'m';0.842;0.842;0.842
'RespondedExistence(a, m)';'RespondedExistence';'a';'m';0.842;0.842;0.842
'CoExistence(a, n)';'CoExistence';'a';'n';0.970;0.970;0.970
'Succession(a, n)';'Succession';'a';'n';0.794;0.794;0.794
'RespondedExistence(a, n)';'RespondedExistence';'a';'n';0.970;0.970;0.970
'Response(a, n)';'Response';'a';'n';0.794;0.794;0.794
'CoExistence(a, o)';'CoExistence';'a';'o';0.914;0.914;0.914
'Succession(a, o)';'Succession';'a';'o';0.522;0.522;0.522
'RespondedExistence(a, o)';'RespondedExistence';'a';'o';0.914;0.914;0.914
'Response(a, o)';'Response';'a';'o';0.522;0.522;0.522
'CoExistence(a, p)';'CoExistence';'a';'p';0.978;0.978;0.978
'Succession(a, p)';'Succession';'a';'p';0.666;0.666;0.666
'RespondedExistence(a, p)';'RespondedExistence';'a';'p';0.978;0.978;0.978
'Response(a, p)';'Response';'a';'p';0.666;0.666;0.666
'CoExistence(a, q)';'CoExistence';'a';'q';0.884;0.884;0.884
'RespondedExistence(a, q)';'RespondedExistence';'a';'q';0.884;0.884;0.884
'NotSuccession(a, r)';'NotSuccession';'a';'r';0.902;0.902;0.902
'NotCoExistence(a, r)';'NotCoExistence';'a';'r';0.902;0.902;0.902
'CoExistence(a, s)';'CoExistence';'a';'s';0.878;0.878;0.878
'RespondedExistence(a, s)';'RespondedExistence';'a';'s';0.878;0.878;0.878
'CoExistence(a, t)';'CoExistence';'a';'t';0.976;0.976;0.976
'Succession(a, t)';'Succession';'a';'t';0.578;0.578;0.578
'RespondedExistence(a, t)';'RespondedExistence';'a';'t';0.976;0.976;0.976
'Response(a, t)';'Response';'a';'t';0.578;0.578;0.578
'CoExistence(a, u)';'CoExistence';'a';'u';0.878;0.878;0.878
'Succession(a, u)';'Succession';'a';'u';0.502;0.502;0.502
'RespondedExistence(a, u)';'RespondedExistence';'a';'u';0.878;0.878;0.878
'Response(a, u)';'Response';'a';'u';0.502;0.502;0.502
'CoExistence(a, v)';'CoExistence';'a';'v';0.868;0.868;0.868
'RespondedExistence(a, v)';'RespondedExistence';'a';'v';0.868;0.868;0.868
'CoExistence(a, w)';'CoExistence';'a';'w';0.874;0.874;0.874
'RespondedExistence(a, w)';'RespondedExistence';'a';'w';0.874;0.874;0.874
'CoExistence(a, z)';'CoExistence';'a';'z';0.890;0.890;0.890
'Succession(a, z)';'Succession';'a';'z';0.500;0.500;0.500
'RespondedExistence(a, z)';'RespondedExistence';'a';'z';0.890;0.890;0.890
'Response(a, z)';'Response';'a';'z';0.500;0.500;0.500
'End(b)';'End';'b';;1.000;1.000;1.000
'Precedence(a, b)';'Precedence';'b';'a';1.000;1.000;1.000
'CoExistence(b, a)';'CoExistence';'b';'a';1.000;1.000;1.000
'RespondedExistence(b, a)';'RespondedExistence';'b';'a';1.000;1.000;1.000
'CoExistence(b, c)';'CoExistence';'b';'c';0.894;0.894;0.894
'RespondedExistence(b, c)';'RespondedExistence';'b';'c';0.894;0.894;0.894
'NotSuccession(b, c)';'NotSuccession';'b';'c';0.638;0.638;0.638
'CoExistence(b, d)';'CoExistence';'b';'d';1.000;1.000;1.000
'RespondedExistence(b, d)';'RespondedExistence';'b';'d';1.000;1.000;1.000
'CoExistence(b, e)';'CoExistence';'b';'e';0.872;0.872;0.872
'RespondedExistence(b, e)';'RespondedExistence';'b';'e';0.872;0.872;0.872
'CoExistence(b, f)';'CoExistence';'b';'f';0.970;0.970;0.970
'RespondedExistence(b, f)';'RespondedExistence';'b';'f';0.970;0.970;0.970
'CoExistence(b, g)';'CoExistence';'b';'g';0.888;0.888;0.888
'RespondedExistence(b, g)';'RespondedExistence';'b';'g';0.888;0.888;0.888
'CoExistence(b, h)';'CoExistence';'b';'h';0.656;0.656;0.656
'RespondedExistence(b, h)';'RespondedExistence';'b';'h';0.656;0.656;0.656
'NotSuccession(b, h)';'NotSuccession';'b';'h';0.500;0.500;0.500
'CoExistence(b, i)';'CoExistence';'b';'i';0.858;0.858;0.858
'RespondedExistence(b, i)';'RespondedExistence';'b';'i';0.858;0.858;0.858
'CoExistence(b, l)';'CoExistence';'b';'l';0.602;0.602;0.602
'RespondedExistence(b, l)';'RespondedExistence';'b';'l';0.602;0.602;0.602
'NotSuccession(b, l)';'NotSuccession';'b';'l';0.564;0.564;0.564
'CoExistence(b, m)';'CoExistence';'b';'m';0.842;0.842;0.842
'RespondedExistence(b, m)';'RespondedExistence';'b';'m';0.842;0.842;0.842
'CoExistence(b, n)';'CoExistence';'b';'n';0.970;0.970;0.970
'RespondedExistence(b, n)';'RespondedExistence';'b';'n';0.970;0.970;0.970
'CoExistence(b, o)';'CoExistence';'b';'o';0.914;0.914;0.914
'RespondedExistence(b, o)';'RespondedExistence';'b';'o';0.914;0.914;0.914
'CoExistence(b, p)';'CoExistence';'b';'p';0.978;0.978;0.978
'RespondedExistence(b, p)';'RespondedExistence';'b';'p';0.978;0.978;0.978
'CoExistence(b, q)';'CoExistence';'b';'q';0.884;0.884;0.884
'RespondedExistence(b, q)';'RespondedExistence';'b';'q';0.884;0.884;0.884
'NotSuccession(b, r)';'NotSuccession';'b';'r';0.950;0.950;0.950
'NotCoExistence(b, r)';'NotCoExistence';'b';'r';0.902;0.902;0.902
'CoExistence(b, s)';'CoExistence';'b';'s';0.878;0.878;0.878
'RespondedExistence(b, s)';'RespondedExistence';'b';'s';0.878;0.878;0.878
'CoExistence(b, t)';'CoExistence';'b';'t';0.976;0.976;0.976
'RespondedExistence(b, t)';'RespondedExistence';'b';'t';0.976;0.976;0.976
'CoExistence(b, u)';'CoExistence';'b';'u';0.878;0.878;0.878
'RespondedExistence(b, u)';'RespondedExistence';'b';'u';0.878;0.878;0.878
'CoExistence(b, v)';'CoExistence';'b';'v';0.868;0.868;0.868
'RespondedExistence(b, v)';'RespondedExistence';'b';'v';0.868;0.868;0.868
'CoExistence(b, w)';'CoExistence';'b';'w';0.874;0.874;0.874
'RespondedExistence(b, w)';'RespondedExistence';'b';'w';0.874;0.874;0.874
'CoExistence(b, z)';'CoExistence';'b';'z';0.890;0.890;0.890
'RespondedExistence(b, z)';'RespondedExistence';'b';'z';0.890;0.890;0.890
'Precedence(c, b)';'Precedence';'b';'c';0.532;0.532;0.532
'Precedence(d, b)';'Precedence';'b';'d';0.500;0.500;0.500
'Precedence(e, b)';'Precedence';'b';'e';0.528;0.528;0.528
'Precedence(f, b)';'Precedence';'b';'f';0.528;0.528;0.528
'Precedence(n, b)';'Precedence';'b';'n';0.504;0.504;0.504
'Precedence(o, b)';'Precedence';'b';'o';0.518;0.518;0.518
'Precedence(p, b)';'Precedence';'b';'p';0.674;0.674;0.674
'Precedence(q, b)';'Precedence';'b';'q';0.508;0.508;0.508
'Precedence(s, b)';'Precedence';'b';'s';0.512;0.512;0.512
'Precedence(t, b)';'Precedence';'b';'t';0.502;0.502;0.502
'Precedence(u, b)';'Precedence';'b';'u';0.506;0.506;0.506
'Precedence(z, b)';'Precedence';'b';'z';0.512;0.512;0.512
'AtMostOne(c)';'AtMostOne';'c';;0.894;1.000;1.000
'Participation(c)';'Participation';'c';;0.894;0.894;0.894
'CoExistence(c, a)';'CoExistence';'c';'a';0.894;0.894;0.894
'Response(c, a)';'Response';'c';'a';0.674;0.754;0.754
'AlternateResponse(c, a)';'AlternateResponse';'c';'a';0.674;0.754;0.754
'CoExistence(c, b)';'CoExistence';'c';'b';0.894;0.894;0.894
'Succession(c, b)';'Succession';'c';'b';0.532;0.532;0.532
'CoExistence(c, d)';'CoExistence';'c';'d';0.894;0.894;0.894
'Succession(c, d)';'Succession';'c';'d';0.518;0.518;0.518
'Response(c, d)';'Response';'c';'d';0.760;0.850;0.850
'AlternateResponse(c, d)';'AlternateResponse';'c';'d';0.760;0.850;0.850
'CoExistence(c, e)';'CoExistence';'c';'e';0.804;0.836;0.836
'RespondedExistence(c, e)';'RespondedExistence';'c';'e';0.804;0.899;0.899
'Response(c, e)';'Response';'c';'e';0.654;0.732;0.732
'AlternateResponse(c, e)';'AlternateResponse';'c';'e';0.654;0.732;0.732
'CoExistence(c, f)';'CoExistence';'c';'f';0.876;0.887;0.887
'RespondedExistence(c, f)';'RespondedExistence';'c';'f';0.876;0.980;0.980
'Response(c, f)';'Response';'c';'f';0.836;0.935;0.935
'AlternateResponse(c, f)';'AlternateResponse';'c';'f';0.836;0.935;0.935
'CoExistence(c, g)';'CoExistence';'c';'g';0.800;0.815;0.815
'RespondedExistence(c, g)';'RespondedExistence';'c';'g';0.800;0.895;0.895
'Response(c, g)';'Response';'c';'g';0.658;0.736;0.736
'AlternateResponse(c, g)';'AlternateResponse';'c';'g';0.658;0.736;0.736
'CoExistence(c, h)';'CoExistence';'c';'h';0.596;0.625;0.625
'RespondedExistence(c, h)';'RespondedExistence';'c';'h';0.596;0.667;0.667
'Response(c, h)';'Response';'c';'h';0.542;0.606;0.606
'AlternateResponse(c, h)';'AlternateResponse';'c';'h';0.542;0.606;0.606
'CoExistence(c, i)';'CoExistence';'c';'i';0.788;0.817;0.817
'RespondedExistence(c, i)';'RespondedExistence';'c';'i';0.788;0.881;0.881
'Response(c, i)';'Response';'c';'i';0.650;0.727;0.727
'AlternateResponse(c, i)';'AlternateResponse';'c';'i';0.650;0.727;0.727
'CoExistence(c, l)';'CoExistence';'c';'l';0.558;0.595;0.595
'RespondedExistence(c, l)';'RespondedExistence';'c';'l';0.558;0.624;0.624
'Response(c, l)';'Response';'c';'l';0.472;0.528;0.528
'AlternateResponse(c, l)';'AlternateResponse';'c';'l';0.472;0.528;0.528
'CoExistence(c, m)';'CoExistence';'c';'m';0.768;0.793;0.793
'RespondedExistence(c, m)';'RespondedExistence';'c';'m';0.768;0.859;0.859
'Response(c, m)';'Response';'c';'m';0.558;0.624;0.624
'AlternateResponse(c, m)';'AlternateResponse';'c';'m';0.558;0.624;0.624
'CoExistence(c, n)';'CoExistence';'c';'n';0.880;0.894;0.894
'Succession(c, n)';'Succession';'c';'n';0.516;0.524;0.524
'RespondedExistence(c, n)';'RespondedExistence';'c';'n';0.880;0.984;0.984
'Response(c, n)';'Response';'c';'n';0.842;0.942;0.942
'AlternateResponse(c, n)';'AlternateResponse';'c';'n';0.842;0.942;0.942
'CoExistence(c, o)';'CoExistence';'c';'o';0.820;0.830;0.830
'RespondedExistence(c, o)';'RespondedExistence';'c';'o';0.820;0.917;0.917
'Response(c, o)';'Response';'c';'o';0.676;0.756;0.756
'AlternateResponse(c, o)';'AlternateResponse';'c';'o';0.676;0.756;0.756
'CoExistence(c, p)';'CoExistence';'c';'p';0.878;0.883;0.883
'RespondedExistence(c, p)';'RespondedExistence';'c';'p';0.878;0.982;0.982
'Response(c, p)';'Response';'c';'p';0.794;0.888;0.888
'AlternateResponse(c, p)';'AlternateResponse';'c';'p';0.794;0.888;0.888
'CoExistence(c, q)';'CoExistence';'c';'q';0.796;0.811;0.811
'RespondedExistence(c, q)';'RespondedExistence';'c';'q';0.796;0.890;0.890
'Response(c, q)';'Response';'c';'q';0.660;0.738;0.738
'AlternateResponse(c, q)';'AlternateResponse';'c';'q';0.660;0.738;0.738
'NotSuccession(c, r)';'NotSuccession';'c';'r';0.836;0.925;0.925
'NotCoExistence(c, r)';'NotCoExistence';'c';'r';0.816;0.903;0.903
'CoExistence(c, s)';'CoExistence';'c';'s';0.796;0.816;0.816
'RespondedExistence(c, s)';'RespondedExistence';'c';'s';0.796;0.890;0.890
'Response(c, s)';'Response';'c';'s';0.656;0.734;0.734
'AlternateResponse(c, s)';'AlternateResponse';'c';'s';0.656;0.734;0.734
'CoExistence(c, t)';'CoExistence';'c';'t';0.880;0.889;0.889
'RespondedExistence(c, t)';'RespondedExistence';'c';'t';0.880;0.984;0.984
'Response(c, t)';'Response';'c';'t';0.744;0.832;0.832
'AlternateResponse(c, t)';'AlternateResponse';'c';'t';0.744;0.832;0.832
'CoExistence(c, u)';'CoExistence';'c';'u';0.804;0.831;0.831
'RespondedExistence(c, u)';'RespondedExistence';'c';'u';0.804;0.899;0.899
'Response(c, u)';'Response';'c';'u';0.686;0.767;0.767
'AlternateResponse(c, u)';'AlternateResponse';'c';'u';0.686;0.767;0.767
'CoExistence(c, v)';'CoExistence';'c';'v';0.788;0.809;0.809
'RespondedExistence(c, v)';'RespondedExistence';'c';'v';0.788;0.881;0.881
'Response(c, v)';'Response';'c';'v';0.656;0.734;0.734
'AlternateResponse(c, v)';'AlternateResponse';'c';'v';0.656;0.734;0.734
'CoExistence(c, w)';'CoExistence';'c';'w';0.784;0.797;0.797
'RespondedExistence(c, w)';'RespondedExistence';'c';'w';0.784;0.877;0.877
'Response(c, w)';'Response';'c';'w';0.678;0.758;0.758
'AlternateResponse(c, w)';'AlternateResponse';'c';'w';0.678;0.758;0.758
'CoExistence(c, z)';'CoExistence';'c';'z';0.804;0.820;0.820
'RespondedExistence(c, z)';'RespondedExistence';'c';'z';0.804;0.899;0.899
'Response(c, z)';'Response';'c';'z';0.694;0.776;0.776
'AlternateResponse(c, z)';'AlternateResponse';'c';'z';0.694;0.776;0.776
'Precedence(p, c)';'Precedence';'c';'p';0.548;0.613;0.613
'AlternatePrecedence(p, c)';'AlternatePrecedence';'c';'p';0.548;0.613;0.613
'Participation(d)';'Participation';'d';;1.000;1.000;1.000
'Precedence(a, d)';'Precedence';'d';'a';1.000;1.000;1.000
'Precedence(b, d)';'Precedence';'d';'b';0.500;0.500;0.500
'Precedence(c, d)';'Precedence';'d';'c';0.518;0.518;0.518
'CoExistence(d, a)';'CoExistence';'d';'a';1.000;1.000;1.000
'RespondedExistence(d, a)';'RespondedExistence';'d';'a';1.000;1.000;1.000
'CoExistence(d, b)';'CoExistence';'d';'b';1.000;1.000;1.000
'Succession(d, b)';'Succession';'d';'b';0.500;0.500;0.500
'RespondedExistence(d, b)';'RespondedExistence';'d';'b';1.000;1.000;1.000
'Response(d, b)';'Response';'d';'b';1.000;1.000;1.000
'CoExistence(d, c)';'CoExistence';'d';'c';0.894;0.894;0.894
'RespondedExistence(d, c)';'RespondedExistence';'d';'c';0.894;0.894;0.894
'NotSuccession(d, c)';'NotSuccession';'d';'c';0.624;0.624;0.624
'CoExistence(d, e)';'CoExistence';'d';'e';0.872;0.872;0.872
'RespondedExistence(d, e)';'RespondedExistence';'d';'e';0.872;0.872;0.872
'CoExistence(d, f)';'CoExistence';'d';'f';0.970;0.970;0.970
'RespondedExistence(d, f)';'RespondedExistence';'d';'f';0.970;0.970;0.970
'Response(d, f)';'Response';'d';'f';0.664;0.664;0.664
'CoExistence(d, g)';'CoExistence';'d';'g';0.888;0.888;0.888
'RespondedExistence(d, g)';'RespondedExistence';'d';'g';0.888;0.888;0.888
'CoExistence(d, h)';'CoExistence';'d';'h';0.656;0.656;0.656
'RespondedExistence(d, h)';'RespondedExistence';'d';'h';0.656;0.656;0.656
'CoExistence(d, i)';'CoExistence';'d';'i';0.858;0.858;0.858
'RespondedExistence(d, i)';'RespondedExistence';'d';'i';0.858;0.858;0.858
'CoExistence(d, l)';'CoExistence';'d';'l';0.602;0.602;0.602
'RespondedExistence(d, l)';'RespondedExistence';'d';'l';0.602;0.602;0.602
'NotSuccession(d, l)';'NotSuccession';'d';'l';0.552;0.552;0.552
'CoExistence(d, m)';'CoExistence';'d';'m';0.842;0.842;0.842
'RespondedExistence(d, m)';'RespondedExistence';'d';'m';0.842;0.842;0.842
'CoExistence(d, n)';'CoExistence';'d';'n';0.970;0.970;0.970
'RespondedExistence(d, n)';'RespondedExistence';'d';'n';0.970;0.970;0.970
'Response(d, n)';'Response';'d';'n';0.716;0.716;0.716
'CoExistence(d, o)';'CoExistence';'d';'o';0.914;0.914;0.914
'RespondedExistence(d, o)';'RespondedExistence';'d';'o';0.914;0.914;0.914
'CoExistence(d, p)';'CoExistence';'d';'p';0.978;0.978;0.978
'RespondedExistence(d, p)';'RespondedExistence';'d';'p';0.978;0.978;0.978
'Response(d, p)';'Response';'d';'p';0.556;0.556;0.556
'CoExistence(d, q)';'CoExistence';'d';'q';0.884;0.884;0.884
'RespondedExistence(d, q)';'RespondedExistence';'d';'q';0.884;0.884;0.884
'NotSuccession(d, r)';'NotSuccession';'d';'r';0.948;0.948;0.948
'NotCoExistence(d, r)';'NotCoExistence';'d';'r';0.902;0.902;0.902
'CoExistence(d, s)';'CoExistence';'d';'s';0.878;0.878;0.878
'RespondedExistence(d, s)';'RespondedExistence';'d';'s';0.878;0.878;0.878
'CoExistence(d, t)';'CoExistence';'d';'t';0.976;0.976;0.976
'RespondedExistence(d, t)';'RespondedExistence';'d';'t';0.976;0.976;0.976
'CoExistence(d, u)';'CoExistence';'d';'u';0.878;0.878;0.878
'RespondedExistence(d, u)';'RespondedExistence';'d';'u';0.878;0.878;0.878
'CoExistence(d, v)';'CoExistence';'d';'v';0.868;0.868;0.868
'RespondedExistence(d, v)';'RespondedExistence';'d';'v';0.868;0.868;0.868
'CoExistence(d, w)';'CoExistence';'d';'w';0.874;0.874;0.874
'RespondedExistence(d, w)';'RespondedExistence';'d';'w';0.874;0.874;0.874
'CoExistence(d, z)';'CoExistence';'d';'z';0.890;0.890;0.890
'RespondedExistence(d, z)';'RespondedExistence';'d';'z';0.890;0.890;0.890
'Precedence(f, d)';'Precedence';'d';'f';0.530;0.530;0.530
'Precedence(g, d)';'Precedence';'d';'g';0.510;0.510;0.510
'Precedence(o, d)';'Precedence';'d';'o';0.508;0.508;0.508
'Precedence(p, d)';'Precedence';'d';'p';0.668;0.668;0.668
'Precedence(q, d)';'Precedence';'d';'q';0.508;0.508;0.508
'Precedence(t, d)';'Precedence';'d';'t';0.500;0.500;0.500
'Precedence(u, d)';'Precedence';'d';'u';0.510;0.510;0.510
'Precedence(z, d)';'Precedence';'d';'z';0.500;0.500;0.500
'Participation(e)';'Participation';'e';;0.872;0.872;0.872
'CoExistence(e, a)';'CoExistence';'e';'a';0.872;0.872;0.872
'CoExistence(e, b)';'CoExistence';'e';'b';0.872;0.872;0.872
'Succession(e, b)';'Succession';'e';'b';0.528;0.528;0.528
'CoExistence(e, c)';'CoExistence';'e';'c';0.804;0.836;0.836
'RespondedExistence(e, c)';'RespondedExistence';'e';'c';0.804;0.922;0.922
'NotSuccession(e, c)';'NotSuccession';'e';'c';0.570;0.593;0.593
'CoExistence(e, d)';'CoExistence';'e';'d';0.872;0.872;0.872
'Response(e, d)';'Response';'e';'d';0.510;0.585;0.585
'CoExistence(e, f)';'CoExistence';'e';'f';0.872;0.899;0.899
'Response(e, f)';'Response';'e';'f';0.872;1.000;1.000
'CoExistence(e, g)';'CoExistence';'e';'g';0.774;0.785;0.785
'RespondedExistence(e, g)';'RespondedExistence';'e';'g';0.774;0.888;0.888
'CoExistence(e, h)';'CoExistence';'e';'h';0.572;0.598;0.598
'RespondedExistence(e, h)';'RespondedExistence';'e';'h';0.572;0.656;0.656
'CoExistence(e, i)';'CoExistence';'e';'i';0.754;0.773;0.773
'RespondedExistence(e, i)';'RespondedExistence';'e';'i';0.754;0.865;0.865
'CoExistence(e, l)';'CoExistence';'e';'l';0.532;0.565;0.565
'RespondedExistence(e, l)';'RespondedExistence';'e';'l';0.532;0.610;0.610
'NotSuccession(e, l)';'NotSuccession';'e';'l';0.500;0.531;0.531
'CoExistence(e, m)';'CoExistence';'e';'m';0.754;0.785;0.785
'RespondedExistence(e, m)';'RespondedExistence';'e';'m';0.754;0.865;0.865
'CoExistence(e, n)';'CoExistence';'e';'n';0.856;0.868;0.868
'RespondedExistence(e, n)';'RespondedExistence';'e';'n';0.856;0.982;0.982
'Response(e, n)';'Response';'e';'n';0.692;0.794;0.794
'CoExistence(e, o)';'CoExistence';'e';'o';0.810;0.830;0.830
'RespondedExistence(e, o)';'RespondedExistence';'e';'o';0.810;0.929;0.929
'CoExistence(e, p)';'CoExistence';'e';'p';0.864;0.876;0.876
'RespondedExistence(e, p)';'RespondedExistence';'e';'p';0.864;0.991;0.991
'Response(e, p)';'Response';'e';'p';0.572;0.656;0.656
'CoExistence(e, q)';'CoExistence';'e';'q';0.792;0.822;0.822
'RespondedExistence(e, q)';'RespondedExistence';'e';'q';0.792;0.908;0.908
'Response(e, q)';'Response';'e';'q';0.442;0.507;0.507
'NotSuccession(e, r)';'NotSuccession';'e';'r';0.814;0.925;0.925
'NotCoExistence(e, r)';'NotCoExistence';'e';'r';0.790;0.898;0.898
'CoExistence(e, s)';'CoExistence';'e';'s';0.776;0.797;0.797
'RespondedExistence(e, s)';'RespondedExistence';'e';'s';0.776;0.890;0.890
'CoExistence(e, t)';'CoExistence';'e';'t';0.858;0.867;0.867
'RespondedExistence(e, t)';'RespondedExistence';'e';'t';0.858;0.984;0.984
'Response(e, t)';'Response';'e';'t';0.496;0.569;0.569
'CoExistence(e, u)';'CoExistence';'e';'u';0.778;0.800;0.800
'RespondedExistence(e, u)';'RespondedExistence';'e';'u';0.778;0.892;0.892
'Response(e, u)';'Response';'e';'u';0.442;0.507;0.507
'CoExistence(e, v)';'CoExistence';'e';'v';0.776;0.805;0.805
'RespondedExistence(e, v)';'RespondedExistence';'e';'v';0.776;0.890;0.890
'CoExistence(e, w)';'CoExistence';'e';'w';0.766;0.782;0.782
'RespondedExistence(e, w)';'RespondedExistence';'e';'w';0.766;0.878;0.878
'CoExistence(e, z)';'CoExistence';'e';'z';0.786;0.805;0.805
'RespondedExistence(e, z)';'RespondedExistence';'e';'z';0.786;0.901;0.901
'Precedence(p, e)';'Precedence';'e';'p';0.550;0.631;0.631
'Participation(f)';'Participation';'f';;0.970;0.970;0.970
'CoExistence(f, a)';'CoExistence';'f';'a';0.970;0.970;0.970
'CoExistence(f, b)';'CoExistence';'f';'b';0.970;0.970;0.970
'Succession(f, b)';'Succession';'f';'b';0.528;0.528;0.528
'CoExistence(f, c)';'CoExistence';'f';'c';0.876;0.887;0.887
'RespondedExistence(f, c)';'RespondedExistence';'f';'c';0.876;0.903;0.903
'NotSuccession(f, c)';'NotSuccession';'f';'c';0.590;0.597;0.597
'CoExistence(f, d)';'CoExistence';'f';'d';0.970;0.970;0.970
'CoExistence(f, e)';'CoExistence';'f';'e';0.872;0.899;0.899
'RespondedExistence(f, e)';'RespondedExistence';'f';'e';0.872;0.899;0.899
'CoExistence(f, g)';'CoExistence';'f';'g';0.866;0.873;0.873
'RespondedExistence(f, g)';'RespondedExistence';'f';'g';0.866;0.893;0.893
'CoExistence(f, h)';'CoExistence';'f';'h';0.640;0.649;0.649
'RespondedExistence(f, h)';'RespondedExistence';'f';'h';0.640;0.660;0.660
'CoExistence(f, i)';'CoExistence';'f';'i';0.844;0.858;0.858
'RespondedExistence(f, i)';'RespondedExistence';'f';'i';0.844;0.870;0.870
'CoExistence(f, l)';'CoExistence';'f';'l';0.594;0.607;0.607
'RespondedExistence(f, l)';'RespondedExistence';'f';'l';0.594;0.612;0.612
'NotSuccession(f, l)';'NotSuccession';'f';'l';0.494;0.505;0.505
'CoExistence(f, m)';'CoExistence';'f';'m';0.824;0.834;0.834
'RespondedExistence(f, m)';'RespondedExistence';'f';'m';0.824;0.849;0.849
'CoExistence(f, n)';'CoExistence';'f';'n';0.942;0.944;0.944
'RespondedExistence(f, n)';'RespondedExistence';'f';'n';0.942;0.971;0.971
'Response(f, n)';'Response';'f';'n';0.490;0.505;0.505
'CoExistence(f, o)';'CoExistence';'f';'o';0.894;0.903;0.903
'RespondedExistence(f, o)';'RespondedExistence';'f';'o';0.894;0.922;0.922
'CoExistence(f, p)';'CoExistence';'f';'p';0.956;0.964;0.964
'RespondedExistence(f, p)';'RespondedExistence';'f';'p';0.956;0.986;0.986
'CoExistence(f, q)';'CoExistence';'f';'q';0.874;0.892;0.892
'RespondedExistence(f, q)';'RespondedExistence';'f';'q';0.874;0.901;0.901
'NotSuccession(f, r)';'NotSuccession';'f';'r';0.914;0.940;0.940
'NotCoExistence(f, r)';'NotCoExistence';'f';'r';0.876;0.901;0.901
'CoExistence(f, s)';'CoExistence';'f';'s';0.856;0.863;0.863
'RespondedExistence(f, s)';'RespondedExistence';'f';'s';0.856;0.882;0.882
'CoExistence(f, t)';'CoExistence';'f';'t';0.950;0.954;0.954
'RespondedExistence(f, t)';'RespondedExistence';'f';'t';0.950;0.979;0.979
'CoExistence(f, u)';'CoExistence';'f';'u';0.858;0.867;0.867
'RespondedExistence(f, u)';'RespondedExistence';'f';'u';0.858;0.885;0.885
'CoExistence(f, v)';'CoExistence';'f';'v';0.846;0.853;0.853
'RespondedExistence(f, v)';'RespondedExistence';'f';'v';0.846;0.872;0.872
'CoExistence(f, w)';'CoExistence';'f';'w';0.854;0.863;0.863
'RespondedExistence(f, w)';'RespondedExistence';'f';'w';0.854;0.880;0.880
'CoExistence(f, z)';'CoExistence';'f';'z';0.870;0.879;0.879
'RespondedExistence(f, z)';'RespondedExistence';'f';'z';0.870;0.897;0.897
'Precedence(p, f)';'Precedence';'f';'p';0.644;0.664;0.664
'Participation(g)';'Participation';'g';;0.888;0.888;0.888
'CoExistence(g, a)';'CoExistence';'g';'a';0.888;0.888;0.888
'CoExistence(g, b)';'CoExistence';'g';'b';0.888;0.888;0.888
'CoExistence(g, c)';'CoExistence';'g';'c';0.800;0.815;0.815
'RespondedExistence(g, c)';'RespondedExistence';'g';'c';0.800;0.901;0.901
'NotSuccession(g, c)';'NotSuccession';'g';'c';0.622;0.633;0.633
'CoExistence(g, d)';'CoExistence';'g';'d';0.888;0.888;0.888
'Response(g, d)';'Response';'g';'d';0.498;0.561;0.561
'CoExistence(g, e)';'CoExistence';'g';'e';0.774;0.785;0.785
'RespondedExistence(g, e)';'RespondedExistence';'g';'e';0.774;0.872;0.872
'CoExistence(g, f)';'CoExistence';'g';'f';0.866;0.873;0.873
'RespondedExistence(g, f)';'RespondedExistence';'g';'f';0.866;0.975;0.975
'Response(g, f)';'Response';'g';'f';0.638;0.718;0.718
'CoExistence(g, h)';'CoExistence';'g';'h';0.656;0.739;0.739
'RespondedExistence(g, h)';'RespondedExistence';'g';'h';0.656;0.739;0.739
'CoExistence(g, i)';'CoExistence';'g';'i';0.770;0.789;0.789
'RespondedExistence(g, i)';'RespondedExistence';'g';'i';0.770;0.867;0.867
'CoExistence(g, l)';'CoExistence';'g';'l';0.542;0.572;0.572
'RespondedExistence(g, l)';'RespondedExistence';'g';'l';0.542;0.610;0.610
'NotSuccession(g, l)';'NotSuccession';'g';'l';0.520;0.549;0.549
'CoExistence(g, m)';'CoExistence';'g';'m';0.762;0.787;0.787
'RespondedExistence(g, m)';'RespondedExistence';'g';'m';0.762;0.858;0.858
'CoExistence(g, n)';'CoExistence';'g';'n';0.866;0.873;0.873
'RespondedExistence(g, n)';'RespondedExistence';'g';'n';0.866;0.975;0.975
'Response(g, n)';'Response';'g';'n';0.708;0.797;0.797
'CoExistence(g, o)';'CoExistence';'g';'o';0.820;0.835;0.835
'RespondedExistence(g, o)';'RespondedExistence';'g';'o';0.820;0.923;0.923
'CoExistence(g, p)';'CoExistence';'g';'p';0.874;0.881;0.881
'RespondedExistence(g, p)';'RespondedExistence';'g';'p';0.874;0.984;0.984
'Response(g, p)';'Response';'g';'p';0.578;0.651;0.651
'CoExistence(g, q)';'CoExistence';'g';'q';0.784;0.794;0.794
'RespondedExistence(g, q)';'RespondedExistence';'g';'q';0.784;0.883;0.883
'NotSuccession(g, r)';'NotSuccession';'g';'r';0.850;0.947;0.947
'NotCoExistence(g, r)';'NotCoExistence';'g';'r';0.810;0.902;0.902
'CoExistence(g, s)';'CoExistence';'g';'s';0.788;0.806;0.806
'RespondedExistence(g, s)';'RespondedExistence';'g';'s';0.788;0.887;0.887
'CoExistence(g, t)';'CoExistence';'g';'t';0.872;0.879;0.879
'RespondedExistence(g, t)';'RespondedExistence';'g';'t';0.872;0.982;0.982
'Response(g, t)';'Response';'g';'t';0.500;0.563;0.563
'CoExistence(g, u)';'CoExistence';'g';'u';0.786;0.802;0.802
'RespondedExistence(g, u)';'RespondedExistence';'g';'u';0.786;0.885;0.885
'CoExistence(g, v)';'CoExistence';'g';'v';0.768;0.777;0.777
'RespondedExistence(g, v)';'RespondedExistence';'g';'v';0.768;0.865;0.865
'CoExistence(g, w)';'CoExistence';'g';'w';0.774;0.783;0.783
'RespondedExistence(g, w)';'RespondedExistence';'g';'w';0.774;0.872;0.872
'CoExistence(g, z)';'CoExistence';'g';'z';0.796;0.811;0.811
'RespondedExistence(g, z)';'RespondedExistence';'g';'z';0.796;0.896;0.896
'Precedence(p, g)';'Precedence';'g';'p';0.570;0.642;0.642
'Participation(h)';'Participation';'h';;0.656;0.656;0.656
'AlternatePrecedence(a, h)';'AlternatePrecedence';'h';'a';0.334;0.509;0.509
'Precedence(b, h)';'Precedence';'h';'b';0.400;0.610;0.610
'Precedence(c, h)';'Precedence';'h';'c';0.450;0.686;0.686
'Precedence(d, h)';'Precedence';'h';'d';0.386;0.588;0.588
'Precedence(e, h)';'Precedence';'h';'e';0.424;0.646;0.646
'Precedence(f, h)';'Precedence';'h';'f';0.426;0.649;0.649
'Precedence(g, h)';'Precedence';'h';'g';0.656;1.000;1.000
'AlternatePrecedence(g, h)';'AlternatePrecedence';'h';'g';0.352;0.537;0.537
'CoExistence(h, a)';'CoExistence';'h';'a';0.656;0.656;0.656
'NotSuccession(h, a)';'NotSuccession';'h';'a';0.622;0.622;0.622
'CoExistence(h, b)';'CoExistence';'h';'b';0.656;0.656;0.656
'AlternateResponse(h, b)';'AlternateResponse';'h';'b';0.342;0.521;0.521
'CoExistence(h, c)';'CoExistence';'h';'c';0.596;0.625;0.625
'RespondedExistence(h, c)';'RespondedExistence';'h';'c';0.596;0.909;0.909
'NotSuccession(h, c)';'NotSuccession';'h';'c';0.808;0.847;0.847
'CoExistence(h, d)';'CoExistence';'h';'d';0.656;0.656;0.656
'Response(h, d)';'Response';'h';'d';0.346;0.527;0.527
'NotSuccession(h, d)';'NotSuccession';'h';'d';0.518;0.518;0.518
'CoExistence(h, e)';'CoExistence';'h';'e';0.572;0.598;0.598
'RespondedExistence(h, e)';'RespondedExistence';'h';'e';0.572;0.872;0.872
'NotSuccession(h, e)';'NotSuccession';'h';'e';0.596;0.623;0.623
'CoExistence(h, f)';'CoExistence';'h';'f';0.640;0.649;0.649
'RespondedExistence(h, f)';'RespondedExistence';'h';'f';0.640;0.976;0.976
'Response(h, f)';'Response';'h';'f';0.458;0.698;0.698
'CoExistence(h, g)';'CoExistence';'h';'g';0.656;0.739;0.739
'NotSuccession(h, g)';'NotSuccession';'h';'g';0.494;0.556;0.556
'CoExistence(h, i)';'CoExistence';'h';'i';0.572;0.607;0.607
'RespondedExistence(h, i)';'RespondedExistence';'h';'i';0.572;0.872;0.872
'NotSuccession(h, i)';'NotSuccession';'h';'i';0.592;0.628;0.628
'RespondedExistence(h, l)';'RespondedExistence';'h';'l';0.392;0.598;0.598
'NotSuccession(h, l)';'NotSuccession';'h';'l';0.628;0.725;0.725
'NotCoExistence(h, l)';'NotCoExistence';'h';'l';0.474;0.547;0.547
'CoExistence(h, m)';'CoExistence';'h';'m';0.568;0.611;0.611
'RespondedExistence(h, m)';'RespondedExistence';'h';'m';0.568;0.866;0.866
'NotSuccession(h, m)';'NotSuccession';'h';'m';0.664;0.714;0.714
'CoExistence(h, n)';'CoExistence';'h';'n';0.638;0.646;0.646
'RespondedExistence(h, n)';'RespondedExistence';'h';'n';0.638;0.973;0.973
'Response(h, n)';'Response';'h';'n';0.472;0.720;0.720
'CoExistence(h, o)';'CoExistence';'h';'o';0.596;0.612;0.612
'RespondedExistence(h, o)';'RespondedExistence';'h';'o';0.596;0.909;0.909
'NotSuccession(h, o)';'NotSuccession';'h';'o';0.576;0.591;0.591
'CoExistence(h, p)';'CoExistence';'h';'p';0.646;0.654;0.654
'RespondedExistence(h, p)';'RespondedExistence';'h';'p';0.646;0.985;0.985
'Response(h, p)';'Response';'h';'p';0.368;0.561;0.561
'CoExistence(h, q)';'CoExistence';'h';'q';0.572;0.591;0.591
'RespondedExistence(h, q)';'RespondedExistence';'h';'q';0.572;0.872;0.872
'NotSuccession(h, q)';'NotSuccession';'h';'q';0.580;0.599;0.599
'NotSuccession(h, r)';'NotSuccession';'h';'r';0.668;0.965;0.965
'NotCoExistence(h, r)';'NotCoExistence';'h';'r';0.630;0.910;0.910
'CoExistence(h, s)';'CoExistence';'h';'s';0.594;0.632;0.632
'RespondedExistence(h, s)';'RespondedExistence';'h';'s';0.594;0.905;0.905
'NotSuccession(h, s)';'NotSuccession';'h';'s';0.542;0.577;0.577
'CoExistence(h, t)';'CoExistence';'h';'t';0.646;0.655;0.655
'RespondedExistence(h, t)';'RespondedExistence';'h';'t';0.646;0.985;0.985
'NotSuccession(h, t)';'NotSuccession';'h';'t';0.546;0.554;0.554
'CoExistence(h, u)';'CoExistence';'h';'u';0.580;0.608;0.608
'RespondedExistence(h, u)';'RespondedExistence';'h';'u';0.580;0.884;0.884
'NotSuccession(h, u)';'NotSuccession';'h';'u';0.582;0.610;0.610
'CoExistence(h, v)';'CoExistence';'h';'v';0.572;0.601;0.601
'RespondedExistence(h, v)';'RespondedExistence';'h';'v';0.572;0.872;0.872
'NotSuccession(h, v)';'NotSuccession';'h';'v';0.552;0.580;0.580
'CoExistence(h, w)';'CoExistence';'h';'w';0.578;0.607;0.607
'RespondedExistence(h, w)';'RespondedExistence';'h';'w';0.578;0.881;0.881
'NotSuccession(h, w)';'NotSuccession';'h';'w';0.570;0.599;0.599
'CoExistence(h, z)';'CoExistence';'h';'z';0.594;0.624;0.624
'RespondedExistence(h, z)';'RespondedExistence';'h';'z';0.594;0.905;0.905
'NotSuccession(h, z)';'NotSuccession';'h';'z';0.564;0.592;0.592
'Precedence(i, h)';'Precedence';'h';'i';0.420;0.640;0.640
'Precedence(m, h)';'Precedence';'h';'m';0.424;0.646;0.646
'Precedence(n, h)';'Precedence';'h';'n';0.418;0.637;0.637
'Precedence(o, h)';'Precedence';'h';'o';0.436;0.665;0.665
'Precedence(p, h)';'Precedence';'h';'p';0.538;0.820;0.820
'AlternatePrecedence(p, h)';'AlternatePrecedence';'h';'p';0.342;0.521;0.521
'Precedence(q, h)';'Precedence';'h';'q';0.418;0.637;0.637
'Precedence(s, h)';'Precedence';'h';'s';0.404;0.616;0.616
'Precedence(t, h)';'Precedence';'h';'t';0.428;0.652;0.652
'Precedence(u, h)';'Precedence';'h';'u';0.434;0.662;0.662
'Precedence(v, h)';'Precedence';'h';'v';0.374;0.570;0.570
'Precedence(w, h)';'Precedence';'h';'w';0.420;0.640;0.640
'Precedence(z, h)';'Precedence';'h';'z';0.422;0.643;0.643
'Participation(i)';'Participation';'i';;0.858;0.858;0.858
'CoExistence(i, a)';'CoExistence';'i';'a';0.858;0.858;0.858
'CoExistence(i, b)';'CoExistence';'i';'b';0.858;0.858;0.858
'CoExistence(i, c)';'CoExistence';'i';'c';0.788;0.817;0.817
'RespondedExistence(i, c)';'RespondedExistence';'i';'c';0.788;0.918;0.918
'NotSuccession(i, c)';'NotSuccession';'i';'c';0.602;0.624;0.624
'CoExistence(i, d)';'CoExistence';'i';'d';0.858;0.858;0.858
'Response(i, d)';'Response';'i';'d';0.506;0.590;0.590
'CoExistence(i, e)';'CoExistence';'i';'e';0.754;0.773;0.773
'RespondedExistence(i, e)';'RespondedExistence';'i';'e';0.754;0.879;0.879
'CoExistence(i, f)';'CoExistence';'i';'f';0.844;0.858;0.858
'RespondedExistence(i, f)';'RespondedExistence';'i';'f';0.844;0.984;0.984
'Response(i, f)';'Response';'i';'f';0.686;0.800;0.800
'CoExistence(i, g)';'CoExistence';'i';'g';0.770;0.789;0.789
'RespondedExistence(i, g)';'RespondedExistence';'i';'g';0.770;0.897;0.897
'CoExistence(i, h)';'CoExistence';'i';'h';0.572;0.607;0.607
'RespondedExistence(i, h)';'RespondedExistence';'i';'h';0.572;0.667;0.667
'CoExistence(i, l)';'CoExistence';'i';'l';0.602;0.702;0.702
'RespondedExistence(i, l)';'RespondedExistence';'i';'l';0.602;0.702;0.702
'CoExistence(i, m)';'CoExistence';'i';'m';0.744;0.778;0.778
'RespondedExistence(i, m)';'RespondedExistence';'i';'m';0.744;0.867;0.867
'CoExistence(i, n)';'CoExistence';'i';'n';0.846;0.862;0.862
'RespondedExistence(i, n)';'RespondedExistence';'i';'n';0.846;0.986;0.986
'Response(i, n)';'Response';'i';'n';0.696;0.811;0.811
'CoExistence(i, o)';'CoExistence';'i';'o';0.792;0.808;0.808
'RespondedExistence(i, o)';'RespondedExistence';'i';'o';0.792;0.923;0.923
'Response(i, o)';'Response';'i';'o';0.438;0.510;0.510
'CoExistence(i, p)';'CoExistence';'i';'p';0.848;0.858;0.858
'RespondedExistence(i, p)';'RespondedExistence';'i';'p';0.848;0.988;0.988
'Response(i, p)';'Response';'i';'p';0.598;0.697;0.697
'CoExistence(i, q)';'CoExistence';'i';'q';0.766;0.785;0.785
'RespondedExistence(i, q)';'RespondedExistence';'i';'q';0.766;0.893;0.893
'NotSuccession(i, r)';'NotSuccession';'i';'r';0.808;0.931;0.931
'NotCoExistence(i, r)';'NotCoExistence';'i';'r';0.780;0.899;0.899
'CoExistence(i, s)';'CoExistence';'i';'s';0.770;0.797;0.797
'RespondedExistence(i, s)';'RespondedExistence';'i';'s';0.770;0.897;0.897
'CoExistence(i, t)';'CoExistence';'i';'t';0.844;0.853;0.853
'RespondedExistence(i, t)';'RespondedExistence';'i';'t';0.844;0.984;0.984
'Response(i, t)';'Response';'i';'t';0.486;0.566;0.566
'CoExistence(i, u)';'CoExistence';'i';'u';0.764;0.786;0.786
'RespondedExistence(i, u)';'RespondedExistence';'i';'u';0.764;0.890;0.890
'CoExistence(i, v)';'CoExistence';'i';'v';0.754;0.776;0.776
'RespondedExistence(i, v)';'RespondedExistence';'i';'v';0.754;0.879;0.879
'CoExistence(i, w)';'CoExistence';'i';'w';0.754;0.771;0.771
'RespondedExistence(i, w)';'RespondedExistence';'i';'w';0.754;0.879;0.879
'CoExistence(i, z)';'CoExistence';'i';'z';0.772;0.791;0.791
'RespondedExistence(i, z)';'RespondedExistence';'i';'z';0.772;0.900;0.900
'Precedence(p, i)';'Precedence';'i';'p';0.544;0.634;0.634
'AtMostOne(l)';'AtMostOne';'l';;0.432;0.718;0.718
'Participation(l)';'Participation';'l';;0.602;0.602;0.602
'AlternatePrecedence(a, l)';'AlternatePrecedence';'l';'a';0.516;0.857;0.857
'Precedence(b, l)';'Precedence';'l';'b';0.392;0.651;0.651
'AlternatePrecedence(b, l)';'AlternatePrecedence';'l';'b';0.338;0.561;0.561
'Precedence(c, l)';'Precedence';'l';'c';0.418;0.694;0.694
'AlternatePrecedence(c, l)';'AlternatePrecedence';'l';'c';0.330;0.548;0.548
'Precedence(d, l)';'Precedence';'l';'d';0.388;0.645;0.645
'AlternatePrecedence(d, l)';'AlternatePrecedence';'l';'d';0.344;0.571;0.571
'Precedence(e, l)';'Precedence';'l';'e';0.398;0.661;0.661
'AlternatePrecedence(e, l)';'AlternatePrecedence';'l';'e';0.358;0.595;0.595
'Precedence(f, l)';'Precedence';'l';'f';0.426;0.708;0.708
'AlternatePrecedence(f, l)';'AlternatePrecedence';'l';'f';0.364;0.605;0.605
'Precedence(g, l)';'Precedence';'l';'g';0.370;0.615;0.615
'AlternatePrecedence(g, l)';'AlternatePrecedence';'l';'g';0.328;0.545;0.545
'AlternatePrecedence(i, l)';'AlternatePrecedence';'l';'i';0.602;1.000;1.000
'CoExistence(l, a)';'CoExistence';'l';'a';0.602;0.602;0.602
'Response(l, a)';'Response';'l';'a';0.310;0.515;0.515
'NotSuccession(l, a)';'NotSuccession';'l';'a';0.636;0.636;0.636
'CoExistence(l, b)';'CoExistence';'l';'b';0.602;0.602;0.602
'AlternateResponse(l, b)';'AlternateResponse';'l';'b';0.520;0.864;0.864
'CoExistence(l, c)';'CoExistence';'l';'c';0.558;0.595;0.595
'RespondedExistence(l, c)';'RespondedExistence';'l';'c';0.558;0.927;0.927
'NotSuccession(l, c)';'NotSuccession';'l';'c';0.798;0.851;0.851
'CoExistence(l, d)';'CoExistence';'l';'d';0.602;0.602;0.602
'Response(l, d)';'Response';'l';'d';0.374;0.621;0.621
'AlternateResponse(l, d)';'AlternateResponse';'l';'d';0.314;0.522;0.522
'NotSuccession(l, d)';'NotSuccession';'l';'d';0.576;0.576;0.576
'CoExistence(l, e)';'CoExistence';'l';'e';0.532;0.565;0.565
'RespondedExistence(l, e)';'RespondedExistence';'l';'e';0.532;0.884;0.884
'NotSuccession(l, e)';'NotSuccession';'l';'e';0.618;0.656;0.656
'CoExistence(l, f)';'CoExistence';'l';'f';0.594;0.607;0.607
'RespondedExistence(l, f)';'RespondedExistence';'l';'f';0.594;0.987;0.987
'Response(l, f)';'Response';'l';'f';0.472;0.784;0.784
'AlternateResponse(l, f)';'AlternateResponse';'l';'f';0.404;0.671;0.671
'CoExistence(l, g)';'CoExistence';'l';'g';0.542;0.572;0.572
'RespondedExistence(l, g)';'RespondedExistence';'l';'g';0.542;0.900;0.900
'NotSuccession(l, g)';'NotSuccession';'l';'g';0.598;0.631;0.631
'RespondedExistence(l, h)';'RespondedExistence';'l';'h';0.392;0.651;0.651
'NotSuccession(l, h)';'NotSuccession';'l';'h';0.568;0.656;0.656
'NotCoExistence(l, h)';'NotCoExistence';'l';'h';0.474;0.547;0.547
'CoExistence(l, i)';'CoExistence';'l';'i';0.602;0.702;0.702
'NotSuccession(l, i)';'NotSuccession';'l';'i';0.532;0.620;0.620
'CoExistence(l, m)';'CoExistence';'l';'m';0.530;0.580;0.580
'RespondedExistence(l, m)';'RespondedExistence';'l';'m';0.530;0.880;0.880
'NotSuccession(l, m)';'NotSuccession';'l';'m';0.634;0.694;0.694
'CoExistence(l, n)';'CoExistence';'l';'n';0.594;0.607;0.607
'RespondedExistence(l, n)';'RespondedExistence';'l';'n';0.594;0.987;0.987
'Response(l, n)';'Response';'l';'n';0.506;0.841;0.841
'AlternateResponse(l, n)';'AlternateResponse';'l';'n';0.420;0.698;0.698
'CoExistence(l, o)';'CoExistence';'l';'o';0.554;0.576;0.576
'RespondedExistence(l, o)';'RespondedExistence';'l';'o';0.554;0.920;0.920
'Response(l, o)';'Response';'l';'o';0.324;0.538;0.538
'NotSuccession(l, o)';'NotSuccession';'l';'o';0.586;0.609;0.609
'CoExistence(l, p)';'CoExistence';'l';'p';0.594;0.602;0.602
'RespondedExistence(l, p)';'RespondedExistence';'l';'p';0.594;0.987;0.987
'Response(l, p)';'Response';'l';'p';0.406;0.674;0.674
'AlternateResponse(l, p)';'AlternateResponse';'l';'p';0.370;0.615;0.615
'NotSuccession(l, p)';'NotSuccession';'l';'p';0.530;0.538;0.538
'CoExistence(l, q)';'CoExistence';'l';'q';0.540;0.571;0.571
'RespondedExistence(l, q)';'RespondedExistence';'l';'q';0.540;0.897;0.897
'Response(l, q)';'Response';'l';'q';0.306;0.508;0.508
'NotSuccession(l, q)';'NotSuccession';'l';'q';0.580;0.613;0.613
'NotSuccession(l, r)';'NotSuccession';'l';'r';0.602;0.959;0.959
'NotCoExistence(l, r)';'NotCoExistence';'l';'r';0.556;0.885;0.885
'CoExistence(l, s)';'CoExistence';'l';'s';0.552;0.595;0.595
'RespondedExistence(l, s)';'RespondedExistence';'l';'s';0.552;0.917;0.917
'NotSuccession(l, s)';'NotSuccession';'l';'s';0.560;0.603;0.603
'CoExistence(l, t)';'CoExistence';'l';'t';0.592;0.600;0.600
'RespondedExistence(l, t)';'RespondedExistence';'l';'t';0.592;0.983;0.983
'Response(l, t)';'Response';'l';'t';0.358;0.595;0.595
'AlternateResponse(l, t)';'AlternateResponse';'l';'t';0.304;0.505;0.505
'NotSuccession(l, t)';'NotSuccession';'l';'t';0.586;0.594;0.594
'CoExistence(l, u)';'CoExistence';'l';'u';0.532;0.561;0.561
'RespondedExistence(l, u)';'RespondedExistence';'l';'u';0.532;0.884;0.884
'Response(l, u)';'Response';'l';'u';0.310;0.515;0.515
'NotSuccession(l, u)';'NotSuccession';'l';'u';0.584;0.616;0.616
'CoExistence(l, v)';'CoExistence';'l';'v';0.524;0.554;0.554
'RespondedExistence(l, v)';'RespondedExistence';'l';'v';0.524;0.870;0.870
'NotSuccession(l, v)';'NotSuccession';'l';'v';0.616;0.651;0.651
'CoExistence(l, w)';'CoExistence';'l';'w';0.530;0.560;0.560
'RespondedExistence(l, w)';'RespondedExistence';'l';'w';0.530;0.880;0.880
'NotSuccession(l, w)';'NotSuccession';'l';'w';0.598;0.632;0.632
'CoExistence(l, z)';'CoExistence';'l';'z';0.546;0.577;0.577
'RespondedExistence(l, z)';'RespondedExistence';'l';'z';0.546;0.907;0.907
'NotSuccession(l, z)';'NotSuccession';'l';'z';0.584;0.617;0.617
'Precedence(m, l)';'Precedence';'l';'m';0.360;0.598;0.598
'Precedence(n, l)';'Precedence';'l';'n';0.392;0.651;0.651
'AlternatePrecedence(n, l)';'AlternatePrecedence';'l';'n';0.342;0.568;0.568
'Precedence(o, l)';'Precedence';'l';'o';0.404;0.671;0.671
'AlternatePrecedence(o, l)';'AlternatePrecedence';'l';'o';0.354;0.588;0.588
'Precedence(p, l)';'Precedence';'l';'p';0.520;0.864;0.864
'AlternatePrecedence(p, l)';'AlternatePrecedence';'l';'p';0.486;0.807;0.807
'Precedence(q, l)';'Precedence';'l';'q';0.384;0.638;0.638
'AlternatePrecedence(q, l)';'AlternatePrecedence';'l';'q';0.334;0.555;0.555
'Precedence(s, l)';'Precedence';'l';'s';0.380;0.631;0.631
'AlternatePrecedence(s, l)';'AlternatePrecedence';'l';'s';0.334;0.555;0.555
'Precedence(t, l)';'Precedence';'l';'t';0.382;0.635;0.635
'AlternatePrecedence(t, l)';'AlternatePrecedence';'l';'t';0.334;0.555;0.555
'Precedence(u, l)';'Precedence';'l';'u';0.390;0.648;0.648
'AlternatePrecedence(u, l)';'AlternatePrecedence';'l';'u';0.346;0.575;0.575
'Precedence(v, l)';'Precedence';'l';'v';0.348;0.578;0.578
'Precedence(w, l)';'Precedence';'l';'w';0.382;0.635;0.635
'AlternatePrecedence(w, l)';'AlternatePrecedence';'l';'w';0.338;0.561;0.561
'Precedence(z, l)';'Precedence';'l';'z';0.406;0.674;0.674
'AlternatePrecedence(z, l)';'AlternatePrecedence';'l';'z';0.372;0.618;0.618
'AtMostOne(m)';'AtMostOne';'m';;0.476;0.565;0.565
'Participation(m)';'Participation';'m';;0.842;0.842;0.842
'AlternatePrecedence(a, m)';'AlternatePrecedence';'m';'a';0.686;0.815;0.815
'CoExistence(m, a)';'CoExistence';'m';'a';0.842;0.842;0.842
'Response(m, a)';'Response';'m';'a';0.492;0.584;0.584
'CoExistence(m, b)';'CoExistence';'m';'b';0.842;0.842;0.842
'AlternateResponse(m, b)';'AlternateResponse';'m';'b';0.696;0.827;0.827
'CoExistence(m, c)';'CoExistence';'m';'c';0.768;0.793;0.793
'RespondedExistence(m, c)';'RespondedExistence';'m';'c';0.768;0.912;0.912
'NotSuccession(m, c)';'NotSuccession';'m';'c';0.598;0.618;0.618
'CoExistence(m, d)';'CoExistence';'m';'d';0.842;0.842;0.842
'Response(m, d)';'Response';'m';'d';0.578;0.686;0.686
'AlternateResponse(m, d)';'AlternateResponse';'m';'d';0.468;0.556;0.556
'CoExistence(m, e)';'CoExistence';'m';'e';0.754;0.785;0.785
'RespondedExistence(m, e)';'RespondedExistence';'m';'e';0.754;0.895;0.895
'Response(m, e)';'Response';'m';'e';0.464;0.551;0.551
'CoExistence(m, f)';'CoExistence';'m';'f';0.824;0.834;0.834
'RespondedExistence(m, f)';'RespondedExistence';'m';'f';0.824;0.979;0.979
'Response(m, f)';'Response';'m';'f';0.720;0.855;0.855
'AlternateResponse(m, f)';'AlternateResponse';'m';'f';0.552;0.656;0.656
'CoExistence(m, g)';'CoExistence';'m';'g';0.762;0.787;0.787
'RespondedExistence(m, g)';'RespondedExistence';'m';'g';0.762;0.905;0.905
'Response(m, g)';'Response';'m';'g';0.478;0.568;0.568
'CoExistence(m, h)';'CoExistence';'m';'h';0.568;0.611;0.611
'RespondedExistence(m, h)';'RespondedExistence';'m';'h';0.568;0.675;0.675
'CoExistence(m, i)';'CoExistence';'m';'i';0.744;0.778;0.778
'RespondedExistence(m, i)';'RespondedExistence';'m';'i';0.744;0.884;0.884
'Response(m, i)';'Response';'m';'i';0.426;0.506;0.506
'CoExistence(m, l)';'CoExistence';'m';'l';0.530;0.580;0.580
'RespondedExistence(m, l)';'RespondedExistence';'m';'l';0.530;0.629;0.629
'NotSuccession(m, l)';'NotSuccession';'m';'l';0.496;0.543;0.543
'CoExistence(m, n)';'CoExistence';'m';'n';0.842;0.868;0.868
'AlternateResponse(m, n)';'AlternateResponse';'m';'n';0.842;1.000;1.000
'CoExistence(m, o)';'CoExistence';'m';'o';0.774;0.788;0.788
'RespondedExistence(m, o)';'RespondedExistence';'m';'o';0.774;0.919;0.919
'Response(m, o)';'Response';'m';'o';0.490;0.582;0.582
'CoExistence(m, p)';'CoExistence';'m';'p';0.828;0.835;0.835
'RespondedExistence(m, p)';'RespondedExistence';'m';'p';0.828;0.983;0.983
'Response(m, p)';'Response';'m';'p';0.636;0.755;0.755
'AlternateResponse(m, p)';'AlternateResponse';'m';'p';0.560;0.665;0.665
'CoExistence(m, q)';'CoExistence';'m';'q';0.764;0.794;0.794
'RespondedExistence(m, q)';'RespondedExistence';'m';'q';0.764;0.907;0.907
'Response(m, q)';'Response';'m';'q';0.516;0.613;0.613
'AlternateResponse(m, q)';'AlternateResponse';'m';'q';0.426;0.506;0.506
'NotSuccession(m, r)';'NotSuccession';'m';'r';0.800;0.935;0.935
'NotCoExistence(m, r)';'NotCoExistence';'m';'r';0.772;0.902;0.902
'CoExistence(m, s)';'CoExistence';'m';'s';0.752;0.777;0.777
'RespondedExistence(m, s)';'RespondedExistence';'m';'s';0.752;0.893;0.893
'Response(m, s)';'Response';'m';'s';0.456;0.542;0.542
'CoExistence(m, t)';'CoExistence';'m';'t';0.830;0.840;0.840
'RespondedExistence(m, t)';'RespondedExistence';'m';'t';0.830;0.986;0.986
'Response(m, t)';'Response';'m';'t';0.550;0.653;0.653
'AlternateResponse(m, t)';'AlternateResponse';'m';'t';0.438;0.520;0.520
'CoExistence(m, u)';'CoExistence';'m';'u';0.754;0.781;0.781
'RespondedExistence(m, u)';'RespondedExistence';'m';'u';0.754;0.895;0.895
'Response(m, u)';'Response';'m';'u';0.506;0.601;0.601
'AlternateResponse(m, u)';'AlternateResponse';'m';'u';0.422;0.501;0.501
'CoExistence(m, v)';'CoExistence';'m';'v';0.738;0.759;0.759
'RespondedExistence(m, v)';'RespondedExistence';'m';'v';0.738;0.876;0.876
'Response(m, v)';'Response';'m';'v';0.508;0.603;0.603
'CoExistence(m, w)';'CoExistence';'m';'w';0.728;0.737;0.737
'RespondedExistence(m, w)';'RespondedExistence';'m';'w';0.728;0.865;0.865
'Response(m, w)';'Response';'m';'w';0.468;0.556;0.556
'CoExistence(m, z)';'CoExistence';'m';'z';0.754;0.771;0.771
'RespondedExistence(m, z)';'RespondedExistence';'m';'z';0.754;0.895;0.895
'Response(m, z)';'Response';'m';'z';0.480;0.570;0.570
'Precedence(p, m)';'Precedence';'m';'p';0.534;0.634;0.634
'AlternatePrecedence(p, m)';'AlternatePrecedence';'m';'p';0.484;0.575;0.575
'Participation(n)';'Participation';'n';;0.970;0.970;0.970
'Precedence(c, n)';'Precedence';'n';'c';0.516;0.532;0.532
'Precedence(d, n)';'Precedence';'n';'d';0.486;0.501;0.501
'Precedence(f, n)';'Precedence';'n';'f';0.512;0.528;0.528
'CoExistence(n, a)';'CoExistence';'n';'a';0.970;0.970;0.970
'CoExistence(n, b)';'CoExistence';'n';'b';0.970;0.970;0.970
'Succession(n, b)';'Succession';'n';'b';0.504;0.504;0.504
'CoExistence(n, c)';'CoExistence';'n';'c';0.880;0.894;0.894
'RespondedExistence(n, c)';'RespondedExistence';'n';'c';0.880;0.907;0.907
'NotSuccession(n, c)';'NotSuccession';'n';'c';0.620;0.630;0.630
'CoExistence(n, d)';'CoExistence';'n';'d';0.970;0.970;0.970
'CoExistence(n, e)';'CoExistence';'n';'e';0.856;0.868;0.868
'RespondedExistence(n, e)';'RespondedExistence';'n';'e';0.856;0.882;0.882
'CoExistence(n, f)';'CoExistence';'n';'f';0.942;0.944;0.944
'RespondedExistence(n, f)';'RespondedExistence';'n';'f';0.942;0.971;0.971
'CoExistence(n, g)';'CoExistence';'n';'g';0.866;0.873;0.873
'RespondedExistence(n, g)';'RespondedExistence';'n';'g';0.866;0.893;0.893
'CoExistence(n, h)';'CoExistence';'n';'h';0.638;0.646;0.646
'RespondedExistence(n, h)';'RespondedExistence';'n';'h';0.638;0.658;0.658
'CoExistence(n, i)';'CoExistence';'n';'i';0.846;0.862;0.862
'RespondedExistence(n, i)';'RespondedExistence';'n';'i';0.846;0.872;0.872
'CoExistence(n, l)';'CoExistence';'n';'l';0.594;0.607;0.607
'RespondedExistence(n, l)';'RespondedExistence';'n';'l';0.594;0.612;0.612
'NotSuccession(n, l)';'NotSuccession';'n';'l';0.544;0.556;0.556
'CoExistence(n, m)';'CoExistence';'n';'m';0.842;0.868;0.868
'RespondedExistence(n, m)';'RespondedExistence';'n';'m';0.842;0.868;0.868
'CoExistence(n, o)';'CoExistence';'n';'o';0.892;0.899;0.899
'RespondedExistence(n, o)';'RespondedExistence';'n';'o';0.892;0.920;0.920
'CoExistence(n, p)';'CoExistence';'n';'p';0.952;0.956;0.956
'RespondedExistence(n, p)';'RespondedExistence';'n';'p';0.952;0.981;0.981
'CoExistence(n, q)';'CoExistence';'n';'q';0.866;0.877;0.877
'RespondedExistence(n, q)';'RespondedExistence';'n';'q';0.866;0.893;0.893
'NotSuccession(n, r)';'NotSuccession';'n';'r';0.926;0.953;0.953
'NotCoExistence(n, r)';'NotCoExistence';'n';'r';0.876;0.901;0.901
'CoExistence(n, s)';'CoExistence';'n';'s';0.862;0.874;0.874
'RespondedExistence(n, s)';'RespondedExistence';'n';'s';0.862;0.889;0.889
'CoExistence(n, t)';'CoExistence';'n';'t';0.956;0.966;0.966
'RespondedExistence(n, t)';'RespondedExistence';'n';'t';0.956;0.986;0.986
'CoExistence(n, u)';'CoExistence';'n';'u';0.856;0.863;0.863
'RespondedExistence(n, u)';'RespondedExistence';'n';'u';0.856;0.882;0.882
'CoExistence(n, v)';'CoExistence';'n';'v';0.850;0.860;0.860
'RespondedExistence(n, v)';'RespondedExistence';'n';'v';0.850;0.876;0.876
'CoExistence(n, w)';'CoExistence';'n';'w';0.850;0.855;0.855
'RespondedExistence(n, w)';'RespondedExistence';'n';'w';0.850;0.876;0.876
'CoExistence(n, z)';'CoExistence';'n';'z';0.870;0.879;0.879
'RespondedExistence(n, z)';'RespondedExistence';'n';'z';0.870;0.897;0.897
'Precedence(o, n)';'Precedence';'n';'o';0.502;0.518;0.518
'Precedence(p, n)';'Precedence';'n';'p';0.660;0.680;0.680
'Participation(o)';'Participation';'o';;0.914;0.914;0.914
'CoExistence(o, a)';'CoExistence';'o';'a';0.914;0.914;0.914
'CoExistence(o, b)';'CoExistence';'o';'b';0.914;0.914;0.914
'Succession(o, b)';'Succession';'o';'b';0.518;0.518;0.518
'CoExistence(o, c)';'CoExistence';'o';'c';0.820;0.830;0.830
'RespondedExistence(o, c)';'RespondedExistence';'o';'c';0.820;0.897;0.897
'NotSuccession(o, c)';'NotSuccession';'o';'c';0.588;0.595;0.595
'CoExistence(o, d)';'CoExistence';'o';'d';0.914;0.914;0.914
'Response(o, d)';'Response';'o';'d';0.504;0.551;0.551
'CoExistence(o, e)';'CoExistence';'o';'e';0.810;0.830;0.830
'RespondedExistence(o, e)';'RespondedExistence';'o';'e';0.810;0.886;0.886
'CoExistence(o, f)';'CoExistence';'o';'f';0.894;0.903;0.903
'RespondedExistence(o, f)';'RespondedExistence';'o';'f';0.894;0.978;0.978
'Response(o, f)';'Response';'o';'f';0.710;0.777;0.777
'CoExistence(o, g)';'CoExistence';'o';'g';0.820;0.835;0.835
'RespondedExistence(o, g)';'RespondedExistence';'o';'g';0.820;0.897;0.897
'CoExistence(o, h)';'CoExistence';'o';'h';0.596;0.612;0.612
'RespondedExistence(o, h)';'RespondedExistence';'o';'h';0.596;0.652;0.652
'CoExistence(o, i)';'CoExistence';'o';'i';0.792;0.808;0.808
'RespondedExistence(o, i)';'RespondedExistence';'o';'i';0.792;0.867;0.867
'CoExistence(o, l)';'CoExistence';'o';'l';0.554;0.576;0.576
'RespondedExistence(o, l)';'RespondedExistence';'o';'l';0.554;0.606;0.606
'NotSuccession(o, l)';'NotSuccession';'o';'l';0.508;0.528;0.528
'CoExistence(o, m)';'CoExistence';'o';'m';0.774;0.788;0.788
'RespondedExistence(o, m)';'RespondedExistence';'o';'m';0.774;0.847;0.847
'CoExistence(o, n)';'CoExistence';'o';'n';0.892;0.899;0.899
'RespondedExistence(o, n)';'RespondedExistence';'o';'n';0.892;0.976;0.976
'Response(o, n)';'Response';'o';'n';0.710;0.777;0.777
'CoExistence(o, p)';'CoExistence';'o';'p';0.914;0.935;0.935
'Succession(o, p)';'Succession';'o';'p';0.502;0.513;0.513
'ChainResponse(o, p)';'ChainResponse';'o';'p';0.914;1.000;1.000
'CoExistence(o, q)';'CoExistence';'o';'q';0.812;0.824;0.824
'RespondedExistence(o, q)';'RespondedExistence';'o';'q';0.812;0.888;0.888
'NotSuccession(o, r)';'NotSuccession';'o';'r';0.876;0.946;0.946
'NotCoExistence(o, r)';'NotCoExistence';'o';'r';0.840;0.907;0.907
'CoExistence(o, s)';'CoExistence';'o';'s';0.804;0.814;0.814
'RespondedExistence(o, s)';'RespondedExistence';'o';'s';0.804;0.880;0.880
'CoExistence(o, t)';'CoExistence';'o';'t';0.898;0.905;0.905
'RespondedExistence(o, t)';'RespondedExistence';'o';'t';0.898;0.982;0.982
'Response(o, t)';'Response';'o';'t';0.464;0.508;0.508
'CoExistence(o, u)';'CoExistence';'o';'u';0.812;0.829;0.829
'RespondedExistence(o, u)';'RespondedExistence';'o';'u';0.812;0.888;0.888
'CoExistence(o, v)';'CoExistence';'o';'v';0.798;0.811;0.811
'RespondedExistence(o, v)';'RespondedExistence';'o';'v';0.798;0.873;0.873
'CoExistence(o, w)';'CoExistence';'o';'w';0.808;0.824;0.824
'RespondedExistence(o, w)';'RespondedExistence';'o';'w';0.808;0.884;0.884
'CoExistence(o, z)';'CoExistence';'o';'z';0.816;0.826;0.826
'RespondedExistence(o, z)';'RespondedExistence';'o';'z';0.816;0.893;0.893
'Participation(p)';'Participation';'p';;0.978;0.978;0.978
'Precedence(o, p)';'Precedence';'p';'o';0.502;0.513;0.513
'CoExistence(p, a)';'CoExistence';'p';'a';0.978;0.978;0.978
'CoExistence(p, b)';'CoExistence';'p';'b';0.978;0.978;0.978
'Succession(p, b)';'Succession';'p';'b';0.674;0.674;0.674
'CoExistence(p, c)';'CoExistence';'p';'c';0.878;0.883;0.883
'RespondedExistence(p, c)';'RespondedExistence';'p';'c';0.878;0.898;0.898
'CoExistence(p, d)';'CoExistence';'p';'d';0.978;0.978;0.978
'CoExistence(p, e)';'CoExistence';'p';'e';0.864;0.876;0.876
'RespondedExistence(p, e)';'RespondedExistence';'p';'e';0.864;0.883;0.883
'CoExistence(p, f)';'CoExistence';'p';'f';0.956;0.964;0.964
'RespondedExistence(p, f)';'RespondedExistence';'p';'f';0.956;0.978;0.978
'Response(p, f)';'Response';'p';'f';0.674;0.689;0.689
'CoExistence(p, g)';'CoExistence';'p';'g';0.874;0.881;0.881
'RespondedExistence(p, g)';'RespondedExistence';'p';'g';0.874;0.894;0.894
'CoExistence(p, h)';'CoExistence';'p';'h';0.646;0.654;0.654
'RespondedExistence(p, h)';'RespondedExistence';'p';'h';0.646;0.661;0.661
'CoExistence(p, i)';'CoExistence';'p';'i';0.848;0.858;0.858
'RespondedExistence(p, i)';'RespondedExistence';'p';'i';0.848;0.867;0.867
'CoExistence(p, l)';'CoExistence';'p';'l';0.594;0.602;0.602
'RespondedExistence(p, l)';'RespondedExistence';'p';'l';0.594;0.607;0.607
'CoExistence(p, m)';'CoExistence';'p';'m';0.828;0.835;0.835
'RespondedExistence(p, m)';'RespondedExistence';'p';'m';0.828;0.847;0.847
'CoExistence(p, n)';'CoExistence';'p';'n';0.952;0.956;0.956
'RespondedExistence(p, n)';'RespondedExistence';'p';'n';0.952;0.973;0.973
'Response(p, n)';'Response';'p';'n';0.706;0.722;0.722
'CoExistence(p, o)';'CoExistence';'p';'o';0.914;0.935;0.935
'RespondedExistence(p, o)';'RespondedExistence';'p';'o';0.914;0.935;0.935
'CoExistence(p, q)';'CoExistence';'p';'q';0.866;0.869;0.869
'RespondedExistence(p, q)';'RespondedExistence';'p';'q';0.866;0.885;0.885
'NotSuccession(p, r)';'NotSuccession';'p';'r';0.904;0.922;0.922
'NotCoExistence(p, r)';'NotCoExistence';'p';'r';0.884;0.902;0.902
'CoExistence(p, s)';'CoExistence';'p';'s';0.862;0.867;0.867
'RespondedExistence(p, s)';'RespondedExistence';'p';'s';0.862;0.881;0.881
'CoExistence(p, t)';'CoExistence';'p';'t';0.958;0.962;0.962
'RespondedExistence(p, t)';'RespondedExistence';'p';'t';0.958;0.980;0.980
'CoExistence(p, u)';'CoExistence';'p';'u';0.868;0.879;0.879
'RespondedExistence(p, u)';'RespondedExistence';'p';'u';0.868;0.888;0.888
'CoExistence(p, v)';'CoExistence';'p';'v';0.856;0.865;0.865
'RespondedExistence(p, v)';'RespondedExistence';'p';'v';0.856;0.875;0.875
'CoExistence(p, w)';'CoExistence';'p';'w';0.858;0.863;0.863
'RespondedExistence(p, w)';'RespondedExistence';'p';'w';0.858;0.877;0.877
'CoExistence(p, z)';'CoExistence';'p';'z';0.874;0.879;0.879
'RespondedExistence(p, z)';'RespondedExistence';'p';'z';0.874;0.894;0.894
'Participation(q)';'Participation';'q';;0.884;0.884;0.884
'Precedence(p, q)';'Precedence';'q';'p';0.552;0.624;0.624
'CoExistence(q, a)';'CoExistence';'q';'a';0.884;0.884;0.884
'CoExistence(q, b)';'CoExistence';'q';'b';0.884;0.884;0.884
'Succession(q, b)';'Succession';'q';'b';0.508;0.508;0.508
'CoExistence(q, c)';'CoExistence';'q';'c';0.796;0.811;0.811
'RespondedExistence(q, c)';'RespondedExistence';'q';'c';0.796;0.900;0.900
'NotSuccession(q, c)';'NotSuccession';'q';'c';0.616;0.627;0.627
'CoExistence(q, d)';'CoExistence';'q';'d';0.884;0.884;0.884
'Response(q, d)';'Response';'q';'d';0.496;0.561;0.561
'CoExistence(q, e)';'CoExistence';'q';'e';0.792;0.822;0.822
'RespondedExistence(q, e)';'RespondedExistence';'q';'e';0.792;0.896;0.896
'CoExistence(q, f)';'CoExistence';'q';'f';0.874;0.892;0.892
'RespondedExistence(q, f)';'RespondedExistence';'q';'f';0.874;0.989;0.989
'Response(q, f)';'Response';'q';'f';0.694;0.785;0.785
'CoExistence(q, g)';'CoExistence';'q';'g';0.784;0.794;0.794
'RespondedExistence(q, g)';'RespondedExistence';'q';'g';0.784;0.887;0.887
'CoExistence(q, h)';'CoExistence';'q';'h';0.572;0.591;0.591
'RespondedExistence(q, h)';'RespondedExistence';'q';'h';0.572;0.647;0.647
'CoExistence(q, i)';'CoExistence';'q';'i';0.766;0.785;0.785
'RespondedExistence(q, i)';'RespondedExistence';'q';'i';0.766;0.867;0.867
'CoExistence(q, l)';'CoExistence';'q';'l';0.540;0.571;0.571
'RespondedExistence(q, l)';'RespondedExistence';'q';'l';0.540;0.611;0.611
'NotSuccession(q, l)';'NotSuccession';'q';'l';0.516;0.545;0.545
'CoExistence(q, m)';'CoExistence';'q';'m';0.764;0.794;0.794
'RespondedExistence(q, m)';'RespondedExistence';'q';'m';0.764;0.864;0.864
'CoExistence(q, n)';'CoExistence';'q';'n';0.866;0.877;0.877
'RespondedExistence(q, n)';'RespondedExistence';'q';'n';0.866;0.980;0.980
'Response(q, n)';'Response';'q';'n';0.706;0.799;0.799
'CoExistence(q, o)';'CoExistence';'q';'o';0.812;0.824;0.824
'RespondedExistence(q, o)';'RespondedExistence';'q';'o';0.812;0.919;0.919
'CoExistence(q, p)';'CoExistence';'q';'p';0.866;0.869;0.869
'RespondedExistence(q, p)';'RespondedExistence';'q';'p';0.866;0.980;0.980
'Response(q, p)';'Response';'q';'p';0.524;0.593;0.593
'NotSuccession(q, r)';'NotSuccession';'q';'r';0.786;0.889;0.889
'NotCoExistence(q, r)';'NotCoExistence';'q';'r';0.786;0.889;0.889
'CoExistence(q, s)';'CoExistence';'q';'s';0.778;0.791;0.791
'RespondedExistence(q, s)';'RespondedExistence';'q';'s';0.778;0.880;0.880
'CoExistence(q, t)';'CoExistence';'q';'t';0.866;0.871;0.871
'RespondedExistence(q, t)';'RespondedExistence';'q';'t';0.866;0.980;0.980
'Response(q, t)';'Response';'q';'t';0.464;0.525;0.525
'CoExistence(q, u)';'CoExistence';'q';'u';0.786;0.805;0.805
'RespondedExistence(q, u)';'RespondedExistence';'q';'u';0.786;0.889;0.889
'CoExistence(q, v)';'CoExistence';'q';'v';0.770;0.784;0.784
'RespondedExistence(q, v)';'RespondedExistence';'q';'v';0.770;0.871;0.871
'CoExistence(q, w)';'CoExistence';'q';'w';0.784;0.805;0.805
'RespondedExistence(q, w)';'RespondedExistence';'q';'w';0.784;0.887;0.887
'CoExistence(q, z)';'CoExistence';'q';'z';0.788;0.799;0.799
'RespondedExistence(q, z)';'RespondedExistence';'q';'z';0.788;0.891;0.891
'AtMostOne(r)';'AtMostOne';'r';;0.096;0.980;0.980
'AlternatePrecedence(a, r)';'AlternatePrecedence';'r';'a';0.096;0.980;0.980
'Precedence(c, r)';'Precedence';'r';'c';0.068;0.694;0.694
'AlternatePrecedence(c, r)';'AlternatePrecedence';'r';'c';0.066;0.673;0.673
'Precedence(d, r)';'Precedence';'r';'d';0.052;0.531;0.531
'AlternatePrecedence(d, r)';'AlternatePrecedence';'r';'d';0.050;0.510;0.510
'Precedence(e, r)';'Precedence';'r';'e';0.066;0.673;0.673
'AlternatePrecedence(e, r)';'AlternatePrecedence';'r';'e';0.064;0.653;0.653
'Precedence(f, r)';'Precedence';'r';'f';0.058;0.592;0.592
'AlternatePrecedence(f, r)';'AlternatePrecedence';'r';'f';0.056;0.571;0.571
'Precedence(i, r)';'Precedence';'r';'i';0.060;0.612;0.612
'AlternatePrecedence(i, r)';'AlternatePrecedence';'r';'i';0.058;0.592;0.592
'Precedence(m, r)';'Precedence';'r';'m';0.056;0.571;0.571
'AlternatePrecedence(m, r)';'AlternatePrecedence';'r';'m';0.054;0.551;0.551
'Precedence(p, r)';'Precedence';'r';'p';0.074;0.755;0.755
'AlternatePrecedence(p, r)';'AlternatePrecedence';'r';'p';0.074;0.755;0.755
'ChainPrecedence(q, r)';'ChainPrecedence';'r';'q';0.098;1.000;1.000
'Response(r, a)';'Response';'r';'a';0.070;0.714;0.714
'AlternateResponse(r, a)';'AlternateResponse';'r';'a';0.070;0.714;0.714
'NotSuccession(r, a)';'NotSuccession';'r';'a';0.930;0.930;0.930
'NotCoExistence(r, a)';'NotCoExistence';'r';'a';0.902;0.902;0.902
'AlternateResponse(r, b)';'AlternateResponse';'r';'b';0.098;1.000;1.000
'NotSuccession(r, b)';'NotSuccession';'r';'b';0.902;0.902;0.902
'NotCoExistence(r, b)';'NotCoExistence';'r';'b';0.902;0.902;0.902
'RespondedExistence(r, c)';'RespondedExistence';'r';'c';0.088;0.898;0.898
'NotSuccession(r, c)';'NotSuccession';'r';'c';0.884;0.978;0.978
'NotCoExistence(r, c)';'NotCoExistence';'r';'c';0.816;0.903;0.903
'Response(r, d)';'Response';'r';'d';0.078;0.796;0.796
'AlternateResponse(r, d)';'AlternateResponse';'r';'d';0.078;0.796;0.796
'NotSuccession(r, d)';'NotSuccession';'r';'d';0.922;0.922;0.922
'NotCoExistence(r, d)';'NotCoExistence';'r';'d';0.902;0.902;0.902
'RespondedExistence(r, e)';'RespondedExistence';'r';'e';0.090;0.918;0.918
'Response(r, e)';'Response';'r';'e';0.056;0.571;0.571
'AlternateResponse(r, e)';'AlternateResponse';'r';'e';0.056;0.571;0.571
'NotSuccession(r, e)';'NotSuccession';'r';'e';0.824;0.936;0.936
'NotCoExistence(r, e)';'NotCoExistence';'r';'e';0.790;0.898;0.898
'RespondedExistence(r, f)';'RespondedExistence';'r';'f';0.096;0.980;0.980
'Response(r, f)';'Response';'r';'f';0.088;0.898;0.898
'AlternateResponse(r, f)';'AlternateResponse';'r';'f';0.088;0.898;0.898
'NotSuccession(r, f)';'NotSuccession';'r';'f';0.884;0.909;0.909
'NotCoExistence(r, f)';'NotCoExistence';'r';'f';0.876;0.901;0.901
'RespondedExistence(r, g)';'RespondedExistence';'r';'g';0.088;0.898;0.898
'Response(r, g)';'Response';'r';'g';0.064;0.653;0.653
'AlternateResponse(r, g)';'AlternateResponse';'r';'g';0.064;0.653;0.653
'NotSuccession(r, g)';'NotSuccession';'r';'g';0.834;0.929;0.929
'NotCoExistence(r, g)';'NotCoExistence';'r';'g';0.810;0.902;0.902
'RespondedExistence(r, h)';'RespondedExistence';'r';'h';0.062;0.633;0.633
'Response(r, h)';'Response';'r';'h';0.050;0.510;0.510
'AlternateResponse(r, h)';'AlternateResponse';'r';'h';0.050;0.510;0.510
'NotSuccession(r, h)';'NotSuccession';'r';'h';0.642;0.928;0.928
'NotCoExistence(r, h)';'NotCoExistence';'r';'h';0.630;0.910;0.910
'RespondedExistence(r, i)';'RespondedExistence';'r';'i';0.088;0.898;0.898
'Response(r, i)';'Response';'r';'i';0.070;0.714;0.714
'AlternateResponse(r, i)';'AlternateResponse';'r';'i';0.070;0.714;0.714
'NotSuccession(r, i)';'NotSuccession';'r';'i';0.798;0.919;0.919
'NotCoExistence(r, i)';'NotCoExistence';'r';'i';0.780;0.899;0.899
'RespondedExistence(r, l)';'RespondedExistence';'r';'l';0.072;0.735;0.735
'Response(r, l)';'Response';'r';'l';0.056;0.571;0.571
'AlternateResponse(r, l)';'AlternateResponse';'r';'l';0.056;0.571;0.571
'NotSuccession(r, l)';'NotSuccession';'r';'l';0.572;0.911;0.911
'NotCoExistence(r, l)';'NotCoExistence';'r';'l';0.556;0.885;0.885
'RespondedExistence(r, m)';'RespondedExistence';'r';'m';0.084;0.857;0.857
'NotSuccession(r, m)';'NotSuccession';'r';'m';0.810;0.946;0.946
'NotCoExistence(r, m)';'NotCoExistence';'r';'m';0.772;0.902;0.902
'RespondedExistence(r, n)';'RespondedExistence';'r';'n';0.096;0.980;0.980
'Response(r, n)';'Response';'r';'n';0.086;0.878;0.878
'AlternateResponse(r, n)';'AlternateResponse';'r';'n';0.084;0.857;0.857
'NotSuccession(r, n)';'NotSuccession';'r';'n';0.886;0.912;0.912
'NotCoExistence(r, n)';'NotCoExistence';'r';'n';0.876;0.901;0.901
'RespondedExistence(r, o)';'RespondedExistence';'r';'o';0.086;0.878;0.878
'Response(r, o)';'Response';'r';'o';0.064;0.653;0.653
'AlternateResponse(r, o)';'AlternateResponse';'r';'o';0.064;0.653;0.653
'NotSuccession(r, o)';'NotSuccession';'r';'o';0.860;0.929;0.929
'NotCoExistence(r, o)';'NotCoExistence';'r';'o';0.840;0.907;0.907
'RespondedExistence(r, p)';'RespondedExistence';'r';'p';0.096;0.980;0.980
'Response(r, p)';'Response';'r';'p';0.078;0.796;0.796
'AlternateResponse(r, p)';'AlternateResponse';'r';'p';0.078;0.796;0.796
'NotSuccession(r, p)';'NotSuccession';'r';'p';0.900;0.918;0.918
'NotCoExistence(r, p)';'NotCoExistence';'r';'p';0.884;0.902;0.902
'Response(r, q)';'Response';'r';'q';0.068;0.694;0.694
'AlternateResponse(r, q)';'AlternateResponse';'r';'q';0.068;0.694;0.694
'NotSuccession(r, q)';'NotSuccession';'r';'q';0.816;0.923;0.923
'NotCoExistence(r, q)';'NotCoExistence';'r';'q';0.786;0.889;0.889
'RespondedExistence(r, s)';'RespondedExistence';'r';'s';0.086;0.878;0.878
'Response(r, s)';'Response';'r';'s';0.054;0.551;0.551
'AlternateResponse(r, s)';'AlternateResponse';'r';'s';0.054;0.551;0.551
'NotSuccession(r, s)';'NotSuccession';'r';'s';0.834;0.937;0.937
'NotCoExistence(r, s)';'NotCoExistence';'r';'s';0.804;0.903;0.903
'RespondedExistence(r, t)';'RespondedExistence';'r';'t';0.096;0.980;0.980
'Response(r, t)';'Response';'r';'t';0.070;0.714;0.714
'AlternateResponse(r, t)';'AlternateResponse';'r';'t';0.068;0.694;0.694
'NotSuccession(r, t)';'NotSuccession';'r';'t';0.908;0.928;0.928
'NotCoExistence(r, t)';'NotCoExistence';'r';'t';0.882;0.902;0.902
'RespondedExistence(r, u)';'RespondedExistence';'r';'u';0.094;0.959;0.959
'Response(r, u)';'Response';'r';'u';0.072;0.735;0.735
'AlternateResponse(r, u)';'AlternateResponse';'r';'u';0.072;0.735;0.735
'NotSuccession(r, u)';'NotSuccession';'r';'u';0.810;0.918;0.918
'NotCoExistence(r, u)';'NotCoExistence';'r';'u';0.788;0.893;0.893
'RespondedExistence(r, v)';'RespondedExistence';'r';'v';0.086;0.878;0.878
'Response(r, v)';'Response';'r';'v';0.062;0.633;0.633
'AlternateResponse(r, v)';'AlternateResponse';'r';'v';0.062;0.633;0.633
'NotSuccession(r, v)';'NotSuccession';'r';'v';0.816;0.927;0.927
'NotCoExistence(r, v)';'NotCoExistence';'r';'v';0.794;0.902;0.902
'RespondedExistence(r, w)';'RespondedExistence';'r';'w';0.090;0.918;0.918
'Response(r, w)';'Response';'r';'w';0.070;0.714;0.714
'AlternateResponse(r, w)';'AlternateResponse';'r';'w';0.070;0.714;0.714
'NotSuccession(r, w)';'NotSuccession';'r';'w';0.812;0.921;0.921
'NotCoExistence(r, w)';'NotCoExistence';'r';'w';0.792;0.898;0.898
'RespondedExistence(r, z)';'RespondedExistence';'r';'z';0.080;0.816;0.816
'Response(r, z)';'Response';'r';'z';0.064;0.653;0.653
'AlternateResponse(r, z)';'AlternateResponse';'r';'z';0.064;0.653;0.653
'NotSuccession(r, z)';'NotSuccession';'r';'z';0.844;0.930;0.930
'NotCoExistence(r, z)';'NotCoExistence';'r';'z';0.828;0.912;0.912
'Precedence(t, r)';'Precedence';'r';'t';0.052;0.531;0.531
'AlternatePrecedence(t, r)';'AlternatePrecedence';'r';'t';0.050;0.510;0.510
'Precedence(u, r)';'Precedence';'r';'u';0.060;0.612;0.612
'AlternatePrecedence(u, r)';'AlternatePrecedence';'r';'u';0.060;0.612;0.612
'Precedence(w, r)';'Precedence';'r';'w';0.058;0.592;0.592
'AlternatePrecedence(w, r)';'AlternatePrecedence';'r';'w';0.056;0.571;0.571
'Participation(s)';'Participation';'s';;0.878;0.878;0.878
'Precedence(p, s)';'Precedence';'s';'p';0.544;0.620;0.620
'CoExistence(s, a)';'CoExistence';'s';'a';0.878;0.878;0.878
'CoExistence(s, b)';'CoExistence';'s';'b';0.878;0.878;0.878
'Succession(s, b)';'Succession';'s';'b';0.512;0.512;0.512
'CoExistence(s, c)';'CoExistence';'s';'c';0.796;0.816;0.816
'RespondedExistence(s, c)';'RespondedExistence';'s';'c';0.796;0.907;0.907
'NotSuccession(s, c)';'NotSuccession';'s';'c';0.602;0.617;0.617
'CoExistence(s, d)';'CoExistence';'s';'d';0.878;0.878;0.878
'Response(s, d)';'Response';'s';'d';0.502;0.572;0.572
'CoExistence(s, e)';'CoExistence';'s';'e';0.776;0.797;0.797
'RespondedExistence(s, e)';'RespondedExistence';'s';'e';0.776;0.884;0.884
'CoExistence(s, f)';'CoExistence';'s';'f';0.856;0.863;0.863
'RespondedExistence(s, f)';'RespondedExistence';'s';'f';0.856;0.975;0.975
'Response(s, f)';'Response';'s';'f';0.672;0.765;0.765
'CoExistence(s, g)';'CoExistence';'s';'g';0.788;0.806;0.806
'RespondedExistence(s, g)';'RespondedExistence';'s';'g';0.788;0.897;0.897
'CoExistence(s, h)';'CoExistence';'s';'h';0.594;0.632;0.632
'RespondedExistence(s, h)';'RespondedExistence';'s';'h';0.594;0.677;0.677
'CoExistence(s, i)';'CoExistence';'s';'i';0.770;0.797;0.797
'RespondedExistence(s, i)';'RespondedExistence';'s';'i';0.770;0.877;0.877
'CoExistence(s, l)';'CoExistence';'s';'l';0.552;0.595;0.595
'RespondedExistence(s, l)';'RespondedExistence';'s';'l';0.552;0.629;0.629
'NotSuccession(s, l)';'NotSuccession';'s';'l';0.492;0.530;0.530
'CoExistence(s, m)';'CoExistence';'s';'m';0.752;0.777;0.777
'RespondedExistence(s, m)';'RespondedExistence';'s';'m';0.752;0.856;0.856
'CoExistence(s, n)';'CoExistence';'s';'n';0.862;0.874;0.874
'RespondedExistence(s, n)';'RespondedExistence';'s';'n';0.862;0.982;0.982
'Response(s, n)';'Response';'s';'n';0.694;0.790;0.790
'CoExistence(s, o)';'CoExistence';'s';'o';0.804;0.814;0.814
'RespondedExistence(s, o)';'RespondedExistence';'s';'o';0.804;0.916;0.916
'CoExistence(s, p)';'CoExistence';'s';'p';0.862;0.867;0.867
'RespondedExistence(s, p)';'RespondedExistence';'s';'p';0.862;0.982;0.982
'Response(s, p)';'Response';'s';'p';0.562;0.640;0.640
'CoExistence(s, q)';'CoExistence';'s';'q';0.778;0.791;0.791
'RespondedExistence(s, q)';'RespondedExistence';'s';'q';0.778;0.886;0.886
'NotSuccession(s, r)';'NotSuccession';'s';'r';0.842;0.946;0.946
'NotCoExistence(s, r)';'NotCoExistence';'s';'r';0.804;0.903;0.903
'CoExistence(s, t)';'CoExistence';'s';'t';0.878;0.900;0.900
'RespondedExistence(s, t)';'RespondedExistence';'s';'t';0.878;1.000;1.000
'Response(s, t)';'Response';'s';'t';0.470;0.535;0.535
'CoExistence(s, u)';'CoExistence';'s';'u';0.780;0.799;0.799
'RespondedExistence(s, u)';'RespondedExistence';'s';'u';0.780;0.888;0.888
'CoExistence(s, v)';'CoExistence';'s';'v';0.770;0.789;0.789
'RespondedExistence(s, v)';'RespondedExistence';'s';'v';0.770;0.877;0.877
'CoExistence(s, w)';'CoExistence';'s';'w';0.768;0.780;0.780
'RespondedExistence(s, w)';'RespondedExistence';'s';'w';0.768;0.875;0.875
'CoExistence(s, z)';'CoExistence';'s';'z';0.788;0.804;0.804
'RespondedExistence(s, z)';'RespondedExistence';'s';'z';0.788;0.897;0.897
'Participation(t)';'Participation';'t';;0.976;0.976;0.976
'AlternatePrecedence(a, t)';'AlternatePrecedence';'t';'a';0.490;0.502;0.502
'Precedence(f, t)';'Precedence';'t';'f';0.502;0.514;0.514
'Precedence(o, t)';'Precedence';'t';'o';0.506;0.518;0.518
'Precedence(p, t)';'Precedence';'t';'p';0.654;0.670;0.670
'Precedence(q, t)';'Precedence';'t';'q';0.490;0.502;0.502
'Precedence(s, t)';'Precedence';'t';'s';0.508;0.520;0.520
'CoExistence(t, a)';'CoExistence';'t';'a';0.976;0.976;0.976
'CoExistence(t, b)';'CoExistence';'t';'b';0.976;0.976;0.976
'Succession(t, b)';'Succession';'t';'b';0.502;0.502;0.502
'CoExistence(t, c)';'CoExistence';'t';'c';0.880;0.889;0.889
'RespondedExistence(t, c)';'RespondedExistence';'t';'c';0.880;0.902;0.902
'NotSuccession(t, c)';'NotSuccession';'t';'c';0.596;0.602;0.602
'CoExistence(t, d)';'CoExistence';'t';'d';0.976;0.976;0.976
'Response(t, d)';'Response';'t';'d';0.510;0.523;0.523
'CoExistence(t, e)';'CoExistence';'t';'e';0.858;0.867;0.867
'RespondedExistence(t, e)';'RespondedExistence';'t';'e';0.858;0.879;0.879
'CoExistence(t, f)';'CoExistence';'t';'f';0.950;0.954;0.954
'RespondedExistence(t, f)';'RespondedExistence';'t';'f';0.950;0.973;0.973
'Response(t, f)';'Response';'t';'f';0.700;0.717;0.717
'CoExistence(t, g)';'CoExistence';'t';'g';0.872;0.879;0.879
'RespondedExistence(t, g)';'RespondedExistence';'t';'g';0.872;0.893;0.893
'CoExistence(t, h)';'CoExistence';'t';'h';0.646;0.655;0.655
'RespondedExistence(t, h)';'RespondedExistence';'t';'h';0.646;0.662;0.662
'CoExistence(t, i)';'CoExistence';'t';'i';0.844;0.853;0.853
'RespondedExistence(t, i)';'RespondedExistence';'t';'i';0.844;0.865;0.865
'CoExistence(t, l)';'CoExistence';'t';'l';0.592;0.600;0.600
'RespondedExistence(t, l)';'RespondedExistence';'t';'l';0.592;0.607;0.607
'NotSuccession(t, l)';'NotSuccession';'t';'l';0.566;0.574;0.574
'CoExistence(t, m)';'CoExistence';'t';'m';0.830;0.840;0.840
'RespondedExistence(t, m)';'RespondedExistence';'t';'m';0.830;0.850;0.850
'CoExistence(t, n)';'CoExistence';'t';'n';0.956;0.966;0.966
'RespondedExistence(t, n)';'RespondedExistence';'t';'n';0.956;0.980;0.980
'Response(t, n)';'Response';'t';'n';0.720;0.738;0.738
'CoExistence(t, o)';'CoExistence';'t';'o';0.898;0.905;0.905
'RespondedExistence(t, o)';'RespondedExistence';'t';'o';0.898;0.920;0.920
'CoExistence(t, p)';'CoExistence';'t';'p';0.958;0.962;0.962
'RespondedExistence(t, p)';'RespondedExistence';'t';'p';0.958;0.982;0.982
'Response(t, p)';'Response';'t';'p';0.570;0.584;0.584
'CoExistence(t, q)';'CoExistence';'t';'q';0.866;0.871;0.871
'RespondedExistence(t, q)';'RespondedExistence';'t';'q';0.866;0.887;0.887
'NotSuccession(t, r)';'NotSuccession';'t';'r';0.926;0.947;0.947
'NotCoExistence(t, r)';'NotCoExistence';'t';'r';0.882;0.902;0.902
'CoExistence(t, s)';'CoExistence';'t';'s';0.878;0.900;0.900
'RespondedExistence(t, s)';'RespondedExistence';'t';'s';0.878;0.900;0.900
'CoExistence(t, u)';'CoExistence';'t';'u';0.862;0.869;0.869
'RespondedExistence(t, u)';'RespondedExistence';'t';'u';0.862;0.883;0.883
'CoExistence(t, v)';'CoExistence';'t';'v';0.854;0.863;0.863
'RespondedExistence(t, v)';'RespondedExistence';'t';'v';0.854;0.875;0.875
'CoExistence(t, w)';'CoExistence';'t';'w';0.854;0.857;0.857
'RespondedExistence(t, w)';'RespondedExistence';'t';'w';0.854;0.875;0.875
'CoExistence(t, z)';'CoExistence';'t';'z';0.876;0.885;0.885
'RespondedExistence(t, z)';'RespondedExistence';'t';'z';0.876;0.898;0.898
'Precedence(u, t)';'Precedence';'t';'u';0.506;0.518;0.518
'Precedence(v, t)';'Precedence';'t';'v';0.488;0.500;0.500
'Participation(u)';'Participation';'u';;0.878;0.878;0.878
'Precedence(p, u)';'Precedence';'u';'p';0.548;0.624;0.624
'CoExistence(u, a)';'CoExistence';'u';'a';0.878;0.878;0.878
'CoExistence(u, b)';'CoExistence';'u';'b';0.878;0.878;0.878
'Succession(u, b)';'Succession';'u';'b';0.506;0.506;0.506
'CoExistence(u, c)';'CoExistence';'u';'c';0.804;0.831;0.831
'RespondedExistence(u, c)';'RespondedExistence';'u';'c';0.804;0.916;0.916
'NotSuccession(u, c)';'NotSuccession';'u';'c';0.574;0.593;0.593
'CoExistence(u, d)';'CoExistence';'u';'d';0.878;0.878;0.878
'Response(u, d)';'Response';'u';'d';0.472;0.538;0.538
'CoExistence(u, e)';'CoExistence';'u';'e';0.778;0.800;0.800
'RespondedExistence(u, e)';'RespondedExistence';'u';'e';0.778;0.886;0.886
'CoExistence(u, f)';'CoExistence';'u';'f';0.858;0.867;0.867
'RespondedExistence(u, f)';'RespondedExistence';'u';'f';0.858;0.977;0.977
'Response(u, f)';'Response';'u';'f';0.684;0.779;0.779
'CoExistence(u, g)';'CoExistence';'u';'g';0.786;0.802;0.802
'RespondedExistence(u, g)';'RespondedExistence';'u';'g';0.786;0.895;0.895
'CoExistence(u, h)';'CoExistence';'u';'h';0.580;0.608;0.608
'RespondedExistence(u, h)';'RespondedExistence';'u';'h';0.580;0.661;0.661
'CoExistence(u, i)';'CoExistence';'u';'i';0.764;0.786;0.786
'RespondedExistence(u, i)';'RespondedExistence';'u';'i';0.764;0.870;0.870
'CoExistence(u, l)';'CoExistence';'u';'l';0.532;0.561;0.561
'RespondedExistence(u, l)';'RespondedExistence';'u';'l';0.532;0.606;0.606
'NotSuccession(u, l)';'NotSuccession';'u';'l';0.512;0.540;0.540
'CoExistence(u, m)';'CoExistence';'u';'m';0.754;0.781;0.781
'RespondedExistence(u, m)';'RespondedExistence';'u';'m';0.754;0.859;0.859
'CoExistence(u, n)';'CoExistence';'u';'n';0.856;0.863;0.863
'RespondedExistence(u, n)';'RespondedExistence';'u';'n';0.856;0.975;0.975
'Response(u, n)';'Response';'u';'n';0.662;0.754;0.754
'CoExistence(u, o)';'CoExistence';'u';'o';0.812;0.829;0.829
'RespondedExistence(u, o)';'RespondedExistence';'u';'o';0.812;0.925;0.925
'CoExistence(u, p)';'CoExistence';'u';'p';0.868;0.879;0.879
'RespondedExistence(u, p)';'RespondedExistence';'u';'p';0.868;0.989;0.989
'Response(u, p)';'Response';'u';'p';0.538;0.613;0.613
'CoExistence(u, q)';'CoExistence';'u';'q';0.786;0.805;0.805
'RespondedExistence(u, q)';'RespondedExistence';'u';'q';0.786;0.895;0.895
'NotSuccession(u, r)';'NotSuccession';'u';'r';0.822;0.932;0.932
'NotCoExistence(u, r)';'NotCoExistence';'u';'r';0.788;0.893;0.893
'CoExistence(u, s)';'CoExistence';'u';'s';0.780;0.799;0.799
'RespondedExistence(u, s)';'RespondedExistence';'u';'s';0.780;0.888;0.888
'CoExistence(u, t)';'CoExistence';'u';'t';0.862;0.869;0.869
'RespondedExistence(u, t)';'RespondedExistence';'u';'t';0.862;0.982;0.982
'Response(u, t)';'Response';'u';'t';0.450;0.513;0.513
'CoExistence(u, v)';'CoExistence';'u';'v';0.766;0.782;0.782
'RespondedExistence(u, v)';'RespondedExistence';'u';'v';0.766;0.872;0.872
'CoExistence(u, w)';'CoExistence';'u';'w';0.774;0.791;0.791
'RespondedExistence(u, w)';'RespondedExistence';'u';'w';0.774;0.882;0.882
'CoExistence(u, z)';'CoExistence';'u';'z';0.784;0.797;0.797
'RespondedExistence(u, z)';'RespondedExistence';'u';'z';0.784;0.893;0.893
'Participation(v)';'Participation';'v';;0.868;0.868;0.868
'Precedence(p, v)';'Precedence';'v';'p';0.566;0.652;0.652
'CoExistence(v, a)';'CoExistence';'v';'a';0.868;0.868;0.868
'CoExistence(v, b)';'CoExistence';'v';'b';0.868;0.868;0.868
'CoExistence(v, c)';'CoExistence';'v';'c';0.788;0.809;0.809
'RespondedExistence(v, c)';'RespondedExistence';'v';'c';0.788;0.908;0.908
'NotSuccession(v, c)';'NotSuccession';'v';'c';0.608;0.624;0.624
'CoExistence(v, d)';'CoExistence';'v';'d';0.868;0.868;0.868
'Response(v, d)';'Response';'v';'d';0.442;0.509;0.509
'CoExistence(v, e)';'CoExistence';'v';'e';0.776;0.805;0.805
'RespondedExistence(v, e)';'RespondedExistence';'v';'e';0.776;0.894;0.894
'CoExistence(v, f)';'CoExistence';'v';'f';0.846;0.853;0.853
'RespondedExistence(v, f)';'RespondedExistence';'v';'f';0.846;0.975;0.975
'Response(v, f)';'Response';'v';'f';0.654;0.753;0.753
'CoExistence(v, g)';'CoExistence';'v';'g';0.768;0.777;0.777
'RespondedExistence(v, g)';'RespondedExistence';'v';'g';0.768;0.885;0.885
'CoExistence(v, h)';'CoExistence';'v';'h';0.572;0.601;0.601
'RespondedExistence(v, h)';'RespondedExistence';'v';'h';0.572;0.659;0.659
'NotSuccession(v, h)';'NotSuccession';'v';'h';0.476;0.500;0.500
'CoExistence(v, i)';'CoExistence';'v';'i';0.754;0.776;0.776
'RespondedExistence(v, i)';'RespondedExistence';'v';'i';0.754;0.869;0.869
'CoExistence(v, l)';'CoExistence';'v';'l';0.524;0.554;0.554
'RespondedExistence(v, l)';'RespondedExistence';'v';'l';0.524;0.604;0.604
'NotSuccession(v, l)';'NotSuccession';'v';'l';0.536;0.567;0.567
'CoExistence(v, m)';'CoExistence';'v';'m';0.738;0.759;0.759
'RespondedExistence(v, m)';'RespondedExistence';'v';'m';0.738;0.850;0.850
'CoExistence(v, n)';'CoExistence';'v';'n';0.850;0.860;0.860
'RespondedExistence(v, n)';'RespondedExistence';'v';'n';0.850;0.979;0.979
'Response(v, n)';'Response';'v';'n';0.662;0.763;0.763
'CoExistence(v, o)';'CoExistence';'v';'o';0.798;0.811;0.811
'RespondedExistence(v, o)';'RespondedExistence';'v';'o';0.798;0.919;0.919
'CoExistence(v, p)';'CoExistence';'v';'p';0.856;0.865;0.865
'RespondedExistence(v, p)';'RespondedExistence';'v';'p';0.856;0.986;0.986
'Response(v, p)';'Response';'v';'p';0.520;0.599;0.599
'CoExistence(v, q)';'CoExistence';'v';'q';0.770;0.784;0.784
'RespondedExistence(v, q)';'RespondedExistence';'v';'q';0.770;0.887;0.887
'NotSuccession(v, r)';'NotSuccession';'v';'r';0.838;0.952;0.952
'NotCoExistence(v, r)';'NotCoExistence';'v';'r';0.794;0.902;0.902
'CoExistence(v, s)';'CoExistence';'v';'s';0.770;0.789;0.789
'RespondedExistence(v, s)';'RespondedExistence';'v';'s';0.770;0.887;0.887
'CoExistence(v, t)';'CoExistence';'v';'t';0.854;0.863;0.863
'RespondedExistence(v, t)';'RespondedExistence';'v';'t';0.854;0.984;0.984
'Response(v, t)';'Response';'v';'t';0.436;0.502;0.502
'CoExistence(v, u)';'CoExistence';'v';'u';0.766;0.782;0.782
'RespondedExistence(v, u)';'RespondedExistence';'v';'u';0.766;0.882;0.882
'CoExistence(v, w)';'CoExistence';'v';'w';0.764;0.781;0.781
'RespondedExistence(v, w)';'RespondedExistence';'v';'w';0.764;0.880;0.880
'CoExistence(v, z)';'CoExistence';'v';'z';0.776;0.790;0.790
'RespondedExistence(v, z)';'RespondedExistence';'v';'z';0.776;0.894;0.894
'Participation(w)';'Participation';'w';;0.874;0.874;0.874
'Precedence(c, w)';'Precedence';'w';'c';0.476;0.545;0.545
'Precedence(p, w)';'Precedence';'w';'p';0.564;0.645;0.645
'CoExistence(w, a)';'CoExistence';'w';'a';0.874;0.874;0.874
'CoExistence(w, b)';'CoExistence';'w';'b';0.874;0.874;0.874
'CoExistence(w, c)';'CoExistence';'w';'c';0.784;0.797;0.797
'RespondedExistence(w, c)';'RespondedExistence';'w';'c';0.784;0.897;0.897
'NotSuccession(w, c)';'NotSuccession';'w';'c';0.676;0.687;0.687
'CoExistence(w, d)';'CoExistence';'w';'d';0.874;0.874;0.874
'Response(w, d)';'Response';'w';'d';0.472;0.540;0.540
'CoExistence(w, e)';'CoExistence';'w';'e';0.766;0.782;0.782
'RespondedExistence(w, e)';'RespondedExistence';'w';'e';0.766;0.876;0.876
'CoExistence(w, f)';'CoExistence';'w';'f';0.854;0.863;0.863
'RespondedExistence(w, f)';'RespondedExistence';'w';'f';0.854;0.977;0.977
'Response(w, f)';'Response';'w';'f';0.652;0.746;0.746
'CoExistence(w, g)';'CoExistence';'w';'g';0.774;0.783;0.783
'RespondedExistence(w, g)';'RespondedExistence';'w';'g';0.774;0.886;0.886
'CoExistence(w, h)';'CoExistence';'w';'h';0.578;0.607;0.607
'RespondedExistence(w, h)';'RespondedExistence';'w';'h';0.578;0.661;0.661
'CoExistence(w, i)';'CoExistence';'w';'i';0.754;0.771;0.771
'RespondedExistence(w, i)';'RespondedExistence';'w';'i';0.754;0.863;0.863
'CoExistence(w, l)';'CoExistence';'w';'l';0.530;0.560;0.560
'RespondedExistence(w, l)';'RespondedExistence';'w';'l';0.530;0.606;0.606
'NotSuccession(w, l)';'NotSuccession';'w';'l';0.514;0.543;0.543
'CoExistence(w, m)';'CoExistence';'w';'m';0.728;0.737;0.737
'RespondedExistence(w, m)';'RespondedExistence';'w';'m';0.728;0.833;0.833
'CoExistence(w, n)';'CoExistence';'w';'n';0.850;0.855;0.855
'RespondedExistence(w, n)';'RespondedExistence';'w';'n';0.850;0.973;0.973
'Response(w, n)';'Response';'w';'n';0.650;0.744;0.744
'CoExistence(w, o)';'CoExistence';'w';'o';0.808;0.824;0.824
'RespondedExistence(w, o)';'RespondedExistence';'w';'o';0.808;0.924;0.924
'CoExistence(w, p)';'CoExistence';'w';'p';0.858;0.863;0.863
'RespondedExistence(w, p)';'RespondedExistence';'w';'p';0.858;0.982;0.982
'Response(w, p)';'Response';'w';'p';0.542;0.620;0.620
'CoExistence(w, q)';'CoExistence';'w';'q';0.784;0.805;0.805
'RespondedExistence(w, q)';'RespondedExistence';'w';'q';0.784;0.897;0.897
'NotSuccession(w, r)';'NotSuccession';'w';'r';0.824;0.934;0.934
'NotCoExistence(w, r)';'NotCoExistence';'w';'r';0.792;0.898;0.898
'CoExistence(w, s)';'CoExistence';'w';'s';0.768;0.780;0.780
'RespondedExistence(w, s)';'RespondedExistence';'w';'s';0.768;0.879;0.879
'CoExistence(w, t)';'CoExistence';'w';'t';0.854;0.857;0.857
'RespondedExistence(w, t)';'RespondedExistence';'w';'t';0.854;0.977;0.977
'Response(w, t)';'Response';'w';'t';0.452;0.517;0.517
'CoExistence(w, u)';'CoExistence';'w';'u';0.774;0.791;0.791
'RespondedExistence(w, u)';'RespondedExistence';'w';'u';0.774;0.886;0.886
'CoExistence(w, v)';'CoExistence';'w';'v';0.764;0.781;0.781
'RespondedExistence(w, v)';'RespondedExistence';'w';'v';0.764;0.874;0.874
'CoExistence(w, z)';'CoExistence';'w';'z';0.778;0.789;0.789
'RespondedExistence(w, z)';'RespondedExistence';'w';'z';0.778;0.890;0.890
'Participation(z)';'Participation';'z';;0.890;0.890;0.890
'Precedence(p, z)';'Precedence';'z';'p';0.536;0.602;0.602
'CoExistence(z, a)';'CoExistence';'z';'a';0.890;0.890;0.890
'CoExistence(z, b)';'CoExistence';'z';'b';0.890;0.890;0.890
'Succession(z, b)';'Succession';'z';'b';0.512;0.512;0.512
'CoExistence(z, c)';'CoExistence';'z';'c';0.804;0.820;0.820
'RespondedExistence(z, c)';'RespondedExistence';'z';'c';0.804;0.903;0.903
'NotSuccession(z, c)';'NotSuccession';'z';'c';0.610;0.622;0.622
'CoExistence(z, d)';'CoExistence';'z';'d';0.890;0.890;0.890
'Response(z, d)';'Response';'z';'d';0.494;0.555;0.555
'CoExistence(z, e)';'CoExistence';'z';'e';0.786;0.805;0.805
'RespondedExistence(z, e)';'RespondedExistence';'z';'e';0.786;0.883;0.883
'CoExistence(z, f)';'CoExistence';'z';'f';0.870;0.879;0.879
'RespondedExistence(z, f)';'RespondedExistence';'z';'f';0.870;0.978;0.978
'Response(z, f)';'Response';'z';'f';0.642;0.721;0.721
'CoExistence(z, g)';'CoExistence';'z';'g';0.796;0.811;0.811
'RespondedExistence(z, g)';'RespondedExistence';'z';'g';0.796;0.894;0.894
'CoExistence(z, h)';'CoExistence';'z';'h';0.594;0.624;0.624
'RespondedExistence(z, h)';'RespondedExistence';'z';'h';0.594;0.667;0.667
'CoExistence(z, i)';'CoExistence';'z';'i';0.772;0.791;0.791
'RespondedExistence(z, i)';'RespondedExistence';'z';'i';0.772;0.867;0.867
'CoExistence(z, l)';'CoExistence';'z';'l';0.546;0.577;0.577
'RespondedExistence(z, l)';'RespondedExistence';'z';'l';0.546;0.613;0.613
'NotSuccession(z, l)';'NotSuccession';'z';'l';0.486;0.514;0.514
'CoExistence(z, m)';'CoExistence';'z';'m';0.754;0.771;0.771
'RespondedExistence(z, m)';'RespondedExistence';'z';'m';0.754;0.847;0.847
'CoExistence(z, n)';'CoExistence';'z';'n';0.870;0.879;0.879
'RespondedExistence(z, n)';'RespondedExistence';'z';'n';0.870;0.978;0.978
'Response(z, n)';'Response';'z';'n';0.718;0.807;0.807
'CoExistence(z, o)';'CoExistence';'z';'o';0.816;0.826;0.826
'RespondedExistence(z, o)';'RespondedExistence';'z';'o';0.816;0.917;0.917
'CoExistence(z, p)';'CoExistence';'z';'p';0.874;0.879;0.879
'RespondedExistence(z, p)';'RespondedExistence';'z';'p';0.874;0.982;0.982
'Response(z, p)';'Response';'z';'p';0.542;0.609;0.609
'CoExistence(z, q)';'CoExistence';'z';'q';0.788;0.799;0.799
'RespondedExistence(z, q)';'RespondedExistence';'z';'q';0.788;0.885;0.885
'NotSuccession(z, r)';'NotSuccession';'z';'r';0.860;0.947;0.947
'NotCoExistence(z, r)';'NotCoExistence';'z';'r';0.828;0.912;0.912
'CoExistence(z, s)';'CoExistence';'z';'s';0.788;0.804;0.804
'RespondedExistence(z, s)';'RespondedExistence';'z';'s';0.788;0.885;0.885
'CoExistence(z, t)';'CoExistence';'z';'t';0.876;0.885;0.885
'RespondedExistence(z, t)';'RespondedExistence';'z';'t';0.876;0.984;0.984
'Response(z, t)';'Response';'z';'t';0.462;0.519;0.519
'CoExistence(z, u)';'CoExistence';'z';'u';0.784;0.797;0.797
'RespondedExistence(z, u)';'RespondedExistence';'z';'u';0.784;0.881;0.881
'CoExistence(z, v)';'CoExistence';'z';'v';0.776;0.790;0.790
'RespondedExistence(z, v)';'RespondedExistence';'z';'v';0.776;0.872;0.872
'CoExistence(z, w)';'CoExistence';'z';'w';0.778;0.789;0.789
'RespondedExistence(z, w)';'RespondedExistence';'z';'w';0.778;0.874;0.874
