Rank-25-true;Rank-25-TOT;Measure
11;1321;ORIGINAL-MODEL
11;30;Sebag-Schoenauer
11;30;Example and Counterexample Rate
11;30;Confidence
11;30;Compliance
9;26;Laplace Correction
7;454;Ylue Y
7;454;Ylue Q
7;454;Odds Ratio
7;26;Odd Multiplier
7;26;Conviction
4;723;Recall
4;34;Accuracy
4;33;Prevalence
4;32;Least Contradiction
4;32;Jaccard
4;32;Cosine
3;242;Coverage
3;31;Support
3;28;Lift
1;446;Specificity
1;446;Relative Risk
1;39;Information Gain
1;38;Added Value
1;37;Linear Correlation Coefficient
1;26;One-way Support
0;38;Piatetsky-Shapiro
0;37;Lovinger
0;27;Leverage
0;26;Zhang
0;26;Two-way Support Variation
0;26;Two-way Support
0;26;Klosgen
0;26;J Measure
0;26;Interestingness Weighting Dependency
0;26;Gini Index
0;26;Collective Strength
0;26;Certainty factor
