Rank-1000-true;Rank-1000-TOT;Measure
11;1321;ORIGINAL-MODEL
11;1003;Compliance
11;1001;Sebag-Schoenauer
11;1001;Least Contradiction
11;1001;Laplace Correction
11;1001;Jaccard
11;1001;Example and Counterexample Rate
11;1001;Cosine
11;1001;Confidence
11;1001;Accuracy
10;1014;Support
10;1001;Prevalence
8;1002;Leverage
8;1002;Collective Strength
8;1001;Relative Risk
8;1001;Recall
7;1233;Odd Multiplier
7;1197;Conviction
7;1012;Lift
7;1004;Specificity
7;1003;Lovinger
7;1002;Two-way Support
7;1002;Piatetsky-Shapiro
7;1002;Linear Correlation Coefficient
7;1002;Information Gain
7;1001;Zhang
7;1001;Ylue Y
7;1001;Ylue Q
7;1001;One-way Support
7;1001;Odds Ratio
7;1001;Klosgen
7;1001;Interestingness Weighting Dependency
7;1001;Gini Index
7;1001;Certainty factor
7;1001;Added Value
6;1001;Coverage
0;1001;J Measure
0;587;Two-way Support Variation
