Rank-5-true;Rank-5-TOT;Measure
11;1277;ORIGINAL-MODEL
11;29;Sebag-Schoenauer
11;29;Example and Counterexample Rate
11;29;Confidence
11;29;Compliance
7;445;Ylue Y
7;445;Ylue Q
7;445;Odds Ratio
7;8;Odd Multiplier
7;8;Conviction
4;22;Prevalence
4;21;Least Contradiction
4;21;Laplace Correction
4;21;Jaccard
4;21;Cosine
4;21;Accuracy
3;688;Recall
3;21;Support
1;438;Specificity
1;22;Linear Correlation Coefficient
1;8;Lift
1;8;Information Gain
0;438;Relative Risk
0;12;Coverage
0;7;Piatetsky-Shapiro
0;7;J Measure
0;7;Added Value
0;6;Zhang
0;6;Two-way Support Variation
0;6;Two-way Support
0;6;One-way Support
0;6;Lovinger
0;6;Leverage
0;6;Klosgen
0;6;Interestingness Weighting Dependency
0;6;Gini Index
0;6;Collective Strength
0;6;Certainty factor
