Rank-1500-true;Rank-1500-TOT;Measure
11;1277;ORIGINAL-MODEL
11;1277;Two-way Support
11;1277;Support
11;1277;Sebag-Schoenauer
11;1277;Recall
11;1277;Prevalence
11;1277;Piatetsky-Shapiro
11;1277;One-way Support
11;1277;Lift
11;1277;Leverage
11;1277;Least Contradiction
11;1277;Laplace Correction
11;1277;Klosgen
11;1277;Jaccard
11;1277;Interestingness Weighting Dependency
11;1277;Information Gain
11;1277;Example and Counterexample Rate
11;1277;Coverage
11;1277;Cosine
11;1277;Confidence
11;1277;Compliance
11;1277;Added Value
11;1277;Accuracy
8;1027;Specificity
8;1027;Relative Risk
8;1027;Gini Index
8;1027;Collective Strength
7;1256;Zhang
7;1256;Odd Multiplier
7;1256;Lovinger
7;1256;Conviction
7;1256;Certainty factor
7;1058;Linear Correlation Coefficient
7;1026;Ylue Y
7;1026;Ylue Q
7;1026;Odds Ratio
0;1249;J Measure
0;579;Two-way Support Variation
