Rank-25-true;Rank-25-TOT;Measure
11;1277;ORIGINAL-MODEL
11;29;Sebag-Schoenauer
11;29;Example and Counterexample Rate
11;29;Confidence
11;29;Compliance
9;26;Laplace Correction
7;445;Ylue Y
7;445;Ylue Q
7;445;Odds Ratio
7;29;Certainty factor
7;26;Odd Multiplier
7;26;Conviction
5;26;Zhang
4;50;Prevalence
4;32;Least Contradiction
4;32;Jaccard
4;32;Cosine
4;32;Accuracy
3;688;Recall
3;230;Coverage
3;31;Support
3;26;Lift
1;438;Specificity
1;29;Information Gain
1;26;One-way Support
1;26;Linear Correlation Coefficient
1;26;Leverage
1;26;Klosgen
1;26;Added Value
0;438;Relative Risk
0;27;Two-way Support Variation
0;26;Two-way Support
0;26;Piatetsky-Shapiro
0;26;Lovinger
0;26;J Measure
0;26;Interestingness Weighting Dependency
0;26;Gini Index
0;26;Collective Strength
