Rank-1000-true;Rank-1000-TOT;Measure
11;1277;ORIGINAL-MODEL
11;1207;Two-way Support
11;1207;Piatetsky-Shapiro
11;1207;One-way Support
11;1207;Lift
11;1207;Klosgen
11;1207;Interestingness Weighting Dependency
11;1207;Information Gain
11;1207;Added Value
11;1003;Jaccard
11;1001;Sebag-Schoenauer
11;1001;Least Contradiction
11;1001;Laplace Correction
11;1001;Example and Counterexample Rate
11;1001;Cosine
11;1001;Confidence
11;1001;Compliance
11;1001;Accuracy
10;1001;Support
10;1001;Prevalence
8;1002;Leverage
8;1001;Relative Risk
8;1001;Collective Strength
7;1197;Odd Multiplier
7;1186;Zhang
7;1186;Certainty factor
7;1176;Conviction
7;1001;Ylue Y
7;1001;Ylue Q
7;1001;Specificity
7;1001;Recall
7;1001;Odds Ratio
7;1001;Lovinger
7;1001;Linear Correlation Coefficient
7;1001;Gini Index
6;1016;Coverage
0;1001;J Measure
0;579;Two-way Support Variation
