Rank-50-true;Rank-50-TOT;Measure
11;1277;ORIGINAL-MODEL
11;55;Compliance
11;51;Sebag-Schoenauer
11;51;Laplace Correction
11;51;Example and Counterexample Rate
11;51;Confidence
7;445;Ylue Y
7;445;Ylue Q
7;445;Odds Ratio
7;51;Zhang
7;51;Odd Multiplier
7;51;Conviction
7;51;Certainty factor
4;54;Accuracy
4;52;Least Contradiction
4;52;Jaccard
4;52;Cosine
4;51;Two-way Support
4;51;Prevalence
4;51;One-way Support
4;51;Lift
4;51;Klosgen
4;51;Interestingness Weighting Dependency
4;51;Information Gain
4;51;Added Value
3;688;Recall
3;230;Coverage
3;51;Support
3;51;Piatetsky-Shapiro
2;51;Linear Correlation Coefficient
1;438;Specificity
1;51;Leverage
0;438;Relative Risk
0;52;Two-way Support Variation
0;52;Collective Strength
0;51;Lovinger
0;51;J Measure
0;51;Gini Index
