Rank-500-true;Rank-500-TOT;Measure
11;1277;ORIGINAL-MODEL
11;511;Compliance
11;504;Accuracy
11;501;Sebag-Schoenauer
11;501;Laplace Correction
11;501;Example and Counterexample Rate
11;501;Confidence
10;502;Cosine
10;501;Least Contradiction
10;501;Jaccard
8;506;Support
8;501;Prevalence
8;501;Leverage
7;505;Information Gain
7;502;Ylue Y
7;502;Ylue Q
7;502;One-way Support
7;502;Interestingness Weighting Dependency
7;502;Added Value
7;501;Zhang
7;501;Two-way Support
7;501;Piatetsky-Shapiro
7;501;Odds Ratio
7;501;Odd Multiplier
7;501;Lovinger
7;501;Linear Correlation Coefficient
7;501;Lift
7;501;Klosgen
7;501;Conviction
7;501;Certainty factor
6;501;Relative Risk
6;501;Gini Index
5;501;Specificity
4;501;Collective Strength
3;688;Recall
3;520;Coverage
0;501;Two-way Support Variation
0;501;J Measure
