Rank-1-true;Rank-1-TOT;Measure
11;1277;ORIGINAL-MODEL
11;29;Sebag-Schoenauer
11;29;Example and Counterexample Rate
11;29;Confidence
11;29;Compliance
7;445;Ylue Y
7;445;Ylue Q
7;445;Odds Ratio
7;8;Odd Multiplier
7;8;Conviction
4;22;Prevalence
4;21;Least Contradiction
4;21;Laplace Correction
4;21;Jaccard
4;21;Cosine
4;21;Accuracy
3;688;Recall
3;21;Support
1;438;Specificity
1;22;Linear Correlation Coefficient
1;2;Lift
0;438;Relative Risk
0;7;Piatetsky-Shapiro
0;7;Added Value
0;3;Leverage
0;3;Information Gain
0;2;Zhang
0;2;Two-way Support Variation
0;2;Two-way Support
0;2;One-way Support
0;2;Lovinger
0;2;Klosgen
0;2;J Measure
0;2;Interestingness Weighting Dependency
0;2;Gini Index
0;2;Coverage
0;2;Collective Strength
0;2;Certainty factor
