Rank-200-true;Rank-200-TOT;Measure
11;1277;ORIGINAL-MODEL
11;207;Sebag-Schoenauer
11;201;Laplace Correction
11;201;Example and Counterexample Rate
11;201;Confidence
11;201;Compliance
8;206;Accuracy
7;445;Ylue Y
7;445;Ylue Q
7;445;Odds Ratio
7;209;Jaccard
7;209;Cosine
7;208;Prevalence
7;204;Least Contradiction
7;203;Zhang
7;202;Certainty factor
7;201;Odd Multiplier
7;201;Linear Correlation Coefficient
7;201;Interestingness Weighting Dependency
7;201;Conviction
6;202;Added Value
6;201;Two-way Support
6;201;Piatetsky-Shapiro
6;201;One-way Support
6;201;Lift
6;201;Klosgen
6;201;Information Gain
6;201;Gini Index
4;206;Support
3;688;Recall
3;230;Coverage
3;201;Leverage
1;438;Specificity
1;280;Lovinger
0;438;Relative Risk
0;202;J Measure
0;201;Two-way Support Variation
0;201;Collective Strength
