'Constraint';'Template';'Activation';'Target';'Support';'Confidence level';'Interest factor'
'Init(a)';'Init';'a';;1.000;1.000;1.000
'Participation(a)';'Participation';'a';;1.000;1.000;1.000
'CoExistence(a, b)';'CoExistence';'a';'b';1.000;1.000;1.000
'Succession(a, b)';'Succession';'a';'b';1.000;1.000;1.000
'RespondedExistence(a, b)';'RespondedExistence';'a';'b';1.000;1.000;1.000
'Response(a, b)';'Response';'a';'b';1.000;1.000;1.000
'CoExistence(a, c)';'CoExistence';'a';'c';0.854;0.854;0.854
'RespondedExistence(a, c)';'RespondedExistence';'a';'c';0.854;0.854;0.854
'CoExistence(a, d)';'CoExistence';'a';'d';1.000;1.000;1.000
'Succession(a, d)';'Succession';'a';'d';0.592;0.592;0.592
'RespondedExistence(a, d)';'RespondedExistence';'a';'d';1.000;1.000;1.000
'Response(a, d)';'Response';'a';'d';0.592;0.592;0.592
'CoExistence(a, e)';'CoExistence';'a';'e';0.824;0.824;0.824
'RespondedExistence(a, e)';'RespondedExistence';'a';'e';0.824;0.824;0.824
'CoExistence(a, f)';'CoExistence';'a';'f';0.970;0.970;0.970
'Succession(a, f)';'Succession';'a';'f';0.742;0.742;0.742
'RespondedExistence(a, f)';'RespondedExistence';'a';'f';0.970;0.970;0.970
'Response(a, f)';'Response';'a';'f';0.742;0.742;0.742
'CoExistence(a, g)';'CoExistence';'a';'g';0.890;0.890;0.890
'RespondedExistence(a, g)';'RespondedExistence';'a';'g';0.890;0.890;0.890
'CoExistence(a, h)';'CoExistence';'a';'h';0.634;0.634;0.634
'RespondedExistence(a, h)';'RespondedExistence';'a';'h';0.634;0.634;0.634
'CoExistence(a, i)';'CoExistence';'a';'i';0.878;0.878;0.878
'RespondedExistence(a, i)';'RespondedExistence';'a';'i';0.878;0.878;0.878
'CoExistence(a, l)';'CoExistence';'a';'l';0.630;0.630;0.630
'RespondedExistence(a, l)';'RespondedExistence';'a';'l';0.630;0.630;0.630
'CoExistence(a, m)';'CoExistence';'a';'m';0.852;0.852;0.852
'RespondedExistence(a, m)';'RespondedExistence';'a';'m';0.852;0.852;0.852
'CoExistence(a, n)';'CoExistence';'a';'n';0.968;0.968;0.968
'Succession(a, n)';'Succession';'a';'n';0.790;0.790;0.790
'RespondedExistence(a, n)';'RespondedExistence';'a';'n';0.968;0.968;0.968
'Response(a, n)';'Response';'a';'n';0.790;0.790;0.790
'CoExistence(a, o)';'CoExistence';'a';'o';0.866;0.866;0.866
'RespondedExistence(a, o)';'RespondedExistence';'a';'o';0.866;0.866;0.866
'CoExistence(a, p)';'CoExistence';'a';'p';0.982;0.982;0.982
'Succession(a, p)';'Succession';'a';'p';0.620;0.620;0.620
'RespondedExistence(a, p)';'RespondedExistence';'a';'p';0.982;0.982;0.982
'Response(a, p)';'Response';'a';'p';0.620;0.620;0.620
'CoExistence(a, q)';'CoExistence';'a';'q';0.878;0.878;0.878
'RespondedExistence(a, q)';'RespondedExistence';'a';'q';0.878;0.878;0.878
'NotSuccession(a, r)';'NotSuccession';'a';'r';0.890;0.890;0.890
'NotCoExistence(a, r)';'NotCoExistence';'a';'r';0.890;0.890;0.890
'CoExistence(a, s)';'CoExistence';'a';'s';0.870;0.870;0.870
'RespondedExistence(a, s)';'RespondedExistence';'a';'s';0.870;0.870;0.870
'CoExistence(a, t)';'CoExistence';'a';'t';0.972;0.972;0.972
'Succession(a, t)';'Succession';'a';'t';0.532;0.532;0.532
'RespondedExistence(a, t)';'RespondedExistence';'a';'t';0.972;0.972;0.972
'Response(a, t)';'Response';'a';'t';0.532;0.532;0.532
'CoExistence(a, u)';'CoExistence';'a';'u';0.884;0.884;0.884
'RespondedExistence(a, u)';'RespondedExistence';'a';'u';0.884;0.884;0.884
'CoExistence(a, v)';'CoExistence';'a';'v';0.868;0.868;0.868
'RespondedExistence(a, v)';'RespondedExistence';'a';'v';0.868;0.868;0.868
'CoExistence(a, w)';'CoExistence';'a';'w';0.886;0.886;0.886
'RespondedExistence(a, w)';'RespondedExistence';'a';'w';0.886;0.886;0.886
'CoExistence(a, z)';'CoExistence';'a';'z';0.866;0.866;0.866
'RespondedExistence(a, z)';'RespondedExistence';'a';'z';0.866;0.866;0.866
'End(b)';'End';'b';;1.000;1.000;1.000
'Participation(b)';'Participation';'b';;1.000;1.000;1.000
'Precedence(a, b)';'Precedence';'b';'a';1.000;1.000;1.000
'CoExistence(b, a)';'CoExistence';'b';'a';1.000;1.000;1.000
'RespondedExistence(b, a)';'RespondedExistence';'b';'a';1.000;1.000;1.000
'CoExistence(b, c)';'CoExistence';'b';'c';0.854;0.854;0.854
'RespondedExistence(b, c)';'RespondedExistence';'b';'c';0.854;0.854;0.854
'NotSuccession(b, c)';'NotSuccession';'b';'c';0.618;0.618;0.618
'CoExistence(b, d)';'CoExistence';'b';'d';1.000;1.000;1.000
'RespondedExistence(b, d)';'RespondedExistence';'b';'d';1.000;1.000;1.000
'CoExistence(b, e)';'CoExistence';'b';'e';0.824;0.824;0.824
'RespondedExistence(b, e)';'RespondedExistence';'b';'e';0.824;0.824;0.824
'CoExistence(b, f)';'CoExistence';'b';'f';0.970;0.970;0.970
'RespondedExistence(b, f)';'RespondedExistence';'b';'f';0.970;0.970;0.970
'CoExistence(b, g)';'CoExistence';'b';'g';0.890;0.890;0.890
'RespondedExistence(b, g)';'RespondedExistence';'b';'g';0.890;0.890;0.890
'CoExistence(b, h)';'CoExistence';'b';'h';0.634;0.634;0.634
'RespondedExistence(b, h)';'RespondedExistence';'b';'h';0.634;0.634;0.634
'NotSuccession(b, h)';'NotSuccession';'b';'h';0.508;0.508;0.508
'CoExistence(b, i)';'CoExistence';'b';'i';0.878;0.878;0.878
'RespondedExistence(b, i)';'RespondedExistence';'b';'i';0.878;0.878;0.878
'CoExistence(b, l)';'CoExistence';'b';'l';0.630;0.630;0.630
'RespondedExistence(b, l)';'RespondedExistence';'b';'l';0.630;0.630;0.630
'NotSuccession(b, l)';'NotSuccession';'b';'l';0.558;0.558;0.558
'CoExistence(b, m)';'CoExistence';'b';'m';0.852;0.852;0.852
'RespondedExistence(b, m)';'RespondedExistence';'b';'m';0.852;0.852;0.852
'CoExistence(b, n)';'CoExistence';'b';'n';0.968;0.968;0.968
'RespondedExistence(b, n)';'RespondedExistence';'b';'n';0.968;0.968;0.968
'CoExistence(b, o)';'CoExistence';'b';'o';0.866;0.866;0.866
'RespondedExistence(b, o)';'RespondedExistence';'b';'o';0.866;0.866;0.866
'CoExistence(b, p)';'CoExistence';'b';'p';0.982;0.982;0.982
'RespondedExistence(b, p)';'RespondedExistence';'b';'p';0.982;0.982;0.982
'CoExistence(b, q)';'CoExistence';'b';'q';0.878;0.878;0.878
'RespondedExistence(b, q)';'RespondedExistence';'b';'q';0.878;0.878;0.878
'NotSuccession(b, r)';'NotSuccession';'b';'r';0.938;0.938;0.938
'NotCoExistence(b, r)';'NotCoExistence';'b';'r';0.890;0.890;0.890
'CoExistence(b, s)';'CoExistence';'b';'s';0.870;0.870;0.870
'RespondedExistence(b, s)';'RespondedExistence';'b';'s';0.870;0.870;0.870
'CoExistence(b, t)';'CoExistence';'b';'t';0.972;0.972;0.972
'RespondedExistence(b, t)';'RespondedExistence';'b';'t';0.972;0.972;0.972
'CoExistence(b, u)';'CoExistence';'b';'u';0.884;0.884;0.884
'RespondedExistence(b, u)';'RespondedExistence';'b';'u';0.884;0.884;0.884
'CoExistence(b, v)';'CoExistence';'b';'v';0.868;0.868;0.868
'RespondedExistence(b, v)';'RespondedExistence';'b';'v';0.868;0.868;0.868
'CoExistence(b, w)';'CoExistence';'b';'w';0.886;0.886;0.886
'RespondedExistence(b, w)';'RespondedExistence';'b';'w';0.886;0.886;0.886
'CoExistence(b, z)';'CoExistence';'b';'z';0.866;0.866;0.866
'RespondedExistence(b, z)';'RespondedExistence';'b';'z';0.866;0.866;0.866
'Precedence(d, b)';'Precedence';'b';'d';0.522;0.522;0.522
'Precedence(f, b)';'Precedence';'b';'f';0.504;0.504;0.504
'Precedence(n, b)';'Precedence';'b';'n';0.516;0.516;0.516
'Precedence(p, b)';'Precedence';'b';'p';0.672;0.672;0.672
'Precedence(q, b)';'Precedence';'b';'q';0.532;0.532;0.532
'Precedence(t, b)';'Precedence';'b';'t';0.504;0.504;0.504
'Precedence(z, b)';'Precedence';'b';'z';0.518;0.518;0.518
'AtMostOne(c)';'AtMostOne';'c';;0.854;1.000;1.000
'Participation(c)';'Participation';'c';;0.854;0.854;0.854
'Precedence(a, c)';'Precedence';'c';'a';0.854;1.000;1.000
'AlternatePrecedence(a, c)';'AlternatePrecedence';'c';'a';0.854;1.000;1.000
'CoExistence(c, a)';'CoExistence';'c';'a';0.854;0.854;0.854
'RespondedExistence(c, a)';'RespondedExistence';'c';'a';0.854;1.000;1.000
'Response(c, a)';'Response';'c';'a';0.632;0.740;0.740
'AlternateResponse(c, a)';'AlternateResponse';'c';'a';0.632;0.740;0.740
'CoExistence(c, b)';'CoExistence';'c';'b';0.854;0.854;0.854
'RespondedExistence(c, b)';'RespondedExistence';'c';'b';0.854;1.000;1.000
'Response(c, b)';'Response';'c';'b';0.854;1.000;1.000
'AlternateResponse(c, b)';'AlternateResponse';'c';'b';0.854;1.000;1.000
'CoExistence(c, d)';'CoExistence';'c';'d';0.854;0.854;0.854
'RespondedExistence(c, d)';'RespondedExistence';'c';'d';0.854;1.000;1.000
'Response(c, d)';'Response';'c';'d';0.718;0.841;0.841
'AlternateResponse(c, d)';'AlternateResponse';'c';'d';0.718;0.841;0.841
'CoExistence(c, e)';'CoExistence';'c';'e';0.722;0.755;0.755
'RespondedExistence(c, e)';'RespondedExistence';'c';'e';0.722;0.845;0.845
'Response(c, e)';'Response';'c';'e';0.600;0.703;0.703
'AlternateResponse(c, e)';'AlternateResponse';'c';'e';0.600;0.703;0.703
'CoExistence(c, f)';'CoExistence';'c';'f';0.840;0.854;0.854
'RespondedExistence(c, f)';'RespondedExistence';'c';'f';0.840;0.984;0.984
'Response(c, f)';'Response';'c';'f';0.786;0.920;0.920
'AlternateResponse(c, f)';'AlternateResponse';'c';'f';0.786;0.920;0.920
'CoExistence(c, g)';'CoExistence';'c';'g';0.768;0.787;0.787
'RespondedExistence(c, g)';'RespondedExistence';'c';'g';0.768;0.899;0.899
'Response(c, g)';'Response';'c';'g';0.642;0.752;0.752
'AlternateResponse(c, g)';'AlternateResponse';'c';'g';0.642;0.752;0.752
'CoExistence(c, h)';'CoExistence';'c';'h';0.550;0.586;0.586
'RespondedExistence(c, h)';'RespondedExistence';'c';'h';0.550;0.644;0.644
'Response(c, h)';'Response';'c';'h';0.482;0.564;0.564
'AlternateResponse(c, h)';'AlternateResponse';'c';'h';0.482;0.564;0.564
'CoExistence(c, i)';'CoExistence';'c';'i';0.770;0.800;0.800
'RespondedExistence(c, i)';'RespondedExistence';'c';'i';0.770;0.902;0.902
'Response(c, i)';'Response';'c';'i';0.634;0.742;0.742
'AlternateResponse(c, i)';'AlternateResponse';'c';'i';0.634;0.742;0.742
'CoExistence(c, l)';'CoExistence';'c';'l';0.560;0.606;0.606
'RespondedExistence(c, l)';'RespondedExistence';'c';'l';0.560;0.656;0.656
'Response(c, l)';'Response';'c';'l';0.450;0.527;0.527
'AlternateResponse(c, l)';'AlternateResponse';'c';'l';0.450;0.527;0.527
'NotSuccession(c, l)';'NotSuccession';'c';'l';0.474;0.513;0.513
'CoExistence(c, m)';'CoExistence';'c';'m';0.738;0.762;0.762
'RespondedExistence(c, m)';'RespondedExistence';'c';'m';0.738;0.864;0.864
'Response(c, m)';'Response';'c';'m';0.528;0.618;0.618
'AlternateResponse(c, m)';'AlternateResponse';'c';'m';0.528;0.618;0.618
'CoExistence(c, n)';'CoExistence';'c';'n';0.840;0.855;0.855
'RespondedExistence(c, n)';'RespondedExistence';'c';'n';0.840;0.984;0.984
'Response(c, n)';'Response';'c';'n';0.800;0.937;0.937
'AlternateResponse(c, n)';'AlternateResponse';'c';'n';0.800;0.937;0.937
'CoExistence(c, o)';'CoExistence';'c';'o';0.756;0.784;0.784
'RespondedExistence(c, o)';'RespondedExistence';'c';'o';0.756;0.885;0.885
'Response(c, o)';'Response';'c';'o';0.620;0.726;0.726
'AlternateResponse(c, o)';'AlternateResponse';'c';'o';0.620;0.726;0.726
'CoExistence(c, p)';'CoExistence';'c';'p';0.848;0.858;0.858
'RespondedExistence(c, p)';'RespondedExistence';'c';'p';0.848;0.993;0.993
'Response(c, p)';'Response';'c';'p';0.766;0.897;0.897
'AlternateResponse(c, p)';'AlternateResponse';'c';'p';0.766;0.897;0.897
'CoExistence(c, q)';'CoExistence';'c';'q';0.754;0.771;0.771
'RespondedExistence(c, q)';'RespondedExistence';'c';'q';0.754;0.883;0.883
'Response(c, q)';'Response';'c';'q';0.604;0.707;0.707
'AlternateResponse(c, q)';'AlternateResponse';'c';'q';0.604;0.707;0.707
'NotSuccession(c, r)';'NotSuccession';'c';'r';0.800;0.922;0.922
'NotCoExistence(c, r)';'NotCoExistence';'c';'r';0.772;0.889;0.889
'CoExistence(c, s)';'CoExistence';'c';'s';0.748;0.766;0.766
'RespondedExistence(c, s)';'RespondedExistence';'c';'s';0.748;0.876;0.876
'Response(c, s)';'Response';'c';'s';0.602;0.705;0.705
'AlternateResponse(c, s)';'AlternateResponse';'c';'s';0.602;0.705;0.705
'CoExistence(c, t)';'CoExistence';'c';'t';0.836;0.844;0.844
'RespondedExistence(c, t)';'RespondedExistence';'c';'t';0.836;0.979;0.979
'Response(c, t)';'Response';'c';'t';0.696;0.815;0.815
'AlternateResponse(c, t)';'AlternateResponse';'c';'t';0.696;0.815;0.815
'CoExistence(c, u)';'CoExistence';'c';'u';0.762;0.781;0.781
'RespondedExistence(c, u)';'RespondedExistence';'c';'u';0.762;0.892;0.892
'Response(c, u)';'Response';'c';'u';0.632;0.740;0.740
'AlternateResponse(c, u)';'AlternateResponse';'c';'u';0.632;0.740;0.740
'CoExistence(c, v)';'CoExistence';'c';'v';0.750;0.772;0.772
'RespondedExistence(c, v)';'RespondedExistence';'c';'v';0.750;0.878;0.878
'Response(c, v)';'Response';'c';'v';0.656;0.768;0.768
'AlternateResponse(c, v)';'AlternateResponse';'c';'v';0.656;0.768;0.768
'CoExistence(c, w)';'CoExistence';'c';'w';0.762;0.779;0.779
'RespondedExistence(c, w)';'RespondedExistence';'c';'w';0.762;0.892;0.892
'Response(c, w)';'Response';'c';'w';0.628;0.735;0.735
'AlternateResponse(c, w)';'AlternateResponse';'c';'w';0.628;0.735;0.735
'CoExistence(c, z)';'CoExistence';'c';'z';0.744;0.762;0.762
'RespondedExistence(c, z)';'RespondedExistence';'c';'z';0.744;0.871;0.871
'Response(c, z)';'Response';'c';'z';0.612;0.717;0.717
'AlternateResponse(c, z)';'AlternateResponse';'c';'z';0.612;0.717;0.717
'Precedence(p, c)';'Precedence';'c';'p';0.554;0.649;0.649
'AlternatePrecedence(p, c)';'AlternatePrecedence';'c';'p';0.554;0.649;0.649
'Participation(d)';'Participation';'d';;1.000;1.000;1.000
'Precedence(a, d)';'Precedence';'d';'a';1.000;1.000;1.000
'CoExistence(d, a)';'CoExistence';'d';'a';1.000;1.000;1.000
'RespondedExistence(d, a)';'RespondedExistence';'d';'a';1.000;1.000;1.000
'CoExistence(d, b)';'CoExistence';'d';'b';1.000;1.000;1.000
'Succession(d, b)';'Succession';'d';'b';0.522;0.522;0.522
'RespondedExistence(d, b)';'RespondedExistence';'d';'b';1.000;1.000;1.000
'Response(d, b)';'Response';'d';'b';1.000;1.000;1.000
'CoExistence(d, c)';'CoExistence';'d';'c';0.854;0.854;0.854
'RespondedExistence(d, c)';'RespondedExistence';'d';'c';0.854;0.854;0.854
'NotSuccession(d, c)';'NotSuccession';'d';'c';0.608;0.608;0.608
'CoExistence(d, e)';'CoExistence';'d';'e';0.824;0.824;0.824
'RespondedExistence(d, e)';'RespondedExistence';'d';'e';0.824;0.824;0.824
'CoExistence(d, f)';'CoExistence';'d';'f';0.970;0.970;0.970
'RespondedExistence(d, f)';'RespondedExistence';'d';'f';0.970;0.970;0.970
'Response(d, f)';'Response';'d';'f';0.702;0.702;0.702
'CoExistence(d, g)';'CoExistence';'d';'g';0.890;0.890;0.890
'RespondedExistence(d, g)';'RespondedExistence';'d';'g';0.890;0.890;0.890
'CoExistence(d, h)';'CoExistence';'d';'h';0.634;0.634;0.634
'RespondedExistence(d, h)';'RespondedExistence';'d';'h';0.634;0.634;0.634
'CoExistence(d, i)';'CoExistence';'d';'i';0.878;0.878;0.878
'RespondedExistence(d, i)';'RespondedExistence';'d';'i';0.878;0.878;0.878
'CoExistence(d, l)';'CoExistence';'d';'l';0.630;0.630;0.630
'RespondedExistence(d, l)';'RespondedExistence';'d';'l';0.630;0.630;0.630
'NotSuccession(d, l)';'NotSuccession';'d';'l';0.536;0.536;0.536
'CoExistence(d, m)';'CoExistence';'d';'m';0.852;0.852;0.852
'RespondedExistence(d, m)';'RespondedExistence';'d';'m';0.852;0.852;0.852
'CoExistence(d, n)';'CoExistence';'d';'n';0.968;0.968;0.968
'RespondedExistence(d, n)';'RespondedExistence';'d';'n';0.968;0.968;0.968
'Response(d, n)';'Response';'d';'n';0.710;0.710;0.710
'CoExistence(d, o)';'CoExistence';'d';'o';0.866;0.866;0.866
'RespondedExistence(d, o)';'RespondedExistence';'d';'o';0.866;0.866;0.866
'CoExistence(d, p)';'CoExistence';'d';'p';0.982;0.982;0.982
'RespondedExistence(d, p)';'RespondedExistence';'d';'p';0.982;0.982;0.982
'Response(d, p)';'Response';'d';'p';0.562;0.562;0.562
'CoExistence(d, q)';'CoExistence';'d';'q';0.878;0.878;0.878
'RespondedExistence(d, q)';'RespondedExistence';'d';'q';0.878;0.878;0.878
'NotSuccession(d, r)';'NotSuccession';'d';'r';0.934;0.934;0.934
'NotCoExistence(d, r)';'NotCoExistence';'d';'r';0.890;0.890;0.890
'CoExistence(d, s)';'CoExistence';'d';'s';0.870;0.870;0.870
'RespondedExistence(d, s)';'RespondedExistence';'d';'s';0.870;0.870;0.870
'CoExistence(d, t)';'CoExistence';'d';'t';0.972;0.972;0.972
'RespondedExistence(d, t)';'RespondedExistence';'d';'t';0.972;0.972;0.972
'CoExistence(d, u)';'CoExistence';'d';'u';0.884;0.884;0.884
'RespondedExistence(d, u)';'RespondedExistence';'d';'u';0.884;0.884;0.884
'CoExistence(d, v)';'CoExistence';'d';'v';0.868;0.868;0.868
'RespondedExistence(d, v)';'RespondedExistence';'d';'v';0.868;0.868;0.868
'CoExistence(d, w)';'CoExistence';'d';'w';0.886;0.886;0.886
'RespondedExistence(d, w)';'RespondedExistence';'d';'w';0.886;0.886;0.886
'CoExistence(d, z)';'CoExistence';'d';'z';0.866;0.866;0.866
'RespondedExistence(d, z)';'RespondedExistence';'d';'z';0.866;0.866;0.866
'Precedence(n, d)';'Precedence';'d';'n';0.520;0.520;0.520
'Precedence(p, d)';'Precedence';'d';'p';0.660;0.660;0.660
'Participation(e)';'Participation';'e';;0.824;0.824;0.824
'Precedence(a, e)';'Precedence';'e';'a';0.824;1.000;1.000
'CoExistence(e, a)';'CoExistence';'e';'a';0.824;0.824;0.824
'RespondedExistence(e, a)';'RespondedExistence';'e';'a';0.824;1.000;1.000
'Response(e, a)';'Response';'e';'a';0.412;0.500;0.500
'CoExistence(e, b)';'CoExistence';'e';'b';0.824;0.824;0.824
'RespondedExistence(e, b)';'RespondedExistence';'e';'b';0.824;1.000;1.000
'Response(e, b)';'Response';'e';'b';0.824;1.000;1.000
'CoExistence(e, c)';'CoExistence';'e';'c';0.722;0.755;0.755
'RespondedExistence(e, c)';'RespondedExistence';'e';'c';0.722;0.876;0.876
'NotSuccession(e, c)';'NotSuccession';'e';'c';0.560;0.586;0.586
'CoExistence(e, d)';'CoExistence';'e';'d';0.824;0.824;0.824
'RespondedExistence(e, d)';'RespondedExistence';'e';'d';0.824;1.000;1.000
'Response(e, d)';'Response';'e';'d';0.468;0.568;0.568
'CoExistence(e, f)';'CoExistence';'e';'f';0.824;0.849;0.849
'RespondedExistence(e, f)';'RespondedExistence';'e';'f';0.824;1.000;1.000
'Response(e, f)';'Response';'e';'f';0.824;1.000;1.000
'CoExistence(e, g)';'CoExistence';'e';'g';0.748;0.774;0.774
'RespondedExistence(e, g)';'RespondedExistence';'e';'g';0.748;0.908;0.908
'CoExistence(e, h)';'CoExistence';'e';'h';0.542;0.592;0.592
'RespondedExistence(e, h)';'RespondedExistence';'e';'h';0.542;0.658;0.658
'CoExistence(e, i)';'CoExistence';'e';'i';0.744;0.777;0.777
'RespondedExistence(e, i)';'RespondedExistence';'e';'i';0.744;0.903;0.903
'CoExistence(e, l)';'CoExistence';'e';'l';0.546;0.601;0.601
'RespondedExistence(e, l)';'RespondedExistence';'e';'l';0.546;0.663;0.663
'CoExistence(e, m)';'CoExistence';'e';'m';0.728;0.768;0.768
'RespondedExistence(e, m)';'RespondedExistence';'e';'m';0.728;0.883;0.883
'CoExistence(e, n)';'CoExistence';'e';'n';0.810;0.825;0.825
'RespondedExistence(e, n)';'RespondedExistence';'e';'n';0.810;0.983;0.983
'Response(e, n)';'Response';'e';'n';0.670;0.813;0.813
'CoExistence(e, o)';'CoExistence';'e';'o';0.734;0.768;0.768
'RespondedExistence(e, o)';'RespondedExistence';'e';'o';0.734;0.891;0.891
'CoExistence(e, p)';'CoExistence';'e';'p';0.816;0.824;0.824
'RespondedExistence(e, p)';'RespondedExistence';'e';'p';0.816;0.990;0.990
'Response(e, p)';'Response';'e';'p';0.524;0.636;0.636
'CoExistence(e, q)';'CoExistence';'e';'q';0.748;0.784;0.784
'RespondedExistence(e, q)';'RespondedExistence';'e';'q';0.748;0.908;0.908
'NotSuccession(e, r)';'NotSuccession';'e';'r';0.772;0.919;0.919
'NotCoExistence(e, r)';'NotCoExistence';'e';'r';0.746;0.888;0.888
'CoExistence(e, s)';'CoExistence';'e';'s';0.736;0.768;0.768
'RespondedExistence(e, s)';'RespondedExistence';'e';'s';0.736;0.893;0.893
'CoExistence(e, t)';'CoExistence';'e';'t';0.812;0.825;0.825
'RespondedExistence(e, t)';'RespondedExistence';'e';'t';0.812;0.985;0.985
'Response(e, t)';'Response';'e';'t';0.448;0.544;0.544
'CoExistence(e, u)';'CoExistence';'e';'u';0.736;0.757;0.757
'RespondedExistence(e, u)';'RespondedExistence';'e';'u';0.736;0.893;0.893
'CoExistence(e, v)';'CoExistence';'e';'v';0.726;0.752;0.752
'RespondedExistence(e, v)';'RespondedExistence';'e';'v';0.726;0.881;0.881
'CoExistence(e, w)';'CoExistence';'e';'w';0.750;0.781;0.781
'RespondedExistence(e, w)';'RespondedExistence';'e';'w';0.750;0.910;0.910
'CoExistence(e, z)';'CoExistence';'e';'z';0.722;0.746;0.746
'RespondedExistence(e, z)';'RespondedExistence';'e';'z';0.722;0.876;0.876
'Precedence(p, e)';'Precedence';'e';'p';0.496;0.602;0.602
'Participation(f)';'Participation';'f';;0.970;0.970;0.970
'Precedence(a, f)';'Precedence';'f';'a';0.970;1.000;1.000
'Precedence(d, f)';'Precedence';'f';'d';0.494;0.509;0.509
'CoExistence(f, a)';'CoExistence';'f';'a';0.970;0.970;0.970
'RespondedExistence(f, a)';'RespondedExistence';'f';'a';0.970;1.000;1.000
'CoExistence(f, b)';'CoExistence';'f';'b';0.970;0.970;0.970
'Succession(f, b)';'Succession';'f';'b';0.504;0.504;0.504
'RespondedExistence(f, b)';'RespondedExistence';'f';'b';0.970;1.000;1.000
'Response(f, b)';'Response';'f';'b';0.970;1.000;1.000
'CoExistence(f, c)';'CoExistence';'f';'c';0.840;0.854;0.854
'RespondedExistence(f, c)';'RespondedExistence';'f';'c';0.840;0.866;0.866
'NotSuccession(f, c)';'NotSuccession';'f';'c';0.614;0.624;0.624
'CoExistence(f, d)';'CoExistence';'f';'d';0.970;0.970;0.970
'RespondedExistence(f, d)';'RespondedExistence';'f';'d';0.970;1.000;1.000
'CoExistence(f, e)';'CoExistence';'f';'e';0.824;0.849;0.849
'RespondedExistence(f, e)';'RespondedExistence';'f';'e';0.824;0.849;0.849
'CoExistence(f, g)';'CoExistence';'f';'g';0.872;0.883;0.883
'RespondedExistence(f, g)';'RespondedExistence';'f';'g';0.872;0.899;0.899
'CoExistence(f, h)';'CoExistence';'f';'h';0.628;0.643;0.643
'RespondedExistence(f, h)';'RespondedExistence';'f';'h';0.628;0.647;0.647
'CoExistence(f, i)';'CoExistence';'f';'i';0.858;0.867;0.867
'RespondedExistence(f, i)';'RespondedExistence';'f';'i';0.858;0.885;0.885
'CoExistence(f, l)';'CoExistence';'f';'l';0.626;0.643;0.643
'RespondedExistence(f, l)';'RespondedExistence';'f';'l';0.626;0.645;0.645
'NotSuccession(f, l)';'NotSuccession';'f';'l';0.530;0.544;0.544
'CoExistence(f, m)';'CoExistence';'f';'m';0.840;0.855;0.855
'RespondedExistence(f, m)';'RespondedExistence';'f';'m';0.840;0.866;0.866
'CoExistence(f, n)';'CoExistence';'f';'n';0.946;0.954;0.954
'RespondedExistence(f, n)';'RespondedExistence';'f';'n';0.946;0.975;0.975
'CoExistence(f, o)';'CoExistence';'f';'o';0.848;0.858;0.858
'RespondedExistence(f, o)';'RespondedExistence';'f';'o';0.848;0.874;0.874
'CoExistence(f, p)';'CoExistence';'f';'p';0.956;0.960;0.960
'RespondedExistence(f, p)';'RespondedExistence';'f';'p';0.956;0.986;0.986
'CoExistence(f, q)';'CoExistence';'f';'q';0.858;0.867;0.867
'RespondedExistence(f, q)';'RespondedExistence';'f';'q';0.858;0.885;0.885
'NotSuccession(f, r)';'NotSuccession';'f';'r';0.902;0.928;0.928
'NotCoExistence(f, r)';'NotCoExistence';'f';'r';0.864;0.889;0.889
'CoExistence(f, s)';'CoExistence';'f';'s';0.852;0.862;0.862
'RespondedExistence(f, s)';'RespondedExistence';'f';'s';0.852;0.878;0.878
'CoExistence(f, t)';'CoExistence';'f';'t';0.948;0.954;0.954
'RespondedExistence(f, t)';'RespondedExistence';'f';'t';0.948;0.977;0.977
'CoExistence(f, u)';'CoExistence';'f';'u';0.864;0.873;0.873
'RespondedExistence(f, u)';'RespondedExistence';'f';'u';0.864;0.891;0.891
'CoExistence(f, v)';'CoExistence';'f';'v';0.852;0.864;0.864
'RespondedExistence(f, v)';'RespondedExistence';'f';'v';0.852;0.878;0.878
'CoExistence(f, w)';'CoExistence';'f';'w';0.870;0.882;0.882
'RespondedExistence(f, w)';'RespondedExistence';'f';'w';0.870;0.897;0.897
'CoExistence(f, z)';'CoExistence';'f';'z';0.848;0.858;0.858
'RespondedExistence(f, z)';'RespondedExistence';'f';'z';0.848;0.874;0.874
'Precedence(n, f)';'Precedence';'f';'n';0.492;0.507;0.507
'Precedence(p, f)';'Precedence';'f';'p';0.650;0.670;0.670
'Precedence(t, f)';'Precedence';'f';'t';0.488;0.503;0.503
'Precedence(v, f)';'Precedence';'f';'v';0.510;0.526;0.526
'Participation(g)';'Participation';'g';;0.890;0.890;0.890
'Precedence(a, g)';'Precedence';'g';'a';0.890;1.000;1.000
'CoExistence(g, a)';'CoExistence';'g';'a';0.890;0.890;0.890
'RespondedExistence(g, a)';'RespondedExistence';'g';'a';0.890;1.000;1.000
'CoExistence(g, b)';'CoExistence';'g';'b';0.890;0.890;0.890
'RespondedExistence(g, b)';'RespondedExistence';'g';'b';0.890;1.000;1.000
'Response(g, b)';'Response';'g';'b';0.890;1.000;1.000
'CoExistence(g, c)';'CoExistence';'g';'c';0.768;0.787;0.787
'RespondedExistence(g, c)';'RespondedExistence';'g';'c';0.768;0.863;0.863
'NotSuccession(g, c)';'NotSuccession';'g';'c';0.612;0.627;0.627
'CoExistence(g, d)';'CoExistence';'g';'d';0.890;0.890;0.890
'RespondedExistence(g, d)';'RespondedExistence';'g';'d';0.890;1.000;1.000
'Response(g, d)';'Response';'g';'d';0.500;0.562;0.562
'CoExistence(g, e)';'CoExistence';'g';'e';0.748;0.774;0.774
'RespondedExistence(g, e)';'RespondedExistence';'g';'e';0.748;0.840;0.840
'CoExistence(g, f)';'CoExistence';'g';'f';0.872;0.883;0.883
'RespondedExistence(g, f)';'RespondedExistence';'g';'f';0.872;0.980;0.980
'Response(g, f)';'Response';'g';'f';0.688;0.773;0.773
'CoExistence(g, h)';'CoExistence';'g';'h';0.634;0.712;0.712
'RespondedExistence(g, h)';'RespondedExistence';'g';'h';0.634;0.712;0.712
'CoExistence(g, i)';'CoExistence';'g';'i';0.790;0.808;0.808
'RespondedExistence(g, i)';'RespondedExistence';'g';'i';0.790;0.888;0.888
'CoExistence(g, l)';'CoExistence';'g';'l';0.576;0.610;0.610
'RespondedExistence(g, l)';'RespondedExistence';'g';'l';0.576;0.647;0.647
'NotSuccession(g, l)';'NotSuccession';'g';'l';0.478;0.506;0.506
'CoExistence(g, m)';'CoExistence';'g';'m';0.774;0.800;0.800
'RespondedExistence(g, m)';'RespondedExistence';'g';'m';0.774;0.870;0.870
'CoExistence(g, n)';'CoExistence';'g';'n';0.870;0.881;0.881
'RespondedExistence(g, n)';'RespondedExistence';'g';'n';0.870;0.978;0.978
'Response(g, n)';'Response';'g';'n';0.714;0.802;0.802
'CoExistence(g, o)';'CoExistence';'g';'o';0.786;0.810;0.810
'RespondedExistence(g, o)';'RespondedExistence';'g';'o';0.786;0.883;0.883
'CoExistence(g, p)';'CoExistence';'g';'p';0.880;0.887;0.887
'RespondedExistence(g, p)';'RespondedExistence';'g';'p';0.880;0.989;0.989
'Response(g, p)';'Response';'g';'p';0.544;0.611;0.611
'CoExistence(g, q)';'CoExistence';'g';'q';0.790;0.808;0.808
'RespondedExistence(g, q)';'RespondedExistence';'g';'q';0.790;0.888;0.888
'NotSuccession(g, r)';'NotSuccession';'g';'r';0.832;0.924;0.924
'NotCoExistence(g, r)';'NotCoExistence';'g';'r';0.800;0.889;0.889
'CoExistence(g, s)';'CoExistence';'g';'s';0.784;0.803;0.803
'RespondedExistence(g, s)';'RespondedExistence';'g';'s';0.784;0.881;0.881
'CoExistence(g, t)';'CoExistence';'g';'t';0.868;0.873;0.873
'RespondedExistence(g, t)';'RespondedExistence';'g';'t';0.868;0.975;0.975
'CoExistence(g, u)';'CoExistence';'g';'u';0.796;0.814;0.814
'RespondedExistence(g, u)';'RespondedExistence';'g';'u';0.796;0.894;0.894
'CoExistence(g, v)';'CoExistence';'g';'v';0.774;0.787;0.787
'RespondedExistence(g, v)';'RespondedExistence';'g';'v';0.774;0.870;0.870
'CoExistence(g, w)';'CoExistence';'g';'w';0.784;0.790;0.790
'RespondedExistence(g, w)';'RespondedExistence';'g';'w';0.784;0.881;0.881
'CoExistence(g, z)';'CoExistence';'g';'z';0.776;0.792;0.792
'RespondedExistence(g, z)';'RespondedExistence';'g';'z';0.776;0.872;0.872
'Precedence(p, g)';'Precedence';'g';'p';0.562;0.631;0.631
'Participation(h)';'Participation';'h';;0.634;0.634;0.634
'Precedence(a, h)';'Precedence';'h';'a';0.634;1.000;1.000
'AlternatePrecedence(a, h)';'AlternatePrecedence';'h';'a';0.346;0.546;0.546
'Precedence(b, h)';'Precedence';'h';'b';0.408;0.644;0.644
'Precedence(c, h)';'Precedence';'h';'c';0.394;0.621;0.621
'Precedence(d, h)';'Precedence';'h';'d';0.426;0.672;0.672
'Precedence(e, h)';'Precedence';'h';'e';0.406;0.640;0.640
'Precedence(f, h)';'Precedence';'h';'f';0.392;0.618;0.618
'Precedence(g, h)';'Precedence';'h';'g';0.634;1.000;1.000
'AlternatePrecedence(g, h)';'AlternatePrecedence';'h';'g';0.360;0.568;0.568
'CoExistence(h, a)';'CoExistence';'h';'a';0.634;0.634;0.634
'RespondedExistence(h, a)';'RespondedExistence';'h';'a';0.634;1.000;1.000
'NotSuccession(h, a)';'NotSuccession';'h';'a';0.614;0.614;0.614
'CoExistence(h, b)';'CoExistence';'h';'b';0.634;0.634;0.634
'RespondedExistence(h, b)';'RespondedExistence';'h';'b';0.634;1.000;1.000
'Response(h, b)';'Response';'h';'b';0.634;1.000;1.000
'AlternateResponse(h, b)';'AlternateResponse';'h';'b';0.350;0.552;0.552
'CoExistence(h, c)';'CoExistence';'h';'c';0.550;0.586;0.586
'RespondedExistence(h, c)';'RespondedExistence';'h';'c';0.550;0.868;0.868
'NotSuccession(h, c)';'NotSuccession';'h';'c';0.782;0.834;0.834
'CoExistence(h, d)';'CoExistence';'h';'d';0.634;0.634;0.634
'RespondedExistence(h, d)';'RespondedExistence';'h';'d';0.634;1.000;1.000
'Response(h, d)';'Response';'h';'d';0.326;0.514;0.514
'NotSuccession(h, d)';'NotSuccession';'h';'d';0.538;0.538;0.538
'CoExistence(h, e)';'CoExistence';'h';'e';0.542;0.592;0.592
'RespondedExistence(h, e)';'RespondedExistence';'h';'e';0.542;0.855;0.855
'NotSuccession(h, e)';'NotSuccession';'h';'e';0.560;0.611;0.611
'CoExistence(h, f)';'CoExistence';'h';'f';0.628;0.643;0.643
'RespondedExistence(h, f)';'RespondedExistence';'h';'f';0.628;0.991;0.991
'Response(h, f)';'Response';'h';'f';0.472;0.744;0.744
'CoExistence(h, g)';'CoExistence';'h';'g';0.634;0.712;0.712
'RespondedExistence(h, g)';'RespondedExistence';'h';'g';0.634;1.000;1.000
'NotSuccession(h, g)';'NotSuccession';'h';'g';0.518;0.582;0.582
'CoExistence(h, i)';'CoExistence';'h';'i';0.566;0.598;0.598
'RespondedExistence(h, i)';'RespondedExistence';'h';'i';0.566;0.893;0.893
'NotSuccession(h, i)';'NotSuccession';'h';'i';0.570;0.603;0.603
'RespondedExistence(h, l)';'RespondedExistence';'h';'l';0.400;0.631;0.631
'NotSuccession(h, l)';'NotSuccession';'h';'l';0.594;0.688;0.688
'NotCoExistence(h, l)';'NotCoExistence';'h';'l';0.464;0.537;0.537
'CoExistence(h, m)';'CoExistence';'h';'m';0.558;0.601;0.601
'RespondedExistence(h, m)';'RespondedExistence';'h';'m';0.558;0.880;0.880
'NotSuccession(h, m)';'NotSuccession';'h';'m';0.630;0.679;0.679
'CoExistence(h, n)';'CoExistence';'h';'n';0.628;0.645;0.645
'RespondedExistence(h, n)';'RespondedExistence';'h';'n';0.628;0.991;0.991
'Response(h, n)';'Response';'h';'n';0.488;0.770;0.770
'CoExistence(h, o)';'CoExistence';'h';'o';0.566;0.606;0.606
'RespondedExistence(h, o)';'RespondedExistence';'h';'o';0.566;0.893;0.893
'NotSuccession(h, o)';'NotSuccession';'h';'o';0.544;0.582;0.582
'CoExistence(h, p)';'CoExistence';'h';'p';0.626;0.632;0.632
'RespondedExistence(h, p)';'RespondedExistence';'h';'p';0.626;0.987;0.987
'Response(h, p)';'Response';'h';'p';0.354;0.558;0.558
'CoExistence(h, q)';'CoExistence';'h';'q';0.568;0.602;0.602
'RespondedExistence(h, q)';'RespondedExistence';'h';'q';0.568;0.896;0.896
'NotSuccession(h, q)';'NotSuccession';'h';'q';0.566;0.600;0.600
'NotSuccession(h, r)';'NotSuccession';'h';'r';0.642;0.953;0.953
'NotCoExistence(h, r)';'NotCoExistence';'h';'r';0.604;0.896;0.896
'CoExistence(h, s)';'CoExistence';'h';'s';0.564;0.600;0.600
'RespondedExistence(h, s)';'RespondedExistence';'h';'s';0.564;0.890;0.890
'NotSuccession(h, s)';'NotSuccession';'h';'s';0.556;0.591;0.591
'CoExistence(h, t)';'CoExistence';'h';'t';0.616;0.622;0.622
'RespondedExistence(h, t)';'RespondedExistence';'h';'t';0.616;0.972;0.972
'NotSuccession(h, t)';'NotSuccession';'h';'t';0.588;0.594;0.594
'CoExistence(h, u)';'CoExistence';'h';'u';0.572;0.605;0.605
'RespondedExistence(h, u)';'RespondedExistence';'h';'u';0.572;0.902;0.902
'NotSuccession(h, u)';'NotSuccession';'h';'u';0.570;0.603;0.603
'CoExistence(h, v)';'CoExistence';'h';'v';0.550;0.578;0.578
'RespondedExistence(h, v)';'RespondedExistence';'h';'v';0.550;0.868;0.868
'NotSuccession(h, v)';'NotSuccession';'h';'v';0.584;0.613;0.613
'CoExistence(h, w)';'CoExistence';'h';'w';0.558;0.580;0.580
'RespondedExistence(h, w)';'RespondedExistence';'h';'w';0.558;0.880;0.880
'NotSuccession(h, w)';'NotSuccession';'h';'w';0.598;0.622;0.622
'CoExistence(h, z)';'CoExistence';'h';'z';0.546;0.572;0.572
'RespondedExistence(h, z)';'RespondedExistence';'h';'z';0.546;0.861;0.861
'NotSuccession(h, z)';'NotSuccession';'h';'z';0.598;0.627;0.627
'Precedence(i, h)';'Precedence';'h';'i';0.406;0.640;0.640
'Precedence(m, h)';'Precedence';'h';'m';0.418;0.659;0.659
'Precedence(n, h)';'Precedence';'h';'n';0.420;0.662;0.662
'Precedence(o, h)';'Precedence';'h';'o';0.428;0.675;0.675
'Precedence(p, h)';'Precedence';'h';'p';0.542;0.855;0.855
'AlternatePrecedence(p, h)';'AlternatePrecedence';'h';'p';0.340;0.536;0.536
'Precedence(q, h)';'Precedence';'h';'q';0.422;0.666;0.666
'Precedence(s, h)';'Precedence';'h';'s';0.382;0.603;0.603
'Precedence(t, h)';'Precedence';'h';'t';0.416;0.656;0.656
'Precedence(u, h)';'Precedence';'h';'u';0.414;0.653;0.653
'Precedence(v, h)';'Precedence';'h';'v';0.400;0.631;0.631
'Precedence(w, h)';'Precedence';'h';'w';0.396;0.625;0.625
'Precedence(z, h)';'Precedence';'h';'z';0.410;0.647;0.647
'Participation(i)';'Participation';'i';;0.878;0.878;0.878
'Precedence(a, i)';'Precedence';'i';'a';0.878;1.000;1.000
'CoExistence(i, a)';'CoExistence';'i';'a';0.878;0.878;0.878
'RespondedExistence(i, a)';'RespondedExistence';'i';'a';0.878;1.000;1.000
'CoExistence(i, b)';'CoExistence';'i';'b';0.878;0.878;0.878
'RespondedExistence(i, b)';'RespondedExistence';'i';'b';0.878;1.000;1.000
'Response(i, b)';'Response';'i';'b';0.878;1.000;1.000
'CoExistence(i, c)';'CoExistence';'i';'c';0.770;0.800;0.800
'RespondedExistence(i, c)';'RespondedExistence';'i';'c';0.770;0.877;0.877
'NotSuccession(i, c)';'NotSuccession';'i';'c';0.570;0.593;0.593
'CoExistence(i, d)';'CoExistence';'i';'d';0.878;0.878;0.878
'RespondedExistence(i, d)';'RespondedExistence';'i';'d';0.878;1.000;1.000
'Response(i, d)';'Response';'i';'d';0.476;0.542;0.542
'CoExistence(i, e)';'CoExistence';'i';'e';0.744;0.777;0.777
'RespondedExistence(i, e)';'RespondedExistence';'i';'e';0.744;0.847;0.847
'CoExistence(i, f)';'CoExistence';'i';'f';0.858;0.867;0.867
'RespondedExistence(i, f)';'RespondedExistence';'i';'f';0.858;0.977;0.977
'Response(i, f)';'Response';'i';'f';0.668;0.761;0.761
'CoExistence(i, g)';'CoExistence';'i';'g';0.790;0.808;0.808
'RespondedExistence(i, g)';'RespondedExistence';'i';'g';0.790;0.900;0.900
'CoExistence(i, h)';'CoExistence';'i';'h';0.566;0.598;0.598
'RespondedExistence(i, h)';'RespondedExistence';'i';'h';0.566;0.645;0.645
'CoExistence(i, l)';'CoExistence';'i';'l';0.630;0.718;0.718
'RespondedExistence(i, l)';'RespondedExistence';'i';'l';0.630;0.718;0.718
'CoExistence(i, m)';'CoExistence';'i';'m';0.768;0.798;0.798
'RespondedExistence(i, m)';'RespondedExistence';'i';'m';0.768;0.875;0.875
'CoExistence(i, n)';'CoExistence';'i';'n';0.860;0.872;0.872
'RespondedExistence(i, n)';'RespondedExistence';'i';'n';0.860;0.979;0.979
'Response(i, n)';'Response';'i';'n';0.706;0.804;0.804
'CoExistence(i, o)';'CoExistence';'i';'o';0.772;0.794;0.794
'RespondedExistence(i, o)';'RespondedExistence';'i';'o';0.772;0.879;0.879
'CoExistence(i, p)';'CoExistence';'i';'p';0.866;0.871;0.871
'RespondedExistence(i, p)';'RespondedExistence';'i';'p';0.866;0.986;0.986
'Response(i, p)';'Response';'i';'p';0.552;0.629;0.629
'CoExistence(i, q)';'CoExistence';'i';'q';0.778;0.796;0.796
'RespondedExistence(i, q)';'RespondedExistence';'i';'q';0.778;0.886;0.886
'NotSuccession(i, r)';'NotSuccession';'i';'r';0.838;0.937;0.937
'NotCoExistence(i, r)';'NotCoExistence';'i';'r';0.800;0.895;0.895
'CoExistence(i, s)';'CoExistence';'i';'s';0.778;0.802;0.802
'RespondedExistence(i, s)';'RespondedExistence';'i';'s';0.778;0.886;0.886
'CoExistence(i, t)';'CoExistence';'i';'t';0.862;0.872;0.872
'RespondedExistence(i, t)';'RespondedExistence';'i';'t';0.862;0.982;0.982
'Response(i, t)';'Response';'i';'t';0.476;0.542;0.542
'CoExistence(i, u)';'CoExistence';'i';'u';0.780;0.794;0.794
'RespondedExistence(i, u)';'RespondedExistence';'i';'u';0.780;0.888;0.888
'CoExistence(i, v)';'CoExistence';'i';'v';0.772;0.793;0.793
'RespondedExistence(i, v)';'RespondedExistence';'i';'v';0.772;0.879;0.879
'CoExistence(i, w)';'CoExistence';'i';'w';0.788;0.807;0.807
'RespondedExistence(i, w)';'RespondedExistence';'i';'w';0.788;0.897;0.897
'CoExistence(i, z)';'CoExistence';'i';'z';0.768;0.787;0.787
'RespondedExistence(i, z)';'RespondedExistence';'i';'z';0.768;0.875;0.875
'Precedence(p, i)';'Precedence';'i';'p';0.548;0.624;0.624
'AtMostOne(l)';'AtMostOne';'l';;0.434;0.689;0.689
'Participation(l)';'Participation';'l';;0.630;0.630;0.630
'Precedence(a, l)';'Precedence';'l';'a';0.630;1.000;1.000
'AlternatePrecedence(a, l)';'AlternatePrecedence';'l';'a';0.532;0.844;0.844
'Precedence(b, l)';'Precedence';'l';'b';0.386;0.613;0.613
'AlternatePrecedence(b, l)';'AlternatePrecedence';'l';'b';0.326;0.517;0.517
'Precedence(c, l)';'Precedence';'l';'c';0.402;0.638;0.638
'Precedence(d, l)';'Precedence';'l';'d';0.410;0.651;0.651
'AlternatePrecedence(d, l)';'AlternatePrecedence';'l';'d';0.348;0.552;0.552
'Precedence(e, l)';'Precedence';'l';'e';0.388;0.616;0.616
'AlternatePrecedence(e, l)';'AlternatePrecedence';'l';'e';0.348;0.552;0.552
'Precedence(f, l)';'Precedence';'l';'f';0.394;0.625;0.625
'AlternatePrecedence(f, l)';'AlternatePrecedence';'l';'f';0.336;0.533;0.533
'Precedence(g, l)';'Precedence';'l';'g';0.394;0.625;0.625
'AlternatePrecedence(g, l)';'AlternatePrecedence';'l';'g';0.356;0.565;0.565
'Precedence(i, l)';'Precedence';'l';'i';0.630;1.000;1.000
'AlternatePrecedence(i, l)';'AlternatePrecedence';'l';'i';0.630;1.000;1.000
'CoExistence(l, a)';'CoExistence';'l';'a';0.630;0.630;0.630
'RespondedExistence(l, a)';'RespondedExistence';'l';'a';0.630;1.000;1.000
'NotSuccession(l, a)';'NotSuccession';'l';'a';0.622;0.622;0.622
'CoExistence(l, b)';'CoExistence';'l';'b';0.630;0.630;0.630
'RespondedExistence(l, b)';'RespondedExistence';'l';'b';0.630;1.000;1.000
'Response(l, b)';'Response';'l';'b';0.630;1.000;1.000
'AlternateResponse(l, b)';'AlternateResponse';'l';'b';0.522;0.829;0.829
'CoExistence(l, c)';'CoExistence';'l';'c';0.560;0.606;0.606
'RespondedExistence(l, c)';'RespondedExistence';'l';'c';0.560;0.889;0.889
'NotSuccession(l, c)';'NotSuccession';'l';'c';0.766;0.829;0.829
'CoExistence(l, d)';'CoExistence';'l';'d';0.630;0.630;0.630
'RespondedExistence(l, d)';'RespondedExistence';'l';'d';0.630;1.000;1.000
'Response(l, d)';'Response';'l';'d';0.364;0.578;0.578
'NotSuccession(l, d)';'NotSuccession';'l';'d';0.588;0.588;0.588
'CoExistence(l, e)';'CoExistence';'l';'e';0.546;0.601;0.601
'RespondedExistence(l, e)';'RespondedExistence';'l';'e';0.546;0.867;0.867
'NotSuccession(l, e)';'NotSuccession';'l';'e';0.546;0.601;0.601
'CoExistence(l, f)';'CoExistence';'l';'f';0.626;0.643;0.643
'RespondedExistence(l, f)';'RespondedExistence';'l';'f';0.626;0.994;0.994
'Response(l, f)';'Response';'l';'f';0.492;0.781;0.781
'AlternateResponse(l, f)';'AlternateResponse';'l';'f';0.398;0.632;0.632
'CoExistence(l, g)';'CoExistence';'l';'g';0.576;0.610;0.610
'RespondedExistence(l, g)';'RespondedExistence';'l';'g';0.576;0.914;0.914
'NotSuccession(l, g)';'NotSuccession';'l';'g';0.566;0.600;0.600
'RespondedExistence(l, h)';'RespondedExistence';'l';'h';0.400;0.635;0.635
'NotSuccession(l, h)';'NotSuccession';'l';'h';0.580;0.671;0.671
'NotCoExistence(l, h)';'NotCoExistence';'l';'h';0.464;0.537;0.537
'CoExistence(l, i)';'CoExistence';'l';'i';0.630;0.718;0.718
'RespondedExistence(l, i)';'RespondedExistence';'l';'i';0.630;1.000;1.000
'NotSuccession(l, i)';'NotSuccession';'l';'i';0.490;0.558;0.558
'CoExistence(l, m)';'CoExistence';'l';'m';0.554;0.597;0.597
'RespondedExistence(l, m)';'RespondedExistence';'l';'m';0.554;0.879;0.879
'NotSuccession(l, m)';'NotSuccession';'l';'m';0.638;0.688;0.688
'CoExistence(l, n)';'CoExistence';'l';'n';0.622;0.637;0.637
'RespondedExistence(l, n)';'RespondedExistence';'l';'n';0.622;0.987;0.987
'Response(l, n)';'Response';'l';'n';0.526;0.835;0.835
'AlternateResponse(l, n)';'AlternateResponse';'l';'n';0.440;0.698;0.698
'CoExistence(l, o)';'CoExistence';'l';'o';0.556;0.591;0.591
'RespondedExistence(l, o)';'RespondedExistence';'l';'o';0.556;0.883;0.883
'NotSuccession(l, o)';'NotSuccession';'l';'o';0.568;0.604;0.604
'CoExistence(l, p)';'CoExistence';'l';'p';0.628;0.638;0.638
'RespondedExistence(l, p)';'RespondedExistence';'l';'p';0.628;0.997;0.997
'Response(l, p)';'Response';'l';'p';0.426;0.676;0.676
'AlternateResponse(l, p)';'AlternateResponse';'l';'p';0.380;0.603;0.603
'CoExistence(l, q)';'CoExistence';'l';'q';0.568;0.604;0.604
'RespondedExistence(l, q)';'RespondedExistence';'l';'q';0.568;0.902;0.902
'NotSuccession(l, q)';'NotSuccession';'l';'q';0.556;0.591;0.591
'NotSuccession(l, r)';'NotSuccession';'l';'r';0.640;0.950;0.950
'NotCoExistence(l, r)';'NotCoExistence';'l';'r';0.608;0.902;0.902
'CoExistence(l, s)';'CoExistence';'l';'s';0.562;0.599;0.599
'RespondedExistence(l, s)';'RespondedExistence';'l';'s';0.562;0.892;0.892
'NotSuccession(l, s)';'NotSuccession';'l';'s';0.588;0.627;0.627
'CoExistence(l, t)';'CoExistence';'l';'t';0.616;0.625;0.625
'RespondedExistence(l, t)';'RespondedExistence';'l';'t';0.616;0.978;0.978
'Response(l, t)';'Response';'l';'t';0.354;0.562;0.562
'NotSuccession(l, t)';'NotSuccession';'l';'t';0.568;0.576;0.576
'CoExistence(l, u)';'CoExistence';'l';'u';0.572;0.607;0.607
'RespondedExistence(l, u)';'RespondedExistence';'l';'u';0.572;0.908;0.908
'NotSuccession(l, u)';'NotSuccession';'l';'u';0.566;0.601;0.601
'CoExistence(l, v)';'CoExistence';'l';'v';0.558;0.594;0.594
'RespondedExistence(l, v)';'RespondedExistence';'l';'v';0.558;0.886;0.886
'NotSuccession(l, v)';'NotSuccession';'l';'v';0.568;0.604;0.604
'CoExistence(l, w)';'CoExistence';'l';'w';0.566;0.596;0.596
'RespondedExistence(l, w)';'RespondedExistence';'l';'w';0.566;0.898;0.898
'NotSuccession(l, w)';'NotSuccession';'l';'w';0.576;0.606;0.606
'CoExistence(l, z)';'CoExistence';'l';'z';0.556;0.591;0.591
'RespondedExistence(l, z)';'RespondedExistence';'l';'z';0.556;0.883;0.883
'NotSuccession(l, z)';'NotSuccession';'l';'z';0.570;0.606;0.606
'Precedence(m, l)';'Precedence';'l';'m';0.410;0.651;0.651
'AlternatePrecedence(m, l)';'AlternatePrecedence';'l';'m';0.328;0.521;0.521
'Precedence(n, l)';'Precedence';'l';'n';0.422;0.670;0.670
'AlternatePrecedence(n, l)';'AlternatePrecedence';'l';'n';0.372;0.590;0.590
'Precedence(o, l)';'Precedence';'l';'o';0.430;0.683;0.683
'AlternatePrecedence(o, l)';'AlternatePrecedence';'l';'o';0.394;0.625;0.625
'Precedence(p, l)';'Precedence';'l';'p';0.526;0.835;0.835
'AlternatePrecedence(p, l)';'AlternatePrecedence';'l';'p';0.484;0.768;0.768
'Precedence(q, l)';'Precedence';'l';'q';0.402;0.638;0.638
'AlternatePrecedence(q, l)';'AlternatePrecedence';'l';'q';0.362;0.575;0.575
'Precedence(s, l)';'Precedence';'l';'s';0.400;0.635;0.635
'AlternatePrecedence(s, l)';'AlternatePrecedence';'l';'s';0.342;0.543;0.543
'Precedence(t, l)';'Precedence';'l';'t';0.382;0.606;0.606
'AlternatePrecedence(t, l)';'AlternatePrecedence';'l';'t';0.318;0.505;0.505
'Precedence(u, l)';'Precedence';'l';'u';0.416;0.660;0.660
'AlternatePrecedence(u, l)';'AlternatePrecedence';'l';'u';0.366;0.581;0.581
'Precedence(v, l)';'Precedence';'l';'v';0.400;0.635;0.635
'AlternatePrecedence(v, l)';'AlternatePrecedence';'l';'v';0.344;0.546;0.546
'Precedence(w, l)';'Precedence';'l';'w';0.396;0.629;0.629
'AlternatePrecedence(w, l)';'AlternatePrecedence';'l';'w';0.334;0.530;0.530
'Precedence(z, l)';'Precedence';'l';'z';0.426;0.676;0.676
'AlternatePrecedence(z, l)';'AlternatePrecedence';'l';'z';0.370;0.587;0.587
'AtMostOne(m)';'AtMostOne';'m';;0.450;0.528;0.528
'Participation(m)';'Participation';'m';;0.852;0.852;0.852
'Precedence(a, m)';'Precedence';'m';'a';0.852;1.000;1.000
'AlternatePrecedence(a, m)';'AlternatePrecedence';'m';'a';0.660;0.775;0.775
'CoExistence(m, a)';'CoExistence';'m';'a';0.852;0.852;0.852
'RespondedExistence(m, a)';'RespondedExistence';'m';'a';0.852;1.000;1.000
'Response(m, a)';'Response';'m';'a';0.502;0.589;0.589
'CoExistence(m, b)';'CoExistence';'m';'b';0.852;0.852;0.852
'RespondedExistence(m, b)';'RespondedExistence';'m';'b';0.852;1.000;1.000
'Response(m, b)';'Response';'m';'b';0.852;1.000;1.000
'AlternateResponse(m, b)';'AlternateResponse';'m';'b';0.644;0.756;0.756
'CoExistence(m, c)';'CoExistence';'m';'c';0.738;0.762;0.762
'RespondedExistence(m, c)';'RespondedExistence';'m';'c';0.738;0.866;0.866
'NotSuccession(m, c)';'NotSuccession';'m';'c';0.586;0.605;0.605
'CoExistence(m, d)';'CoExistence';'m';'d';0.852;0.852;0.852
'RespondedExistence(m, d)';'RespondedExistence';'m';'d';0.852;1.000;1.000
'Response(m, d)';'Response';'m';'d';0.582;0.683;0.683
'AlternateResponse(m, d)';'AlternateResponse';'m';'d';0.452;0.531;0.531
'CoExistence(m, e)';'CoExistence';'m';'e';0.728;0.768;0.768
'RespondedExistence(m, e)';'RespondedExistence';'m';'e';0.728;0.854;0.854
'Response(m, e)';'Response';'m';'e';0.460;0.540;0.540
'CoExistence(m, f)';'CoExistence';'m';'f';0.840;0.855;0.855
'RespondedExistence(m, f)';'RespondedExistence';'m';'f';0.840;0.986;0.986
'Response(m, f)';'Response';'m';'f';0.742;0.871;0.871
'AlternateResponse(m, f)';'AlternateResponse';'m';'f';0.562;0.660;0.660
'CoExistence(m, g)';'CoExistence';'m';'g';0.774;0.800;0.800
'RespondedExistence(m, g)';'RespondedExistence';'m';'g';0.774;0.908;0.908
'Response(m, g)';'Response';'m';'g';0.484;0.568;0.568
'CoExistence(m, h)';'CoExistence';'m';'h';0.558;0.601;0.601
'RespondedExistence(m, h)';'RespondedExistence';'m';'h';0.558;0.655;0.655
'CoExistence(m, i)';'CoExistence';'m';'i';0.768;0.798;0.798
'RespondedExistence(m, i)';'RespondedExistence';'m';'i';0.768;0.901;0.901
'Response(m, i)';'Response';'m';'i';0.496;0.582;0.582
'CoExistence(m, l)';'CoExistence';'m';'l';0.554;0.597;0.597
'RespondedExistence(m, l)';'RespondedExistence';'m';'l';0.554;0.650;0.650
'NotSuccession(m, l)';'NotSuccession';'m';'l';0.472;0.509;0.509
'CoExistence(m, n)';'CoExistence';'m';'n';0.852;0.880;0.880
'RespondedExistence(m, n)';'RespondedExistence';'m';'n';0.852;1.000;1.000
'Response(m, n)';'Response';'m';'n';0.852;1.000;1.000
'AlternateResponse(m, n)';'AlternateResponse';'m';'n';0.852;1.000;1.000
'CoExistence(m, o)';'CoExistence';'m';'o';0.750;0.775;0.775
'RespondedExistence(m, o)';'RespondedExistence';'m';'o';0.750;0.880;0.880
'Response(m, o)';'Response';'m';'o';0.478;0.561;0.561
'CoExistence(m, p)';'CoExistence';'m';'p';0.840;0.845;0.845
'RespondedExistence(m, p)';'RespondedExistence';'m';'p';0.840;0.986;0.986
'Response(m, p)';'Response';'m';'p';0.626;0.735;0.735
'AlternateResponse(m, p)';'AlternateResponse';'m';'p';0.550;0.646;0.646
'CoExistence(m, q)';'CoExistence';'m';'q';0.758;0.780;0.780
'RespondedExistence(m, q)';'RespondedExistence';'m';'q';0.758;0.890;0.890
'Response(m, q)';'Response';'m';'q';0.494;0.580;0.580
'NotSuccession(m, r)';'NotSuccession';'m';'r';0.798;0.924;0.924
'NotCoExistence(m, r)';'NotCoExistence';'m';'r';0.766;0.887;0.887
'CoExistence(m, s)';'CoExistence';'m';'s';0.758;0.786;0.786
'RespondedExistence(m, s)';'RespondedExistence';'m';'s';0.758;0.890;0.890
'Response(m, s)';'Response';'m';'s';0.472;0.554;0.554
'CoExistence(m, t)';'CoExistence';'m';'t';0.832;0.839;0.839
'RespondedExistence(m, t)';'RespondedExistence';'m';'t';0.832;0.977;0.977
'Response(m, t)';'Response';'m';'t';0.552;0.648;0.648
'CoExistence(m, u)';'CoExistence';'m';'u';0.770;0.797;0.797
'RespondedExistence(m, u)';'RespondedExistence';'m';'u';0.770;0.904;0.904
'Response(m, u)';'Response';'m';'u';0.502;0.589;0.589
'CoExistence(m, v)';'CoExistence';'m';'v';0.746;0.766;0.766
'RespondedExistence(m, v)';'RespondedExistence';'m';'v';0.746;0.876;0.876
'Response(m, v)';'Response';'m';'v';0.508;0.596;0.596
'CoExistence(m, w)';'CoExistence';'m';'w';0.768;0.792;0.792
'RespondedExistence(m, w)';'RespondedExistence';'m';'w';0.768;0.901;0.901
'Response(m, w)';'Response';'m';'w';0.482;0.566;0.566
'CoExistence(m, z)';'CoExistence';'m';'z';0.752;0.778;0.778
'RespondedExistence(m, z)';'RespondedExistence';'m';'z';0.752;0.883;0.883
'Response(m, z)';'Response';'m';'z';0.484;0.568;0.568
'Precedence(p, m)';'Precedence';'m';'p';0.552;0.648;0.648
'AlternatePrecedence(p, m)';'AlternatePrecedence';'m';'p';0.496;0.582;0.582
'Participation(n)';'Participation';'n';;0.968;0.968;0.968
'Precedence(a, n)';'Precedence';'n';'a';0.968;1.000;1.000
'CoExistence(n, a)';'CoExistence';'n';'a';0.968;0.968;0.968
'RespondedExistence(n, a)';'RespondedExistence';'n';'a';0.968;1.000;1.000
'CoExistence(n, b)';'CoExistence';'n';'b';0.968;0.968;0.968
'Succession(n, b)';'Succession';'n';'b';0.516;0.516;0.516
'RespondedExistence(n, b)';'RespondedExistence';'n';'b';0.968;1.000;1.000
'Response(n, b)';'Response';'n';'b';0.968;1.000;1.000
'CoExistence(n, c)';'CoExistence';'n';'c';0.840;0.855;0.855
'RespondedExistence(n, c)';'RespondedExistence';'n';'c';0.840;0.868;0.868
'NotSuccession(n, c)';'NotSuccession';'n';'c';0.582;0.593;0.593
'CoExistence(n, d)';'CoExistence';'n';'d';0.968;0.968;0.968
'RespondedExistence(n, d)';'RespondedExistence';'n';'d';0.968;1.000;1.000
'CoExistence(n, e)';'CoExistence';'n';'e';0.810;0.825;0.825
'RespondedExistence(n, e)';'RespondedExistence';'n';'e';0.810;0.837;0.837
'CoExistence(n, f)';'CoExistence';'n';'f';0.946;0.954;0.954
'RespondedExistence(n, f)';'RespondedExistence';'n';'f';0.946;0.977;0.977
'CoExistence(n, g)';'CoExistence';'n';'g';0.870;0.881;0.881
'RespondedExistence(n, g)';'RespondedExistence';'n';'g';0.870;0.899;0.899
'CoExistence(n, h)';'CoExistence';'n';'h';0.628;0.645;0.645
'RespondedExistence(n, h)';'RespondedExistence';'n';'h';0.628;0.649;0.649
'CoExistence(n, i)';'CoExistence';'n';'i';0.860;0.872;0.872
'RespondedExistence(n, i)';'RespondedExistence';'n';'i';0.860;0.888;0.888
'CoExistence(n, l)';'CoExistence';'n';'l';0.622;0.637;0.637
'RespondedExistence(n, l)';'RespondedExistence';'n';'l';0.622;0.643;0.643
'NotSuccession(n, l)';'NotSuccession';'n';'l';0.506;0.518;0.518
'CoExistence(n, m)';'CoExistence';'n';'m';0.852;0.880;0.880
'RespondedExistence(n, m)';'RespondedExistence';'n';'m';0.852;0.880;0.880
'CoExistence(n, o)';'CoExistence';'n';'o';0.854;0.871;0.871
'RespondedExistence(n, o)';'RespondedExistence';'n';'o';0.854;0.882;0.882
'CoExistence(n, p)';'CoExistence';'n';'p';0.956;0.962;0.962
'RespondedExistence(n, p)';'RespondedExistence';'n';'p';0.956;0.988;0.988
'CoExistence(n, q)';'CoExistence';'n';'q';0.858;0.868;0.868
'RespondedExistence(n, q)';'RespondedExistence';'n';'q';0.858;0.886;0.886
'NotSuccession(n, r)';'NotSuccession';'n';'r';0.898;0.926;0.926
'NotCoExistence(n, r)';'NotCoExistence';'n';'r';0.862;0.889;0.889
'CoExistence(n, s)';'CoExistence';'n';'s';0.852;0.864;0.864
'RespondedExistence(n, s)';'RespondedExistence';'n';'s';0.852;0.880;0.880
'CoExistence(n, t)';'CoExistence';'n';'t';0.944;0.948;0.948
'RespondedExistence(n, t)';'RespondedExistence';'n';'t';0.944;0.975;0.975
'CoExistence(n, u)';'CoExistence';'n';'u';0.864;0.874;0.874
'RespondedExistence(n, u)';'RespondedExistence';'n';'u';0.864;0.893;0.893
'CoExistence(n, v)';'CoExistence';'n';'v';0.846;0.855;0.855
'RespondedExistence(n, v)';'RespondedExistence';'n';'v';0.846;0.874;0.874
'CoExistence(n, w)';'CoExistence';'n';'w';0.862;0.869;0.869
'RespondedExistence(n, w)';'RespondedExistence';'n';'w';0.862;0.890;0.890
'CoExistence(n, z)';'CoExistence';'n';'z';0.844;0.853;0.853
'RespondedExistence(n, z)';'RespondedExistence';'n';'z';0.844;0.872;0.872
'Precedence(p, n)';'Precedence';'n';'p';0.598;0.618;0.618
'Participation(o)';'Participation';'o';;0.866;0.866;0.866
'Precedence(a, o)';'Precedence';'o';'a';0.866;1.000;1.000
'Precedence(n, o)';'Precedence';'o';'n';0.436;0.503;0.503
'CoExistence(o, a)';'CoExistence';'o';'a';0.866;0.866;0.866
'RespondedExistence(o, a)';'RespondedExistence';'o';'a';0.866;1.000;1.000
'CoExistence(o, b)';'CoExistence';'o';'b';0.866;0.866;0.866
'RespondedExistence(o, b)';'RespondedExistence';'o';'b';0.866;1.000;1.000
'Response(o, b)';'Response';'o';'b';0.866;1.000;1.000
'CoExistence(o, c)';'CoExistence';'o';'c';0.756;0.784;0.784
'RespondedExistence(o, c)';'RespondedExistence';'o';'c';0.756;0.873;0.873
'NotSuccession(o, c)';'NotSuccession';'o';'c';0.568;0.589;0.589
'CoExistence(o, d)';'CoExistence';'o';'d';0.866;0.866;0.866
'RespondedExistence(o, d)';'RespondedExistence';'o';'d';0.866;1.000;1.000
'Response(o, d)';'Response';'o';'d';0.500;0.577;0.577
'CoExistence(o, e)';'CoExistence';'o';'e';0.734;0.768;0.768
'RespondedExistence(o, e)';'RespondedExistence';'o';'e';0.734;0.848;0.848
'CoExistence(o, f)';'CoExistence';'o';'f';0.848;0.858;0.858
'RespondedExistence(o, f)';'RespondedExistence';'o';'f';0.848;0.979;0.979
'Response(o, f)';'Response';'o';'f';0.676;0.781;0.781
'CoExistence(o, g)';'CoExistence';'o';'g';0.786;0.810;0.810
'RespondedExistence(o, g)';'RespondedExistence';'o';'g';0.786;0.908;0.908
'CoExistence(o, h)';'CoExistence';'o';'h';0.566;0.606;0.606
'RespondedExistence(o, h)';'RespondedExistence';'o';'h';0.566;0.654;0.654
'CoExistence(o, i)';'CoExistence';'o';'i';0.772;0.794;0.794
'RespondedExistence(o, i)';'RespondedExistence';'o';'i';0.772;0.891;0.891
'CoExistence(o, l)';'CoExistence';'o';'l';0.556;0.591;0.591
'RespondedExistence(o, l)';'RespondedExistence';'o';'l';0.556;0.642;0.642
'CoExistence(o, m)';'CoExistence';'o';'m';0.750;0.775;0.775
'RespondedExistence(o, m)';'RespondedExistence';'o';'m';0.750;0.866;0.866
'CoExistence(o, n)';'CoExistence';'o';'n';0.854;0.871;0.871
'RespondedExistence(o, n)';'RespondedExistence';'o';'n';0.854;0.986;0.986
'Response(o, n)';'Response';'o';'n';0.692;0.799;0.799
'CoExistence(o, p)';'CoExistence';'o';'p';0.866;0.882;0.882
'RespondedExistence(o, p)';'RespondedExistence';'o';'p';0.866;1.000;1.000
'Response(o, p)';'Response';'o';'p';0.866;1.000;1.000
'AlternateResponse(o, p)';'AlternateResponse';'o';'p';0.866;1.000;1.000
'ChainResponse(o, p)';'ChainResponse';'o';'p';0.866;1.000;1.000
'CoExistence(o, q)';'CoExistence';'o';'q';0.772;0.794;0.794
'RespondedExistence(o, q)';'RespondedExistence';'o';'q';0.772;0.891;0.891
'NotSuccession(o, r)';'NotSuccession';'o';'r';0.804;0.918;0.918
'NotCoExistence(o, r)';'NotCoExistence';'o';'r';0.776;0.886;0.886
'CoExistence(o, s)';'CoExistence';'o';'s';0.772;0.801;0.801
'RespondedExistence(o, s)';'RespondedExistence';'o';'s';0.772;0.891;0.891
'CoExistence(o, t)';'CoExistence';'o';'t';0.852;0.864;0.864
'RespondedExistence(o, t)';'RespondedExistence';'o';'t';0.852;0.984;0.984
'Response(o, t)';'Response';'o';'t';0.472;0.545;0.545
'CoExistence(o, u)';'CoExistence';'o';'u';0.768;0.782;0.782
'RespondedExistence(o, u)';'RespondedExistence';'o';'u';0.768;0.887;0.887
'CoExistence(o, v)';'CoExistence';'o';'v';0.768;0.795;0.795
'RespondedExistence(o, v)';'RespondedExistence';'o';'v';0.768;0.887;0.887
'CoExistence(o, w)';'CoExistence';'o';'w';0.774;0.791;0.791
'RespondedExistence(o, w)';'RespondedExistence';'o';'w';0.774;0.894;0.894
'CoExistence(o, z)';'CoExistence';'o';'z';0.754;0.771;0.771
'RespondedExistence(o, z)';'RespondedExistence';'o';'z';0.754;0.871;0.871
'Participation(p)';'Participation';'p';;0.982;0.982;0.982
'Precedence(a, p)';'Precedence';'p';'a';0.982;1.000;1.000
'CoExistence(p, a)';'CoExistence';'p';'a';0.982;0.982;0.982
'RespondedExistence(p, a)';'RespondedExistence';'p';'a';0.982;1.000;1.000
'CoExistence(p, b)';'CoExistence';'p';'b';0.982;0.982;0.982
'Succession(p, b)';'Succession';'p';'b';0.672;0.672;0.672
'RespondedExistence(p, b)';'RespondedExistence';'p';'b';0.982;1.000;1.000
'Response(p, b)';'Response';'p';'b';0.982;1.000;1.000
'CoExistence(p, c)';'CoExistence';'p';'c';0.848;0.858;0.858
'RespondedExistence(p, c)';'RespondedExistence';'p';'c';0.848;0.864;0.864
'CoExistence(p, d)';'CoExistence';'p';'d';0.982;0.982;0.982
'RespondedExistence(p, d)';'RespondedExistence';'p';'d';0.982;1.000;1.000
'CoExistence(p, e)';'CoExistence';'p';'e';0.816;0.824;0.824
'RespondedExistence(p, e)';'RespondedExistence';'p';'e';0.816;0.831;0.831
'CoExistence(p, f)';'CoExistence';'p';'f';0.956;0.960;0.960
'RespondedExistence(p, f)';'RespondedExistence';'p';'f';0.956;0.974;0.974
'Response(p, f)';'Response';'p';'f';0.670;0.682;0.682
'CoExistence(p, g)';'CoExistence';'p';'g';0.880;0.887;0.887
'RespondedExistence(p, g)';'RespondedExistence';'p';'g';0.880;0.896;0.896
'CoExistence(p, h)';'CoExistence';'p';'h';0.626;0.632;0.632
'RespondedExistence(p, h)';'RespondedExistence';'p';'h';0.626;0.637;0.637
'CoExistence(p, i)';'CoExistence';'p';'i';0.866;0.871;0.871
'RespondedExistence(p, i)';'RespondedExistence';'p';'i';0.866;0.882;0.882
'CoExistence(p, l)';'CoExistence';'p';'l';0.628;0.638;0.638
'RespondedExistence(p, l)';'RespondedExistence';'p';'l';0.628;0.640;0.640
'CoExistence(p, m)';'CoExistence';'p';'m';0.840;0.845;0.845
'RespondedExistence(p, m)';'RespondedExistence';'p';'m';0.840;0.855;0.855
'CoExistence(p, n)';'CoExistence';'p';'n';0.956;0.962;0.962
'RespondedExistence(p, n)';'RespondedExistence';'p';'n';0.956;0.974;0.974
'Response(p, n)';'Response';'p';'n';0.690;0.703;0.703
'CoExistence(p, o)';'CoExistence';'p';'o';0.866;0.882;0.882
'RespondedExistence(p, o)';'RespondedExistence';'p';'o';0.866;0.882;0.882
'CoExistence(p, q)';'CoExistence';'p';'q';0.872;0.883;0.883
'RespondedExistence(p, q)';'RespondedExistence';'p';'q';0.872;0.888;0.888
'NotSuccession(p, r)';'NotSuccession';'p';'r';0.888;0.902;0.902
'NotCoExistence(p, r)';'NotCoExistence';'p';'r';0.876;0.890;0.890
'CoExistence(p, s)';'CoExistence';'p';'s';0.860;0.867;0.867
'RespondedExistence(p, s)';'RespondedExistence';'p';'s';0.860;0.876;0.876
'CoExistence(p, t)';'CoExistence';'p';'t';0.958;0.962;0.962
'RespondedExistence(p, t)';'RespondedExistence';'p';'t';0.958;0.976;0.976
'CoExistence(p, u)';'CoExistence';'p';'u';0.868;0.870;0.870
'RespondedExistence(p, u)';'RespondedExistence';'p';'u';0.868;0.884;0.884
'CoExistence(p, v)';'CoExistence';'p';'v';0.858;0.865;0.865
'RespondedExistence(p, v)';'RespondedExistence';'p';'v';0.858;0.874;0.874
'CoExistence(p, w)';'CoExistence';'p';'w';0.872;0.876;0.876
'RespondedExistence(p, w)';'RespondedExistence';'p';'w';0.872;0.888;0.888
'CoExistence(p, z)';'CoExistence';'p';'z';0.856;0.863;0.863
'RespondedExistence(p, z)';'RespondedExistence';'p';'z';0.856;0.872;0.872
'Participation(q)';'Participation';'q';;0.878;0.878;0.878
'Precedence(a, q)';'Precedence';'q';'a';0.878;1.000;1.000
'Precedence(p, q)';'Precedence';'q';'p';0.556;0.633;0.633
'CoExistence(q, a)';'CoExistence';'q';'a';0.878;0.878;0.878
'RespondedExistence(q, a)';'RespondedExistence';'q';'a';0.878;1.000;1.000
'CoExistence(q, b)';'CoExistence';'q';'b';0.878;0.878;0.878
'Succession(q, b)';'Succession';'q';'b';0.532;0.532;0.532
'RespondedExistence(q, b)';'RespondedExistence';'q';'b';0.878;1.000;1.000
'Response(q, b)';'Response';'q';'b';0.878;1.000;1.000
'CoExistence(q, c)';'CoExistence';'q';'c';0.754;0.771;0.771
'RespondedExistence(q, c)';'RespondedExistence';'q';'c';0.754;0.859;0.859
'NotSuccession(q, c)';'NotSuccession';'q';'c';0.584;0.597;0.597
'CoExistence(q, d)';'CoExistence';'q';'d';0.878;0.878;0.878
'RespondedExistence(q, d)';'RespondedExistence';'q';'d';0.878;1.000;1.000
'Response(q, d)';'Response';'q';'d';0.498;0.567;0.567
'CoExistence(q, e)';'CoExistence';'q';'e';0.748;0.784;0.784
'RespondedExistence(q, e)';'RespondedExistence';'q';'e';0.748;0.852;0.852
'CoExistence(q, f)';'CoExistence';'q';'f';0.858;0.867;0.867
'RespondedExistence(q, f)';'RespondedExistence';'q';'f';0.858;0.977;0.977
'Response(q, f)';'Response';'q';'f';0.694;0.790;0.790
'CoExistence(q, g)';'CoExistence';'q';'g';0.790;0.808;0.808
'RespondedExistence(q, g)';'RespondedExistence';'q';'g';0.790;0.900;0.900
'CoExistence(q, h)';'CoExistence';'q';'h';0.568;0.602;0.602
'RespondedExistence(q, h)';'RespondedExistence';'q';'h';0.568;0.647;0.647
'CoExistence(q, i)';'CoExistence';'q';'i';0.778;0.796;0.796
'RespondedExistence(q, i)';'RespondedExistence';'q';'i';0.778;0.886;0.886
'CoExistence(q, l)';'CoExistence';'q';'l';0.568;0.604;0.604
'RespondedExistence(q, l)';'RespondedExistence';'q';'l';0.568;0.647;0.647
'NotSuccession(q, l)';'NotSuccession';'q';'l';0.474;0.504;0.504
'CoExistence(q, m)';'CoExistence';'q';'m';0.758;0.780;0.780
'RespondedExistence(q, m)';'RespondedExistence';'q';'m';0.758;0.863;0.863
'CoExistence(q, n)';'CoExistence';'q';'n';0.858;0.868;0.868
'RespondedExistence(q, n)';'RespondedExistence';'q';'n';0.858;0.977;0.977
'Response(q, n)';'Response';'q';'n';0.678;0.772;0.772
'CoExistence(q, o)';'CoExistence';'q';'o';0.772;0.794;0.794
'RespondedExistence(q, o)';'RespondedExistence';'q';'o';0.772;0.879;0.879
'CoExistence(q, p)';'CoExistence';'q';'p';0.872;0.883;0.883
'RespondedExistence(q, p)';'RespondedExistence';'q';'p';0.872;0.993;0.993
'Response(q, p)';'Response';'q';'p';0.564;0.642;0.642
'NotSuccession(q, r)';'NotSuccession';'q';'r';0.768;0.875;0.875
'NotCoExistence(q, r)';'NotCoExistence';'q';'r';0.768;0.875;0.875
'CoExistence(q, s)';'CoExistence';'q';'s';0.782;0.810;0.810
'RespondedExistence(q, s)';'RespondedExistence';'q';'s';0.782;0.891;0.891
'CoExistence(q, t)';'CoExistence';'q';'t';0.860;0.869;0.869
'RespondedExistence(q, t)';'RespondedExistence';'q';'t';0.860;0.979;0.979
'Response(q, t)';'Response';'q';'t';0.486;0.554;0.554
'CoExistence(q, u)';'CoExistence';'q';'u';0.776;0.787;0.787
'RespondedExistence(q, u)';'RespondedExistence';'q';'u';0.776;0.884;0.884
'CoExistence(q, v)';'CoExistence';'q';'v';0.768;0.785;0.785
'RespondedExistence(q, v)';'RespondedExistence';'q';'v';0.768;0.875;0.875
'CoExistence(q, w)';'CoExistence';'q';'w';0.780;0.793;0.793
'RespondedExistence(q, w)';'RespondedExistence';'q';'w';0.780;0.888;0.888
'CoExistence(q, z)';'CoExistence';'q';'z';0.770;0.791;0.791
'RespondedExistence(q, z)';'RespondedExistence';'q';'z';0.770;0.877;0.877
'AtMostOne(r)';'AtMostOne';'r';;0.102;0.927;0.927
'Precedence(a, r)';'Precedence';'r';'a';0.110;1.000;1.000
'AlternatePrecedence(a, r)';'AlternatePrecedence';'r';'a';0.106;0.964;0.964
'Precedence(b, r)';'Precedence';'r';'b';0.060;0.545;0.545
'AlternatePrecedence(b, r)';'AlternatePrecedence';'r';'b';0.060;0.545;0.545
'Precedence(c, r)';'Precedence';'r';'c';0.064;0.582;0.582
'AlternatePrecedence(c, r)';'AlternatePrecedence';'r';'c';0.060;0.545;0.545
'Precedence(d, r)';'Precedence';'r';'d';0.064;0.582;0.582
'AlternatePrecedence(d, r)';'AlternatePrecedence';'r';'d';0.064;0.582;0.582
'Precedence(e, r)';'Precedence';'r';'e';0.068;0.618;0.618
'AlternatePrecedence(e, r)';'AlternatePrecedence';'r';'e';0.064;0.582;0.582
'Precedence(f, r)';'Precedence';'r';'f';0.068;0.618;0.618
'AlternatePrecedence(f, r)';'AlternatePrecedence';'r';'f';0.068;0.618;0.618
'Precedence(g, r)';'Precedence';'r';'g';0.068;0.618;0.618
'AlternatePrecedence(g, r)';'AlternatePrecedence';'r';'g';0.066;0.600;0.600
'Precedence(m, r)';'Precedence';'r';'m';0.060;0.545;0.545
'AlternatePrecedence(m, r)';'AlternatePrecedence';'r';'m';0.060;0.545;0.545
'Precedence(n, r)';'Precedence';'r';'n';0.070;0.636;0.636
'AlternatePrecedence(n, r)';'AlternatePrecedence';'r';'n';0.068;0.618;0.618
'Precedence(o, r)';'Precedence';'r';'o';0.070;0.636;0.636
'AlternatePrecedence(o, r)';'AlternatePrecedence';'r';'o';0.066;0.600;0.600
'Precedence(p, r)';'Precedence';'r';'p';0.094;0.855;0.855
'AlternatePrecedence(p, r)';'AlternatePrecedence';'r';'p';0.092;0.836;0.836
'Precedence(q, r)';'Precedence';'r';'q';0.110;1.000;1.000
'AlternatePrecedence(q, r)';'AlternatePrecedence';'r';'q';0.110;1.000;1.000
'ChainPrecedence(q, r)';'ChainPrecedence';'r';'q';0.110;1.000;1.000
'RespondedExistence(r, a)';'RespondedExistence';'r';'a';0.110;1.000;1.000
'Response(r, a)';'Response';'r';'a';0.066;0.600;0.600
'AlternateResponse(r, a)';'AlternateResponse';'r';'a';0.062;0.564;0.564
'NotSuccession(r, a)';'NotSuccession';'r';'a';0.930;0.930;0.930
'NotCoExistence(r, a)';'NotCoExistence';'r';'a';0.890;0.890;0.890
'RespondedExistence(r, b)';'RespondedExistence';'r';'b';0.110;1.000;1.000
'Response(r, b)';'Response';'r';'b';0.110;1.000;1.000
'AlternateResponse(r, b)';'AlternateResponse';'r';'b';0.108;0.982;0.982
'NotSuccession(r, b)';'NotSuccession';'r';'b';0.890;0.890;0.890
'NotCoExistence(r, b)';'NotCoExistence';'r';'b';0.890;0.890;0.890
'RespondedExistence(r, c)';'RespondedExistence';'r';'c';0.096;0.873;0.873
'NotSuccession(r, c)';'NotSuccession';'r';'c';0.836;0.963;0.963
'NotCoExistence(r, c)';'NotCoExistence';'r';'c';0.772;0.889;0.889
'RespondedExistence(r, d)';'RespondedExistence';'r';'d';0.110;1.000;1.000
'Response(r, d)';'Response';'r';'d';0.078;0.709;0.709
'AlternateResponse(r, d)';'AlternateResponse';'r';'d';0.074;0.673;0.673
'NotSuccession(r, d)';'NotSuccession';'r';'d';0.920;0.920;0.920
'NotCoExistence(r, d)';'NotCoExistence';'r';'d';0.890;0.890;0.890
'RespondedExistence(r, e)';'RespondedExistence';'r';'e';0.094;0.855;0.855
'Response(r, e)';'Response';'r';'e';0.064;0.582;0.582
'AlternateResponse(r, e)';'AlternateResponse';'r';'e';0.060;0.545;0.545
'NotSuccession(r, e)';'NotSuccession';'r';'e';0.776;0.924;0.924
'NotCoExistence(r, e)';'NotCoExistence';'r';'e';0.746;0.888;0.888
'RespondedExistence(r, f)';'RespondedExistence';'r';'f';0.108;0.982;0.982
'Response(r, f)';'Response';'r';'f';0.092;0.836;0.836
'AlternateResponse(r, f)';'AlternateResponse';'r';'f';0.088;0.800;0.800
'NotSuccession(r, f)';'NotSuccession';'r';'f';0.878;0.903;0.903
'NotCoExistence(r, f)';'NotCoExistence';'r';'f';0.864;0.889;0.889
'RespondedExistence(r, g)';'RespondedExistence';'r';'g';0.100;0.909;0.909
'Response(r, g)';'Response';'r';'g';0.066;0.600;0.600
'AlternateResponse(r, g)';'AlternateResponse';'r';'g';0.062;0.564;0.564
'NotSuccession(r, g)';'NotSuccession';'r';'g';0.834;0.927;0.927
'NotCoExistence(r, g)';'NotCoExistence';'r';'g';0.800;0.889;0.889
'RespondedExistence(r, h)';'RespondedExistence';'r';'h';0.070;0.636;0.636
'NotSuccession(r, h)';'NotSuccession';'r';'h';0.622;0.923;0.923
'NotCoExistence(r, h)';'NotCoExistence';'r';'h';0.604;0.896;0.896
'RespondedExistence(r, i)';'RespondedExistence';'r';'i';0.094;0.855;0.855
'Response(r, i)';'Response';'r';'i';0.064;0.582;0.582
'AlternateResponse(r, i)';'AlternateResponse';'r';'i';0.064;0.582;0.582
'NotSuccession(r, i)';'NotSuccession';'r';'i';0.824;0.922;0.922
'NotCoExistence(r, i)';'NotCoExistence';'r';'i';0.800;0.895;0.895
'RespondedExistence(r, l)';'RespondedExistence';'r';'l';0.066;0.600;0.600
'NotSuccession(r, l)';'NotSuccession';'r';'l';0.626;0.929;0.929
'NotCoExistence(r, l)';'NotCoExistence';'r';'l';0.608;0.902;0.902
'RespondedExistence(r, m)';'RespondedExistence';'r';'m';0.098;0.891;0.891
'NotSuccession(r, m)';'NotSuccession';'r';'m';0.804;0.931;0.931
'NotCoExistence(r, m)';'NotCoExistence';'r';'m';0.766;0.887;0.887
'RespondedExistence(r, n)';'RespondedExistence';'r';'n';0.108;0.982;0.982
'Response(r, n)';'Response';'r';'n';0.100;0.909;0.909
'AlternateResponse(r, n)';'AlternateResponse';'r';'n';0.094;0.855;0.855
'NotSuccession(r, n)';'NotSuccession';'r';'n';0.870;0.897;0.897
'NotCoExistence(r, n)';'NotCoExistence';'r';'n';0.862;0.889;0.889
'RespondedExistence(r, o)';'RespondedExistence';'r';'o';0.100;0.909;0.909
'Response(r, o)';'Response';'r';'o';0.066;0.600;0.600
'AlternateResponse(r, o)';'AlternateResponse';'r';'o';0.062;0.564;0.564
'NotSuccession(r, o)';'NotSuccession';'r';'o';0.808;0.922;0.922
'NotCoExistence(r, o)';'NotCoExistence';'r';'o';0.776;0.886;0.886
'RespondedExistence(r, p)';'RespondedExistence';'r';'p';0.108;0.982;0.982
'Response(r, p)';'Response';'r';'p';0.080;0.727;0.727
'AlternateResponse(r, p)';'AlternateResponse';'r';'p';0.080;0.727;0.727
'NotSuccession(r, p)';'NotSuccession';'r';'p';0.904;0.919;0.919
'NotCoExistence(r, p)';'NotCoExistence';'r';'p';0.876;0.890;0.890
'RespondedExistence(r, q)';'RespondedExistence';'r';'q';0.110;1.000;1.000
'Response(r, q)';'Response';'r';'q';0.056;0.509;0.509
'AlternateResponse(r, q)';'AlternateResponse';'r';'q';0.056;0.509;0.509
'NotSuccession(r, q)';'NotSuccession';'r';'q';0.818;0.932;0.932
'NotCoExistence(r, q)';'NotCoExistence';'r';'q';0.768;0.875;0.875
'RespondedExistence(r, s)';'RespondedExistence';'r';'s';0.100;0.909;0.909
'Response(r, s)';'Response';'r';'s';0.064;0.582;0.582
'AlternateResponse(r, s)';'AlternateResponse';'r';'s';0.062;0.564;0.564
'NotSuccession(r, s)';'NotSuccession';'r';'s';0.816;0.927;0.927
'NotCoExistence(r, s)';'NotCoExistence';'r';'s';0.780;0.886;0.886
'RespondedExistence(r, t)';'RespondedExistence';'r';'t';0.108;0.982;0.982
'Response(r, t)';'Response';'r';'t';0.084;0.764;0.764
'AlternateResponse(r, t)';'AlternateResponse';'r';'t';0.080;0.727;0.727
'NotSuccession(r, t)';'NotSuccession';'r';'t';0.890;0.914;0.914
'NotCoExistence(r, t)';'NotCoExistence';'r';'t';0.866;0.889;0.889
'RespondedExistence(r, u)';'RespondedExistence';'r';'u';0.098;0.891;0.891
'Response(r, u)';'Response';'r';'u';0.068;0.618;0.618
'AlternateResponse(r, u)';'AlternateResponse';'r';'u';0.064;0.582;0.582
'NotSuccession(r, u)';'NotSuccession';'r';'u';0.826;0.922;0.922
'NotCoExistence(r, u)';'NotCoExistence';'r';'u';0.798;0.891;0.891
'RespondedExistence(r, v)';'RespondedExistence';'r';'v';0.090;0.818;0.818
'Response(r, v)';'Response';'r';'v';0.064;0.582;0.582
'AlternateResponse(r, v)';'AlternateResponse';'r';'v';0.062;0.564;0.564
'NotSuccession(r, v)';'NotSuccession';'r';'v';0.824;0.928;0.928
'NotCoExistence(r, v)';'NotCoExistence';'r';'v';0.798;0.899;0.899
'RespondedExistence(r, w)';'RespondedExistence';'r';'w';0.106;0.964;0.964
'Response(r, w)';'Response';'r';'w';0.066;0.600;0.600
'AlternateResponse(r, w)';'AlternateResponse';'r';'w';0.060;0.545;0.545
'NotSuccession(r, w)';'NotSuccession';'r';'w';0.824;0.926;0.926
'NotCoExistence(r, w)';'NotCoExistence';'r';'w';0.784;0.881;0.881
'RespondedExistence(r, z)';'RespondedExistence';'r';'z';0.102;0.927;0.927
'Response(r, z)';'Response';'r';'z';0.066;0.600;0.600
'AlternateResponse(r, z)';'AlternateResponse';'r';'z';0.062;0.564;0.564
'NotSuccession(r, z)';'NotSuccession';'r';'z';0.806;0.922;0.922
'NotCoExistence(r, z)';'NotCoExistence';'r';'z';0.772;0.883;0.883
'Precedence(s, r)';'Precedence';'r';'s';0.066;0.600;0.600
'AlternatePrecedence(s, r)';'AlternatePrecedence';'r';'s';0.062;0.564;0.564
'Precedence(t, r)';'Precedence';'r';'t';0.056;0.509;0.509
'Precedence(u, r)';'Precedence';'r';'u';0.064;0.582;0.582
'AlternatePrecedence(u, r)';'AlternatePrecedence';'r';'u';0.062;0.564;0.564
'Precedence(v, r)';'Precedence';'r';'v';0.060;0.545;0.545
'AlternatePrecedence(v, r)';'AlternatePrecedence';'r';'v';0.058;0.527;0.527
'Precedence(w, r)';'Precedence';'r';'w';0.064;0.582;0.582
'AlternatePrecedence(w, r)';'AlternatePrecedence';'r';'w';0.062;0.564;0.564
'Precedence(z, r)';'Precedence';'r';'z';0.064;0.582;0.582
'AlternatePrecedence(z, r)';'AlternatePrecedence';'r';'z';0.062;0.564;0.564
'Participation(s)';'Participation';'s';;0.870;0.870;0.870
'Precedence(a, s)';'Precedence';'s';'a';0.870;1.000;1.000
'Precedence(p, s)';'Precedence';'s';'p';0.580;0.667;0.667
'CoExistence(s, a)';'CoExistence';'s';'a';0.870;0.870;0.870
'RespondedExistence(s, a)';'RespondedExistence';'s';'a';0.870;1.000;1.000
'CoExistence(s, b)';'CoExistence';'s';'b';0.870;0.870;0.870
'RespondedExistence(s, b)';'RespondedExistence';'s';'b';0.870;1.000;1.000
'Response(s, b)';'Response';'s';'b';0.870;1.000;1.000
'CoExistence(s, c)';'CoExistence';'s';'c';0.748;0.766;0.766
'RespondedExistence(s, c)';'RespondedExistence';'s';'c';0.748;0.860;0.860
'NotSuccession(s, c)';'NotSuccession';'s';'c';0.592;0.607;0.607
'CoExistence(s, d)';'CoExistence';'s';'d';0.870;0.870;0.870
'RespondedExistence(s, d)';'RespondedExistence';'s';'d';0.870;1.000;1.000
'Response(s, d)';'Response';'s';'d';0.490;0.563;0.563
'CoExistence(s, e)';'CoExistence';'s';'e';0.736;0.768;0.768
'RespondedExistence(s, e)';'RespondedExistence';'s';'e';0.736;0.846;0.846
'CoExistence(s, f)';'CoExistence';'s';'f';0.852;0.862;0.862
'RespondedExistence(s, f)';'RespondedExistence';'s';'f';0.852;0.979;0.979
'Response(s, f)';'Response';'s';'f';0.680;0.782;0.782
'CoExistence(s, g)';'CoExistence';'s';'g';0.784;0.803;0.803
'RespondedExistence(s, g)';'RespondedExistence';'s';'g';0.784;0.901;0.901
'CoExistence(s, h)';'CoExistence';'s';'h';0.564;0.600;0.600
'RespondedExistence(s, h)';'RespondedExistence';'s';'h';0.564;0.648;0.648
'CoExistence(s, i)';'CoExistence';'s';'i';0.778;0.802;0.802
'RespondedExistence(s, i)';'RespondedExistence';'s';'i';0.778;0.894;0.894
'CoExistence(s, l)';'CoExistence';'s';'l';0.562;0.599;0.599
'RespondedExistence(s, l)';'RespondedExistence';'s';'l';0.562;0.646;0.646
'NotSuccession(s, l)';'NotSuccession';'s';'l';0.484;0.516;0.516
'CoExistence(s, m)';'CoExistence';'s';'m';0.758;0.786;0.786
'RespondedExistence(s, m)';'RespondedExistence';'s';'m';0.758;0.871;0.871
'CoExistence(s, n)';'CoExistence';'s';'n';0.852;0.864;0.864
'RespondedExistence(s, n)';'RespondedExistence';'s';'n';0.852;0.979;0.979
'Response(s, n)';'Response';'s';'n';0.710;0.816;0.816
'CoExistence(s, o)';'CoExistence';'s';'o';0.772;0.801;0.801
'RespondedExistence(s, o)';'RespondedExistence';'s';'o';0.772;0.887;0.887
'CoExistence(s, p)';'CoExistence';'s';'p';0.860;0.867;0.867
'RespondedExistence(s, p)';'RespondedExistence';'s';'p';0.860;0.989;0.989
'Response(s, p)';'Response';'s';'p';0.546;0.628;0.628
'CoExistence(s, q)';'CoExistence';'s';'q';0.782;0.810;0.810
'RespondedExistence(s, q)';'RespondedExistence';'s';'q';0.782;0.899;0.899
'NotSuccession(s, r)';'NotSuccession';'s';'r';0.814;0.925;0.925
'NotCoExistence(s, r)';'NotCoExistence';'s';'r';0.780;0.886;0.886
'CoExistence(s, t)';'CoExistence';'s';'t';0.870;0.895;0.895
'RespondedExistence(s, t)';'RespondedExistence';'s';'t';0.870;1.000;1.000
'Response(s, t)';'Response';'s';'t';0.442;0.508;0.508
'CoExistence(s, u)';'CoExistence';'s';'u';0.776;0.793;0.793
'RespondedExistence(s, u)';'RespondedExistence';'s';'u';0.776;0.892;0.892
'CoExistence(s, v)';'CoExistence';'s';'v';0.764;0.784;0.784
'RespondedExistence(s, v)';'RespondedExistence';'s';'v';0.764;0.878;0.878
'CoExistence(s, w)';'CoExistence';'s';'w';0.782;0.803;0.803
'RespondedExistence(s, w)';'RespondedExistence';'s';'w';0.782;0.899;0.899
'CoExistence(s, z)';'CoExistence';'s';'z';0.768;0.793;0.793
'RespondedExistence(s, z)';'RespondedExistence';'s';'z';0.768;0.883;0.883
'Participation(t)';'Participation';'t';;0.972;0.972;0.972
'Precedence(a, t)';'Precedence';'t';'a';0.972;1.000;1.000
'Precedence(n, t)';'Precedence';'t';'n';0.506;0.521;0.521
'Precedence(o, t)';'Precedence';'t';'o';0.492;0.506;0.506
'Precedence(p, t)';'Precedence';'t';'p';0.658;0.677;0.677
'Precedence(q, t)';'Precedence';'t';'q';0.498;0.512;0.512
'CoExistence(t, a)';'CoExistence';'t';'a';0.972;0.972;0.972
'RespondedExistence(t, a)';'RespondedExistence';'t';'a';0.972;1.000;1.000
'CoExistence(t, b)';'CoExistence';'t';'b';0.972;0.972;0.972
'Succession(t, b)';'Succession';'t';'b';0.504;0.504;0.504
'RespondedExistence(t, b)';'RespondedExistence';'t';'b';0.972;1.000;1.000
'Response(t, b)';'Response';'t';'b';0.972;1.000;1.000
'CoExistence(t, c)';'CoExistence';'t';'c';0.836;0.844;0.844
'RespondedExistence(t, c)';'RespondedExistence';'t';'c';0.836;0.860;0.860
'NotSuccession(t, c)';'NotSuccession';'t';'c';0.614;0.620;0.620
'CoExistence(t, d)';'CoExistence';'t';'d';0.972;0.972;0.972
'RespondedExistence(t, d)';'RespondedExistence';'t';'d';0.972;1.000;1.000
'Response(t, d)';'Response';'t';'d';0.510;0.525;0.525
'CoExistence(t, e)';'CoExistence';'t';'e';0.812;0.825;0.825
'RespondedExistence(t, e)';'RespondedExistence';'t';'e';0.812;0.835;0.835
'CoExistence(t, f)';'CoExistence';'t';'f';0.948;0.954;0.954
'RespondedExistence(t, f)';'RespondedExistence';'t';'f';0.948;0.975;0.975
'Response(t, f)';'Response';'t';'f';0.712;0.733;0.733
'CoExistence(t, g)';'CoExistence';'t';'g';0.868;0.873;0.873
'RespondedExistence(t, g)';'RespondedExistence';'t';'g';0.868;0.893;0.893
'CoExistence(t, h)';'CoExistence';'t';'h';0.616;0.622;0.622
'RespondedExistence(t, h)';'RespondedExistence';'t';'h';0.616;0.634;0.634
'CoExistence(t, i)';'CoExistence';'t';'i';0.862;0.872;0.872
'RespondedExistence(t, i)';'RespondedExistence';'t';'i';0.862;0.887;0.887
'CoExistence(t, l)';'CoExistence';'t';'l';0.616;0.625;0.625
'RespondedExistence(t, l)';'RespondedExistence';'t';'l';0.616;0.634;0.634
'NotSuccession(t, l)';'NotSuccession';'t';'l';0.556;0.564;0.564
'CoExistence(t, m)';'CoExistence';'t';'m';0.832;0.839;0.839
'RespondedExistence(t, m)';'RespondedExistence';'t';'m';0.832;0.856;0.856
'CoExistence(t, n)';'CoExistence';'t';'n';0.944;0.948;0.948
'RespondedExistence(t, n)';'RespondedExistence';'t';'n';0.944;0.971;0.971
'Response(t, n)';'Response';'t';'n';0.722;0.743;0.743
'CoExistence(t, o)';'CoExistence';'t';'o';0.852;0.864;0.864
'RespondedExistence(t, o)';'RespondedExistence';'t';'o';0.852;0.877;0.877
'CoExistence(t, p)';'CoExistence';'t';'p';0.958;0.962;0.962
'RespondedExistence(t, p)';'RespondedExistence';'t';'p';0.958;0.986;0.986
'Response(t, p)';'Response';'t';'p';0.554;0.570;0.570
'CoExistence(t, q)';'CoExistence';'t';'q';0.860;0.869;0.869
'RespondedExistence(t, q)';'RespondedExistence';'t';'q';0.860;0.885;0.885
'NotSuccession(t, r)';'NotSuccession';'t';'r';0.914;0.938;0.938
'NotCoExistence(t, r)';'NotCoExistence';'t';'r';0.866;0.889;0.889
'CoExistence(t, s)';'CoExistence';'t';'s';0.870;0.895;0.895
'RespondedExistence(t, s)';'RespondedExistence';'t';'s';0.870;0.895;0.895
'CoExistence(t, u)';'CoExistence';'t';'u';0.860;0.863;0.863
'RespondedExistence(t, u)';'RespondedExistence';'t';'u';0.860;0.885;0.885
'CoExistence(t, v)';'CoExistence';'t';'v';0.850;0.859;0.859
'RespondedExistence(t, v)';'RespondedExistence';'t';'v';0.850;0.874;0.874
'CoExistence(t, w)';'CoExistence';'t';'w';0.870;0.881;0.881
'RespondedExistence(t, w)';'RespondedExistence';'t';'w';0.870;0.895;0.895
'CoExistence(t, z)';'CoExistence';'t';'z';0.842;0.845;0.845
'RespondedExistence(t, z)';'RespondedExistence';'t';'z';0.842;0.866;0.866
'Participation(u)';'Participation';'u';;0.884;0.884;0.884
'Precedence(a, u)';'Precedence';'u';'a';0.884;1.000;1.000
'Precedence(p, u)';'Precedence';'u';'p';0.584;0.661;0.661
'CoExistence(u, a)';'CoExistence';'u';'a';0.884;0.884;0.884
'RespondedExistence(u, a)';'RespondedExistence';'u';'a';0.884;1.000;1.000
'CoExistence(u, b)';'CoExistence';'u';'b';0.884;0.884;0.884
'RespondedExistence(u, b)';'RespondedExistence';'u';'b';0.884;1.000;1.000
'Response(u, b)';'Response';'u';'b';0.884;1.000;1.000
'CoExistence(u, c)';'CoExistence';'u';'c';0.762;0.781;0.781
'RespondedExistence(u, c)';'RespondedExistence';'u';'c';0.762;0.862;0.862
'NotSuccession(u, c)';'NotSuccession';'u';'c';0.616;0.631;0.631
'CoExistence(u, d)';'CoExistence';'u';'d';0.884;0.884;0.884
'RespondedExistence(u, d)';'RespondedExistence';'u';'d';0.884;1.000;1.000
'Response(u, d)';'Response';'u';'d';0.472;0.534;0.534
'CoExistence(u, e)';'CoExistence';'u';'e';0.736;0.757;0.757
'RespondedExistence(u, e)';'RespondedExistence';'u';'e';0.736;0.833;0.833
'CoExistence(u, f)';'CoExistence';'u';'f';0.864;0.873;0.873
'RespondedExistence(u, f)';'RespondedExistence';'u';'f';0.864;0.977;0.977
'Response(u, f)';'Response';'u';'f';0.676;0.765;0.765
'CoExistence(u, g)';'CoExistence';'u';'g';0.796;0.814;0.814
'RespondedExistence(u, g)';'RespondedExistence';'u';'g';0.796;0.900;0.900
'CoExistence(u, h)';'CoExistence';'u';'h';0.572;0.605;0.605
'RespondedExistence(u, h)';'RespondedExistence';'u';'h';0.572;0.647;0.647
'CoExistence(u, i)';'CoExistence';'u';'i';0.780;0.794;0.794
'RespondedExistence(u, i)';'RespondedExistence';'u';'i';0.780;0.882;0.882
'CoExistence(u, l)';'CoExistence';'u';'l';0.572;0.607;0.607
'RespondedExistence(u, l)';'RespondedExistence';'u';'l';0.572;0.647;0.647
'NotSuccession(u, l)';'NotSuccession';'u';'l';0.472;0.501;0.501
'CoExistence(u, m)';'CoExistence';'u';'m';0.770;0.797;0.797
'RespondedExistence(u, m)';'RespondedExistence';'u';'m';0.770;0.871;0.871
'CoExistence(u, n)';'CoExistence';'u';'n';0.864;0.874;0.874
'RespondedExistence(u, n)';'RespondedExistence';'u';'n';0.864;0.977;0.977
'Response(u, n)';'Response';'u';'n';0.690;0.781;0.781
'CoExistence(u, o)';'CoExistence';'u';'o';0.768;0.782;0.782
'RespondedExistence(u, o)';'RespondedExistence';'u';'o';0.768;0.869;0.869
'CoExistence(u, p)';'CoExistence';'u';'p';0.868;0.870;0.870
'RespondedExistence(u, p)';'RespondedExistence';'u';'p';0.868;0.982;0.982
'Response(u, p)';'Response';'u';'p';0.530;0.600;0.600
'CoExistence(u, q)';'CoExistence';'u';'q';0.776;0.787;0.787
'RespondedExistence(u, q)';'RespondedExistence';'u';'q';0.776;0.878;0.878
'NotSuccession(u, r)';'NotSuccession';'u';'r';0.828;0.924;0.924
'NotCoExistence(u, r)';'NotCoExistence';'u';'r';0.798;0.891;0.891
'CoExistence(u, s)';'CoExistence';'u';'s';0.776;0.793;0.793
'RespondedExistence(u, s)';'RespondedExistence';'u';'s';0.776;0.878;0.878
'CoExistence(u, t)';'CoExistence';'u';'t';0.860;0.863;0.863
'RespondedExistence(u, t)';'RespondedExistence';'u';'t';0.860;0.973;0.973
'CoExistence(u, v)';'CoExistence';'u';'v';0.764;0.773;0.773
'RespondedExistence(u, v)';'RespondedExistence';'u';'v';0.764;0.864;0.864
'CoExistence(u, w)';'CoExistence';'u';'w';0.778;0.784;0.784
'RespondedExistence(u, w)';'RespondedExistence';'u';'w';0.778;0.880;0.880
'CoExistence(u, z)';'CoExistence';'u';'z';0.768;0.782;0.782
'RespondedExistence(u, z)';'RespondedExistence';'u';'z';0.768;0.869;0.869
'Participation(v)';'Participation';'v';;0.868;0.868;0.868
'Precedence(a, v)';'Precedence';'v';'a';0.868;1.000;1.000
'Precedence(p, v)';'Precedence';'v';'p';0.560;0.645;0.645
'CoExistence(v, a)';'CoExistence';'v';'a';0.868;0.868;0.868
'RespondedExistence(v, a)';'RespondedExistence';'v';'a';0.868;1.000;1.000
'CoExistence(v, b)';'CoExistence';'v';'b';0.868;0.868;0.868
'RespondedExistence(v, b)';'RespondedExistence';'v';'b';0.868;1.000;1.000
'Response(v, b)';'Response';'v';'b';0.868;1.000;1.000
'CoExistence(v, c)';'CoExistence';'v';'c';0.750;0.772;0.772
'RespondedExistence(v, c)';'RespondedExistence';'v';'c';0.750;0.864;0.864
'NotSuccession(v, c)';'NotSuccession';'v';'c';0.602;0.619;0.619
'CoExistence(v, d)';'CoExistence';'v';'d';0.868;0.868;0.868
'RespondedExistence(v, d)';'RespondedExistence';'v';'d';0.868;1.000;1.000
'Response(v, d)';'Response';'v';'d';0.486;0.560;0.560
'CoExistence(v, e)';'CoExistence';'v';'e';0.726;0.752;0.752
'RespondedExistence(v, e)';'RespondedExistence';'v';'e';0.726;0.836;0.836
'CoExistence(v, f)';'CoExistence';'v';'f';0.852;0.864;0.864
'RespondedExistence(v, f)';'RespondedExistence';'v';'f';0.852;0.982;0.982
'Response(v, f)';'Response';'v';'f';0.656;0.756;0.756
'CoExistence(v, g)';'CoExistence';'v';'g';0.774;0.787;0.787
'RespondedExistence(v, g)';'RespondedExistence';'v';'g';0.774;0.892;0.892
'CoExistence(v, h)';'CoExistence';'v';'h';0.550;0.578;0.578
'RespondedExistence(v, h)';'RespondedExistence';'v';'h';0.550;0.634;0.634
'CoExistence(v, i)';'CoExistence';'v';'i';0.772;0.793;0.793
'RespondedExistence(v, i)';'RespondedExistence';'v';'i';0.772;0.889;0.889
'CoExistence(v, l)';'CoExistence';'v';'l';0.558;0.594;0.594
'RespondedExistence(v, l)';'RespondedExistence';'v';'l';0.558;0.643;0.643
'NotSuccession(v, l)';'NotSuccession';'v';'l';0.488;0.519;0.519
'CoExistence(v, m)';'CoExistence';'v';'m';0.746;0.766;0.766
'RespondedExistence(v, m)';'RespondedExistence';'v';'m';0.746;0.859;0.859
'CoExistence(v, n)';'CoExistence';'v';'n';0.846;0.855;0.855
'RespondedExistence(v, n)';'RespondedExistence';'v';'n';0.846;0.975;0.975
'Response(v, n)';'Response';'v';'n';0.682;0.786;0.786
'CoExistence(v, o)';'CoExistence';'v';'o';0.768;0.795;0.795
'RespondedExistence(v, o)';'RespondedExistence';'v';'o';0.768;0.885;0.885
'CoExistence(v, p)';'CoExistence';'v';'p';0.858;0.865;0.865
'RespondedExistence(v, p)';'RespondedExistence';'v';'p';0.858;0.988;0.988
'Response(v, p)';'Response';'v';'p';0.516;0.594;0.594
'CoExistence(v, q)';'CoExistence';'v';'q';0.768;0.785;0.785
'RespondedExistence(v, q)';'RespondedExistence';'v';'q';0.768;0.885;0.885
'NotSuccession(v, r)';'NotSuccession';'v';'r';0.822;0.926;0.926
'NotCoExistence(v, r)';'NotCoExistence';'v';'r';0.798;0.899;0.899
'CoExistence(v, s)';'CoExistence';'v';'s';0.764;0.784;0.784
'RespondedExistence(v, s)';'RespondedExistence';'v';'s';0.764;0.880;0.880
'CoExistence(v, t)';'CoExistence';'v';'t';0.850;0.859;0.859
'RespondedExistence(v, t)';'RespondedExistence';'v';'t';0.850;0.979;0.979
'Response(v, t)';'Response';'v';'t';0.434;0.500;0.500
'CoExistence(v, u)';'CoExistence';'v';'u';0.764;0.773;0.773
'RespondedExistence(v, u)';'RespondedExistence';'v';'u';0.764;0.880;0.880
'CoExistence(v, w)';'CoExistence';'v';'w';0.776;0.793;0.793
'RespondedExistence(v, w)';'RespondedExistence';'v';'w';0.776;0.894;0.894
'CoExistence(v, z)';'CoExistence';'v';'z';0.760;0.780;0.780
'RespondedExistence(v, z)';'RespondedExistence';'v';'z';0.760;0.876;0.876
'Participation(w)';'Participation';'w';;0.886;0.886;0.886
'Precedence(a, w)';'Precedence';'w';'a';0.886;1.000;1.000
'Precedence(p, w)';'Precedence';'w';'p';0.570;0.643;0.643
'CoExistence(w, a)';'CoExistence';'w';'a';0.886;0.886;0.886
'RespondedExistence(w, a)';'RespondedExistence';'w';'a';0.886;1.000;1.000
'CoExistence(w, b)';'CoExistence';'w';'b';0.886;0.886;0.886
'RespondedExistence(w, b)';'RespondedExistence';'w';'b';0.886;1.000;1.000
'Response(w, b)';'Response';'w';'b';0.886;1.000;1.000
'CoExistence(w, c)';'CoExistence';'w';'c';0.762;0.779;0.779
'RespondedExistence(w, c)';'RespondedExistence';'w';'c';0.762;0.860;0.860
'NotSuccession(w, c)';'NotSuccession';'w';'c';0.604;0.618;0.618
'CoExistence(w, d)';'CoExistence';'w';'d';0.886;0.886;0.886
'RespondedExistence(w, d)';'RespondedExistence';'w';'d';0.886;1.000;1.000
'Response(w, d)';'Response';'w';'d';0.490;0.553;0.553
'CoExistence(w, e)';'CoExistence';'w';'e';0.750;0.781;0.781
'RespondedExistence(w, e)';'RespondedExistence';'w';'e';0.750;0.847;0.847
'CoExistence(w, f)';'CoExistence';'w';'f';0.870;0.882;0.882
'RespondedExistence(w, f)';'RespondedExistence';'w';'f';0.870;0.982;0.982
'Response(w, f)';'Response';'w';'f';0.696;0.786;0.786
'CoExistence(w, g)';'CoExistence';'w';'g';0.784;0.790;0.790
'RespondedExistence(w, g)';'RespondedExistence';'w';'g';0.784;0.885;0.885
'CoExistence(w, h)';'CoExistence';'w';'h';0.558;0.580;0.580
'RespondedExistence(w, h)';'RespondedExistence';'w';'h';0.558;0.630;0.630
'CoExistence(w, i)';'CoExistence';'w';'i';0.788;0.807;0.807
'RespondedExistence(w, i)';'RespondedExistence';'w';'i';0.788;0.889;0.889
'CoExistence(w, l)';'CoExistence';'w';'l';0.566;0.596;0.596
'RespondedExistence(w, l)';'RespondedExistence';'w';'l';0.566;0.639;0.639
'NotSuccession(w, l)';'NotSuccession';'w';'l';0.494;0.520;0.520
'CoExistence(w, m)';'CoExistence';'w';'m';0.768;0.792;0.792
'RespondedExistence(w, m)';'RespondedExistence';'w';'m';0.768;0.867;0.867
'CoExistence(w, n)';'CoExistence';'w';'n';0.862;0.869;0.869
'RespondedExistence(w, n)';'RespondedExistence';'w';'n';0.862;0.973;0.973
'Response(w, n)';'Response';'w';'n';0.708;0.799;0.799
'CoExistence(w, o)';'CoExistence';'w';'o';0.774;0.791;0.791
'RespondedExistence(w, o)';'RespondedExistence';'w';'o';0.774;0.874;0.874
'CoExistence(w, p)';'CoExistence';'w';'p';0.872;0.876;0.876
'RespondedExistence(w, p)';'RespondedExistence';'w';'p';0.872;0.984;0.984
'Response(w, p)';'Response';'w';'p';0.552;0.623;0.623
'CoExistence(w, q)';'CoExistence';'w';'q';0.780;0.793;0.793
'RespondedExistence(w, q)';'RespondedExistence';'w';'q';0.780;0.880;0.880
'NotSuccession(w, r)';'NotSuccession';'w';'r';0.824;0.926;0.926
'NotCoExistence(w, r)';'NotCoExistence';'w';'r';0.784;0.881;0.881
'CoExistence(w, s)';'CoExistence';'w';'s';0.782;0.803;0.803
'RespondedExistence(w, s)';'RespondedExistence';'w';'s';0.782;0.883;0.883
'CoExistence(w, t)';'CoExistence';'w';'t';0.870;0.881;0.881
'RespondedExistence(w, t)';'RespondedExistence';'w';'t';0.870;0.982;0.982
'Response(w, t)';'Response';'w';'t';0.468;0.528;0.528
'CoExistence(w, u)';'CoExistence';'w';'u';0.778;0.784;0.784
'RespondedExistence(w, u)';'RespondedExistence';'w';'u';0.778;0.878;0.878
'CoExistence(w, v)';'CoExistence';'w';'v';0.776;0.793;0.793
'RespondedExistence(w, v)';'RespondedExistence';'w';'v';0.776;0.876;0.876
'CoExistence(w, z)';'CoExistence';'w';'z';0.780;0.802;0.802
'RespondedExistence(w, z)';'RespondedExistence';'w';'z';0.780;0.880;0.880
'Participation(z)';'Participation';'z';;0.866;0.866;0.866
'Precedence(a, z)';'Precedence';'z';'a';0.866;1.000;1.000
'Precedence(p, z)';'Precedence';'z';'p';0.524;0.605;0.605
'CoExistence(z, a)';'CoExistence';'z';'a';0.866;0.866;0.866
'RespondedExistence(z, a)';'RespondedExistence';'z';'a';0.866;1.000;1.000
'CoExistence(z, b)';'CoExistence';'z';'b';0.866;0.866;0.866
'Succession(z, b)';'Succession';'z';'b';0.518;0.518;0.518
'RespondedExistence(z, b)';'RespondedExistence';'z';'b';0.866;1.000;1.000
'Response(z, b)';'Response';'z';'b';0.866;1.000;1.000
'CoExistence(z, c)';'CoExistence';'z';'c';0.744;0.762;0.762
'RespondedExistence(z, c)';'RespondedExistence';'z';'c';0.744;0.859;0.859
'NotSuccession(z, c)';'NotSuccession';'z';'c';0.592;0.607;0.607
'CoExistence(z, d)';'CoExistence';'z';'d';0.866;0.866;0.866
'RespondedExistence(z, d)';'RespondedExistence';'z';'d';0.866;1.000;1.000
'Response(z, d)';'Response';'z';'d';0.456;0.527;0.527
'CoExistence(z, e)';'CoExistence';'z';'e';0.722;0.746;0.746
'RespondedExistence(z, e)';'RespondedExistence';'z';'e';0.722;0.834;0.834
'CoExistence(z, f)';'CoExistence';'z';'f';0.848;0.858;0.858
'RespondedExistence(z, f)';'RespondedExistence';'z';'f';0.848;0.979;0.979
'Response(z, f)';'Response';'z';'f';0.638;0.737;0.737
'CoExistence(z, g)';'CoExistence';'z';'g';0.776;0.792;0.792
'RespondedExistence(z, g)';'RespondedExistence';'z';'g';0.776;0.896;0.896
'CoExistence(z, h)';'CoExistence';'z';'h';0.546;0.572;0.572
'RespondedExistence(z, h)';'RespondedExistence';'z';'h';0.546;0.630;0.630
'CoExistence(z, i)';'CoExistence';'z';'i';0.768;0.787;0.787
'RespondedExistence(z, i)';'RespondedExistence';'z';'i';0.768;0.887;0.887
'CoExistence(z, l)';'CoExistence';'z';'l';0.556;0.591;0.591
'RespondedExistence(z, l)';'RespondedExistence';'z';'l';0.556;0.642;0.642
'CoExistence(z, m)';'CoExistence';'z';'m';0.752;0.778;0.778
'RespondedExistence(z, m)';'RespondedExistence';'z';'m';0.752;0.868;0.868
'CoExistence(z, n)';'CoExistence';'z';'n';0.844;0.853;0.853
'RespondedExistence(z, n)';'RespondedExistence';'z';'n';0.844;0.975;0.975
'Response(z, n)';'Response';'z';'n';0.690;0.797;0.797
'CoExistence(z, o)';'CoExistence';'z';'o';0.754;0.771;0.771
'RespondedExistence(z, o)';'RespondedExistence';'z';'o';0.754;0.871;0.871
'CoExistence(z, p)';'CoExistence';'z';'p';0.856;0.863;0.863
'RespondedExistence(z, p)';'RespondedExistence';'z';'p';0.856;0.988;0.988
'Response(z, p)';'Response';'z';'p';0.536;0.619;0.619
'CoExistence(z, q)';'CoExistence';'z';'q';0.770;0.791;0.791
'RespondedExistence(z, q)';'RespondedExistence';'z';'q';0.770;0.889;0.889
'NotSuccession(z, r)';'NotSuccession';'z';'r';0.808;0.924;0.924
'NotCoExistence(z, r)';'NotCoExistence';'z';'r';0.772;0.883;0.883
'CoExistence(z, s)';'CoExistence';'z';'s';0.768;0.793;0.793
'RespondedExistence(z, s)';'RespondedExistence';'z';'s';0.768;0.887;0.887
'CoExistence(z, t)';'CoExistence';'z';'t';0.842;0.845;0.845
'RespondedExistence(z, t)';'RespondedExistence';'z';'t';0.842;0.972;0.972
'Response(z, t)';'Response';'z';'t';0.440;0.508;0.508
'CoExistence(z, u)';'CoExistence';'z';'u';0.768;0.782;0.782
'RespondedExistence(z, u)';'RespondedExistence';'z';'u';0.768;0.887;0.887
'CoExistence(z, v)';'CoExistence';'z';'v';0.760;0.780;0.780
'RespondedExistence(z, v)';'RespondedExistence';'z';'v';0.760;0.878;0.878
'CoExistence(z, w)';'CoExistence';'z';'w';0.780;0.802;0.802
'RespondedExistence(z, w)';'RespondedExistence';'z';'w';0.780;0.901;0.901
