Rank-100-true;Rank-100-TOT;Measure
11;1277;ORIGINAL-MODEL
11;103;Compliance
11;101;Sebag-Schoenauer
11;101;Laplace Correction
11;101;Example and Counterexample Rate
11;101;Confidence
7;445;Ylue Y
7;445;Ylue Q
7;445;Odds Ratio
7;102;Certainty factor
7;101;Zhang
7;101;Odd Multiplier
7;101;Conviction
6;103;Linear Correlation Coefficient
6;102;Interestingness Weighting Dependency
6;102;Added Value
6;101;Two-way Support
6;101;Piatetsky-Shapiro
6;101;One-way Support
6;101;Lift
6;101;Klosgen
5;107;Prevalence
5;104;Accuracy
4;102;Gini Index
4;101;Least Contradiction
4;101;Jaccard
4;101;Information Gain
4;101;Cosine
3;688;Recall
3;230;Coverage
3;101;Support
3;101;Leverage
1;438;Specificity
1;280;Lovinger
0;438;Relative Risk
0;102;Two-way Support Variation
0;101;J Measure
0;101;Collective Strength
