Rank-200-true;Rank-200-TOT;Measure
11;1287;ORIGINAL-MODEL
9;201;Laplace Correction
9;201;Example and Counterexample Rate
9;201;Confidence
8;201;Compliance
7;209;Prevalence
7;206;Accuracy
7;202;Linear Correlation Coefficient
7;201;Zhang
7;201;Two-way Support Variation
7;201;Two-way Support
7;201;Piatetsky-Shapiro
7;201;One-way Support
7;201;Odd Multiplier
7;201;Klosgen
7;201;J Measure
7;201;Interestingness Weighting Dependency
7;201;Conviction
7;201;Certainty factor
7;201;Added Value
6;207;Information Gain
6;205;Lift
6;204;Cosine
6;203;Jaccard
6;202;Gini Index
6;201;Least Contradiction
4;304;Lovinger
3;680;Recall
3;226;Coverage
3;216;Support
3;201;Leverage
1;425;Ylue Y
1;425;Ylue Q
1;203;Sebag-Schoenauer
0;425;Specificity
0;425;Relative Risk
0;425;Odds Ratio
0;201;Collective Strength
