Rank-5-true;Rank-5-TOT;Measure
11;1287;ORIGINAL-MODEL
3;680;Recall
3;6;Conviction
2;14;Laplace Correction
2;14;Example and Counterexample Rate
2;14;Confidence
2;6;Odd Multiplier
1;425;Ylue Y
1;425;Ylue Q
1;14;Support
1;14;Sebag-Schoenauer
1;14;Prevalence
1;14;Least Contradiction
1;14;Jaccard
1;14;Cosine
1;14;Compliance
1;14;Accuracy
1;6;Lift
0;425;Specificity
0;425;Relative Risk
0;425;Odds Ratio
0;31;Linear Correlation Coefficient
0;12;Piatetsky-Shapiro
0;12;Added Value
0;11;Leverage
0;11;Coverage
0;7;Lovinger
0;6;Zhang
0;6;Two-way Support Variation
0;6;Two-way Support
0;6;One-way Support
0;6;Klosgen
0;6;J Measure
0;6;Interestingness Weighting Dependency
0;6;Information Gain
0;6;Gini Index
0;6;Collective Strength
0;6;Certainty factor
