'Constraint';'Template';'Activation';'Target';'Support';'Confidence level';'Interest factor'
'Init(a)';'Init';'a';;0.932;0.932;0.932
'Participation(a)';'Participation';'a';;1.000;1.000;1.000
'CoExistence(a, b)';'CoExistence';'a';'b';1.000;1.000;1.000
'Succession(a, b)';'Succession';'a';'b';0.974;0.974;0.974
'RespondedExistence(a, b)';'RespondedExistence';'a';'b';1.000;1.000;1.000
'Response(a, b)';'Response';'a';'b';0.986;0.986;0.986
'CoExistence(a, c)';'CoExistence';'a';'c';0.872;0.872;0.872
'RespondedExistence(a, c)';'RespondedExistence';'a';'c';0.872;0.872;0.872
'CoExistence(a, d)';'CoExistence';'a';'d';1.000;1.000;1.000
'Succession(a, d)';'Succession';'a';'d';0.588;0.588;0.588
'RespondedExistence(a, d)';'RespondedExistence';'a';'d';1.000;1.000;1.000
'Response(a, d)';'Response';'a';'d';0.598;0.598;0.598
'CoExistence(a, e)';'CoExistence';'a';'e';0.862;0.862;0.862
'RespondedExistence(a, e)';'RespondedExistence';'a';'e';0.862;0.862;0.862
'CoExistence(a, f)';'CoExistence';'a';'f';0.972;0.972;0.972
'Succession(a, f)';'Succession';'a';'f';0.786;0.786;0.786
'RespondedExistence(a, f)';'RespondedExistence';'a';'f';0.972;0.972;0.972
'Response(a, f)';'Response';'a';'f';0.802;0.802;0.802
'CoExistence(a, g)';'CoExistence';'a';'g';0.900;0.900;0.900
'RespondedExistence(a, g)';'RespondedExistence';'a';'g';0.900;0.900;0.900
'CoExistence(a, h)';'CoExistence';'a';'h';0.676;0.676;0.676
'RespondedExistence(a, h)';'RespondedExistence';'a';'h';0.676;0.676;0.676
'CoExistence(a, i)';'CoExistence';'a';'i';0.908;0.908;0.908
'Succession(a, i)';'Succession';'a';'i';0.524;0.524;0.524
'RespondedExistence(a, i)';'RespondedExistence';'a';'i';0.908;0.908;0.908
'Response(a, i)';'Response';'a';'i';0.526;0.526;0.526
'CoExistence(a, l)';'CoExistence';'a';'l';0.684;0.684;0.684
'RespondedExistence(a, l)';'RespondedExistence';'a';'l';0.684;0.684;0.684
'CoExistence(a, m)';'CoExistence';'a';'m';0.872;0.872;0.872
'RespondedExistence(a, m)';'RespondedExistence';'a';'m';0.872;0.872;0.872
'CoExistence(a, n)';'CoExistence';'a';'n';0.960;0.960;0.960
'Succession(a, n)';'Succession';'a';'n';0.772;0.772;0.772
'RespondedExistence(a, n)';'RespondedExistence';'a';'n';0.960;0.960;0.960
'Response(a, n)';'Response';'a';'n';0.790;0.790;0.790
'CoExistence(a, o)';'CoExistence';'a';'o';0.884;0.884;0.884
'RespondedExistence(a, o)';'RespondedExistence';'a';'o';0.884;0.884;0.884
'CoExistence(a, p)';'CoExistence';'a';'p';0.978;0.978;0.978
'Succession(a, p)';'Succession';'a';'p';0.624;0.624;0.624
'RespondedExistence(a, p)';'RespondedExistence';'a';'p';0.978;0.978;0.978
'Response(a, p)';'Response';'a';'p';0.628;0.628;0.628
'CoExistence(a, q)';'CoExistence';'a';'q';0.906;0.906;0.906
'RespondedExistence(a, q)';'RespondedExistence';'a';'q';0.906;0.906;0.906
'Response(a, q)';'Response';'a';'q';0.502;0.502;0.502
'NotSuccession(a, r)';'NotSuccession';'a';'r';0.874;0.874;0.874
'NotCoExistence(a, r)';'NotCoExistence';'a';'r';0.872;0.872;0.872
'CoExistence(a, s)';'CoExistence';'a';'s';0.878;0.878;0.878
'RespondedExistence(a, s)';'RespondedExistence';'a';'s';0.878;0.878;0.878
'CoExistence(a, t)';'CoExistence';'a';'t';0.960;0.960;0.960
'Succession(a, t)';'Succession';'a';'t';0.552;0.552;0.552
'RespondedExistence(a, t)';'RespondedExistence';'a';'t';0.960;0.960;0.960
'Response(a, t)';'Response';'a';'t';0.554;0.554;0.554
'CoExistence(a, u)';'CoExistence';'a';'u';0.890;0.890;0.890
'RespondedExistence(a, u)';'RespondedExistence';'a';'u';0.890;0.890;0.890
'CoExistence(a, v)';'CoExistence';'a';'v';0.898;0.898;0.898
'Succession(a, v)';'Succession';'a';'v';0.502;0.502;0.502
'RespondedExistence(a, v)';'RespondedExistence';'a';'v';0.898;0.898;0.898
'Response(a, v)';'Response';'a';'v';0.502;0.502;0.502
'CoExistence(a, w)';'CoExistence';'a';'w';0.864;0.864;0.864
'RespondedExistence(a, w)';'RespondedExistence';'a';'w';0.864;0.864;0.864
'CoExistence(a, z)';'CoExistence';'a';'z';0.882;0.882;0.882
'RespondedExistence(a, z)';'RespondedExistence';'a';'z';0.882;0.882;0.882
'End(b)';'End';'b';;0.938;0.938;0.938
'Participation(b)';'Participation';'b';;1.000;1.000;1.000
'Precedence(a, b)';'Precedence';'b';'a';0.988;0.988;0.988
'CoExistence(b, a)';'CoExistence';'b';'a';1.000;1.000;1.000
'RespondedExistence(b, a)';'RespondedExistence';'b';'a';1.000;1.000;1.000
'CoExistence(b, c)';'CoExistence';'b';'c';0.872;0.872;0.872
'RespondedExistence(b, c)';'RespondedExistence';'b';'c';0.872;0.872;0.872
'NotSuccession(b, c)';'NotSuccession';'b';'c';0.610;0.610;0.610
'CoExistence(b, d)';'CoExistence';'b';'d';1.000;1.000;1.000
'RespondedExistence(b, d)';'RespondedExistence';'b';'d';1.000;1.000;1.000
'CoExistence(b, e)';'CoExistence';'b';'e';0.862;0.862;0.862
'RespondedExistence(b, e)';'RespondedExistence';'b';'e';0.862;0.862;0.862
'CoExistence(b, f)';'CoExistence';'b';'f';0.972;0.972;0.972
'RespondedExistence(b, f)';'RespondedExistence';'b';'f';0.972;0.972;0.972
'CoExistence(b, g)';'CoExistence';'b';'g';0.900;0.900;0.900
'RespondedExistence(b, g)';'RespondedExistence';'b';'g';0.900;0.900;0.900
'CoExistence(b, h)';'CoExistence';'b';'h';0.676;0.676;0.676
'RespondedExistence(b, h)';'RespondedExistence';'b';'h';0.676;0.676;0.676
'CoExistence(b, i)';'CoExistence';'b';'i';0.908;0.908;0.908
'RespondedExistence(b, i)';'RespondedExistence';'b';'i';0.908;0.908;0.908
'CoExistence(b, l)';'CoExistence';'b';'l';0.684;0.684;0.684
'RespondedExistence(b, l)';'RespondedExistence';'b';'l';0.684;0.684;0.684
'NotSuccession(b, l)';'NotSuccession';'b';'l';0.508;0.508;0.508
'CoExistence(b, m)';'CoExistence';'b';'m';0.872;0.872;0.872
'RespondedExistence(b, m)';'RespondedExistence';'b';'m';0.872;0.872;0.872
'CoExistence(b, n)';'CoExistence';'b';'n';0.960;0.960;0.960
'RespondedExistence(b, n)';'RespondedExistence';'b';'n';0.960;0.960;0.960
'CoExistence(b, o)';'CoExistence';'b';'o';0.884;0.884;0.884
'RespondedExistence(b, o)';'RespondedExistence';'b';'o';0.884;0.884;0.884
'CoExistence(b, p)';'CoExistence';'b';'p';0.978;0.978;0.978
'RespondedExistence(b, p)';'RespondedExistence';'b';'p';0.978;0.978;0.978
'CoExistence(b, q)';'CoExistence';'b';'q';0.906;0.906;0.906
'RespondedExistence(b, q)';'RespondedExistence';'b';'q';0.906;0.906;0.906
'NotSuccession(b, r)';'NotSuccession';'b';'r';0.930;0.930;0.930
'NotCoExistence(b, r)';'NotCoExistence';'b';'r';0.872;0.872;0.872
'CoExistence(b, s)';'CoExistence';'b';'s';0.878;0.878;0.878
'RespondedExistence(b, s)';'RespondedExistence';'b';'s';0.878;0.878;0.878
'CoExistence(b, t)';'CoExistence';'b';'t';0.960;0.960;0.960
'RespondedExistence(b, t)';'RespondedExistence';'b';'t';0.960;0.960;0.960
'CoExistence(b, u)';'CoExistence';'b';'u';0.890;0.890;0.890
'RespondedExistence(b, u)';'RespondedExistence';'b';'u';0.890;0.890;0.890
'CoExistence(b, v)';'CoExistence';'b';'v';0.898;0.898;0.898
'RespondedExistence(b, v)';'RespondedExistence';'b';'v';0.898;0.898;0.898
'CoExistence(b, w)';'CoExistence';'b';'w';0.864;0.864;0.864
'RespondedExistence(b, w)';'RespondedExistence';'b';'w';0.864;0.864;0.864
'CoExistence(b, z)';'CoExistence';'b';'z';0.882;0.882;0.882
'RespondedExistence(b, z)';'RespondedExistence';'b';'z';0.882;0.882;0.882
'Precedence(d, b)';'Precedence';'b';'d';0.544;0.544;0.544
'Precedence(f, b)';'Precedence';'b';'f';0.514;0.514;0.514
'Precedence(g, b)';'Precedence';'b';'g';0.514;0.514;0.514
'Precedence(i, b)';'Precedence';'b';'i';0.502;0.502;0.502
'Precedence(m, b)';'Precedence';'b';'m';0.516;0.516;0.516
'Precedence(n, b)';'Precedence';'b';'n';0.502;0.502;0.502
'Precedence(p, b)';'Precedence';'b';'p';0.674;0.674;0.674
'Precedence(q, b)';'Precedence';'b';'q';0.518;0.518;0.518
'Precedence(t, b)';'Precedence';'b';'t';0.500;0.500;0.500
'Precedence(u, b)';'Precedence';'b';'u';0.510;0.510;0.510
'Precedence(v, b)';'Precedence';'b';'v';0.526;0.526;0.526
'Precedence(w, b)';'Precedence';'b';'w';0.504;0.504;0.504
'AtMostOne(c)';'AtMostOne';'c';;0.850;0.975;0.975
'Participation(c)';'Participation';'c';;0.872;0.872;0.872
'Precedence(a, c)';'Precedence';'c';'a';0.866;0.993;0.993
'AlternatePrecedence(a, c)';'AlternatePrecedence';'c';'a';0.852;0.977;0.977
'CoExistence(c, a)';'CoExistence';'c';'a';0.872;0.872;0.872
'RespondedExistence(c, a)';'RespondedExistence';'c';'a';0.872;1.000;1.000
'Response(c, a)';'Response';'c';'a';0.638;0.732;0.732
'AlternateResponse(c, a)';'AlternateResponse';'c';'a';0.630;0.722;0.722
'CoExistence(c, b)';'CoExistence';'c';'b';0.872;0.872;0.872
'RespondedExistence(c, b)';'RespondedExistence';'c';'b';0.872;1.000;1.000
'Response(c, b)';'Response';'c';'b';0.864;0.991;0.991
'AlternateResponse(c, b)';'AlternateResponse';'c';'b';0.856;0.982;0.982
'CoExistence(c, d)';'CoExistence';'c';'d';0.872;0.872;0.872
'RespondedExistence(c, d)';'RespondedExistence';'c';'d';0.872;1.000;1.000
'Response(c, d)';'Response';'c';'d';0.686;0.787;0.787
'AlternateResponse(c, d)';'AlternateResponse';'c';'d';0.674;0.773;0.773
'CoExistence(c, e)';'CoExistence';'c';'e';0.760;0.780;0.780
'RespondedExistence(c, e)';'RespondedExistence';'c';'e';0.760;0.872;0.872
'Response(c, e)';'Response';'c';'e';0.616;0.706;0.706
'AlternateResponse(c, e)';'AlternateResponse';'c';'e';0.612;0.702;0.702
'CoExistence(c, f)';'CoExistence';'c';'f';0.850;0.855;0.855
'RespondedExistence(c, f)';'RespondedExistence';'c';'f';0.850;0.975;0.975
'Response(c, f)';'Response';'c';'f';0.790;0.906;0.906
'AlternateResponse(c, f)';'AlternateResponse';'c';'f';0.782;0.897;0.897
'CoExistence(c, g)';'CoExistence';'c';'g';0.792;0.808;0.808
'RespondedExistence(c, g)';'RespondedExistence';'c';'g';0.792;0.908;0.908
'Response(c, g)';'Response';'c';'g';0.608;0.697;0.697
'AlternateResponse(c, g)';'AlternateResponse';'c';'g';0.600;0.688;0.688
'CoExistence(c, h)';'CoExistence';'c';'h';0.588;0.613;0.613
'RespondedExistence(c, h)';'RespondedExistence';'c';'h';0.588;0.674;0.674
'Response(c, h)';'Response';'c';'h';0.498;0.571;0.571
'AlternateResponse(c, h)';'AlternateResponse';'c';'h';0.490;0.562;0.562
'CoExistence(c, i)';'CoExistence';'c';'i';0.800;0.816;0.816
'RespondedExistence(c, i)';'RespondedExistence';'c';'i';0.800;0.917;0.917
'Response(c, i)';'Response';'c';'i';0.670;0.768;0.768
'AlternateResponse(c, i)';'AlternateResponse';'c';'i';0.662;0.759;0.759
'CoExistence(c, l)';'CoExistence';'c';'l';0.600;0.628;0.628
'RespondedExistence(c, l)';'RespondedExistence';'c';'l';0.600;0.688;0.688
'Response(c, l)';'Response';'c';'l';0.494;0.567;0.567
'AlternateResponse(c, l)';'AlternateResponse';'c';'l';0.486;0.557;0.557
'CoExistence(c, m)';'CoExistence';'c';'m';0.774;0.798;0.798
'RespondedExistence(c, m)';'RespondedExistence';'c';'m';0.774;0.888;0.888
'Response(c, m)';'Response';'c';'m';0.510;0.585;0.585
'AlternateResponse(c, m)';'AlternateResponse';'c';'m';0.504;0.578;0.578
'CoExistence(c, n)';'CoExistence';'c';'n';0.850;0.866;0.866
'RespondedExistence(c, n)';'RespondedExistence';'c';'n';0.850;0.975;0.975
'Response(c, n)';'Response';'c';'n';0.790;0.906;0.906
'AlternateResponse(c, n)';'AlternateResponse';'c';'n';0.778;0.892;0.892
'CoExistence(c, o)';'CoExistence';'c';'o';0.774;0.788;0.788
'RespondedExistence(c, o)';'RespondedExistence';'c';'o';0.774;0.888;0.888
'Response(c, o)';'Response';'c';'o';0.620;0.711;0.711
'AlternateResponse(c, o)';'AlternateResponse';'c';'o';0.612;0.702;0.702
'CoExistence(c, p)';'CoExistence';'c';'p';0.852;0.854;0.854
'RespondedExistence(c, p)';'RespondedExistence';'c';'p';0.852;0.977;0.977
'Response(c, p)';'Response';'c';'p';0.734;0.842;0.842
'AlternateResponse(c, p)';'AlternateResponse';'c';'p';0.726;0.833;0.833
'CoExistence(c, q)';'CoExistence';'c';'q';0.806;0.829;0.829
'RespondedExistence(c, q)';'RespondedExistence';'c';'q';0.806;0.924;0.924
'Response(c, q)';'Response';'c';'q';0.662;0.759;0.759
'AlternateResponse(c, q)';'AlternateResponse';'c';'q';0.656;0.752;0.752
'NotSuccession(c, r)';'NotSuccession';'c';'r';0.824;0.928;0.928
'NotCoExistence(c, r)';'NotCoExistence';'c';'r';0.776;0.874;0.874
'CoExistence(c, s)';'CoExistence';'c';'s';0.784;0.812;0.812
'RespondedExistence(c, s)';'RespondedExistence';'c';'s';0.784;0.899;0.899
'Response(c, s)';'Response';'c';'s';0.632;0.725;0.725
'AlternateResponse(c, s)';'AlternateResponse';'c';'s';0.624;0.716;0.716
'CoExistence(c, t)';'CoExistence';'c';'t';0.846;0.858;0.858
'RespondedExistence(c, t)';'RespondedExistence';'c';'t';0.846;0.970;0.970
'Response(c, t)';'Response';'c';'t';0.700;0.803;0.803
'AlternateResponse(c, t)';'AlternateResponse';'c';'t';0.692;0.794;0.794
'CoExistence(c, u)';'CoExistence';'c';'u';0.786;0.805;0.805
'RespondedExistence(c, u)';'RespondedExistence';'c';'u';0.786;0.901;0.901
'Response(c, u)';'Response';'c';'u';0.616;0.706;0.706
'AlternateResponse(c, u)';'AlternateResponse';'c';'u';0.610;0.700;0.700
'CoExistence(c, v)';'CoExistence';'c';'v';0.796;0.817;0.817
'RespondedExistence(c, v)';'RespondedExistence';'c';'v';0.796;0.913;0.913
'Response(c, v)';'Response';'c';'v';0.642;0.736;0.736
'AlternateResponse(c, v)';'AlternateResponse';'c';'v';0.630;0.722;0.722
'CoExistence(c, w)';'CoExistence';'c';'w';0.766;0.790;0.790
'RespondedExistence(c, w)';'RespondedExistence';'c';'w';0.766;0.878;0.878
'Response(c, w)';'Response';'c';'w';0.600;0.688;0.688
'AlternateResponse(c, w)';'AlternateResponse';'c';'w';0.592;0.679;0.679
'CoExistence(c, z)';'CoExistence';'c';'z';0.778;0.797;0.797
'RespondedExistence(c, z)';'RespondedExistence';'c';'z';0.778;0.892;0.892
'Response(c, z)';'Response';'c';'z';0.644;0.739;0.739
'AlternateResponse(c, z)';'AlternateResponse';'c';'z';0.638;0.732;0.732
'Precedence(p, c)';'Precedence';'c';'p';0.558;0.640;0.640
'AlternatePrecedence(p, c)';'AlternatePrecedence';'c';'p';0.554;0.635;0.635
'Participation(d)';'Participation';'d';;1.000;1.000;1.000
'Precedence(a, d)';'Precedence';'d';'a';0.988;0.988;0.988
'CoExistence(d, a)';'CoExistence';'d';'a';1.000;1.000;1.000
'RespondedExistence(d, a)';'RespondedExistence';'d';'a';1.000;1.000;1.000
'CoExistence(d, b)';'CoExistence';'d';'b';1.000;1.000;1.000
'Succession(d, b)';'Succession';'d';'b';0.540;0.540;0.540
'RespondedExistence(d, b)';'RespondedExistence';'d';'b';1.000;1.000;1.000
'Response(d, b)';'Response';'d';'b';0.982;0.982;0.982
'CoExistence(d, c)';'CoExistence';'d';'c';0.872;0.872;0.872
'RespondedExistence(d, c)';'RespondedExistence';'d';'c';0.872;0.872;0.872
'NotSuccession(d, c)';'NotSuccession';'d';'c';0.586;0.586;0.586
'CoExistence(d, e)';'CoExistence';'d';'e';0.862;0.862;0.862
'RespondedExistence(d, e)';'RespondedExistence';'d';'e';0.862;0.862;0.862
'CoExistence(d, f)';'CoExistence';'d';'f';0.972;0.972;0.972
'RespondedExistence(d, f)';'RespondedExistence';'d';'f';0.972;0.972;0.972
'Response(d, f)';'Response';'d';'f';0.700;0.700;0.700
'CoExistence(d, g)';'CoExistence';'d';'g';0.900;0.900;0.900
'RespondedExistence(d, g)';'RespondedExistence';'d';'g';0.900;0.900;0.900
'CoExistence(d, h)';'CoExistence';'d';'h';0.676;0.676;0.676
'RespondedExistence(d, h)';'RespondedExistence';'d';'h';0.676;0.676;0.676
'CoExistence(d, i)';'CoExistence';'d';'i';0.908;0.908;0.908
'RespondedExistence(d, i)';'RespondedExistence';'d';'i';0.908;0.908;0.908
'CoExistence(d, l)';'CoExistence';'d';'l';0.684;0.684;0.684
'RespondedExistence(d, l)';'RespondedExistence';'d';'l';0.684;0.684;0.684
'CoExistence(d, m)';'CoExistence';'d';'m';0.872;0.872;0.872
'RespondedExistence(d, m)';'RespondedExistence';'d';'m';0.872;0.872;0.872
'CoExistence(d, n)';'CoExistence';'d';'n';0.960;0.960;0.960
'RespondedExistence(d, n)';'RespondedExistence';'d';'n';0.960;0.960;0.960
'Response(d, n)';'Response';'d';'n';0.708;0.708;0.708
'CoExistence(d, o)';'CoExistence';'d';'o';0.884;0.884;0.884
'RespondedExistence(d, o)';'RespondedExistence';'d';'o';0.884;0.884;0.884
'CoExistence(d, p)';'CoExistence';'d';'p';0.978;0.978;0.978
'RespondedExistence(d, p)';'RespondedExistence';'d';'p';0.978;0.978;0.978
'Response(d, p)';'Response';'d';'p';0.566;0.566;0.566
'CoExistence(d, q)';'CoExistence';'d';'q';0.906;0.906;0.906
'RespondedExistence(d, q)';'RespondedExistence';'d';'q';0.906;0.906;0.906
'NotSuccession(d, r)';'NotSuccession';'d';'r';0.930;0.930;0.930
'NotCoExistence(d, r)';'NotCoExistence';'d';'r';0.872;0.872;0.872
'CoExistence(d, s)';'CoExistence';'d';'s';0.878;0.878;0.878
'RespondedExistence(d, s)';'RespondedExistence';'d';'s';0.878;0.878;0.878
'CoExistence(d, t)';'CoExistence';'d';'t';0.960;0.960;0.960
'RespondedExistence(d, t)';'RespondedExistence';'d';'t';0.960;0.960;0.960
'CoExistence(d, u)';'CoExistence';'d';'u';0.890;0.890;0.890
'RespondedExistence(d, u)';'RespondedExistence';'d';'u';0.890;0.890;0.890
'CoExistence(d, v)';'CoExistence';'d';'v';0.898;0.898;0.898
'RespondedExistence(d, v)';'RespondedExistence';'d';'v';0.898;0.898;0.898
'CoExistence(d, w)';'CoExistence';'d';'w';0.864;0.864;0.864
'RespondedExistence(d, w)';'RespondedExistence';'d';'w';0.864;0.864;0.864
'CoExistence(d, z)';'CoExistence';'d';'z';0.882;0.882;0.882
'RespondedExistence(d, z)';'RespondedExistence';'d';'z';0.882;0.882;0.882
'Precedence(m, d)';'Precedence';'d';'m';0.512;0.512;0.512
'Precedence(p, d)';'Precedence';'d';'p';0.630;0.630;0.630
'Precedence(q, d)';'Precedence';'d';'q';0.500;0.500;0.500
'Precedence(v, d)';'Precedence';'d';'v';0.506;0.506;0.506
'Participation(e)';'Participation';'e';;0.862;0.862;0.862
'Precedence(a, e)';'Precedence';'e';'a';0.856;0.993;0.993
'CoExistence(e, a)';'CoExistence';'e';'a';0.862;0.862;0.862
'RespondedExistence(e, a)';'RespondedExistence';'e';'a';0.862;1.000;1.000
'CoExistence(e, b)';'CoExistence';'e';'b';0.862;0.862;0.862
'RespondedExistence(e, b)';'RespondedExistence';'e';'b';0.862;1.000;1.000
'Response(e, b)';'Response';'e';'b';0.852;0.988;0.988
'CoExistence(e, c)';'CoExistence';'e';'c';0.760;0.780;0.780
'RespondedExistence(e, c)';'RespondedExistence';'e';'c';0.760;0.882;0.882
'NotSuccession(e, c)';'NotSuccession';'e';'c';0.574;0.589;0.589
'CoExistence(e, d)';'CoExistence';'e';'d';0.862;0.862;0.862
'RespondedExistence(e, d)';'RespondedExistence';'e';'d';0.862;1.000;1.000
'Response(e, d)';'Response';'e';'d';0.454;0.527;0.527
'CoExistence(e, f)';'CoExistence';'e';'f';0.858;0.879;0.879
'RespondedExistence(e, f)';'RespondedExistence';'e';'f';0.858;0.995;0.995
'Response(e, f)';'Response';'e';'f';0.826;0.958;0.958
'CoExistence(e, g)';'CoExistence';'e';'g';0.788;0.809;0.809
'RespondedExistence(e, g)';'RespondedExistence';'e';'g';0.788;0.914;0.914
'CoExistence(e, h)';'CoExistence';'e';'h';0.604;0.647;0.647
'RespondedExistence(e, h)';'RespondedExistence';'e';'h';0.604;0.701;0.701
'CoExistence(e, i)';'CoExistence';'e';'i';0.800;0.825;0.825
'RespondedExistence(e, i)';'RespondedExistence';'e';'i';0.800;0.928;0.928
'CoExistence(e, l)';'CoExistence';'e';'l';0.610;0.652;0.652
'RespondedExistence(e, l)';'RespondedExistence';'e';'l';0.610;0.708;0.708
'CoExistence(e, m)';'CoExistence';'e';'m';0.782;0.821;0.821
'RespondedExistence(e, m)';'RespondedExistence';'e';'m';0.782;0.907;0.907
'CoExistence(e, n)';'CoExistence';'e';'n';0.842;0.859;0.859
'RespondedExistence(e, n)';'RespondedExistence';'e';'n';0.842;0.977;0.977
'Response(e, n)';'Response';'e';'n';0.686;0.796;0.796
'CoExistence(e, o)';'CoExistence';'e';'o';0.768;0.785;0.785
'RespondedExistence(e, o)';'RespondedExistence';'e';'o';0.768;0.891;0.891
'CoExistence(e, p)';'CoExistence';'e';'p';0.850;0.859;0.859
'RespondedExistence(e, p)';'RespondedExistence';'e';'p';0.850;0.986;0.986
'Response(e, p)';'Response';'e';'p';0.546;0.633;0.633
'CoExistence(e, q)';'CoExistence';'e';'q';0.788;0.804;0.804
'RespondedExistence(e, q)';'RespondedExistence';'e';'q';0.788;0.914;0.914
'NotSuccession(e, r)';'NotSuccession';'e';'r';0.806;0.912;0.912
'NotCoExistence(e, r)';'NotCoExistence';'e';'r';0.778;0.880;0.880
'CoExistence(e, s)';'CoExistence';'e';'s';0.778;0.809;0.809
'RespondedExistence(e, s)';'RespondedExistence';'e';'s';0.778;0.903;0.903
'CoExistence(e, t)';'CoExistence';'e';'t';0.844;0.863;0.863
'RespondedExistence(e, t)';'RespondedExistence';'e';'t';0.844;0.979;0.979
'Response(e, t)';'Response';'e';'t';0.470;0.545;0.545
'CoExistence(e, u)';'CoExistence';'e';'u';0.780;0.802;0.802
'RespondedExistence(e, u)';'RespondedExistence';'e';'u';0.780;0.905;0.905
'CoExistence(e, v)';'CoExistence';'e';'v';0.794;0.822;0.822
'RespondedExistence(e, v)';'RespondedExistence';'e';'v';0.794;0.921;0.921
'CoExistence(e, w)';'CoExistence';'e';'w';0.762;0.790;0.790
'RespondedExistence(e, w)';'RespondedExistence';'e';'w';0.762;0.884;0.884
'CoExistence(e, z)';'CoExistence';'e';'z';0.770;0.791;0.791
'RespondedExistence(e, z)';'RespondedExistence';'e';'z';0.770;0.893;0.893
'Precedence(p, e)';'Precedence';'e';'p';0.510;0.592;0.592
'Participation(f)';'Participation';'f';;0.972;0.972;0.972
'Precedence(a, f)';'Precedence';'f';'a';0.954;0.981;0.981
'CoExistence(f, a)';'CoExistence';'f';'a';0.972;0.972;0.972
'RespondedExistence(f, a)';'RespondedExistence';'f';'a';0.972;1.000;1.000
'CoExistence(f, b)';'CoExistence';'f';'b';0.972;0.972;0.972
'Succession(f, b)';'Succession';'f';'b';0.504;0.504;0.504
'RespondedExistence(f, b)';'RespondedExistence';'f';'b';0.972;1.000;1.000
'Response(f, b)';'Response';'f';'b';0.952;0.979;0.979
'CoExistence(f, c)';'CoExistence';'f';'c';0.850;0.855;0.855
'RespondedExistence(f, c)';'RespondedExistence';'f';'c';0.850;0.874;0.874
'NotSuccession(f, c)';'NotSuccession';'f';'c';0.570;0.573;0.573
'CoExistence(f, d)';'CoExistence';'f';'d';0.972;0.972;0.972
'RespondedExistence(f, d)';'RespondedExistence';'f';'d';0.972;1.000;1.000
'CoExistence(f, e)';'CoExistence';'f';'e';0.858;0.879;0.879
'RespondedExistence(f, e)';'RespondedExistence';'f';'e';0.858;0.883;0.883
'CoExistence(f, g)';'CoExistence';'f';'g';0.878;0.883;0.883
'RespondedExistence(f, g)';'RespondedExistence';'f';'g';0.878;0.903;0.903
'CoExistence(f, h)';'CoExistence';'f';'h';0.668;0.682;0.682
'RespondedExistence(f, h)';'RespondedExistence';'f';'h';0.668;0.687;0.687
'CoExistence(f, i)';'CoExistence';'f';'i';0.890;0.899;0.899
'RespondedExistence(f, i)';'RespondedExistence';'f';'i';0.890;0.916;0.916
'CoExistence(f, l)';'CoExistence';'f';'l';0.672;0.683;0.683
'RespondedExistence(f, l)';'RespondedExistence';'f';'l';0.672;0.691;0.691
'CoExistence(f, m)';'CoExistence';'f';'m';0.856;0.866;0.866
'RespondedExistence(f, m)';'RespondedExistence';'f';'m';0.856;0.881;0.881
'CoExistence(f, n)';'CoExistence';'f';'n';0.936;0.940;0.940
'RespondedExistence(f, n)';'RespondedExistence';'f';'n';0.936;0.963;0.963
'CoExistence(f, o)';'CoExistence';'f';'o';0.862;0.867;0.867
'RespondedExistence(f, o)';'RespondedExistence';'f';'o';0.862;0.887;0.887
'CoExistence(f, p)';'CoExistence';'f';'p';0.952;0.954;0.954
'RespondedExistence(f, p)';'RespondedExistence';'f';'p';0.952;0.979;0.979
'CoExistence(f, q)';'CoExistence';'f';'q';0.884;0.889;0.889
'RespondedExistence(f, q)';'RespondedExistence';'f';'q';0.884;0.909;0.909
'NotSuccession(f, r)';'NotSuccession';'f';'r';0.872;0.895;0.895
'NotCoExistence(f, r)';'NotCoExistence';'f';'r';0.848;0.871;0.871
'CoExistence(f, s)';'CoExistence';'f';'s';0.864;0.876;0.876
'RespondedExistence(f, s)';'RespondedExistence';'f';'s';0.864;0.889;0.889
'CoExistence(f, t)';'CoExistence';'f';'t';0.938;0.944;0.944
'RespondedExistence(f, t)';'RespondedExistence';'f';'t';0.938;0.965;0.965
'CoExistence(f, u)';'CoExistence';'f';'u';0.870;0.877;0.877
'RespondedExistence(f, u)';'RespondedExistence';'f';'u';0.870;0.895;0.895
'CoExistence(f, v)';'CoExistence';'f';'v';0.882;0.893;0.893
'RespondedExistence(f, v)';'RespondedExistence';'f';'v';0.882;0.907;0.907
'CoExistence(f, w)';'CoExistence';'f';'w';0.844;0.851;0.851
'RespondedExistence(f, w)';'RespondedExistence';'f';'w';0.844;0.868;0.868
'CoExistence(f, z)';'CoExistence';'f';'z';0.868;0.880;0.880
'RespondedExistence(f, z)';'RespondedExistence';'f';'z';0.868;0.893;0.893
'Precedence(p, f)';'Precedence';'f';'p';0.602;0.619;0.619
'Participation(g)';'Participation';'g';;0.900;0.900;0.900
'Precedence(a, g)';'Precedence';'g';'a';0.890;0.989;0.989
'CoExistence(g, a)';'CoExistence';'g';'a';0.900;0.900;0.900
'RespondedExistence(g, a)';'RespondedExistence';'g';'a';0.900;1.000;1.000
'CoExistence(g, b)';'CoExistence';'g';'b';0.900;0.900;0.900
'Succession(g, b)';'Succession';'g';'b';0.510;0.510;0.510
'RespondedExistence(g, b)';'RespondedExistence';'g';'b';0.900;1.000;1.000
'Response(g, b)';'Response';'g';'b';0.886;0.984;0.984
'CoExistence(g, c)';'CoExistence';'g';'c';0.792;0.808;0.808
'RespondedExistence(g, c)';'RespondedExistence';'g';'c';0.792;0.880;0.880
'NotSuccession(g, c)';'NotSuccession';'g';'c';0.572;0.584;0.584
'CoExistence(g, d)';'CoExistence';'g';'d';0.900;0.900;0.900
'RespondedExistence(g, d)';'RespondedExistence';'g';'d';0.900;1.000;1.000
'Response(g, d)';'Response';'g';'d';0.498;0.553;0.553
'CoExistence(g, e)';'CoExistence';'g';'e';0.788;0.809;0.809
'RespondedExistence(g, e)';'RespondedExistence';'g';'e';0.788;0.876;0.876
'CoExistence(g, f)';'CoExistence';'g';'f';0.878;0.883;0.883
'RespondedExistence(g, f)';'RespondedExistence';'g';'f';0.878;0.976;0.976
'Response(g, f)';'Response';'g';'f';0.712;0.791;0.791
'CoExistence(g, h)';'CoExistence';'g';'h';0.676;0.751;0.751
'RespondedExistence(g, h)';'RespondedExistence';'g';'h';0.676;0.751;0.751
'CoExistence(g, i)';'CoExistence';'g';'i';0.834;0.856;0.856
'RespondedExistence(g, i)';'RespondedExistence';'g';'i';0.834;0.927;0.927
'Response(g, i)';'Response';'g';'i';0.464;0.516;0.516
'CoExistence(g, l)';'CoExistence';'g';'l';0.630;0.660;0.660
'RespondedExistence(g, l)';'RespondedExistence';'g';'l';0.630;0.700;0.700
'CoExistence(g, m)';'CoExistence';'g';'m';0.796;0.816;0.816
'RespondedExistence(g, m)';'RespondedExistence';'g';'m';0.796;0.884;0.884
'CoExistence(g, n)';'CoExistence';'g';'n';0.872;0.883;0.883
'RespondedExistence(g, n)';'RespondedExistence';'g';'n';0.872;0.969;0.969
'Response(g, n)';'Response';'g';'n';0.714;0.793;0.793
'CoExistence(g, o)';'CoExistence';'g';'o';0.796;0.806;0.806
'RespondedExistence(g, o)';'RespondedExistence';'g';'o';0.796;0.884;0.884
'CoExistence(g, p)';'CoExistence';'g';'p';0.884;0.889;0.889
'RespondedExistence(g, p)';'RespondedExistence';'g';'p';0.884;0.982;0.982
'Response(g, p)';'Response';'g';'p';0.550;0.611;0.611
'CoExistence(g, q)';'CoExistence';'g';'q';0.828;0.847;0.847
'RespondedExistence(g, q)';'RespondedExistence';'g';'q';0.828;0.920;0.920
'Response(g, q)';'Response';'g';'q';0.460;0.511;0.511
'NotSuccession(g, r)';'NotSuccession';'g';'r';0.844;0.925;0.925
'NotCoExistence(g, r)';'NotCoExistence';'g';'r';0.796;0.873;0.873
'CoExistence(g, s)';'CoExistence';'g';'s';0.806;0.829;0.829
'RespondedExistence(g, s)';'RespondedExistence';'g';'s';0.806;0.896;0.896
'CoExistence(g, t)';'CoExistence';'g';'t';0.878;0.894;0.894
'RespondedExistence(g, t)';'RespondedExistence';'g';'t';0.878;0.976;0.976
'Response(g, t)';'Response';'g';'t';0.502;0.558;0.558
'CoExistence(g, u)';'CoExistence';'g';'u';0.812;0.830;0.830
'RespondedExistence(g, u)';'RespondedExistence';'g';'u';0.812;0.902;0.902
'CoExistence(g, v)';'CoExistence';'g';'v';0.816;0.831;0.831
'RespondedExistence(g, v)';'RespondedExistence';'g';'v';0.816;0.907;0.907
'CoExistence(g, w)';'CoExistence';'g';'w';0.796;0.822;0.822
'RespondedExistence(g, w)';'RespondedExistence';'g';'w';0.796;0.884;0.884
'CoExistence(g, z)';'CoExistence';'g';'z';0.802;0.818;0.818
'RespondedExistence(g, z)';'RespondedExistence';'g';'z';0.802;0.891;0.891
'Precedence(p, g)';'Precedence';'g';'p';0.552;0.613;0.613
'Participation(h)';'Participation';'h';;0.676;0.676;0.676
'Precedence(a, h)';'Precedence';'h';'a';0.676;1.000;1.000
'AlternatePrecedence(a, h)';'AlternatePrecedence';'h';'a';0.356;0.527;0.527
'Precedence(b, h)';'Precedence';'h';'b';0.402;0.595;0.595
'Precedence(c, h)';'Precedence';'h';'c';0.408;0.604;0.604
'Precedence(d, h)';'Precedence';'h';'d';0.426;0.630;0.630
'Precedence(e, h)';'Precedence';'h';'e';0.414;0.612;0.612
'Precedence(f, h)';'Precedence';'h';'f';0.442;0.654;0.654
'Precedence(g, h)';'Precedence';'h';'g';0.646;0.956;0.956
'CoExistence(h, a)';'CoExistence';'h';'a';0.676;0.676;0.676
'RespondedExistence(h, a)';'RespondedExistence';'h';'a';0.676;1.000;1.000
'NotSuccession(h, a)';'NotSuccession';'h';'a';0.554;0.554;0.554
'CoExistence(h, b)';'CoExistence';'h';'b';0.676;0.676;0.676
'RespondedExistence(h, b)';'RespondedExistence';'h';'b';0.676;1.000;1.000
'Response(h, b)';'Response';'h';'b';0.658;0.973;0.973
'AlternateResponse(h, b)';'AlternateResponse';'h';'b';0.366;0.541;0.541
'CoExistence(h, c)';'CoExistence';'h';'c';0.588;0.613;0.613
'RespondedExistence(h, c)';'RespondedExistence';'h';'c';0.588;0.870;0.870
'NotSuccession(h, c)';'NotSuccession';'h';'c';0.770;0.802;0.802
'CoExistence(h, d)';'CoExistence';'h';'d';0.676;0.676;0.676
'RespondedExistence(h, d)';'RespondedExistence';'h';'d';0.676;1.000;1.000
'CoExistence(h, e)';'CoExistence';'h';'e';0.604;0.647;0.647
'RespondedExistence(h, e)';'RespondedExistence';'h';'e';0.604;0.893;0.893
'NotSuccession(h, e)';'NotSuccession';'h';'e';0.516;0.552;0.552
'CoExistence(h, f)';'CoExistence';'h';'f';0.668;0.682;0.682
'RespondedExistence(h, f)';'RespondedExistence';'h';'f';0.668;0.988;0.988
'Response(h, f)';'Response';'h';'f';0.508;0.751;0.751
'CoExistence(h, g)';'CoExistence';'h';'g';0.676;0.751;0.751
'RespondedExistence(h, g)';'RespondedExistence';'h';'g';0.676;1.000;1.000
'NotSuccession(h, g)';'NotSuccession';'h';'g';0.512;0.569;0.569
'CoExistence(h, i)';'CoExistence';'h';'i';0.626;0.653;0.653
'RespondedExistence(h, i)';'RespondedExistence';'h';'i';0.626;0.926;0.926
'NotSuccession(h, i)';'NotSuccession';'h';'i';0.518;0.541;0.541
'CoExistence(h, l)';'CoExistence';'h';'l';0.476;0.538;0.538
'RespondedExistence(h, l)';'RespondedExistence';'h';'l';0.476;0.704;0.704
'NotSuccession(h, l)';'NotSuccession';'h';'l';0.580;0.656;0.656
'CoExistence(h, m)';'CoExistence';'h';'m';0.612;0.654;0.654
'RespondedExistence(h, m)';'RespondedExistence';'h';'m';0.612;0.905;0.905
'NotSuccession(h, m)';'NotSuccession';'h';'m';0.642;0.686;0.686
'CoExistence(h, n)';'CoExistence';'h';'n';0.662;0.680;0.680
'RespondedExistence(h, n)';'RespondedExistence';'h';'n';0.662;0.979;0.979
'Response(h, n)';'Response';'h';'n';0.506;0.749;0.749
'CoExistence(h, o)';'CoExistence';'h';'o';0.612;0.646;0.646
'RespondedExistence(h, o)';'RespondedExistence';'h';'o';0.612;0.905;0.905
'NotSuccession(h, o)';'NotSuccession';'h';'o';0.542;0.572;0.572
'CoExistence(h, p)';'CoExistence';'h';'p';0.670;0.681;0.681
'RespondedExistence(h, p)';'RespondedExistence';'h';'p';0.670;0.991;0.991
'Response(h, p)';'Response';'h';'p';0.388;0.574;0.574
'CoExistence(h, q)';'CoExistence';'h';'q';0.628;0.658;0.658
'RespondedExistence(h, q)';'RespondedExistence';'h';'q';0.628;0.929;0.929
'NotSuccession(h, q)';'NotSuccession';'h';'q';0.516;0.541;0.541
'NotSuccession(h, r)';'NotSuccession';'h';'r';0.676;0.942;0.942
'NotCoExistence(h, r)';'NotCoExistence';'h';'r';0.632;0.880;0.880
'CoExistence(h, s)';'CoExistence';'h';'s';0.622;0.667;0.667
'RespondedExistence(h, s)';'RespondedExistence';'h';'s';0.622;0.920;0.920
'NotSuccession(h, s)';'NotSuccession';'h';'s';0.500;0.536;0.536
'CoExistence(h, t)';'CoExistence';'h';'t';0.664;0.683;0.683
'RespondedExistence(h, t)';'RespondedExistence';'h';'t';0.664;0.982;0.982
'NotSuccession(h, t)';'NotSuccession';'h';'t';0.520;0.535;0.535
'CoExistence(h, u)';'CoExistence';'h';'u';0.612;0.642;0.642
'RespondedExistence(h, u)';'RespondedExistence';'h';'u';0.612;0.905;0.905
'NotSuccession(h, u)';'NotSuccession';'h';'u';0.538;0.564;0.564
'CoExistence(h, v)';'CoExistence';'h';'v';0.626;0.660;0.660
'RespondedExistence(h, v)';'RespondedExistence';'h';'v';0.626;0.926;0.926
'NotSuccession(h, v)';'NotSuccession';'h';'v';0.516;0.544;0.544
'CoExistence(h, w)';'CoExistence';'h';'w';0.608;0.652;0.652
'RespondedExistence(h, w)';'RespondedExistence';'h';'w';0.608;0.899;0.899
'NotSuccession(h, w)';'NotSuccession';'h';'w';0.514;0.552;0.552
'CoExistence(h, z)';'CoExistence';'h';'z';0.616;0.654;0.654
'RespondedExistence(h, z)';'RespondedExistence';'h';'z';0.616;0.911;0.911
'NotSuccession(h, z)';'NotSuccession';'h';'z';0.528;0.561;0.561
'Precedence(i, h)';'Precedence';'h';'i';0.418;0.618;0.618
'Precedence(m, h)';'Precedence';'h';'m';0.436;0.645;0.645
'Precedence(n, h)';'Precedence';'h';'n';0.402;0.595;0.595
'Precedence(o, h)';'Precedence';'h';'o';0.406;0.601;0.601
'Precedence(p, h)';'Precedence';'h';'p';0.542;0.802;0.802
'Precedence(q, h)';'Precedence';'h';'q';0.434;0.642;0.642
'Precedence(s, h)';'Precedence';'h';'s';0.424;0.627;0.627
'Precedence(t, h)';'Precedence';'h';'t';0.432;0.639;0.639
'Precedence(u, h)';'Precedence';'h';'u';0.424;0.627;0.627
'Precedence(v, h)';'Precedence';'h';'v';0.448;0.663;0.663
'Precedence(w, h)';'Precedence';'h';'w';0.428;0.633;0.633
'Precedence(z, h)';'Precedence';'h';'z';0.438;0.648;0.648
'Participation(i)';'Participation';'i';;0.908;0.908;0.908
'Precedence(a, i)';'Precedence';'i';'a';0.900;0.991;0.991
'Precedence(f, i)';'Precedence';'i';'f';0.456;0.502;0.502
'CoExistence(i, a)';'CoExistence';'i';'a';0.908;0.908;0.908
'RespondedExistence(i, a)';'RespondedExistence';'i';'a';0.908;1.000;1.000
'CoExistence(i, b)';'CoExistence';'i';'b';0.908;0.908;0.908
'RespondedExistence(i, b)';'RespondedExistence';'i';'b';0.908;1.000;1.000
'Response(i, b)';'Response';'i';'b';0.888;0.978;0.978
'CoExistence(i, c)';'CoExistence';'i';'c';0.800;0.816;0.816
'RespondedExistence(i, c)';'RespondedExistence';'i';'c';0.800;0.881;0.881
'NotSuccession(i, c)';'NotSuccession';'i';'c';0.552;0.563;0.563
'CoExistence(i, d)';'CoExistence';'i';'d';0.908;0.908;0.908
'RespondedExistence(i, d)';'RespondedExistence';'i';'d';0.908;1.000;1.000
'Response(i, d)';'Response';'i';'d';0.484;0.533;0.533
'CoExistence(i, e)';'CoExistence';'i';'e';0.800;0.825;0.825
'RespondedExistence(i, e)';'RespondedExistence';'i';'e';0.800;0.881;0.881
'CoExistence(i, f)';'CoExistence';'i';'f';0.890;0.899;0.899
'RespondedExistence(i, f)';'RespondedExistence';'i';'f';0.890;0.980;0.980
'Response(i, f)';'Response';'i';'f';0.694;0.764;0.764
'CoExistence(i, g)';'CoExistence';'i';'g';0.834;0.856;0.856
'RespondedExistence(i, g)';'RespondedExistence';'i';'g';0.834;0.919;0.919
'CoExistence(i, h)';'CoExistence';'i';'h';0.626;0.653;0.653
'RespondedExistence(i, h)';'RespondedExistence';'i';'h';0.626;0.689;0.689
'CoExistence(i, l)';'CoExistence';'i';'l';0.682;0.749;0.749
'RespondedExistence(i, l)';'RespondedExistence';'i';'l';0.682;0.751;0.751
'CoExistence(i, m)';'CoExistence';'i';'m';0.814;0.843;0.843
'RespondedExistence(i, m)';'RespondedExistence';'i';'m';0.814;0.896;0.896
'CoExistence(i, n)';'CoExistence';'i';'n';0.882;0.895;0.895
'RespondedExistence(i, n)';'RespondedExistence';'i';'n';0.882;0.971;0.971
'Response(i, n)';'Response';'i';'n';0.702;0.773;0.773
'CoExistence(i, o)';'CoExistence';'i';'o';0.808;0.821;0.821
'RespondedExistence(i, o)';'RespondedExistence';'i';'o';0.808;0.890;0.890
'CoExistence(i, p)';'CoExistence';'i';'p';0.892;0.897;0.897
'RespondedExistence(i, p)';'RespondedExistence';'i';'p';0.892;0.982;0.982
'Response(i, p)';'Response';'i';'p';0.530;0.584;0.584
'CoExistence(i, q)';'CoExistence';'i';'q';0.832;0.847;0.847
'RespondedExistence(i, q)';'RespondedExistence';'i';'q';0.832;0.916;0.916
'NotSuccession(i, r)';'NotSuccession';'i';'r';0.842;0.913;0.913
'NotCoExistence(i, r)';'NotCoExistence';'i';'r';0.808;0.876;0.876
'CoExistence(i, s)';'CoExistence';'i';'s';0.816;0.841;0.841
'RespondedExistence(i, s)';'RespondedExistence';'i';'s';0.816;0.899;0.899
'CoExistence(i, t)';'CoExistence';'i';'t';0.888;0.906;0.906
'RespondedExistence(i, t)';'RespondedExistence';'i';'t';0.888;0.978;0.978
'Response(i, t)';'Response';'i';'t';0.460;0.507;0.507
'CoExistence(i, u)';'CoExistence';'i';'u';0.816;0.831;0.831
'RespondedExistence(i, u)';'RespondedExistence';'i';'u';0.816;0.899;0.899
'CoExistence(i, v)';'CoExistence';'i';'v';0.826;0.843;0.843
'RespondedExistence(i, v)';'RespondedExistence';'i';'v';0.826;0.910;0.910
'CoExistence(i, w)';'CoExistence';'i';'w';0.804;0.831;0.831
'RespondedExistence(i, w)';'RespondedExistence';'i';'w';0.804;0.885;0.885
'CoExistence(i, z)';'CoExistence';'i';'z';0.816;0.838;0.838
'RespondedExistence(i, z)';'RespondedExistence';'i';'z';0.816;0.899;0.899
'Precedence(p, i)';'Precedence';'i';'p';0.576;0.634;0.634
'AtMostOne(l)';'AtMostOne';'l';;0.492;0.719;0.719
'Participation(l)';'Participation';'l';;0.684;0.684;0.684
'Precedence(a, l)';'Precedence';'l';'a';0.680;0.994;0.994
'AlternatePrecedence(a, l)';'AlternatePrecedence';'l';'a';0.594;0.868;0.868
'Precedence(b, l)';'Precedence';'l';'b';0.434;0.635;0.635
'AlternatePrecedence(b, l)';'AlternatePrecedence';'l';'b';0.384;0.561;0.561
'Precedence(c, l)';'Precedence';'l';'c';0.442;0.646;0.646
'AlternatePrecedence(c, l)';'AlternatePrecedence';'l';'c';0.346;0.506;0.506
'Precedence(d, l)';'Precedence';'l';'d';0.450;0.658;0.658
'AlternatePrecedence(d, l)';'AlternatePrecedence';'l';'d';0.404;0.591;0.591
'Precedence(e, l)';'Precedence';'l';'e';0.448;0.655;0.655
'AlternatePrecedence(e, l)';'AlternatePrecedence';'l';'e';0.402;0.588;0.588
'Precedence(f, l)';'Precedence';'l';'f';0.456;0.667;0.667
'AlternatePrecedence(f, l)';'AlternatePrecedence';'l';'f';0.396;0.579;0.579
'Precedence(g, l)';'Precedence';'l';'g';0.428;0.626;0.626
'AlternatePrecedence(g, l)';'AlternatePrecedence';'l';'g';0.396;0.579;0.579
'Precedence(i, l)';'Precedence';'l';'i';0.672;0.982;0.982
'AlternatePrecedence(i, l)';'AlternatePrecedence';'l';'i';0.662;0.968;0.968
'CoExistence(l, a)';'CoExistence';'l';'a';0.684;0.684;0.684
'RespondedExistence(l, a)';'RespondedExistence';'l';'a';0.684;1.000;1.000
'NotSuccession(l, a)';'NotSuccession';'l';'a';0.588;0.588;0.588
'CoExistence(l, b)';'CoExistence';'l';'b';0.684;0.684;0.684
'RespondedExistence(l, b)';'RespondedExistence';'l';'b';0.684;1.000;1.000
'Response(l, b)';'Response';'l';'b';0.668;0.977;0.977
'AlternateResponse(l, b)';'AlternateResponse';'l';'b';0.570;0.833;0.833
'CoExistence(l, c)';'CoExistence';'l';'c';0.600;0.628;0.628
'RespondedExistence(l, c)';'RespondedExistence';'l';'c';0.600;0.877;0.877
'NotSuccession(l, c)';'NotSuccession';'l';'c';0.792;0.828;0.828
'CoExistence(l, d)';'CoExistence';'l';'d';0.684;0.684;0.684
'RespondedExistence(l, d)';'RespondedExistence';'l';'d';0.684;1.000;1.000
'Response(l, d)';'Response';'l';'d';0.382;0.558;0.558
'NotSuccession(l, d)';'NotSuccession';'l';'d';0.546;0.546;0.546
'CoExistence(l, e)';'CoExistence';'l';'e';0.610;0.652;0.652
'RespondedExistence(l, e)';'RespondedExistence';'l';'e';0.610;0.892;0.892
'NotSuccession(l, e)';'NotSuccession';'l';'e';0.552;0.590;0.590
'CoExistence(l, f)';'CoExistence';'l';'f';0.672;0.683;0.683
'RespondedExistence(l, f)';'RespondedExistence';'l';'f';0.672;0.982;0.982
'Response(l, f)';'Response';'l';'f';0.536;0.784;0.784
'AlternateResponse(l, f)';'AlternateResponse';'l';'f';0.448;0.655;0.655
'CoExistence(l, g)';'CoExistence';'l';'g';0.630;0.660;0.660
'RespondedExistence(l, g)';'RespondedExistence';'l';'g';0.630;0.921;0.921
'NotSuccession(l, g)';'NotSuccession';'l';'g';0.558;0.585;0.585
'CoExistence(l, h)';'CoExistence';'l';'h';0.476;0.538;0.538
'RespondedExistence(l, h)';'RespondedExistence';'l';'h';0.476;0.696;0.696
'NotSuccession(l, h)';'NotSuccession';'l';'h';0.544;0.615;0.615
'CoExistence(l, i)';'CoExistence';'l';'i';0.682;0.749;0.749
'RespondedExistence(l, i)';'RespondedExistence';'l';'i';0.682;0.997;0.997
'NotSuccession(l, i)';'NotSuccession';'l';'i';0.490;0.538;0.538
'CoExistence(l, m)';'CoExistence';'l';'m';0.620;0.662;0.662
'RespondedExistence(l, m)';'RespondedExistence';'l';'m';0.620;0.906;0.906
'NotSuccession(l, m)';'NotSuccession';'l';'m';0.634;0.677;0.677
'CoExistence(l, n)';'CoExistence';'l';'n';0.670;0.688;0.688
'RespondedExistence(l, n)';'RespondedExistence';'l';'n';0.670;0.980;0.980
'Response(l, n)';'Response';'l';'n';0.574;0.839;0.839
'AlternateResponse(l, n)';'AlternateResponse';'l';'n';0.472;0.690;0.690
'CoExistence(l, o)';'CoExistence';'l';'o';0.604;0.627;0.627
'RespondedExistence(l, o)';'RespondedExistence';'l';'o';0.604;0.883;0.883
'NotSuccession(l, o)';'NotSuccession';'l';'o';0.550;0.571;0.571
'CoExistence(l, p)';'CoExistence';'l';'p';0.674;0.682;0.682
'RespondedExistence(l, p)';'RespondedExistence';'l';'p';0.674;0.985;0.985
'Response(l, p)';'Response';'l';'p';0.436;0.637;0.637
'AlternateResponse(l, p)';'AlternateResponse';'l';'p';0.400;0.585;0.585
'CoExistence(l, q)';'CoExistence';'l';'q';0.638;0.670;0.670
'RespondedExistence(l, q)';'RespondedExistence';'l';'q';0.638;0.933;0.933
'Response(l, q)';'Response';'l';'q';0.360;0.526;0.526
'NotSuccession(l, q)';'NotSuccession';'l';'q';0.506;0.532;0.532
'NotSuccession(l, r)';'NotSuccession';'l';'r';0.678;0.931;0.931
'NotCoExistence(l, r)';'NotCoExistence';'l';'r';0.644;0.885;0.885
'CoExistence(l, s)';'CoExistence';'l';'s';0.620;0.658;0.658
'RespondedExistence(l, s)';'RespondedExistence';'l';'s';0.620;0.906;0.906
'NotSuccession(l, s)';'NotSuccession';'l';'s';0.524;0.556;0.556
'CoExistence(l, t)';'CoExistence';'l';'t';0.672;0.691;0.691
'RespondedExistence(l, t)';'RespondedExistence';'l';'t';0.672;0.982;0.982
'Response(l, t)';'Response';'l';'t';0.374;0.547;0.547
'NotSuccession(l, t)';'NotSuccession';'l';'t';0.522;0.537;0.537
'CoExistence(l, u)';'CoExistence';'l';'u';0.616;0.643;0.643
'RespondedExistence(l, u)';'RespondedExistence';'l';'u';0.616;0.901;0.901
'NotSuccession(l, u)';'NotSuccession';'l';'u';0.562;0.587;0.587
'CoExistence(l, v)';'CoExistence';'l';'v';0.626;0.655;0.655
'RespondedExistence(l, v)';'RespondedExistence';'l';'v';0.626;0.915;0.915
'NotSuccession(l, v)';'NotSuccession';'l';'v';0.554;0.579;0.579
'CoExistence(l, w)';'CoExistence';'l';'w';0.614;0.657;0.657
'RespondedExistence(l, w)';'RespondedExistence';'l';'w';0.614;0.898;0.898
'Response(l, w)';'Response';'l';'w';0.342;0.500;0.500
'NotSuccession(l, w)';'NotSuccession';'l';'w';0.526;0.563;0.563
'CoExistence(l, z)';'CoExistence';'l';'z';0.616;0.648;0.648
'RespondedExistence(l, z)';'RespondedExistence';'l';'z';0.616;0.901;0.901
'NotSuccession(l, z)';'NotSuccession';'l';'z';0.542;0.571;0.571
'Precedence(m, l)';'Precedence';'l';'m';0.454;0.664;0.664
'AlternatePrecedence(m, l)';'AlternatePrecedence';'l';'m';0.388;0.567;0.567
'Precedence(n, l)';'Precedence';'l';'n';0.430;0.629;0.629
'AlternatePrecedence(n, l)';'AlternatePrecedence';'l';'n';0.358;0.523;0.523
'Precedence(o, l)';'Precedence';'l';'o';0.420;0.614;0.614
'AlternatePrecedence(o, l)';'AlternatePrecedence';'l';'o';0.376;0.550;0.550
'Precedence(p, l)';'Precedence';'l';'p';0.562;0.822;0.822
'AlternatePrecedence(p, l)';'AlternatePrecedence';'l';'p';0.522;0.763;0.763
'Precedence(q, l)';'Precedence';'l';'q';0.458;0.670;0.670
'AlternatePrecedence(q, l)';'AlternatePrecedence';'l';'q';0.406;0.594;0.594
'Precedence(s, l)';'Precedence';'l';'s';0.456;0.667;0.667
'AlternatePrecedence(s, l)';'AlternatePrecedence';'l';'s';0.400;0.585;0.585
'Precedence(t, l)';'Precedence';'l';'t';0.462;0.675;0.675
'AlternatePrecedence(t, l)';'AlternatePrecedence';'l';'t';0.402;0.588;0.588
'Precedence(u, l)';'Precedence';'l';'u';0.466;0.681;0.681
'AlternatePrecedence(u, l)';'AlternatePrecedence';'l';'u';0.418;0.611;0.611
'Precedence(v, l)';'Precedence';'l';'v';0.476;0.696;0.696
'AlternatePrecedence(v, l)';'AlternatePrecedence';'l';'v';0.434;0.635;0.635
'Precedence(w, l)';'Precedence';'l';'w';0.444;0.649;0.649
'AlternatePrecedence(w, l)';'AlternatePrecedence';'l';'w';0.392;0.573;0.573
'Precedence(z, l)';'Precedence';'l';'z';0.446;0.652;0.652
'AlternatePrecedence(z, l)';'AlternatePrecedence';'l';'z';0.398;0.582;0.582
'AtMostOne(m)';'AtMostOne';'m';;0.512;0.587;0.587
'Participation(m)';'Participation';'m';;0.872;0.872;0.872
'Precedence(a, m)';'Precedence';'m';'a';0.862;0.989;0.989
'AlternatePrecedence(a, m)';'AlternatePrecedence';'m';'a';0.686;0.787;0.787
'CoExistence(m, a)';'CoExistence';'m';'a';0.872;0.872;0.872
'RespondedExistence(m, a)';'RespondedExistence';'m';'a';0.872;1.000;1.000
'Response(m, a)';'Response';'m';'a';0.536;0.615;0.615
'AlternateResponse(m, a)';'AlternateResponse';'m';'a';0.454;0.521;0.521
'CoExistence(m, b)';'CoExistence';'m';'b';0.872;0.872;0.872
'Succession(m, b)';'Succession';'m';'b';0.510;0.510;0.510
'RespondedExistence(m, b)';'RespondedExistence';'m';'b';0.872;1.000;1.000
'Response(m, b)';'Response';'m';'b';0.866;0.993;0.993
'AlternateResponse(m, b)';'AlternateResponse';'m';'b';0.680;0.780;0.780
'CoExistence(m, c)';'CoExistence';'m';'c';0.774;0.798;0.798
'RespondedExistence(m, c)';'RespondedExistence';'m';'c';0.774;0.888;0.888
'NotSuccession(m, c)';'NotSuccession';'m';'c';0.558;0.575;0.575
'CoExistence(m, d)';'CoExistence';'m';'d';0.872;0.872;0.872
'RespondedExistence(m, d)';'RespondedExistence';'m';'d';0.872;1.000;1.000
'Response(m, d)';'Response';'m';'d';0.618;0.709;0.709
'AlternateResponse(m, d)';'AlternateResponse';'m';'d';0.496;0.569;0.569
'CoExistence(m, e)';'CoExistence';'m';'e';0.782;0.821;0.821
'RespondedExistence(m, e)';'RespondedExistence';'m';'e';0.782;0.897;0.897
'Response(m, e)';'Response';'m';'e';0.510;0.585;0.585
'CoExistence(m, f)';'CoExistence';'m';'f';0.856;0.866;0.866
'RespondedExistence(m, f)';'RespondedExistence';'m';'f';0.856;0.982;0.982
'Response(m, f)';'Response';'m';'f';0.750;0.860;0.860
'AlternateResponse(m, f)';'AlternateResponse';'m';'f';0.598;0.686;0.686
'CoExistence(m, g)';'CoExistence';'m';'g';0.796;0.816;0.816
'RespondedExistence(m, g)';'RespondedExistence';'m';'g';0.796;0.913;0.913
'Response(m, g)';'Response';'m';'g';0.508;0.583;0.583
'CoExistence(m, h)';'CoExistence';'m';'h';0.612;0.654;0.654
'RespondedExistence(m, h)';'RespondedExistence';'m';'h';0.612;0.702;0.702
'Response(m, h)';'Response';'m';'h';0.440;0.505;0.505
'CoExistence(m, i)';'CoExistence';'m';'i';0.814;0.843;0.843
'RespondedExistence(m, i)';'RespondedExistence';'m';'i';0.814;0.933;0.933
'Response(m, i)';'Response';'m';'i';0.564;0.647;0.647
'AlternateResponse(m, i)';'AlternateResponse';'m';'i';0.464;0.532;0.532
'CoExistence(m, l)';'CoExistence';'m';'l';0.620;0.662;0.662
'RespondedExistence(m, l)';'RespondedExistence';'m';'l';0.620;0.711;0.711
'CoExistence(m, n)';'CoExistence';'m';'n';0.868;0.900;0.900
'RespondedExistence(m, n)';'RespondedExistence';'m';'n';0.868;0.995;0.995
'Response(m, n)';'Response';'m';'n';0.854;0.979;0.979
'AlternateResponse(m, n)';'AlternateResponse';'m';'n';0.814;0.933;0.933
'CoExistence(m, o)';'CoExistence';'m';'o';0.782;0.803;0.803
'RespondedExistence(m, o)';'RespondedExistence';'m';'o';0.782;0.897;0.897
'Response(m, o)';'Response';'m';'o';0.532;0.610;0.610
'CoExistence(m, p)';'CoExistence';'m';'p';0.862;0.872;0.872
'RespondedExistence(m, p)';'RespondedExistence';'m';'p';0.862;0.989;0.989
'Response(m, p)';'Response';'m';'p';0.662;0.759;0.759
'AlternateResponse(m, p)';'AlternateResponse';'m';'p';0.582;0.667;0.667
'CoExistence(m, q)';'CoExistence';'m';'q';0.800;0.818;0.818
'RespondedExistence(m, q)';'RespondedExistence';'m';'q';0.800;0.917;0.917
'Response(m, q)';'Response';'m';'q';0.548;0.628;0.628
'AlternateResponse(m, q)';'AlternateResponse';'m';'q';0.466;0.534;0.534
'NotSuccession(m, r)';'NotSuccession';'m';'r';0.800;0.905;0.905
'NotCoExistence(m, r)';'NotCoExistence';'m';'r';0.768;0.869;0.869
'CoExistence(m, s)';'CoExistence';'m';'s';0.788;0.819;0.819
'RespondedExistence(m, s)';'RespondedExistence';'m';'s';0.788;0.904;0.904
'Response(m, s)';'Response';'m';'s';0.552;0.633;0.633
'AlternateResponse(m, s)';'AlternateResponse';'m';'s';0.462;0.530;0.530
'CoExistence(m, t)';'CoExistence';'m';'t';0.852;0.869;0.869
'RespondedExistence(m, t)';'RespondedExistence';'m';'t';0.852;0.977;0.977
'Response(m, t)';'Response';'m';'t';0.588;0.674;0.674
'AlternateResponse(m, t)';'AlternateResponse';'m';'t';0.470;0.539;0.539
'CoExistence(m, u)';'CoExistence';'m';'u';0.796;0.824;0.824
'RespondedExistence(m, u)';'RespondedExistence';'m';'u';0.796;0.913;0.913
'Response(m, u)';'Response';'m';'u';0.546;0.626;0.626
'AlternateResponse(m, u)';'AlternateResponse';'m';'u';0.460;0.528;0.528
'CoExistence(m, v)';'CoExistence';'m';'v';0.804;0.832;0.832
'RespondedExistence(m, v)';'RespondedExistence';'m';'v';0.804;0.922;0.922
'Response(m, v)';'Response';'m';'v';0.534;0.612;0.612
'AlternateResponse(m, v)';'AlternateResponse';'m';'v';0.442;0.507;0.507
'CoExistence(m, w)';'CoExistence';'m';'w';0.768;0.793;0.793
'RespondedExistence(m, w)';'RespondedExistence';'m';'w';0.768;0.881;0.881
'Response(m, w)';'Response';'m';'w';0.502;0.576;0.576
'CoExistence(m, z)';'CoExistence';'m';'z';0.782;0.805;0.805
'RespondedExistence(m, z)';'RespondedExistence';'m';'z';0.782;0.897;0.897
'Response(m, z)';'Response';'m';'z';0.536;0.615;0.615
'AlternateResponse(m, z)';'AlternateResponse';'m';'z';0.458;0.525;0.525
'Precedence(p, m)';'Precedence';'m';'p';0.526;0.603;0.603
'AlternatePrecedence(p, m)';'AlternatePrecedence';'m';'p';0.468;0.537;0.537
'Participation(n)';'Participation';'n';;0.960;0.960;0.960
'Precedence(a, n)';'Precedence';'n';'a';0.938;0.977;0.977
'Precedence(i, n)';'Precedence';'n';'i';0.486;0.506;0.506
'Precedence(m, n)';'Precedence';'n';'m';0.484;0.504;0.504
'CoExistence(n, a)';'CoExistence';'n';'a';0.960;0.960;0.960
'RespondedExistence(n, a)';'RespondedExistence';'n';'a';0.960;1.000;1.000
'CoExistence(n, b)';'CoExistence';'n';'b';0.960;0.960;0.960
'RespondedExistence(n, b)';'RespondedExistence';'n';'b';0.960;1.000;1.000
'Response(n, b)';'Response';'n';'b';0.936;0.975;0.975
'CoExistence(n, c)';'CoExistence';'n';'c';0.850;0.866;0.866
'RespondedExistence(n, c)';'RespondedExistence';'n';'c';0.850;0.885;0.885
'NotSuccession(n, c)';'NotSuccession';'n';'c';0.582;0.593;0.593
'CoExistence(n, d)';'CoExistence';'n';'d';0.960;0.960;0.960
'RespondedExistence(n, d)';'RespondedExistence';'n';'d';0.960;1.000;1.000
'CoExistence(n, e)';'CoExistence';'n';'e';0.842;0.859;0.859
'RespondedExistence(n, e)';'RespondedExistence';'n';'e';0.842;0.877;0.877
'CoExistence(n, f)';'CoExistence';'n';'f';0.936;0.940;0.940
'RespondedExistence(n, f)';'RespondedExistence';'n';'f';0.936;0.975;0.975
'CoExistence(n, g)';'CoExistence';'n';'g';0.872;0.883;0.883
'RespondedExistence(n, g)';'RespondedExistence';'n';'g';0.872;0.908;0.908
'CoExistence(n, h)';'CoExistence';'n';'h';0.662;0.680;0.680
'RespondedExistence(n, h)';'RespondedExistence';'n';'h';0.662;0.690;0.690
'CoExistence(n, i)';'CoExistence';'n';'i';0.882;0.895;0.895
'RespondedExistence(n, i)';'RespondedExistence';'n';'i';0.882;0.919;0.919
'CoExistence(n, l)';'CoExistence';'n';'l';0.670;0.688;0.688
'RespondedExistence(n, l)';'RespondedExistence';'n';'l';0.670;0.698;0.698
'NotSuccession(n, l)';'NotSuccession';'n';'l';0.488;0.501;0.501
'CoExistence(n, m)';'CoExistence';'n';'m';0.868;0.900;0.900
'RespondedExistence(n, m)';'RespondedExistence';'n';'m';0.868;0.904;0.904
'CoExistence(n, o)';'CoExistence';'n';'o';0.860;0.874;0.874
'RespondedExistence(n, o)';'RespondedExistence';'n';'o';0.860;0.896;0.896
'CoExistence(n, p)';'CoExistence';'n';'p';0.946;0.954;0.954
'RespondedExistence(n, p)';'RespondedExistence';'n';'p';0.946;0.985;0.985
'CoExistence(n, q)';'CoExistence';'n';'q';0.882;0.896;0.896
'RespondedExistence(n, q)';'RespondedExistence';'n';'q';0.882;0.919;0.919
'NotSuccession(n, r)';'NotSuccession';'n';'r';0.884;0.917;0.917
'NotCoExistence(n, r)';'NotCoExistence';'n';'r';0.840;0.871;0.871
'CoExistence(n, s)';'CoExistence';'n';'s';0.858;0.876;0.876
'RespondedExistence(n, s)';'RespondedExistence';'n';'s';0.858;0.894;0.894
'CoExistence(n, t)';'CoExistence';'n';'t';0.936;0.951;0.951
'RespondedExistence(n, t)';'RespondedExistence';'n';'t';0.936;0.975;0.975
'CoExistence(n, u)';'CoExistence';'n';'u';0.864;0.876;0.876
'RespondedExistence(n, u)';'RespondedExistence';'n';'u';0.864;0.900;0.900
'CoExistence(n, v)';'CoExistence';'n';'v';0.874;0.888;0.888
'RespondedExistence(n, v)';'RespondedExistence';'n';'v';0.874;0.910;0.910
'CoExistence(n, w)';'CoExistence';'n';'w';0.844;0.861;0.861
'RespondedExistence(n, w)';'RespondedExistence';'n';'w';0.844;0.879;0.879
'CoExistence(n, z)';'CoExistence';'n';'z';0.854;0.864;0.864
'RespondedExistence(n, z)';'RespondedExistence';'n';'z';0.854;0.890;0.890
'Precedence(p, n)';'Precedence';'n';'p';0.606;0.631;0.631
'Precedence(q, n)';'Precedence';'n';'q';0.484;0.504;0.504
'Participation(o)';'Participation';'o';;0.884;0.884;0.884
'Precedence(a, o)';'Precedence';'o';'a';0.874;0.989;0.989
'Precedence(m, o)';'Precedence';'o';'m';0.444;0.502;0.502
'CoExistence(o, a)';'CoExistence';'o';'a';0.884;0.884;0.884
'RespondedExistence(o, a)';'RespondedExistence';'o';'a';0.884;1.000;1.000
'CoExistence(o, b)';'CoExistence';'o';'b';0.884;0.884;0.884
'RespondedExistence(o, b)';'RespondedExistence';'o';'b';0.884;1.000;1.000
'Response(o, b)';'Response';'o';'b';0.872;0.986;0.986
'CoExistence(o, c)';'CoExistence';'o';'c';0.774;0.788;0.788
'RespondedExistence(o, c)';'RespondedExistence';'o';'c';0.774;0.876;0.876
'NotSuccession(o, c)';'NotSuccession';'o';'c';0.584;0.595;0.595
'CoExistence(o, d)';'CoExistence';'o';'d';0.884;0.884;0.884
'RespondedExistence(o, d)';'RespondedExistence';'o';'d';0.884;1.000;1.000
'Response(o, d)';'Response';'o';'d';0.482;0.545;0.545
'CoExistence(o, e)';'CoExistence';'o';'e';0.768;0.785;0.785
'RespondedExistence(o, e)';'RespondedExistence';'o';'e';0.768;0.869;0.869
'CoExistence(o, f)';'CoExistence';'o';'f';0.862;0.867;0.867
'RespondedExistence(o, f)';'RespondedExistence';'o';'f';0.862;0.975;0.975
'Response(o, f)';'Response';'o';'f';0.684;0.774;0.774
'CoExistence(o, g)';'CoExistence';'o';'g';0.796;0.806;0.806
'RespondedExistence(o, g)';'RespondedExistence';'o';'g';0.796;0.900;0.900
'CoExistence(o, h)';'CoExistence';'o';'h';0.612;0.646;0.646
'RespondedExistence(o, h)';'RespondedExistence';'o';'h';0.612;0.692;0.692
'CoExistence(o, i)';'CoExistence';'o';'i';0.808;0.821;0.821
'RespondedExistence(o, i)';'RespondedExistence';'o';'i';0.808;0.914;0.914
'CoExistence(o, l)';'CoExistence';'o';'l';0.604;0.627;0.627
'RespondedExistence(o, l)';'RespondedExistence';'o';'l';0.604;0.683;0.683
'NotSuccession(o, l)';'NotSuccession';'o';'l';0.494;0.512;0.512
'CoExistence(o, m)';'CoExistence';'o';'m';0.782;0.803;0.803
'RespondedExistence(o, m)';'RespondedExistence';'o';'m';0.782;0.885;0.885
'CoExistence(o, n)';'CoExistence';'o';'n';0.860;0.874;0.874
'RespondedExistence(o, n)';'RespondedExistence';'o';'n';0.860;0.973;0.973
'Response(o, n)';'Response';'o';'n';0.706;0.799;0.799
'CoExistence(o, p)';'CoExistence';'o';'p';0.884;0.904;0.904
'RespondedExistence(o, p)';'RespondedExistence';'o';'p';0.884;1.000;1.000
'Response(o, p)';'Response';'o';'p';0.838;0.948;0.948
'AlternateResponse(o, p)';'AlternateResponse';'o';'p';0.790;0.894;0.894
'ChainResponse(o, p)';'ChainResponse';'o';'p';0.666;0.753;0.753
'CoExistence(o, q)';'CoExistence';'o';'q';0.802;0.812;0.812
'RespondedExistence(o, q)';'RespondedExistence';'o';'q';0.802;0.907;0.907
'Response(o, q)';'Response';'o';'q';0.454;0.514;0.514
'NotSuccession(o, r)';'NotSuccession';'o';'r';0.844;0.927;0.927
'NotCoExistence(o, r)';'NotCoExistence';'o';'r';0.808;0.888;0.888
'CoExistence(o, s)';'CoExistence';'o';'s';0.788;0.809;0.809
'RespondedExistence(o, s)';'RespondedExistence';'o';'s';0.788;0.891;0.891
'CoExistence(o, t)';'CoExistence';'o';'t';0.854;0.863;0.863
'RespondedExistence(o, t)';'RespondedExistence';'o';'t';0.854;0.966;0.966
'Response(o, t)';'Response';'o';'t';0.464;0.525;0.525
'CoExistence(o, u)';'CoExistence';'o';'u';0.796;0.814;0.814
'RespondedExistence(o, u)';'RespondedExistence';'o';'u';0.796;0.900;0.900
'CoExistence(o, v)';'CoExistence';'o';'v';0.808;0.830;0.830
'RespondedExistence(o, v)';'RespondedExistence';'o';'v';0.808;0.914;0.914
'CoExistence(o, w)';'CoExistence';'o';'w';0.770;0.787;0.787
'RespondedExistence(o, w)';'RespondedExistence';'o';'w';0.770;0.871;0.871
'CoExistence(o, z)';'CoExistence';'o';'z';0.780;0.791;0.791
'RespondedExistence(o, z)';'RespondedExistence';'o';'z';0.780;0.882;0.882
'Precedence(p, o)';'Precedence';'o';'p';0.452;0.511;0.511
'AlternatePrecedence(p, o)';'AlternatePrecedence';'o';'p';0.444;0.502;0.502
'Precedence(q, o)';'Precedence';'o';'q';0.452;0.511;0.511
'Participation(p)';'Participation';'p';;0.978;0.978;0.978
'Precedence(a, p)';'Precedence';'p';'a';0.962;0.984;0.984
'CoExistence(p, a)';'CoExistence';'p';'a';0.978;0.978;0.978
'RespondedExistence(p, a)';'RespondedExistence';'p';'a';0.978;1.000;1.000
'CoExistence(p, b)';'CoExistence';'p';'b';0.978;0.978;0.978
'Succession(p, b)';'Succession';'p';'b';0.666;0.666;0.666
'RespondedExistence(p, b)';'RespondedExistence';'p';'b';0.978;1.000;1.000
'Response(p, b)';'Response';'p';'b';0.964;0.986;0.986
'CoExistence(p, c)';'CoExistence';'p';'c';0.852;0.854;0.854
'RespondedExistence(p, c)';'RespondedExistence';'p';'c';0.852;0.871;0.871
'CoExistence(p, d)';'CoExistence';'p';'d';0.978;0.978;0.978
'RespondedExistence(p, d)';'RespondedExistence';'p';'d';0.978;1.000;1.000
'CoExistence(p, e)';'CoExistence';'p';'e';0.850;0.859;0.859
'RespondedExistence(p, e)';'RespondedExistence';'p';'e';0.850;0.869;0.869
'CoExistence(p, f)';'CoExistence';'p';'f';0.952;0.954;0.954
'RespondedExistence(p, f)';'RespondedExistence';'p';'f';0.952;0.973;0.973
'Response(p, f)';'Response';'p';'f';0.684;0.699;0.699
'CoExistence(p, g)';'CoExistence';'p';'g';0.884;0.889;0.889
'RespondedExistence(p, g)';'RespondedExistence';'p';'g';0.884;0.904;0.904
'CoExistence(p, h)';'CoExistence';'p';'h';0.670;0.681;0.681
'RespondedExistence(p, h)';'RespondedExistence';'p';'h';0.670;0.685;0.685
'CoExistence(p, i)';'CoExistence';'p';'i';0.892;0.897;0.897
'RespondedExistence(p, i)';'RespondedExistence';'p';'i';0.892;0.912;0.912
'CoExistence(p, l)';'CoExistence';'p';'l';0.674;0.682;0.682
'RespondedExistence(p, l)';'RespondedExistence';'p';'l';0.674;0.689;0.689
'CoExistence(p, m)';'CoExistence';'p';'m';0.862;0.872;0.872
'RespondedExistence(p, m)';'RespondedExistence';'p';'m';0.862;0.881;0.881
'CoExistence(p, n)';'CoExistence';'p';'n';0.946;0.954;0.954
'RespondedExistence(p, n)';'RespondedExistence';'p';'n';0.946;0.967;0.967
'Response(p, n)';'Response';'p';'n';0.700;0.716;0.716
'CoExistence(p, o)';'CoExistence';'p';'o';0.884;0.904;0.904
'RespondedExistence(p, o)';'RespondedExistence';'p';'o';0.884;0.904;0.904
'CoExistence(p, q)';'CoExistence';'p';'q';0.890;0.895;0.895
'RespondedExistence(p, q)';'RespondedExistence';'p';'q';0.890;0.910;0.910
'NotSuccession(p, r)';'NotSuccession';'p';'r';0.884;0.902;0.902
'NotCoExistence(p, r)';'NotCoExistence';'p';'r';0.854;0.871;0.871
'CoExistence(p, s)';'CoExistence';'p';'s';0.864;0.871;0.871
'RespondedExistence(p, s)';'RespondedExistence';'p';'s';0.864;0.883;0.883
'CoExistence(p, t)';'CoExistence';'p';'t';0.944;0.950;0.950
'RespondedExistence(p, t)';'RespondedExistence';'p';'t';0.944;0.965;0.965
'CoExistence(p, u)';'CoExistence';'p';'u';0.880;0.891;0.891
'RespondedExistence(p, u)';'RespondedExistence';'p';'u';0.880;0.900;0.900
'CoExistence(p, v)';'CoExistence';'p';'v';0.884;0.891;0.891
'RespondedExistence(p, v)';'RespondedExistence';'p';'v';0.884;0.904;0.904
'CoExistence(p, w)';'CoExistence';'p';'w';0.848;0.853;0.853
'RespondedExistence(p, w)';'RespondedExistence';'p';'w';0.848;0.867;0.867
'CoExistence(p, z)';'CoExistence';'p';'z';0.868;0.875;0.875
'RespondedExistence(p, z)';'RespondedExistence';'p';'z';0.868;0.888;0.888
'Participation(q)';'Participation';'q';;0.906;0.906;0.906
'Precedence(a, q)';'Precedence';'q';'a';0.892;0.985;0.985
'Precedence(p, q)';'Precedence';'q';'p';0.548;0.605;0.605
'CoExistence(q, a)';'CoExistence';'q';'a';0.906;0.906;0.906
'RespondedExistence(q, a)';'RespondedExistence';'q';'a';0.906;1.000;1.000
'CoExistence(q, b)';'CoExistence';'q';'b';0.906;0.906;0.906
'Succession(q, b)';'Succession';'q';'b';0.510;0.510;0.510
'RespondedExistence(q, b)';'RespondedExistence';'q';'b';0.906;1.000;1.000
'Response(q, b)';'Response';'q';'b';0.892;0.985;0.985
'CoExistence(q, c)';'CoExistence';'q';'c';0.806;0.829;0.829
'RespondedExistence(q, c)';'RespondedExistence';'q';'c';0.806;0.890;0.890
'NotSuccession(q, c)';'NotSuccession';'q';'c';0.564;0.580;0.580
'CoExistence(q, d)';'CoExistence';'q';'d';0.906;0.906;0.906
'RespondedExistence(q, d)';'RespondedExistence';'q';'d';0.906;1.000;1.000
'Response(q, d)';'Response';'q';'d';0.460;0.508;0.508
'CoExistence(q, e)';'CoExistence';'q';'e';0.788;0.804;0.804
'RespondedExistence(q, e)';'RespondedExistence';'q';'e';0.788;0.870;0.870
'CoExistence(q, f)';'CoExistence';'q';'f';0.884;0.889;0.889
'RespondedExistence(q, f)';'RespondedExistence';'q';'f';0.884;0.976;0.976
'Response(q, f)';'Response';'q';'f';0.704;0.777;0.777
'CoExistence(q, g)';'CoExistence';'q';'g';0.828;0.847;0.847
'RespondedExistence(q, g)';'RespondedExistence';'q';'g';0.828;0.914;0.914
'CoExistence(q, h)';'CoExistence';'q';'h';0.628;0.658;0.658
'RespondedExistence(q, h)';'RespondedExistence';'q';'h';0.628;0.693;0.693
'CoExistence(q, i)';'CoExistence';'q';'i';0.832;0.847;0.847
'RespondedExistence(q, i)';'RespondedExistence';'q';'i';0.832;0.918;0.918
'CoExistence(q, l)';'CoExistence';'q';'l';0.638;0.670;0.670
'RespondedExistence(q, l)';'RespondedExistence';'q';'l';0.638;0.704;0.704
'CoExistence(q, m)';'CoExistence';'q';'m';0.800;0.818;0.818
'RespondedExistence(q, m)';'RespondedExistence';'q';'m';0.800;0.883;0.883
'CoExistence(q, n)';'CoExistence';'q';'n';0.882;0.896;0.896
'RespondedExistence(q, n)';'RespondedExistence';'q';'n';0.882;0.974;0.974
'Response(q, n)';'Response';'q';'n';0.682;0.753;0.753
'CoExistence(q, o)';'CoExistence';'q';'o';0.802;0.812;0.812
'RespondedExistence(q, o)';'RespondedExistence';'q';'o';0.802;0.885;0.885
'CoExistence(q, p)';'CoExistence';'q';'p';0.890;0.895;0.895
'RespondedExistence(q, p)';'RespondedExistence';'q';'p';0.890;0.982;0.982
'Response(q, p)';'Response';'q';'p';0.530;0.585;0.585
'NotSuccession(q, r)';'NotSuccession';'q';'r';0.782;0.863;0.863
'NotCoExistence(q, r)';'NotCoExistence';'q';'r';0.778;0.859;0.859
'CoExistence(q, s)';'CoExistence';'q';'s';0.808;0.828;0.828
'RespondedExistence(q, s)';'RespondedExistence';'q';'s';0.808;0.892;0.892
'CoExistence(q, t)';'CoExistence';'q';'t';0.882;0.896;0.896
'RespondedExistence(q, t)';'RespondedExistence';'q';'t';0.882;0.974;0.974
'Response(q, t)';'Response';'q';'t';0.486;0.536;0.536
'CoExistence(q, u)';'CoExistence';'q';'u';0.806;0.814;0.814
'RespondedExistence(q, u)';'RespondedExistence';'q';'u';0.806;0.890;0.890
'CoExistence(q, v)';'CoExistence';'q';'v';0.824;0.841;0.841
'RespondedExistence(q, v)';'RespondedExistence';'q';'v';0.824;0.909;0.909
'CoExistence(q, w)';'CoExistence';'q';'w';0.792;0.810;0.810
'RespondedExistence(q, w)';'RespondedExistence';'q';'w';0.792;0.874;0.874
'CoExistence(q, z)';'CoExistence';'q';'z';0.812;0.832;0.832
'RespondedExistence(q, z)';'RespondedExistence';'q';'z';0.812;0.896;0.896
'AtMostOne(r)';'AtMostOne';'r';;0.114;0.891;0.891
'Precedence(a, r)';'Precedence';'r';'a';0.124;0.969;0.969
'AlternatePrecedence(a, r)';'AlternatePrecedence';'r';'a';0.120;0.938;0.938
'Precedence(b, r)';'Precedence';'r';'b';0.064;0.500;0.500
'Precedence(d, r)';'Precedence';'r';'d';0.068;0.531;0.531
'AlternatePrecedence(d, r)';'AlternatePrecedence';'r';'d';0.066;0.516;0.516
'Precedence(e, r)';'Precedence';'r';'e';0.074;0.578;0.578
'AlternatePrecedence(e, r)';'AlternatePrecedence';'r';'e';0.068;0.531;0.531
'Precedence(f, r)';'Precedence';'r';'f';0.098;0.766;0.766
'AlternatePrecedence(f, r)';'AlternatePrecedence';'r';'f';0.094;0.734;0.734
'Precedence(i, r)';'Precedence';'r';'i';0.078;0.609;0.609
'AlternatePrecedence(i, r)';'AlternatePrecedence';'r';'i';0.074;0.578;0.578
'Precedence(m, r)';'Precedence';'r';'m';0.082;0.641;0.641
'AlternatePrecedence(m, r)';'AlternatePrecedence';'r';'m';0.074;0.578;0.578
'Precedence(n, r)';'Precedence';'r';'n';0.080;0.625;0.625
'AlternatePrecedence(n, r)';'AlternatePrecedence';'r';'n';0.078;0.609;0.609
'Precedence(p, r)';'Precedence';'r';'p';0.092;0.719;0.719
'AlternatePrecedence(p, r)';'AlternatePrecedence';'r';'p';0.086;0.672;0.672
'Precedence(q, r)';'Precedence';'r';'q';0.124;0.969;0.969
'AlternatePrecedence(q, r)';'AlternatePrecedence';'r';'q';0.124;0.969;0.969
'ChainPrecedence(q, r)';'ChainPrecedence';'r';'q';0.104;0.813;0.813
'RespondedExistence(r, a)';'RespondedExistence';'r';'a';0.128;1.000;1.000
'Response(r, a)';'Response';'r';'a';0.078;0.609;0.609
'AlternateResponse(r, a)';'AlternateResponse';'r';'a';0.076;0.594;0.594
'NotSuccession(r, a)';'NotSuccession';'r';'a';0.920;0.920;0.920
'NotCoExistence(r, a)';'NotCoExistence';'r';'a';0.872;0.872;0.872
'RespondedExistence(r, b)';'RespondedExistence';'r';'b';0.128;1.000;1.000
'Response(r, b)';'Response';'r';'b';0.128;1.000;1.000
'AlternateResponse(r, b)';'AlternateResponse';'r';'b';0.122;0.953;0.953
'NotSuccession(r, b)';'NotSuccession';'r';'b';0.872;0.872;0.872
'NotCoExistence(r, b)';'NotCoExistence';'r';'b';0.872;0.872;0.872
'RespondedExistence(r, c)';'RespondedExistence';'r';'c';0.112;0.875;0.875
'NotSuccession(r, c)';'NotSuccession';'r';'c';0.832;0.937;0.937
'NotCoExistence(r, c)';'NotCoExistence';'r';'c';0.776;0.874;0.874
'RespondedExistence(r, d)';'RespondedExistence';'r';'d';0.128;1.000;1.000
'Response(r, d)';'Response';'r';'d';0.094;0.734;0.734
'AlternateResponse(r, d)';'AlternateResponse';'r';'d';0.086;0.672;0.672
'NotSuccession(r, d)';'NotSuccession';'r';'d';0.904;0.904;0.904
'NotCoExistence(r, d)';'NotCoExistence';'r';'d';0.872;0.872;0.872
'RespondedExistence(r, e)';'RespondedExistence';'r';'e';0.106;0.828;0.828
'Response(r, e)';'Response';'r';'e';0.064;0.500;0.500
'NotSuccession(r, e)';'NotSuccession';'r';'e';0.818;0.925;0.925
'NotCoExistence(r, e)';'NotCoExistence';'r';'e';0.778;0.880;0.880
'RespondedExistence(r, f)';'RespondedExistence';'r';'f';0.126;0.984;0.984
'Response(r, f)';'Response';'r';'f';0.104;0.813;0.813
'AlternateResponse(r, f)';'AlternateResponse';'r';'f';0.098;0.766;0.766
'NotSuccession(r, f)';'NotSuccession';'r';'f';0.868;0.891;0.891
'NotCoExistence(r, f)';'NotCoExistence';'r';'f';0.848;0.871;0.871
'RespondedExistence(r, g)';'RespondedExistence';'r';'g';0.116;0.906;0.906
'Response(r, g)';'Response';'r';'g';0.076;0.594;0.594
'AlternateResponse(r, g)';'AlternateResponse';'r';'g';0.074;0.578;0.578
'NotSuccession(r, g)';'NotSuccession';'r';'g';0.834;0.914;0.914
'NotCoExistence(r, g)';'NotCoExistence';'r';'g';0.796;0.873;0.873
'RespondedExistence(r, h)';'RespondedExistence';'r';'h';0.086;0.672;0.672
'NotSuccession(r, h)';'NotSuccession';'r';'h';0.656;0.914;0.914
'NotCoExistence(r, h)';'NotCoExistence';'r';'h';0.632;0.880;0.880
'RespondedExistence(r, i)';'RespondedExistence';'r';'i';0.114;0.891;0.891
'Response(r, i)';'Response';'r';'i';0.078;0.609;0.609
'AlternateResponse(r, i)';'AlternateResponse';'r';'i';0.074;0.578;0.578
'NotSuccession(r, i)';'NotSuccession';'r';'i';0.844;0.915;0.915
'NotCoExistence(r, i)';'NotCoExistence';'r';'i';0.808;0.876;0.876
'RespondedExistence(r, l)';'RespondedExistence';'r';'l';0.084;0.656;0.656
'NotSuccession(r, l)';'NotSuccession';'r';'l';0.676;0.929;0.929
'NotCoExistence(r, l)';'NotCoExistence';'r';'l';0.644;0.885;0.885
'RespondedExistence(r, m)';'RespondedExistence';'r';'m';0.116;0.906;0.906
'NotSuccession(r, m)';'NotSuccession';'r';'m';0.820;0.928;0.928
'NotCoExistence(r, m)';'NotCoExistence';'r';'m';0.768;0.869;0.869
'RespondedExistence(r, n)';'RespondedExistence';'r';'n';0.124;0.969;0.969
'Response(r, n)';'Response';'r';'n';0.112;0.875;0.875
'AlternateResponse(r, n)';'AlternateResponse';'r';'n';0.102;0.797;0.797
'NotSuccession(r, n)';'NotSuccession';'r';'n';0.850;0.882;0.882
'NotCoExistence(r, n)';'NotCoExistence';'r';'n';0.840;0.871;0.871
'RespondedExistence(r, o)';'RespondedExistence';'r';'o';0.102;0.797;0.797
'Response(r, o)';'Response';'r';'o';0.066;0.516;0.516
'NotSuccession(r, o)';'NotSuccession';'r';'o';0.840;0.923;0.923
'NotCoExistence(r, o)';'NotCoExistence';'r';'o';0.808;0.888;0.888
'RespondedExistence(r, p)';'RespondedExistence';'r';'p';0.126;0.984;0.984
'Response(r, p)';'Response';'r';'p';0.096;0.750;0.750
'AlternateResponse(r, p)';'AlternateResponse';'r';'p';0.092;0.719;0.719
'NotSuccession(r, p)';'NotSuccession';'r';'p';0.884;0.902;0.902
'NotCoExistence(r, p)';'NotCoExistence';'r';'p';0.854;0.871;0.871
'RespondedExistence(r, q)';'RespondedExistence';'r';'q';0.128;1.000;1.000
'Response(r, q)';'Response';'r';'q';0.074;0.578;0.578
'AlternateResponse(r, q)';'AlternateResponse';'r';'q';0.074;0.578;0.578
'NotSuccession(r, q)';'NotSuccession';'r';'q';0.830;0.916;0.916
'NotCoExistence(r, q)';'NotCoExistence';'r';'q';0.778;0.859;0.859
'RespondedExistence(r, s)';'RespondedExistence';'r';'s';0.112;0.875;0.875
'Response(r, s)';'Response';'r';'s';0.080;0.625;0.625
'AlternateResponse(r, s)';'AlternateResponse';'r';'s';0.074;0.578;0.578
'NotSuccession(r, s)';'NotSuccession';'r';'s';0.812;0.908;0.908
'NotCoExistence(r, s)';'NotCoExistence';'r';'s';0.782;0.875;0.875
'RespondedExistence(r, t)';'RespondedExistence';'r';'t';0.122;0.953;0.953
'Response(r, t)';'Response';'r';'t';0.090;0.703;0.703
'AlternateResponse(r, t)';'AlternateResponse';'r';'t';0.080;0.625;0.625
'NotSuccession(r, t)';'NotSuccession';'r';'t';0.876;0.907;0.907
'NotCoExistence(r, t)';'NotCoExistence';'r';'t';0.844;0.874;0.874
'RespondedExistence(r, u)';'RespondedExistence';'r';'u';0.110;0.859;0.859
'Response(r, u)';'Response';'r';'u';0.070;0.547;0.547
'NotSuccession(r, u)';'NotSuccession';'r';'u';0.836;0.921;0.921
'NotCoExistence(r, u)';'NotCoExistence';'r';'u';0.798;0.879;0.879
'RespondedExistence(r, v)';'RespondedExistence';'r';'v';0.116;0.906;0.906
'Response(r, v)';'Response';'r';'v';0.074;0.578;0.578
'AlternateResponse(r, v)';'AlternateResponse';'r';'v';0.066;0.516;0.516
'NotSuccession(r, v)';'NotSuccession';'r';'v';0.834;0.916;0.916
'NotCoExistence(r, v)';'NotCoExistence';'r';'v';0.794;0.873;0.873
'RespondedExistence(r, w)';'RespondedExistence';'r';'w';0.114;0.891;0.891
'Response(r, w)';'Response';'r';'w';0.074;0.578;0.578
'AlternateResponse(r, w)';'AlternateResponse';'r';'w';0.072;0.563;0.563
'NotSuccession(r, w)';'NotSuccession';'r';'w';0.800;0.911;0.911
'NotCoExistence(r, w)';'NotCoExistence';'r';'w';0.764;0.870;0.870
'RespondedExistence(r, z)';'RespondedExistence';'r';'z';0.112;0.875;0.875
'Response(r, z)';'Response';'r';'z';0.084;0.656;0.656
'AlternateResponse(r, z)';'AlternateResponse';'r';'z';0.076;0.594;0.594
'NotSuccession(r, z)';'NotSuccession';'r';'z';0.810;0.902;0.902
'NotCoExistence(r, z)';'NotCoExistence';'r';'z';0.786;0.875;0.875
'Precedence(s, r)';'Precedence';'r';'s';0.072;0.563;0.563
'AlternatePrecedence(s, r)';'AlternatePrecedence';'r';'s';0.070;0.547;0.547
'Precedence(u, r)';'Precedence';'r';'u';0.070;0.547;0.547
'AlternatePrecedence(u, r)';'AlternatePrecedence';'r';'u';0.064;0.500;0.500
'Precedence(v, r)';'Precedence';'r';'v';0.066;0.516;0.516
'Precedence(w, r)';'Precedence';'r';'w';0.070;0.547;0.547
'AlternatePrecedence(w, r)';'AlternatePrecedence';'r';'w';0.066;0.516;0.516
'Precedence(z, r)';'Precedence';'r';'z';0.068;0.531;0.531
'AlternatePrecedence(z, r)';'AlternatePrecedence';'r';'z';0.064;0.500;0.500
'Participation(s)';'Participation';'s';;0.878;0.878;0.878
'Precedence(a, s)';'Precedence';'s';'a';0.864;0.984;0.984
'Precedence(p, s)';'Precedence';'s';'p';0.526;0.599;0.599
'CoExistence(s, a)';'CoExistence';'s';'a';0.878;0.878;0.878
'RespondedExistence(s, a)';'RespondedExistence';'s';'a';0.878;1.000;1.000
'CoExistence(s, b)';'CoExistence';'s';'b';0.878;0.878;0.878
'RespondedExistence(s, b)';'RespondedExistence';'s';'b';0.878;1.000;1.000
'Response(s, b)';'Response';'s';'b';0.862;0.982;0.982
'CoExistence(s, c)';'CoExistence';'s';'c';0.784;0.812;0.812
'RespondedExistence(s, c)';'RespondedExistence';'s';'c';0.784;0.893;0.893
'NotSuccession(s, c)';'NotSuccession';'s';'c';0.538;0.557;0.557
'CoExistence(s, d)';'CoExistence';'s';'d';0.878;0.878;0.878
'RespondedExistence(s, d)';'RespondedExistence';'s';'d';0.878;1.000;1.000
'Response(s, d)';'Response';'s';'d';0.480;0.547;0.547
'CoExistence(s, e)';'CoExistence';'s';'e';0.778;0.809;0.809
'RespondedExistence(s, e)';'RespondedExistence';'s';'e';0.778;0.886;0.886
'CoExistence(s, f)';'CoExistence';'s';'f';0.864;0.876;0.876
'RespondedExistence(s, f)';'RespondedExistence';'s';'f';0.864;0.984;0.984
'Response(s, f)';'Response';'s';'f';0.686;0.781;0.781
'CoExistence(s, g)';'CoExistence';'s';'g';0.806;0.829;0.829
'RespondedExistence(s, g)';'RespondedExistence';'s';'g';0.806;0.918;0.918
'CoExistence(s, h)';'CoExistence';'s';'h';0.622;0.667;0.667
'RespondedExistence(s, h)';'RespondedExistence';'s';'h';0.622;0.708;0.708
'CoExistence(s, i)';'CoExistence';'s';'i';0.816;0.841;0.841
'RespondedExistence(s, i)';'RespondedExistence';'s';'i';0.816;0.929;0.929
'Response(s, i)';'Response';'s';'i';0.442;0.503;0.503
'CoExistence(s, l)';'CoExistence';'s';'l';0.620;0.658;0.658
'RespondedExistence(s, l)';'RespondedExistence';'s';'l';0.620;0.706;0.706
'CoExistence(s, m)';'CoExistence';'s';'m';0.788;0.819;0.819
'RespondedExistence(s, m)';'RespondedExistence';'s';'m';0.788;0.897;0.897
'CoExistence(s, n)';'CoExistence';'s';'n';0.858;0.876;0.876
'RespondedExistence(s, n)';'RespondedExistence';'s';'n';0.858;0.977;0.977
'Response(s, n)';'Response';'s';'n';0.696;0.793;0.793
'CoExistence(s, o)';'CoExistence';'s';'o';0.788;0.809;0.809
'RespondedExistence(s, o)';'RespondedExistence';'s';'o';0.788;0.897;0.897
'CoExistence(s, p)';'CoExistence';'s';'p';0.864;0.871;0.871
'RespondedExistence(s, p)';'RespondedExistence';'s';'p';0.864;0.984;0.984
'Response(s, p)';'Response';'s';'p';0.554;0.631;0.631
'CoExistence(s, q)';'CoExistence';'s';'q';0.808;0.828;0.828
'RespondedExistence(s, q)';'RespondedExistence';'s';'q';0.808;0.920;0.920
'NotSuccession(s, r)';'NotSuccession';'s';'r';0.818;0.915;0.915
'NotCoExistence(s, r)';'NotCoExistence';'s';'r';0.782;0.875;0.875
'CoExistence(s, t)';'CoExistence';'s';'t';0.874;0.907;0.907
'RespondedExistence(s, t)';'RespondedExistence';'s';'t';0.874;0.995;0.995
'Response(s, t)';'Response';'s';'t';0.486;0.554;0.554
'CoExistence(s, u)';'CoExistence';'s';'u';0.800;0.826;0.826
'RespondedExistence(s, u)';'RespondedExistence';'s';'u';0.800;0.911;0.911
'CoExistence(s, v)';'CoExistence';'s';'v';0.802;0.823;0.823
'RespondedExistence(s, v)';'RespondedExistence';'s';'v';0.802;0.913;0.913
'CoExistence(s, w)';'CoExistence';'s';'w';0.782;0.815;0.815
'RespondedExistence(s, w)';'RespondedExistence';'s';'w';0.782;0.891;0.891
'CoExistence(s, z)';'CoExistence';'s';'z';0.792;0.818;0.818
'RespondedExistence(s, z)';'RespondedExistence';'s';'z';0.792;0.902;0.902
'Participation(t)';'Participation';'t';;0.960;0.960;0.960
'Precedence(a, t)';'Precedence';'t';'a';0.950;0.990;0.990
'Precedence(d, t)';'Precedence';'t';'d';0.486;0.506;0.506
'Precedence(f, t)';'Precedence';'t';'f';0.496;0.517;0.517
'Precedence(g, t)';'Precedence';'t';'g';0.484;0.504;0.504
'Precedence(i, t)';'Precedence';'t';'i';0.488;0.508;0.508
'Precedence(m, t)';'Precedence';'t';'m';0.496;0.517;0.517
'Precedence(n, t)';'Precedence';'t';'n';0.492;0.513;0.513
'Precedence(p, t)';'Precedence';'t';'p';0.624;0.650;0.650
'Precedence(q, t)';'Precedence';'t';'q';0.486;0.506;0.506
'Precedence(s, t)';'Precedence';'t';'s';0.512;0.533;0.533
'CoExistence(t, a)';'CoExistence';'t';'a';0.960;0.960;0.960
'RespondedExistence(t, a)';'RespondedExistence';'t';'a';0.960;1.000;1.000
'CoExistence(t, b)';'CoExistence';'t';'b';0.960;0.960;0.960
'RespondedExistence(t, b)';'RespondedExistence';'t';'b';0.960;1.000;1.000
'Response(t, b)';'Response';'t';'b';0.934;0.973;0.973
'CoExistence(t, c)';'CoExistence';'t';'c';0.846;0.858;0.858
'RespondedExistence(t, c)';'RespondedExistence';'t';'c';0.846;0.881;0.881
'NotSuccession(t, c)';'NotSuccession';'t';'c';0.584;0.592;0.592
'CoExistence(t, d)';'CoExistence';'t';'d';0.960;0.960;0.960
'RespondedExistence(t, d)';'RespondedExistence';'t';'d';0.960;1.000;1.000
'CoExistence(t, e)';'CoExistence';'t';'e';0.844;0.863;0.863
'RespondedExistence(t, e)';'RespondedExistence';'t';'e';0.844;0.879;0.879
'CoExistence(t, f)';'CoExistence';'t';'f';0.938;0.944;0.944
'RespondedExistence(t, f)';'RespondedExistence';'t';'f';0.938;0.977;0.977
'Response(t, f)';'Response';'t';'f';0.692;0.721;0.721
'CoExistence(t, g)';'CoExistence';'t';'g';0.878;0.894;0.894
'RespondedExistence(t, g)';'RespondedExistence';'t';'g';0.878;0.915;0.915
'CoExistence(t, h)';'CoExistence';'t';'h';0.664;0.683;0.683
'RespondedExistence(t, h)';'RespondedExistence';'t';'h';0.664;0.692;0.692
'CoExistence(t, i)';'CoExistence';'t';'i';0.888;0.906;0.906
'RespondedExistence(t, i)';'RespondedExistence';'t';'i';0.888;0.925;0.925
'CoExistence(t, l)';'CoExistence';'t';'l';0.672;0.691;0.691
'RespondedExistence(t, l)';'RespondedExistence';'t';'l';0.672;0.700;0.700
'CoExistence(t, m)';'CoExistence';'t';'m';0.852;0.869;0.869
'RespondedExistence(t, m)';'RespondedExistence';'t';'m';0.852;0.888;0.888
'CoExistence(t, n)';'CoExistence';'t';'n';0.936;0.951;0.951
'RespondedExistence(t, n)';'RespondedExistence';'t';'n';0.936;0.975;0.975
'Response(t, n)';'Response';'t';'n';0.700;0.729;0.729
'CoExistence(t, o)';'CoExistence';'t';'o';0.854;0.863;0.863
'RespondedExistence(t, o)';'RespondedExistence';'t';'o';0.854;0.890;0.890
'CoExistence(t, p)';'CoExistence';'t';'p';0.944;0.950;0.950
'RespondedExistence(t, p)';'RespondedExistence';'t';'p';0.944;0.983;0.983
'Response(t, p)';'Response';'t';'p';0.540;0.563;0.563
'CoExistence(t, q)';'CoExistence';'t';'q';0.882;0.896;0.896
'RespondedExistence(t, q)';'RespondedExistence';'t';'q';0.882;0.919;0.919
'NotSuccession(t, r)';'NotSuccession';'t';'r';0.902;0.934;0.934
'NotCoExistence(t, r)';'NotCoExistence';'t';'r';0.844;0.874;0.874
'CoExistence(t, s)';'CoExistence';'t';'s';0.874;0.907;0.907
'RespondedExistence(t, s)';'RespondedExistence';'t';'s';0.874;0.910;0.910
'CoExistence(t, u)';'CoExistence';'t';'u';0.872;0.892;0.892
'RespondedExistence(t, u)';'RespondedExistence';'t';'u';0.872;0.908;0.908
'CoExistence(t, v)';'CoExistence';'t';'v';0.872;0.884;0.884
'RespondedExistence(t, v)';'RespondedExistence';'t';'v';0.872;0.908;0.908
'CoExistence(t, w)';'CoExistence';'t';'w';0.848;0.869;0.869
'RespondedExistence(t, w)';'RespondedExistence';'t';'w';0.848;0.883;0.883
'CoExistence(t, z)';'CoExistence';'t';'z';0.862;0.880;0.880
'RespondedExistence(t, z)';'RespondedExistence';'t';'z';0.862;0.898;0.898
'Precedence(u, t)';'Precedence';'t';'u';0.484;0.504;0.504
'Precedence(v, t)';'Precedence';'t';'v';0.482;0.502;0.502
'Precedence(w, t)';'Precedence';'t';'w';0.484;0.504;0.504
'Precedence(z, t)';'Precedence';'t';'z';0.482;0.502;0.502
'Participation(u)';'Participation';'u';;0.890;0.890;0.890
'Precedence(a, u)';'Precedence';'u';'a';0.876;0.984;0.984
'Precedence(p, u)';'Precedence';'u';'p';0.558;0.627;0.627
'CoExistence(u, a)';'CoExistence';'u';'a';0.890;0.890;0.890
'RespondedExistence(u, a)';'RespondedExistence';'u';'a';0.890;1.000;1.000
'CoExistence(u, b)';'CoExistence';'u';'b';0.890;0.890;0.890
'Succession(u, b)';'Succession';'u';'b';0.504;0.504;0.504
'RespondedExistence(u, b)';'RespondedExistence';'u';'b';0.890;1.000;1.000
'Response(u, b)';'Response';'u';'b';0.880;0.989;0.989
'CoExistence(u, c)';'CoExistence';'u';'c';0.786;0.805;0.805
'RespondedExistence(u, c)';'RespondedExistence';'u';'c';0.786;0.883;0.883
'NotSuccession(u, c)';'NotSuccession';'u';'c';0.550;0.564;0.564
'CoExistence(u, d)';'CoExistence';'u';'d';0.890;0.890;0.890
'RespondedExistence(u, d)';'RespondedExistence';'u';'d';0.890;1.000;1.000
'Response(u, d)';'Response';'u';'d';0.488;0.548;0.548
'CoExistence(u, e)';'CoExistence';'u';'e';0.780;0.802;0.802
'RespondedExistence(u, e)';'RespondedExistence';'u';'e';0.780;0.876;0.876
'CoExistence(u, f)';'CoExistence';'u';'f';0.870;0.877;0.877
'RespondedExistence(u, f)';'RespondedExistence';'u';'f';0.870;0.978;0.978
'Response(u, f)';'Response';'u';'f';0.700;0.787;0.787
'CoExistence(u, g)';'CoExistence';'u';'g';0.812;0.830;0.830
'RespondedExistence(u, g)';'RespondedExistence';'u';'g';0.812;0.912;0.912
'CoExistence(u, h)';'CoExistence';'u';'h';0.612;0.642;0.642
'RespondedExistence(u, h)';'RespondedExistence';'u';'h';0.612;0.688;0.688
'CoExistence(u, i)';'CoExistence';'u';'i';0.816;0.831;0.831
'RespondedExistence(u, i)';'RespondedExistence';'u';'i';0.816;0.917;0.917
'CoExistence(u, l)';'CoExistence';'u';'l';0.616;0.643;0.643
'RespondedExistence(u, l)';'RespondedExistence';'u';'l';0.616;0.692;0.692
'CoExistence(u, m)';'CoExistence';'u';'m';0.796;0.824;0.824
'RespondedExistence(u, m)';'RespondedExistence';'u';'m';0.796;0.894;0.894
'CoExistence(u, n)';'CoExistence';'u';'n';0.864;0.876;0.876
'RespondedExistence(u, n)';'RespondedExistence';'u';'n';0.864;0.971;0.971
'Response(u, n)';'Response';'u';'n';0.710;0.798;0.798
'CoExistence(u, o)';'CoExistence';'u';'o';0.796;0.814;0.814
'RespondedExistence(u, o)';'RespondedExistence';'u';'o';0.796;0.894;0.894
'CoExistence(u, p)';'CoExistence';'u';'p';0.880;0.891;0.891
'RespondedExistence(u, p)';'RespondedExistence';'u';'p';0.880;0.989;0.989
'Response(u, p)';'Response';'u';'p';0.540;0.607;0.607
'CoExistence(u, q)';'CoExistence';'u';'q';0.806;0.814;0.814
'RespondedExistence(u, q)';'RespondedExistence';'u';'q';0.806;0.906;0.906
'NotSuccession(u, r)';'NotSuccession';'u';'r';0.836;0.921;0.921
'NotCoExistence(u, r)';'NotCoExistence';'u';'r';0.798;0.879;0.879
'CoExistence(u, s)';'CoExistence';'u';'s';0.800;0.826;0.826
'RespondedExistence(u, s)';'RespondedExistence';'u';'s';0.800;0.899;0.899
'CoExistence(u, t)';'CoExistence';'u';'t';0.872;0.892;0.892
'RespondedExistence(u, t)';'RespondedExistence';'u';'t';0.872;0.980;0.980
'Response(u, t)';'Response';'u';'t';0.482;0.542;0.542
'CoExistence(u, v)';'CoExistence';'u';'v';0.806;0.821;0.821
'RespondedExistence(u, v)';'RespondedExistence';'u';'v';0.806;0.906;0.906
'CoExistence(u, w)';'CoExistence';'u';'w';0.778;0.797;0.797
'RespondedExistence(u, w)';'RespondedExistence';'u';'w';0.778;0.874;0.874
'CoExistence(u, z)';'CoExistence';'u';'z';0.796;0.816;0.816
'RespondedExistence(u, z)';'RespondedExistence';'u';'z';0.796;0.894;0.894
'Participation(v)';'Participation';'v';;0.898;0.898;0.898
'Precedence(a, v)';'Precedence';'v';'a';0.888;0.989;0.989
'Precedence(p, v)';'Precedence';'v';'p';0.540;0.601;0.601
'CoExistence(v, a)';'CoExistence';'v';'a';0.898;0.898;0.898
'RespondedExistence(v, a)';'RespondedExistence';'v';'a';0.898;1.000;1.000
'CoExistence(v, b)';'CoExistence';'v';'b';0.898;0.898;0.898
'Succession(v, b)';'Succession';'v';'b';0.526;0.526;0.526
'RespondedExistence(v, b)';'RespondedExistence';'v';'b';0.898;1.000;1.000
'Response(v, b)';'Response';'v';'b';0.888;0.989;0.989
'CoExistence(v, c)';'CoExistence';'v';'c';0.796;0.817;0.817
'RespondedExistence(v, c)';'RespondedExistence';'v';'c';0.796;0.886;0.886
'NotSuccession(v, c)';'NotSuccession';'v';'c';0.538;0.552;0.552
'CoExistence(v, d)';'CoExistence';'v';'d';0.898;0.898;0.898
'RespondedExistence(v, d)';'RespondedExistence';'v';'d';0.898;1.000;1.000
'Response(v, d)';'Response';'v';'d';0.510;0.568;0.568
'CoExistence(v, e)';'CoExistence';'v';'e';0.794;0.822;0.822
'RespondedExistence(v, e)';'RespondedExistence';'v';'e';0.794;0.884;0.884
'CoExistence(v, f)';'CoExistence';'v';'f';0.882;0.893;0.893
'RespondedExistence(v, f)';'RespondedExistence';'v';'f';0.882;0.982;0.982
'Response(v, f)';'Response';'v';'f';0.694;0.773;0.773
'CoExistence(v, g)';'CoExistence';'v';'g';0.816;0.831;0.831
'RespondedExistence(v, g)';'RespondedExistence';'v';'g';0.816;0.909;0.909
'CoExistence(v, h)';'CoExistence';'v';'h';0.626;0.660;0.660
'RespondedExistence(v, h)';'RespondedExistence';'v';'h';0.626;0.697;0.697
'CoExistence(v, i)';'CoExistence';'v';'i';0.826;0.843;0.843
'RespondedExistence(v, i)';'RespondedExistence';'v';'i';0.826;0.920;0.920
'CoExistence(v, l)';'CoExistence';'v';'l';0.626;0.655;0.655
'RespondedExistence(v, l)';'RespondedExistence';'v';'l';0.626;0.697;0.697
'CoExistence(v, m)';'CoExistence';'v';'m';0.804;0.832;0.832
'RespondedExistence(v, m)';'RespondedExistence';'v';'m';0.804;0.895;0.895
'CoExistence(v, n)';'CoExistence';'v';'n';0.874;0.888;0.888
'RespondedExistence(v, n)';'RespondedExistence';'v';'n';0.874;0.973;0.973
'Response(v, n)';'Response';'v';'n';0.708;0.788;0.788
'CoExistence(v, o)';'CoExistence';'v';'o';0.808;0.830;0.830
'RespondedExistence(v, o)';'RespondedExistence';'v';'o';0.808;0.900;0.900
'CoExistence(v, p)';'CoExistence';'v';'p';0.884;0.891;0.891
'RespondedExistence(v, p)';'RespondedExistence';'v';'p';0.884;0.984;0.984
'Response(v, p)';'Response';'v';'p';0.542;0.604;0.604
'CoExistence(v, q)';'CoExistence';'v';'q';0.824;0.841;0.841
'RespondedExistence(v, q)';'RespondedExistence';'v';'q';0.824;0.918;0.918
'NotSuccession(v, r)';'NotSuccession';'v';'r';0.840;0.923;0.923
'NotCoExistence(v, r)';'NotCoExistence';'v';'r';0.794;0.873;0.873
'CoExistence(v, s)';'CoExistence';'v';'s';0.802;0.823;0.823
'RespondedExistence(v, s)';'RespondedExistence';'v';'s';0.802;0.893;0.893
'CoExistence(v, t)';'CoExistence';'v';'t';0.872;0.884;0.884
'RespondedExistence(v, t)';'RespondedExistence';'v';'t';0.872;0.971;0.971
'Response(v, t)';'Response';'v';'t';0.466;0.519;0.519
'CoExistence(v, u)';'CoExistence';'v';'u';0.806;0.821;0.821
'RespondedExistence(v, u)';'RespondedExistence';'v';'u';0.806;0.898;0.898
'CoExistence(v, w)';'CoExistence';'v';'w';0.784;0.802;0.802
'RespondedExistence(v, w)';'RespondedExistence';'v';'w';0.784;0.873;0.873
'CoExistence(v, z)';'CoExistence';'v';'z';0.804;0.824;0.824
'RespondedExistence(v, z)';'RespondedExistence';'v';'z';0.804;0.895;0.895
'Participation(w)';'Participation';'w';;0.864;0.864;0.864
'Precedence(a, w)';'Precedence';'w';'a';0.850;0.984;0.984
'Precedence(p, w)';'Precedence';'w';'p';0.540;0.625;0.625
'CoExistence(w, a)';'CoExistence';'w';'a';0.864;0.864;0.864
'RespondedExistence(w, a)';'RespondedExistence';'w';'a';0.864;1.000;1.000
'CoExistence(w, b)';'CoExistence';'w';'b';0.864;0.864;0.864
'RespondedExistence(w, b)';'RespondedExistence';'w';'b';0.864;1.000;1.000
'Response(w, b)';'Response';'w';'b';0.852;0.986;0.986
'CoExistence(w, c)';'CoExistence';'w';'c';0.766;0.790;0.790
'RespondedExistence(w, c)';'RespondedExistence';'w';'c';0.766;0.887;0.887
'NotSuccession(w, c)';'NotSuccession';'w';'c';0.562;0.579;0.579
'CoExistence(w, d)';'CoExistence';'w';'d';0.864;0.864;0.864
'RespondedExistence(w, d)';'RespondedExistence';'w';'d';0.864;1.000;1.000
'Response(w, d)';'Response';'w';'d';0.440;0.509;0.509
'CoExistence(w, e)';'CoExistence';'w';'e';0.762;0.790;0.790
'RespondedExistence(w, e)';'RespondedExistence';'w';'e';0.762;0.882;0.882
'CoExistence(w, f)';'CoExistence';'w';'f';0.844;0.851;0.851
'RespondedExistence(w, f)';'RespondedExistence';'w';'f';0.844;0.977;0.977
'Response(w, f)';'Response';'w';'f';0.666;0.771;0.771
'CoExistence(w, g)';'CoExistence';'w';'g';0.796;0.822;0.822
'RespondedExistence(w, g)';'RespondedExistence';'w';'g';0.796;0.921;0.921
'CoExistence(w, h)';'CoExistence';'w';'h';0.608;0.652;0.652
'RespondedExistence(w, h)';'RespondedExistence';'w';'h';0.608;0.704;0.704
'CoExistence(w, i)';'CoExistence';'w';'i';0.804;0.831;0.831
'RespondedExistence(w, i)';'RespondedExistence';'w';'i';0.804;0.931;0.931
'CoExistence(w, l)';'CoExistence';'w';'l';0.614;0.657;0.657
'RespondedExistence(w, l)';'RespondedExistence';'w';'l';0.614;0.711;0.711
'CoExistence(w, m)';'CoExistence';'w';'m';0.768;0.793;0.793
'RespondedExistence(w, m)';'RespondedExistence';'w';'m';0.768;0.889;0.889
'CoExistence(w, n)';'CoExistence';'w';'n';0.844;0.861;0.861
'RespondedExistence(w, n)';'RespondedExistence';'w';'n';0.844;0.977;0.977
'Response(w, n)';'Response';'w';'n';0.684;0.792;0.792
'CoExistence(w, o)';'CoExistence';'w';'o';0.770;0.787;0.787
'RespondedExistence(w, o)';'RespondedExistence';'w';'o';0.770;0.891;0.891
'CoExistence(w, p)';'CoExistence';'w';'p';0.848;0.853;0.853
'RespondedExistence(w, p)';'RespondedExistence';'w';'p';0.848;0.981;0.981
'Response(w, p)';'Response';'w';'p';0.528;0.611;0.611
'CoExistence(w, q)';'CoExistence';'w';'q';0.792;0.810;0.810
'RespondedExistence(w, q)';'RespondedExistence';'w';'q';0.792;0.917;0.917
'NotSuccession(w, r)';'NotSuccession';'w';'r';0.802;0.913;0.913
'NotCoExistence(w, r)';'NotCoExistence';'w';'r';0.764;0.870;0.870
'CoExistence(w, s)';'CoExistence';'w';'s';0.782;0.815;0.815
'RespondedExistence(w, s)';'RespondedExistence';'w';'s';0.782;0.905;0.905
'CoExistence(w, t)';'CoExistence';'w';'t';0.848;0.869;0.869
'RespondedExistence(w, t)';'RespondedExistence';'w';'t';0.848;0.981;0.981
'Response(w, t)';'Response';'w';'t';0.480;0.556;0.556
'CoExistence(w, u)';'CoExistence';'w';'u';0.778;0.797;0.797
'RespondedExistence(w, u)';'RespondedExistence';'w';'u';0.778;0.900;0.900
'CoExistence(w, v)';'CoExistence';'w';'v';0.784;0.802;0.802
'RespondedExistence(w, v)';'RespondedExistence';'w';'v';0.784;0.907;0.907
'CoExistence(w, z)';'CoExistence';'w';'z';0.770;0.789;0.789
'RespondedExistence(w, z)';'RespondedExistence';'w';'z';0.770;0.891;0.891
'Participation(z)';'Participation';'z';;0.882;0.882;0.882
'Precedence(a, z)';'Precedence';'z';'a';0.874;0.991;0.991
'Precedence(p, z)';'Precedence';'z';'p';0.556;0.630;0.630
'CoExistence(z, a)';'CoExistence';'z';'a';0.882;0.882;0.882
'RespondedExistence(z, a)';'RespondedExistence';'z';'a';0.882;1.000;1.000
'CoExistence(z, b)';'CoExistence';'z';'b';0.882;0.882;0.882
'RespondedExistence(z, b)';'RespondedExistence';'z';'b';0.882;1.000;1.000
'Response(z, b)';'Response';'z';'b';0.878;0.995;0.995
'CoExistence(z, c)';'CoExistence';'z';'c';0.778;0.797;0.797
'RespondedExistence(z, c)';'RespondedExistence';'z';'c';0.778;0.882;0.882
'NotSuccession(z, c)';'NotSuccession';'z';'c';0.568;0.582;0.582
'CoExistence(z, d)';'CoExistence';'z';'d';0.882;0.882;0.882
'RespondedExistence(z, d)';'RespondedExistence';'z';'d';0.882;1.000;1.000
'CoExistence(z, e)';'CoExistence';'z';'e';0.770;0.791;0.791
'RespondedExistence(z, e)';'RespondedExistence';'z';'e';0.770;0.873;0.873
'CoExistence(z, f)';'CoExistence';'z';'f';0.868;0.880;0.880
'RespondedExistence(z, f)';'RespondedExistence';'z';'f';0.868;0.984;0.984
'Response(z, f)';'Response';'z';'f';0.696;0.789;0.789
'CoExistence(z, g)';'CoExistence';'z';'g';0.802;0.818;0.818
'RespondedExistence(z, g)';'RespondedExistence';'z';'g';0.802;0.909;0.909
'CoExistence(z, h)';'CoExistence';'z';'h';0.616;0.654;0.654
'RespondedExistence(z, h)';'RespondedExistence';'z';'h';0.616;0.698;0.698
'CoExistence(z, i)';'CoExistence';'z';'i';0.816;0.838;0.838
'RespondedExistence(z, i)';'RespondedExistence';'z';'i';0.816;0.925;0.925
'CoExistence(z, l)';'CoExistence';'z';'l';0.616;0.648;0.648
'RespondedExistence(z, l)';'RespondedExistence';'z';'l';0.616;0.698;0.698
'CoExistence(z, m)';'CoExistence';'z';'m';0.782;0.805;0.805
'RespondedExistence(z, m)';'RespondedExistence';'z';'m';0.782;0.887;0.887
'CoExistence(z, n)';'CoExistence';'z';'n';0.854;0.864;0.864
'RespondedExistence(z, n)';'RespondedExistence';'z';'n';0.854;0.968;0.968
'Response(z, n)';'Response';'z';'n';0.680;0.771;0.771
'CoExistence(z, o)';'CoExistence';'z';'o';0.780;0.791;0.791
'RespondedExistence(z, o)';'RespondedExistence';'z';'o';0.780;0.884;0.884
'CoExistence(z, p)';'CoExistence';'z';'p';0.868;0.875;0.875
'RespondedExistence(z, p)';'RespondedExistence';'z';'p';0.868;0.984;0.984
'Response(z, p)';'Response';'z';'p';0.536;0.608;0.608
'CoExistence(z, q)';'CoExistence';'z';'q';0.812;0.832;0.832
'RespondedExistence(z, q)';'RespondedExistence';'z';'q';0.812;0.921;0.921
'NotSuccession(z, r)';'NotSuccession';'z';'r';0.828;0.922;0.922
'NotCoExistence(z, r)';'NotCoExistence';'z';'r';0.786;0.875;0.875
'CoExistence(z, s)';'CoExistence';'z';'s';0.792;0.818;0.818
'RespondedExistence(z, s)';'RespondedExistence';'z';'s';0.792;0.898;0.898
'CoExistence(z, t)';'CoExistence';'z';'t';0.862;0.880;0.880
'RespondedExistence(z, t)';'RespondedExistence';'z';'t';0.862;0.977;0.977
'Response(z, t)';'Response';'z';'t';0.456;0.517;0.517
'CoExistence(z, u)';'CoExistence';'z';'u';0.796;0.816;0.816
'RespondedExistence(z, u)';'RespondedExistence';'z';'u';0.796;0.902;0.902
'CoExistence(z, v)';'CoExistence';'z';'v';0.804;0.824;0.824
'RespondedExistence(z, v)';'RespondedExistence';'z';'v';0.804;0.912;0.912
'CoExistence(z, w)';'CoExistence';'z';'w';0.770;0.789;0.789
'RespondedExistence(z, w)';'RespondedExistence';'z';'w';0.770;0.873;0.873
