Rank-1000-true;Rank-1000-TOT;Measure
11;1287;ORIGINAL-MODEL
11;1011;Accuracy
11;1002;Compliance
11;1001;Least Contradiction
11;1001;Laplace Correction
11;1001;Example and Counterexample Rate
11;1001;Confidence
10;1207;Two-way Support
10;1207;Piatetsky-Shapiro
10;1207;One-way Support
10;1207;Lift
10;1207;Klosgen
10;1207;Interestingness Weighting Dependency
10;1207;Information Gain
10;1207;Added Value
10;1003;Jaccard
10;1002;Cosine
10;1001;Support
10;1001;Prevalence
10;1001;Lovinger
9;1204;Odd Multiplier
9;1194;Zhang
9;1194;Certainty factor
9;1174;Conviction
9;1005;Sebag-Schoenauer
8;1002;Collective Strength
8;1001;Ylue Y
8;1001;Ylue Q
8;1001;Relative Risk
8;1001;Leverage
8;1001;J Measure
7;1002;Linear Correlation Coefficient
7;1001;Specificity
7;1001;Recall
7;1001;Odds Ratio
7;1001;Gini Index
7;604;Two-way Support Variation
6;1051;Coverage
