Rank-1-true;Rank-1-TOT;Measure
11;1287;ORIGINAL-MODEL
3;680;Recall
2;14;Laplace Correction
2;14;Example and Counterexample Rate
2;14;Confidence
2;2;Odd Multiplier
2;2;Conviction
1;425;Ylue Y
1;425;Ylue Q
1;14;Support
1;14;Sebag-Schoenauer
1;14;Prevalence
1;14;Least Contradiction
1;14;Jaccard
1;14;Cosine
1;14;Compliance
1;14;Accuracy
1;2;Lift
0;425;Specificity
0;425;Relative Risk
0;425;Odds Ratio
0;31;Linear Correlation Coefficient
0;12;Piatetsky-Shapiro
0;12;Added Value
0;7;Lovinger
0;2;Zhang
0;2;Two-way Support Variation
0;2;Two-way Support
0;2;One-way Support
0;2;Leverage
0;2;Klosgen
0;2;J Measure
0;2;Interestingness Weighting Dependency
0;2;Information Gain
0;2;Gini Index
0;2;Coverage
0;2;Collective Strength
0;2;Certainty factor
