Rank-25-true;Rank-25-TOT;Measure
11;1287;ORIGINAL-MODEL
5;26;Odd Multiplier
5;26;Conviction
3;680;Recall
3;226;Coverage
3;27;Lift
2;43;Prevalence
2;27;Laplace Correction
2;27;Example and Counterexample Rate
2;27;Confidence
2;26;Compliance
1;425;Ylue Y
1;425;Ylue Q
1;34;Support
1;34;Least Contradiction
1;34;Jaccard
1;34;Cosine
1;34;Accuracy
1;32;Information Gain
1;31;Sebag-Schoenauer
1;31;Added Value
1;26;One-way Support
0;425;Specificity
0;425;Relative Risk
0;425;Odds Ratio
0;31;Piatetsky-Shapiro
0;31;Lovinger
0;31;Linear Correlation Coefficient
0;31;Leverage
0;26;Zhang
0;26;Two-way Support Variation
0;26;Two-way Support
0;26;Klosgen
0;26;J Measure
0;26;Interestingness Weighting Dependency
0;26;Gini Index
0;26;Collective Strength
0;26;Certainty factor
