Rank-50-true;Rank-50-TOT;Measure
11;1287;ORIGINAL-MODEL
7;54;Odd Multiplier
7;52;Conviction
7;51;Two-way Support Variation
6;51;Zhang
6;51;Certainty factor
4;52;Lift
3;680;Recall
3;226;Coverage
3;57;Information Gain
3;57;Example and Counterexample Rate
3;57;Confidence
3;57;Compliance
3;55;Laplace Correction
3;52;Added Value
3;51;Two-way Support
3;51;One-way Support
3;51;Klosgen
3;51;Interestingness Weighting Dependency
2;70;Prevalence
2;51;Piatetsky-Shapiro
1;425;Ylue Y
1;425;Ylue Q
1;56;Sebag-Schoenauer
1;55;Accuracy
1;54;Support
1;54;Least Contradiction
1;54;Jaccard
1;54;Cosine
1;51;Lovinger
1;51;Leverage
0;425;Specificity
0;425;Relative Risk
0;425;Odds Ratio
0;52;Gini Index
0;51;Linear Correlation Coefficient
0;51;J Measure
0;51;Collective Strength
