Rank-1500-true;Rank-1500-TOT;Measure
11;1287;ORIGINAL-MODEL
11;1287;Two-way Support
11;1287;Support
11;1287;Sebag-Schoenauer
11;1287;Recall
11;1287;Prevalence
11;1287;Piatetsky-Shapiro
11;1287;One-way Support
11;1287;Lift
11;1287;Leverage
11;1287;Least Contradiction
11;1287;Laplace Correction
11;1287;Klosgen
11;1287;Jaccard
11;1287;Interestingness Weighting Dependency
11;1287;Information Gain
11;1287;Example and Counterexample Rate
11;1287;Coverage
11;1287;Cosine
11;1287;Confidence
11;1287;Compliance
11;1287;Added Value
11;1287;Accuracy
10;1274;Zhang
10;1274;Odd Multiplier
10;1274;Lovinger
10;1274;J Measure
10;1274;Conviction
10;1274;Certainty factor
8;1072;Linear Correlation Coefficient
8;1032;Ylue Y
8;1032;Ylue Q
8;1032;Specificity
8;1032;Relative Risk
8;1032;Odds Ratio
8;1032;Gini Index
8;1032;Collective Strength
7;604;Two-way Support Variation
