Rank-100-true;Rank-100-TOT;Measure
11;1287;ORIGINAL-MODEL
8;102;Compliance
7;102;Certainty factor
7;101;Zhang
7;101;Two-way Support Variation
7;101;Odd Multiplier
7;101;Laplace Correction
7;101;Example and Counterexample Rate
7;101;Conviction
7;101;Confidence
6;102;Linear Correlation Coefficient
6;102;Interestingness Weighting Dependency
5;102;Lift
4;102;One-way Support
4;102;Information Gain
4;102;Gini Index
4;102;Added Value
4;101;Two-way Support
4;101;Piatetsky-Shapiro
4;101;Klosgen
3;680;Recall
3;226;Coverage
3;127;Prevalence
3;101;Support
3;101;Least Contradiction
3;101;Jaccard
3;101;Cosine
2;101;Accuracy
1;425;Ylue Y
1;425;Ylue Q
1;101;Sebag-Schoenauer
1;101;Lovinger
1;101;Leverage
0;425;Specificity
0;425;Relative Risk
0;425;Odds Ratio
0;104;J Measure
0;101;Collective Strength
