Rank-10-true;Rank-10-TOT;Measure
11;1287;ORIGINAL-MODEL
4;11;Conviction
3;680;Recall
3;11;Odd Multiplier
2;14;Laplace Correction
2;14;Example and Counterexample Rate
2;14;Confidence
2;11;Lift
1;425;Ylue Y
1;425;Ylue Q
1;14;Support
1;14;Sebag-Schoenauer
1;14;Prevalence
1;14;Least Contradiction
1;14;Jaccard
1;14;Information Gain
1;14;Cosine
1;14;Compliance
1;14;Accuracy
0;425;Specificity
0;425;Relative Risk
0;425;Odds Ratio
0;31;Linear Correlation Coefficient
0;12;Piatetsky-Shapiro
0;12;Lovinger
0;12;Added Value
0;11;Zhang
0;11;Two-way Support Variation
0;11;Two-way Support
0;11;One-way Support
0;11;Leverage
0;11;Klosgen
0;11;J Measure
0;11;Interestingness Weighting Dependency
0;11;Gini Index
0;11;Coverage
0;11;Collective Strength
0;11;Certainty factor
