Rank-500-true;Rank-500-TOT;Measure
11;1287;ORIGINAL-MODEL
11;505;Compliance
11;503;Accuracy
10;501;Lovinger
10;501;Laplace Correction
10;501;Example and Counterexample Rate
10;501;Confidence
9;501;Least Contradiction
8;501;Leverage
8;501;Jaccard
8;501;Cosine
7;505;Support
7;504;Prevalence
7;502;Piatetsky-Shapiro
7;502;Lift
7;502;Klosgen
7;502;Interestingness Weighting Dependency
7;501;Zhang
7;501;Ylue Y
7;501;Ylue Q
7;501;Two-way Support Variation
7;501;Two-way Support
7;501;One-way Support
7;501;Odd Multiplier
7;501;Linear Correlation Coefficient
7;501;J Measure
7;501;Information Gain
7;501;Gini Index
7;501;Conviction
7;501;Certainty factor
7;501;Added Value
6;501;Relative Risk
4;503;Specificity
4;501;Odds Ratio
4;501;Collective Strength
3;680;Recall
3;528;Coverage
2;501;Sebag-Schoenauer
