Rank-25-true;Rank-25-TOT;Measure
11;1293;ORIGINAL-MODEL
3;650;Recall
3;199;Coverage
3;26;Zhang
3;26;Lift
3;26;Certainty factor
2;39;Compliance
2;33;Prevalence
2;27;Laplace Correction
2;26;Odd Multiplier
2;26;Example and Counterexample Rate
2;26;Conviction
2;26;Confidence
1;33;Support
1;33;Least Contradiction
1;33;Jaccard
1;33;Accuracy
1;32;Cosine
1;28;Information Gain
1;27;Sebag-Schoenauer
1;27;Klosgen
1;26;One-way Support
1;26;Added Value
0;439;Ylue Y
0;439;Ylue Q
0;439;Odds Ratio
0;435;Specificity
0;435;Relative Risk
0;26;Two-way Support Variation
0;26;Two-way Support
0;26;Piatetsky-Shapiro
0;26;Lovinger
0;26;Linear Correlation Coefficient
0;26;Leverage
0;26;J Measure
0;26;Interestingness Weighting Dependency
0;26;Gini Index
0;26;Collective Strength
