Rank-500-true;Rank-500-TOT;Measure
11;1293;ORIGINAL-MODEL
11;521;Compliance
10;507;Example and Counterexample Rate
10;507;Confidence
10;504;Laplace Correction
10;501;Lovinger
10;501;Accuracy
8;503;Jaccard
8;502;Cosine
8;501;Leverage
8;501;Least Contradiction
7;527;Prevalence
7;504;Linear Correlation Coefficient
7;503;Zhang
7;502;Ylue Y
7;502;Ylue Q
7;502;Certainty factor
7;501;Two-way Support Variation
7;501;Support
7;501;Odd Multiplier
7;501;J Measure
7;501;Conviction
6;507;Information Gain
6;501;Two-way Support
6;501;Piatetsky-Shapiro
6;501;One-way Support
6;501;Lift
6;501;Klosgen
6;501;Interestingness Weighting Dependency
6;501;Gini Index
6;501;Added Value
5;501;Specificity
5;501;Relative Risk
4;501;Collective Strength
3;650;Recall
3;520;Coverage
2;502;Sebag-Schoenauer
2;502;Odds Ratio
