Rank-1-true;Rank-1-TOT;Measure
11;1293;ORIGINAL-MODEL
3;650;Recall
1;10;Sebag-Schoenauer
1;10;Example and Counterexample Rate
1;10;Confidence
1;10;Compliance
1;6;Support
1;6;Prevalence
1;6;Least Contradiction
1;6;Laplace Correction
1;6;Jaccard
1;6;Cosine
1;6;Accuracy
1;5;Odd Multiplier
1;2;Lift
0;439;Ylue Y
0;439;Ylue Q
0;439;Odds Ratio
0;435;Specificity
0;435;Relative Risk
0;18;Linear Correlation Coefficient
0;8;Piatetsky-Shapiro
0;8;Added Value
0;6;Lovinger
0;5;Conviction
0;3;Coverage
0;2;Zhang
0;2;Two-way Support Variation
0;2;Two-way Support
0;2;One-way Support
0;2;Leverage
0;2;Klosgen
0;2;J Measure
0;2;Interestingness Weighting Dependency
0;2;Information Gain
0;2;Gini Index
0;2;Collective Strength
0;2;Certainty factor
