Rank-100-true;Rank-100-TOT;Measure
11;1293;ORIGINAL-MODEL
7;102;Certainty factor
7;101;Zhang
7;101;Odd Multiplier
7;101;Conviction
6;102;Two-way Support Variation
5;113;Compliance
5;102;Interestingness Weighting Dependency
5;101;Two-way Support
5;101;Piatetsky-Shapiro
5;101;Linear Correlation Coefficient
5;101;Klosgen
4;101;One-way Support
4;101;Lift
4;101;Laplace Correction
4;101;Information Gain
4;101;Example and Counterexample Rate
4;101;Confidence
4;101;Added Value
3;650;Recall
3;274;Lovinger
3;199;Coverage
3;122;Prevalence
2;101;Support
2;101;Least Contradiction
2;101;Jaccard
2;101;Cosine
2;101;Accuracy
1;104;Sebag-Schoenauer
1;101;Leverage
0;439;Ylue Y
0;439;Ylue Q
0;439;Odds Ratio
0;435;Specificity
0;435;Relative Risk
0;101;J Measure
0;101;Gini Index
0;101;Collective Strength
