Rank-5-true;Rank-5-TOT;Measure
11;1293;ORIGINAL-MODEL
3;650;Recall
1;10;Sebag-Schoenauer
1;10;Example and Counterexample Rate
1;10;Confidence
1;10;Compliance
1;7;Information Gain
1;6;Support
1;6;Prevalence
1;6;One-way Support
1;6;Odd Multiplier
1;6;Lift
1;6;Least Contradiction
1;6;Laplace Correction
1;6;Jaccard
1;6;Cosine
1;6;Conviction
1;6;Accuracy
0;439;Ylue Y
0;439;Ylue Q
0;439;Odds Ratio
0;435;Specificity
0;435;Relative Risk
0;18;Linear Correlation Coefficient
0;11;Leverage
0;8;Piatetsky-Shapiro
0;8;Added Value
0;7;Collective Strength
0;6;Zhang
0;6;Two-way Support Variation
0;6;Two-way Support
0;6;Lovinger
0;6;Klosgen
0;6;J Measure
0;6;Interestingness Weighting Dependency
0;6;Gini Index
0;6;Coverage
0;6;Certainty factor
