'Constraint';'Template';'Activation';'Target';'Support';'Confidence level';'Interest factor'
'Init(a)';'Init';'a';;0.942;0.942;0.942
'Participation(a)';'Participation';'a';;0.998;0.998;0.998
'CoExistence(a, b)';'CoExistence';'a';'b';0.998;0.998;0.998
'Succession(a, b)';'Succession';'a';'b';0.954;0.954;0.954
'RespondedExistence(a, b)';'RespondedExistence';'a';'b';0.998;1.000;1.000
'Response(a, b)';'Response';'a';'b';0.970;0.972;0.972
'CoExistence(a, c)';'CoExistence';'a';'c';0.886;0.886;0.886
'RespondedExistence(a, c)';'RespondedExistence';'a';'c';0.886;0.888;0.888
'CoExistence(a, d)';'CoExistence';'a';'d';0.998;0.998;0.998
'Succession(a, d)';'Succession';'a';'d';0.590;0.590;0.590
'RespondedExistence(a, d)';'RespondedExistence';'a';'d';0.998;1.000;1.000
'Response(a, d)';'Response';'a';'d';0.598;0.599;0.599
'CoExistence(a, e)';'CoExistence';'a';'e';0.890;0.890;0.890
'RespondedExistence(a, e)';'RespondedExistence';'a';'e';0.890;0.892;0.892
'CoExistence(a, f)';'CoExistence';'a';'f';0.982;0.982;0.982
'Succession(a, f)';'Succession';'a';'f';0.782;0.782;0.782
'RespondedExistence(a, f)';'RespondedExistence';'a';'f';0.982;0.984;0.984
'Response(a, f)';'Response';'a';'f';0.794;0.796;0.796
'CoExistence(a, g)';'CoExistence';'a';'g';0.886;0.886;0.886
'RespondedExistence(a, g)';'RespondedExistence';'a';'g';0.886;0.888;0.888
'CoExistence(a, h)';'CoExistence';'a';'h';0.676;0.677;0.677
'RespondedExistence(a, h)';'RespondedExistence';'a';'h';0.676;0.677;0.677
'CoExistence(a, i)';'CoExistence';'a';'i';0.934;0.934;0.934
'RespondedExistence(a, i)';'RespondedExistence';'a';'i';0.934;0.936;0.936
'CoExistence(a, l)';'CoExistence';'a';'l';0.654;0.655;0.655
'RespondedExistence(a, l)';'RespondedExistence';'a';'l';0.654;0.655;0.655
'CoExistence(a, m)';'CoExistence';'a';'m';0.882;0.882;0.882
'RespondedExistence(a, m)';'RespondedExistence';'a';'m';0.882;0.884;0.884
'CoExistence(a, n)';'CoExistence';'a';'n';0.962;0.962;0.962
'Succession(a, n)';'Succession';'a';'n';0.770;0.770;0.770
'RespondedExistence(a, n)';'RespondedExistence';'a';'n';0.962;0.964;0.964
'Response(a, n)';'Response';'a';'n';0.782;0.784;0.784
'CoExistence(a, o)';'CoExistence';'a';'o';0.892;0.892;0.892
'Succession(a, o)';'Succession';'a';'o';0.508;0.508;0.508
'RespondedExistence(a, o)';'RespondedExistence';'a';'o';0.892;0.894;0.894
'Response(a, o)';'Response';'a';'o';0.518;0.519;0.519
'CoExistence(a, p)';'CoExistence';'a';'p';0.984;0.984;0.984
'Succession(a, p)';'Succession';'a';'p';0.660;0.660;0.660
'RespondedExistence(a, p)';'RespondedExistence';'a';'p';0.984;0.986;0.986
'Response(a, p)';'Response';'a';'p';0.680;0.681;0.681
'CoExistence(a, q)';'CoExistence';'a';'q';0.894;0.894;0.894
'RespondedExistence(a, q)';'RespondedExistence';'a';'q';0.894;0.896;0.896
'Response(a, q)';'Response';'a';'q';0.504;0.505;0.505
'NotSuccession(a, r)';'NotSuccession';'a';'r';0.900;0.902;0.902
'NotCoExistence(a, r)';'NotCoExistence';'a';'r';0.900;0.902;0.902
'CoExistence(a, s)';'CoExistence';'a';'s';0.880;0.880;0.880
'RespondedExistence(a, s)';'RespondedExistence';'a';'s';0.880;0.882;0.882
'CoExistence(a, t)';'CoExistence';'a';'t';0.986;0.986;0.986
'Succession(a, t)';'Succession';'a';'t';0.588;0.588;0.588
'RespondedExistence(a, t)';'RespondedExistence';'a';'t';0.986;0.988;0.988
'Response(a, t)';'Response';'a';'t';0.594;0.595;0.595
'CoExistence(a, u)';'CoExistence';'a';'u';0.880;0.880;0.880
'RespondedExistence(a, u)';'RespondedExistence';'a';'u';0.880;0.882;0.882
'CoExistence(a, v)';'CoExistence';'a';'v';0.902;0.904;0.904
'RespondedExistence(a, v)';'RespondedExistence';'a';'v';0.902;0.904;0.904
'CoExistence(a, w)';'CoExistence';'a';'w';0.892;0.892;0.892
'RespondedExistence(a, w)';'RespondedExistence';'a';'w';0.892;0.894;0.894
'Response(a, w)';'Response';'a';'w';0.500;0.501;0.501
'CoExistence(a, z)';'CoExistence';'a';'z';0.880;0.880;0.880
'RespondedExistence(a, z)';'RespondedExistence';'a';'z';0.880;0.882;0.882
'End(b)';'End';'b';;0.910;0.910;0.910
'Participation(b)';'Participation';'b';;1.000;1.000;1.000
'Precedence(a, b)';'Precedence';'b';'a';0.980;0.980;0.980
'CoExistence(b, a)';'CoExistence';'b';'a';0.998;0.998;0.998
'RespondedExistence(b, a)';'RespondedExistence';'b';'a';0.998;0.998;0.998
'CoExistence(b, c)';'CoExistence';'b';'c';0.888;0.888;0.888
'RespondedExistence(b, c)';'RespondedExistence';'b';'c';0.888;0.888;0.888
'NotSuccession(b, c)';'NotSuccession';'b';'c';0.582;0.582;0.582
'CoExistence(b, d)';'CoExistence';'b';'d';1.000;1.000;1.000
'RespondedExistence(b, d)';'RespondedExistence';'b';'d';1.000;1.000;1.000
'CoExistence(b, e)';'CoExistence';'b';'e';0.892;0.892;0.892
'RespondedExistence(b, e)';'RespondedExistence';'b';'e';0.892;0.892;0.892
'CoExistence(b, f)';'CoExistence';'b';'f';0.984;0.984;0.984
'RespondedExistence(b, f)';'RespondedExistence';'b';'f';0.984;0.984;0.984
'CoExistence(b, g)';'CoExistence';'b';'g';0.888;0.888;0.888
'RespondedExistence(b, g)';'RespondedExistence';'b';'g';0.888;0.888;0.888
'CoExistence(b, h)';'CoExistence';'b';'h';0.676;0.676;0.676
'RespondedExistence(b, h)';'RespondedExistence';'b';'h';0.676;0.676;0.676
'CoExistence(b, i)';'CoExistence';'b';'i';0.936;0.936;0.936
'RespondedExistence(b, i)';'RespondedExistence';'b';'i';0.936;0.936;0.936
'CoExistence(b, l)';'CoExistence';'b';'l';0.654;0.654;0.654
'RespondedExistence(b, l)';'RespondedExistence';'b';'l';0.654;0.654;0.654
'NotSuccession(b, l)';'NotSuccession';'b';'l';0.526;0.526;0.526
'CoExistence(b, m)';'CoExistence';'b';'m';0.884;0.884;0.884
'RespondedExistence(b, m)';'RespondedExistence';'b';'m';0.884;0.884;0.884
'CoExistence(b, n)';'CoExistence';'b';'n';0.964;0.964;0.964
'RespondedExistence(b, n)';'RespondedExistence';'b';'n';0.964;0.964;0.964
'CoExistence(b, o)';'CoExistence';'b';'o';0.894;0.894;0.894
'RespondedExistence(b, o)';'RespondedExistence';'b';'o';0.894;0.894;0.894
'CoExistence(b, p)';'CoExistence';'b';'p';0.986;0.986;0.986
'RespondedExistence(b, p)';'RespondedExistence';'b';'p';0.986;0.986;0.986
'CoExistence(b, q)';'CoExistence';'b';'q';0.896;0.896;0.896
'RespondedExistence(b, q)';'RespondedExistence';'b';'q';0.896;0.896;0.896
'NotSuccession(b, r)';'NotSuccession';'b';'r';0.940;0.940;0.940
'NotCoExistence(b, r)';'NotCoExistence';'b';'r';0.902;0.902;0.902
'CoExistence(b, s)';'CoExistence';'b';'s';0.882;0.882;0.882
'RespondedExistence(b, s)';'RespondedExistence';'b';'s';0.882;0.882;0.882
'CoExistence(b, t)';'CoExistence';'b';'t';0.988;0.988;0.988
'RespondedExistence(b, t)';'RespondedExistence';'b';'t';0.988;0.988;0.988
'CoExistence(b, u)';'CoExistence';'b';'u';0.882;0.882;0.882
'RespondedExistence(b, u)';'RespondedExistence';'b';'u';0.882;0.882;0.882
'CoExistence(b, v)';'CoExistence';'b';'v';0.902;0.902;0.902
'RespondedExistence(b, v)';'RespondedExistence';'b';'v';0.902;0.902;0.902
'CoExistence(b, w)';'CoExistence';'b';'w';0.894;0.894;0.894
'RespondedExistence(b, w)';'RespondedExistence';'b';'w';0.894;0.894;0.894
'CoExistence(b, z)';'CoExistence';'b';'z';0.882;0.882;0.882
'RespondedExistence(b, z)';'RespondedExistence';'b';'z';0.882;0.882;0.882
'Precedence(f, b)';'Precedence';'b';'f';0.504;0.504;0.504
'Precedence(i, b)';'Precedence';'b';'i';0.516;0.516;0.516
'Precedence(m, b)';'Precedence';'b';'m';0.502;0.502;0.502
'Precedence(n, b)';'Precedence';'b';'n';0.506;0.506;0.506
'Precedence(p, b)';'Precedence';'b';'p';0.666;0.666;0.666
'Precedence(s, b)';'Precedence';'b';'s';0.512;0.512;0.512
'Precedence(v, b)';'Precedence';'b';'v';0.524;0.524;0.524
'AtMostOne(c)';'AtMostOne';'c';;0.860;0.968;0.968
'Participation(c)';'Participation';'c';;0.888;0.888;0.888
'Precedence(a, c)';'Precedence';'c';'a';0.872;0.982;0.982
'AlternatePrecedence(a, c)';'AlternatePrecedence';'c';'a';0.860;0.968;0.968
'CoExistence(c, a)';'CoExistence';'c';'a';0.886;0.886;0.886
'RespondedExistence(c, a)';'RespondedExistence';'c';'a';0.886;0.998;0.998
'Response(c, a)';'Response';'c';'a';0.646;0.727;0.727
'AlternateResponse(c, a)';'AlternateResponse';'c';'a';0.638;0.718;0.718
'CoExistence(c, b)';'CoExistence';'c';'b';0.888;0.888;0.888
'RespondedExistence(c, b)';'RespondedExistence';'c';'b';0.888;1.000;1.000
'Response(c, b)';'Response';'c';'b';0.880;0.991;0.991
'AlternateResponse(c, b)';'AlternateResponse';'c';'b';0.862;0.971;0.971
'CoExistence(c, d)';'CoExistence';'c';'d';0.888;0.888;0.888
'RespondedExistence(c, d)';'RespondedExistence';'c';'d';0.888;1.000;1.000
'Response(c, d)';'Response';'c';'d';0.738;0.831;0.831
'AlternateResponse(c, d)';'AlternateResponse';'c';'d';0.722;0.813;0.813
'CoExistence(c, e)';'CoExistence';'c';'e';0.810;0.835;0.835
'RespondedExistence(c, e)';'RespondedExistence';'c';'e';0.810;0.912;0.912
'Response(c, e)';'Response';'c';'e';0.658;0.741;0.741
'AlternateResponse(c, e)';'AlternateResponse';'c';'e';0.652;0.734;0.734
'CoExistence(c, f)';'CoExistence';'c';'f';0.884;0.895;0.895
'RespondedExistence(c, f)';'RespondedExistence';'c';'f';0.884;0.995;0.995
'Response(c, f)';'Response';'c';'f';0.842;0.948;0.948
'AlternateResponse(c, f)';'AlternateResponse';'c';'f';0.826;0.930;0.930
'CoExistence(c, g)';'CoExistence';'c';'g';0.798;0.816;0.816
'RespondedExistence(c, g)';'RespondedExistence';'c';'g';0.798;0.899;0.899
'Response(c, g)';'Response';'c';'g';0.662;0.745;0.745
'AlternateResponse(c, g)';'AlternateResponse';'c';'g';0.656;0.739;0.739
'CoExistence(c, h)';'CoExistence';'c';'h';0.606;0.633;0.633
'RespondedExistence(c, h)';'RespondedExistence';'c';'h';0.606;0.682;0.682
'Response(c, h)';'Response';'c';'h';0.546;0.615;0.615
'AlternateResponse(c, h)';'AlternateResponse';'c';'h';0.536;0.604;0.604
'CoExistence(c, i)';'CoExistence';'c';'i';0.842;0.857;0.857
'RespondedExistence(c, i)';'RespondedExistence';'c';'i';0.842;0.948;0.948
'Response(c, i)';'Response';'c';'i';0.662;0.745;0.745
'AlternateResponse(c, i)';'AlternateResponse';'c';'i';0.658;0.741;0.741
'CoExistence(c, l)';'CoExistence';'c';'l';0.584;0.610;0.610
'RespondedExistence(c, l)';'RespondedExistence';'c';'l';0.584;0.658;0.658
'Response(c, l)';'Response';'c';'l';0.476;0.536;0.536
'AlternateResponse(c, l)';'AlternateResponse';'c';'l';0.466;0.525;0.525
'NotSuccession(c, l)';'NotSuccession';'c';'l';0.482;0.503;0.503
'CoExistence(c, m)';'CoExistence';'c';'m';0.800;0.823;0.823
'RespondedExistence(c, m)';'RespondedExistence';'c';'m';0.800;0.901;0.901
'Response(c, m)';'Response';'c';'m';0.550;0.619;0.619
'AlternateResponse(c, m)';'AlternateResponse';'c';'m';0.542;0.610;0.610
'CoExistence(c, n)';'CoExistence';'c';'n';0.868;0.882;0.882
'RespondedExistence(c, n)';'RespondedExistence';'c';'n';0.868;0.977;0.977
'Response(c, n)';'Response';'c';'n';0.826;0.930;0.930
'AlternateResponse(c, n)';'AlternateResponse';'c';'n';0.810;0.912;0.912
'CoExistence(c, o)';'CoExistence';'c';'o';0.794;0.804;0.804
'RespondedExistence(c, o)';'RespondedExistence';'c';'o';0.794;0.894;0.894
'Response(c, o)';'Response';'c';'o';0.672;0.757;0.757
'AlternateResponse(c, o)';'AlternateResponse';'c';'o';0.664;0.748;0.748
'CoExistence(c, p)';'CoExistence';'c';'p';0.878;0.882;0.882
'RespondedExistence(c, p)';'RespondedExistence';'c';'p';0.878;0.989;0.989
'Response(c, p)';'Response';'c';'p';0.802;0.903;0.903
'AlternateResponse(c, p)';'AlternateResponse';'c';'p';0.800;0.901;0.901
'CoExistence(c, q)';'CoExistence';'c';'q';0.814;0.839;0.839
'RespondedExistence(c, q)';'RespondedExistence';'c';'q';0.814;0.917;0.917
'Response(c, q)';'Response';'c';'q';0.664;0.748;0.748
'AlternateResponse(c, q)';'AlternateResponse';'c';'q';0.660;0.743;0.743
'NotSuccession(c, r)';'NotSuccession';'c';'r';0.832;0.929;0.929
'NotCoExistence(c, r)';'NotCoExistence';'c';'r';0.806;0.900;0.900
'CoExistence(c, s)';'CoExistence';'c';'s';0.788;0.802;0.802
'RespondedExistence(c, s)';'RespondedExistence';'c';'s';0.788;0.887;0.887
'Response(c, s)';'Response';'c';'s';0.650;0.732;0.732
'AlternateResponse(c, s)';'AlternateResponse';'c';'s';0.640;0.721;0.721
'CoExistence(c, t)';'CoExistence';'c';'t';0.882;0.887;0.887
'RespondedExistence(c, t)';'RespondedExistence';'c';'t';0.882;0.993;0.993
'Response(c, t)';'Response';'c';'t';0.726;0.818;0.818
'AlternateResponse(c, t)';'AlternateResponse';'c';'t';0.720;0.811;0.811
'CoExistence(c, u)';'CoExistence';'c';'u';0.796;0.817;0.817
'RespondedExistence(c, u)';'RespondedExistence';'c';'u';0.796;0.896;0.896
'Response(c, u)';'Response';'c';'u';0.642;0.723;0.723
'AlternateResponse(c, u)';'AlternateResponse';'c';'u';0.634;0.714;0.714
'CoExistence(c, v)';'CoExistence';'c';'v';0.810;0.827;0.827
'RespondedExistence(c, v)';'RespondedExistence';'c';'v';0.810;0.912;0.912
'Response(c, v)';'Response';'c';'v';0.654;0.736;0.736
'AlternateResponse(c, v)';'AlternateResponse';'c';'v';0.644;0.725;0.725
'CoExistence(c, w)';'CoExistence';'c';'w';0.802;0.818;0.818
'RespondedExistence(c, w)';'RespondedExistence';'c';'w';0.802;0.903;0.903
'Response(c, w)';'Response';'c';'w';0.662;0.745;0.745
'AlternateResponse(c, w)';'AlternateResponse';'c';'w';0.652;0.734;0.734
'CoExistence(c, z)';'CoExistence';'c';'z';0.790;0.806;0.806
'RespondedExistence(c, z)';'RespondedExistence';'c';'z';0.790;0.890;0.890
'Response(c, z)';'Response';'c';'z';0.654;0.736;0.736
'AlternateResponse(c, z)';'AlternateResponse';'c';'z';0.646;0.727;0.727
'Precedence(p, c)';'Precedence';'c';'p';0.568;0.640;0.640
'AlternatePrecedence(p, c)';'AlternatePrecedence';'c';'p';0.566;0.637;0.637
'Participation(d)';'Participation';'d';;1.000;1.000;1.000
'Precedence(a, d)';'Precedence';'d';'a';0.984;0.984;0.984
'Precedence(b, d)';'Precedence';'d';'b';0.514;0.514;0.514
'CoExistence(d, a)';'CoExistence';'d';'a';0.998;0.998;0.998
'RespondedExistence(d, a)';'RespondedExistence';'d';'a';0.998;0.998;0.998
'CoExistence(d, b)';'CoExistence';'d';'b';1.000;1.000;1.000
'RespondedExistence(d, b)';'RespondedExistence';'d';'b';1.000;1.000;1.000
'Response(d, b)';'Response';'d';'b';0.972;0.972;0.972
'CoExistence(d, c)';'CoExistence';'d';'c';0.888;0.888;0.888
'RespondedExistence(d, c)';'RespondedExistence';'d';'c';0.888;0.888;0.888
'NotSuccession(d, c)';'NotSuccession';'d';'c';0.594;0.594;0.594
'CoExistence(d, e)';'CoExistence';'d';'e';0.892;0.892;0.892
'RespondedExistence(d, e)';'RespondedExistence';'d';'e';0.892;0.892;0.892
'CoExistence(d, f)';'CoExistence';'d';'f';0.984;0.984;0.984
'RespondedExistence(d, f)';'RespondedExistence';'d';'f';0.984;0.984;0.984
'Response(d, f)';'Response';'d';'f';0.736;0.736;0.736
'CoExistence(d, g)';'CoExistence';'d';'g';0.888;0.888;0.888
'RespondedExistence(d, g)';'RespondedExistence';'d';'g';0.888;0.888;0.888
'CoExistence(d, h)';'CoExistence';'d';'h';0.676;0.676;0.676
'RespondedExistence(d, h)';'RespondedExistence';'d';'h';0.676;0.676;0.676
'CoExistence(d, i)';'CoExistence';'d';'i';0.936;0.936;0.936
'RespondedExistence(d, i)';'RespondedExistence';'d';'i';0.936;0.936;0.936
'CoExistence(d, l)';'CoExistence';'d';'l';0.654;0.654;0.654
'RespondedExistence(d, l)';'RespondedExistence';'d';'l';0.654;0.654;0.654
'NotSuccession(d, l)';'NotSuccession';'d';'l';0.518;0.518;0.518
'CoExistence(d, m)';'CoExistence';'d';'m';0.884;0.884;0.884
'RespondedExistence(d, m)';'RespondedExistence';'d';'m';0.884;0.884;0.884
'CoExistence(d, n)';'CoExistence';'d';'n';0.964;0.964;0.964
'RespondedExistence(d, n)';'RespondedExistence';'d';'n';0.964;0.964;0.964
'Response(d, n)';'Response';'d';'n';0.718;0.718;0.718
'CoExistence(d, o)';'CoExistence';'d';'o';0.894;0.894;0.894
'RespondedExistence(d, o)';'RespondedExistence';'d';'o';0.894;0.894;0.894
'CoExistence(d, p)';'CoExistence';'d';'p';0.986;0.986;0.986
'RespondedExistence(d, p)';'RespondedExistence';'d';'p';0.986;0.986;0.986
'Response(d, p)';'Response';'d';'p';0.588;0.588;0.588
'CoExistence(d, q)';'CoExistence';'d';'q';0.896;0.896;0.896
'RespondedExistence(d, q)';'RespondedExistence';'d';'q';0.896;0.896;0.896
'NotSuccession(d, r)';'NotSuccession';'d';'r';0.932;0.932;0.932
'NotCoExistence(d, r)';'NotCoExistence';'d';'r';0.902;0.902;0.902
'CoExistence(d, s)';'CoExistence';'d';'s';0.882;0.882;0.882
'RespondedExistence(d, s)';'RespondedExistence';'d';'s';0.882;0.882;0.882
'CoExistence(d, t)';'CoExistence';'d';'t';0.988;0.988;0.988
'RespondedExistence(d, t)';'RespondedExistence';'d';'t';0.988;0.988;0.988
'CoExistence(d, u)';'CoExistence';'d';'u';0.882;0.882;0.882
'RespondedExistence(d, u)';'RespondedExistence';'d';'u';0.882;0.882;0.882
'CoExistence(d, v)';'CoExistence';'d';'v';0.902;0.902;0.902
'RespondedExistence(d, v)';'RespondedExistence';'d';'v';0.902;0.902;0.902
'CoExistence(d, w)';'CoExistence';'d';'w';0.894;0.894;0.894
'RespondedExistence(d, w)';'RespondedExistence';'d';'w';0.894;0.894;0.894
'CoExistence(d, z)';'CoExistence';'d';'z';0.882;0.882;0.882
'RespondedExistence(d, z)';'RespondedExistence';'d';'z';0.882;0.882;0.882
'Precedence(e, d)';'Precedence';'d';'e';0.502;0.502;0.502
'Precedence(f, d)';'Precedence';'d';'f';0.508;0.508;0.508
'Precedence(i, d)';'Precedence';'d';'i';0.508;0.508;0.508
'Precedence(m, d)';'Precedence';'d';'m';0.508;0.508;0.508
'Precedence(p, d)';'Precedence';'d';'p';0.652;0.652;0.652
'Precedence(s, d)';'Precedence';'d';'s';0.528;0.528;0.528
'Precedence(t, d)';'Precedence';'d';'t';0.502;0.502;0.502
'Precedence(v, d)';'Precedence';'d';'v';0.524;0.524;0.524
'Precedence(z, d)';'Precedence';'d';'z';0.526;0.526;0.526
'Participation(e)';'Participation';'e';;0.892;0.892;0.892
'Precedence(a, e)';'Precedence';'e';'a';0.870;0.975;0.975
'CoExistence(e, a)';'CoExistence';'e';'a';0.890;0.890;0.890
'RespondedExistence(e, a)';'RespondedExistence';'e';'a';0.890;0.998;0.998
'CoExistence(e, b)';'CoExistence';'e';'b';0.892;0.892;0.892
'RespondedExistence(e, b)';'RespondedExistence';'e';'b';0.892;1.000;1.000
'Response(e, b)';'Response';'e';'b';0.858;0.962;0.962
'CoExistence(e, c)';'CoExistence';'e';'c';0.810;0.835;0.835
'RespondedExistence(e, c)';'RespondedExistence';'e';'c';0.810;0.908;0.908
'NotSuccession(e, c)';'NotSuccession';'e';'c';0.566;0.584;0.584
'CoExistence(e, d)';'CoExistence';'e';'d';0.892;0.892;0.892
'RespondedExistence(e, d)';'RespondedExistence';'e';'d';0.892;1.000;1.000
'Response(e, d)';'Response';'e';'d';0.526;0.590;0.590
'CoExistence(e, f)';'CoExistence';'e';'f';0.890;0.903;0.903
'RespondedExistence(e, f)';'RespondedExistence';'e';'f';0.890;0.998;0.998
'Response(e, f)';'Response';'e';'f';0.860;0.964;0.964
'CoExistence(e, g)';'CoExistence';'e';'g';0.808;0.831;0.831
'RespondedExistence(e, g)';'RespondedExistence';'e';'g';0.808;0.906;0.906
'CoExistence(e, h)';'CoExistence';'e';'h';0.618;0.651;0.651
'RespondedExistence(e, h)';'RespondedExistence';'e';'h';0.618;0.693;0.693
'CoExistence(e, i)';'CoExistence';'e';'i';0.844;0.858;0.858
'RespondedExistence(e, i)';'RespondedExistence';'e';'i';0.844;0.946;0.946
'CoExistence(e, l)';'CoExistence';'e';'l';0.596;0.627;0.627
'RespondedExistence(e, l)';'RespondedExistence';'e';'l';0.596;0.668;0.668
'CoExistence(e, m)';'CoExistence';'e';'m';0.810;0.839;0.839
'RespondedExistence(e, m)';'RespondedExistence';'e';'m';0.810;0.908;0.908
'CoExistence(e, n)';'CoExistence';'e';'n';0.876;0.894;0.894
'RespondedExistence(e, n)';'RespondedExistence';'e';'n';0.876;0.982;0.982
'Response(e, n)';'Response';'e';'n';0.700;0.785;0.785
'CoExistence(e, o)';'CoExistence';'e';'o';0.810;0.830;0.830
'RespondedExistence(e, o)';'RespondedExistence';'e';'o';0.810;0.908;0.908
'CoExistence(e, p)';'CoExistence';'e';'p';0.886;0.893;0.893
'RespondedExistence(e, p)';'RespondedExistence';'e';'p';0.886;0.993;0.993
'Response(e, p)';'Response';'e';'p';0.620;0.695;0.695
'CoExistence(e, q)';'CoExistence';'e';'q';0.806;0.821;0.821
'RespondedExistence(e, q)';'RespondedExistence';'e';'q';0.806;0.904;0.904
'NotSuccession(e, r)';'NotSuccession';'e';'r';0.832;0.924;0.924
'NotCoExistence(e, r)';'NotCoExistence';'e';'r';0.810;0.900;0.900
'CoExistence(e, s)';'CoExistence';'e';'s';0.798;0.818;0.818
'RespondedExistence(e, s)';'RespondedExistence';'e';'s';0.798;0.895;0.895
'CoExistence(e, t)';'CoExistence';'e';'t';0.884;0.888;0.888
'RespondedExistence(e, t)';'RespondedExistence';'e';'t';0.884;0.991;0.991
'Response(e, t)';'Response';'e';'t';0.484;0.543;0.543
'CoExistence(e, u)';'CoExistence';'e';'u';0.800;0.821;0.821
'RespondedExistence(e, u)';'RespondedExistence';'e';'u';0.800;0.897;0.897
'CoExistence(e, v)';'CoExistence';'e';'v';0.816;0.834;0.834
'RespondedExistence(e, v)';'RespondedExistence';'e';'v';0.816;0.915;0.915
'CoExistence(e, w)';'CoExistence';'e';'w';0.808;0.826;0.826
'RespondedExistence(e, w)';'RespondedExistence';'e';'w';0.808;0.906;0.906
'CoExistence(e, z)';'CoExistence';'e';'z';0.806;0.833;0.833
'RespondedExistence(e, z)';'RespondedExistence';'e';'z';0.806;0.904;0.904
'Precedence(p, e)';'Precedence';'e';'p';0.582;0.652;0.652
'Participation(f)';'Participation';'f';;0.984;0.984;0.984
'Precedence(a, f)';'Precedence';'f';'a';0.970;0.986;0.986
'CoExistence(f, a)';'CoExistence';'f';'a';0.982;0.982;0.982
'RespondedExistence(f, a)';'RespondedExistence';'f';'a';0.982;0.998;0.998
'CoExistence(f, b)';'CoExistence';'f';'b';0.984;0.984;0.984
'RespondedExistence(f, b)';'RespondedExistence';'f';'b';0.984;1.000;1.000
'Response(f, b)';'Response';'f';'b';0.938;0.953;0.953
'CoExistence(f, c)';'CoExistence';'f';'c';0.884;0.895;0.895
'RespondedExistence(f, c)';'RespondedExistence';'f';'c';0.884;0.898;0.898
'NotSuccession(f, c)';'NotSuccession';'f';'c';0.580;0.587;0.587
'CoExistence(f, d)';'CoExistence';'f';'d';0.984;0.984;0.984
'RespondedExistence(f, d)';'RespondedExistence';'f';'d';0.984;1.000;1.000
'CoExistence(f, e)';'CoExistence';'f';'e';0.890;0.903;0.903
'RespondedExistence(f, e)';'RespondedExistence';'f';'e';0.890;0.904;0.904
'CoExistence(f, g)';'CoExistence';'f';'g';0.882;0.891;0.891
'RespondedExistence(f, g)';'RespondedExistence';'f';'g';0.882;0.896;0.896
'CoExistence(f, h)';'CoExistence';'f';'h';0.672;0.680;0.680
'RespondedExistence(f, h)';'RespondedExistence';'f';'h';0.672;0.683;0.683
'CoExistence(f, i)';'CoExistence';'f';'i';0.920;0.920;0.920
'RespondedExistence(f, i)';'RespondedExistence';'f';'i';0.920;0.935;0.935
'CoExistence(f, l)';'CoExistence';'f';'l';0.648;0.655;0.655
'RespondedExistence(f, l)';'RespondedExistence';'f';'l';0.648;0.659;0.659
'NotSuccession(f, l)';'NotSuccession';'f';'l';0.512;0.517;0.517
'CoExistence(f, m)';'CoExistence';'f';'m';0.876;0.883;0.883
'RespondedExistence(f, m)';'RespondedExistence';'f';'m';0.876;0.890;0.890
'CoExistence(f, n)';'CoExistence';'f';'n';0.952;0.956;0.956
'RespondedExistence(f, n)';'RespondedExistence';'f';'n';0.952;0.967;0.967
'Response(f, n)';'Response';'f';'n';0.508;0.516;0.516
'CoExistence(f, o)';'CoExistence';'f';'o';0.882;0.886;0.886
'RespondedExistence(f, o)';'RespondedExistence';'f';'o';0.882;0.896;0.896
'CoExistence(f, p)';'CoExistence';'f';'p';0.972;0.974;0.974
'RespondedExistence(f, p)';'RespondedExistence';'f';'p';0.972;0.988;0.988
'CoExistence(f, q)';'CoExistence';'f';'q';0.886;0.891;0.891
'RespondedExistence(f, q)';'RespondedExistence';'f';'q';0.886;0.900;0.900
'NotSuccession(f, r)';'NotSuccession';'f';'r';0.916;0.929;0.929
'NotCoExistence(f, r)';'NotCoExistence';'f';'r';0.890;0.903;0.903
'CoExistence(f, s)';'CoExistence';'f';'s';0.870;0.873;0.873
'RespondedExistence(f, s)';'RespondedExistence';'f';'s';0.870;0.884;0.884
'CoExistence(f, t)';'CoExistence';'f';'t';0.972;0.972;0.972
'RespondedExistence(f, t)';'RespondedExistence';'f';'t';0.972;0.988;0.988
'CoExistence(f, u)';'CoExistence';'f';'u';0.870;0.873;0.873
'RespondedExistence(f, u)';'RespondedExistence';'f';'u';0.870;0.884;0.884
'CoExistence(f, v)';'CoExistence';'f';'v';0.894;0.901;0.901
'RespondedExistence(f, v)';'RespondedExistence';'f';'v';0.894;0.909;0.909
'CoExistence(f, w)';'CoExistence';'f';'w';0.884;0.889;0.889
'RespondedExistence(f, w)';'RespondedExistence';'f';'w';0.884;0.898;0.898
'CoExistence(f, z)';'CoExistence';'f';'z';0.876;0.885;0.885
'RespondedExistence(f, z)';'RespondedExistence';'f';'z';0.876;0.890;0.890
'Precedence(p, f)';'Precedence';'f';'p';0.646;0.657;0.657
'Precedence(s, f)';'Precedence';'f';'s';0.496;0.504;0.504
'Precedence(v, f)';'Precedence';'f';'v';0.530;0.539;0.539
'Participation(g)';'Participation';'g';;0.888;0.888;0.888
'Precedence(a, g)';'Precedence';'g';'a';0.866;0.975;0.975
'CoExistence(g, a)';'CoExistence';'g';'a';0.886;0.886;0.886
'RespondedExistence(g, a)';'RespondedExistence';'g';'a';0.886;0.998;0.998
'CoExistence(g, b)';'CoExistence';'g';'b';0.888;0.888;0.888
'RespondedExistence(g, b)';'RespondedExistence';'g';'b';0.888;1.000;1.000
'Response(g, b)';'Response';'g';'b';0.866;0.975;0.975
'CoExistence(g, c)';'CoExistence';'g';'c';0.798;0.816;0.816
'RespondedExistence(g, c)';'RespondedExistence';'g';'c';0.798;0.899;0.899
'NotSuccession(g, c)';'NotSuccession';'g';'c';0.596;0.609;0.609
'CoExistence(g, d)';'CoExistence';'g';'d';0.888;0.888;0.888
'RespondedExistence(g, d)';'RespondedExistence';'g';'d';0.888;1.000;1.000
'Response(g, d)';'Response';'g';'d';0.490;0.552;0.552
'CoExistence(g, e)';'CoExistence';'g';'e';0.808;0.831;0.831
'RespondedExistence(g, e)';'RespondedExistence';'g';'e';0.808;0.910;0.910
'CoExistence(g, f)';'CoExistence';'g';'f';0.882;0.891;0.891
'RespondedExistence(g, f)';'RespondedExistence';'g';'f';0.882;0.993;0.993
'Response(g, f)';'Response';'g';'f';0.706;0.795;0.795
'CoExistence(g, h)';'CoExistence';'g';'h';0.672;0.753;0.753
'RespondedExistence(g, h)';'RespondedExistence';'g';'h';0.672;0.757;0.757
'CoExistence(g, i)';'CoExistence';'g';'i';0.834;0.842;0.842
'RespondedExistence(g, i)';'RespondedExistence';'g';'i';0.834;0.939;0.939
'CoExistence(g, l)';'CoExistence';'g';'l';0.588;0.616;0.616
'RespondedExistence(g, l)';'RespondedExistence';'g';'l';0.588;0.662;0.662
'NotSuccession(g, l)';'NotSuccession';'g';'l';0.490;0.514;0.514
'CoExistence(g, m)';'CoExistence';'g';'m';0.796;0.816;0.816
'RespondedExistence(g, m)';'RespondedExistence';'g';'m';0.796;0.896;0.896
'CoExistence(g, n)';'CoExistence';'g';'n';0.872;0.890;0.890
'RespondedExistence(g, n)';'RespondedExistence';'g';'n';0.872;0.982;0.982
'Response(g, n)';'Response';'g';'n';0.716;0.806;0.806
'CoExistence(g, o)';'CoExistence';'g';'o';0.800;0.815;0.815
'RespondedExistence(g, o)';'RespondedExistence';'g';'o';0.800;0.901;0.901
'CoExistence(g, p)';'CoExistence';'g';'p';0.884;0.893;0.893
'RespondedExistence(g, p)';'RespondedExistence';'g';'p';0.884;0.995;0.995
'Response(g, p)';'Response';'g';'p';0.582;0.655;0.655
'CoExistence(g, q)';'CoExistence';'g';'q';0.808;0.828;0.828
'RespondedExistence(g, q)';'RespondedExistence';'g';'q';0.808;0.910;0.910
'NotSuccession(g, r)';'NotSuccession';'g';'r';0.828;0.922;0.922
'NotCoExistence(g, r)';'NotCoExistence';'g';'r';0.810;0.902;0.902
'CoExistence(g, s)';'CoExistence';'g';'s';0.794;0.814;0.814
'RespondedExistence(g, s)';'RespondedExistence';'g';'s';0.794;0.894;0.894
'CoExistence(g, t)';'CoExistence';'g';'t';0.878;0.880;0.880
'RespondedExistence(g, t)';'RespondedExistence';'g';'t';0.878;0.989;0.989
'Response(g, t)';'Response';'g';'t';0.464;0.523;0.523
'CoExistence(g, u)';'CoExistence';'g';'u';0.792;0.810;0.810
'RespondedExistence(g, u)';'RespondedExistence';'g';'u';0.792;0.892;0.892
'CoExistence(g, v)';'CoExistence';'g';'v';0.810;0.827;0.827
'RespondedExistence(g, v)';'RespondedExistence';'g';'v';0.810;0.912;0.912
'CoExistence(g, w)';'CoExistence';'g';'w';0.798;0.811;0.811
'RespondedExistence(g, w)';'RespondedExistence';'g';'w';0.798;0.899;0.899
'CoExistence(g, z)';'CoExistence';'g';'z';0.798;0.821;0.821
'RespondedExistence(g, z)';'RespondedExistence';'g';'z';0.798;0.899;0.899
'Precedence(p, g)';'Precedence';'g';'p';0.578;0.651;0.651
'Participation(h)';'Participation';'h';;0.676;0.676;0.676
'Precedence(a, h)';'Precedence';'h';'a';0.670;0.991;0.991
'AlternatePrecedence(a, h)';'AlternatePrecedence';'h';'a';0.366;0.541;0.541
'Precedence(b, h)';'Precedence';'h';'b';0.432;0.639;0.639
'Precedence(c, h)';'Precedence';'h';'c';0.444;0.657;0.657
'Precedence(d, h)';'Precedence';'h';'d';0.458;0.678;0.678
'Precedence(e, h)';'Precedence';'h';'e';0.452;0.669;0.669
'Precedence(f, h)';'Precedence';'h';'f';0.458;0.678;0.678
'Precedence(g, h)';'Precedence';'h';'g';0.654;0.967;0.967
'AlternatePrecedence(g, h)';'AlternatePrecedence';'h';'g';0.348;0.515;0.515
'CoExistence(h, a)';'CoExistence';'h';'a';0.676;0.677;0.677
'RespondedExistence(h, a)';'RespondedExistence';'h';'a';0.676;1.000;1.000
'NotSuccession(h, a)';'NotSuccession';'h';'a';0.574;0.575;0.575
'CoExistence(h, b)';'CoExistence';'h';'b';0.676;0.676;0.676
'RespondedExistence(h, b)';'RespondedExistence';'h';'b';0.676;1.000;1.000
'Response(h, b)';'Response';'h';'b';0.650;0.962;0.962
'AlternateResponse(h, b)';'AlternateResponse';'h';'b';0.340;0.503;0.503
'CoExistence(h, c)';'CoExistence';'h';'c';0.606;0.633;0.633
'RespondedExistence(h, c)';'RespondedExistence';'h';'c';0.606;0.896;0.896
'NotSuccession(h, c)';'NotSuccession';'h';'c';0.792;0.827;0.827
'CoExistence(h, d)';'CoExistence';'h';'d';0.676;0.676;0.676
'RespondedExistence(h, d)';'RespondedExistence';'h';'d';0.676;1.000;1.000
'NotSuccession(h, d)';'NotSuccession';'h';'d';0.542;0.542;0.542
'CoExistence(h, e)';'CoExistence';'h';'e';0.618;0.651;0.651
'RespondedExistence(h, e)';'RespondedExistence';'h';'e';0.618;0.914;0.914
'NotSuccession(h, e)';'NotSuccession';'h';'e';0.558;0.587;0.587
'CoExistence(h, f)';'CoExistence';'h';'f';0.672;0.680;0.680
'RespondedExistence(h, f)';'RespondedExistence';'h';'f';0.672;0.994;0.994
'Response(h, f)';'Response';'h';'f';0.520;0.769;0.769
'CoExistence(h, g)';'CoExistence';'h';'g';0.672;0.753;0.753
'RespondedExistence(h, g)';'RespondedExistence';'h';'g';0.672;0.994;0.994
'NotSuccession(h, g)';'NotSuccession';'h';'g';0.500;0.561;0.561
'CoExistence(h, i)';'CoExistence';'h';'i';0.638;0.655;0.655
'RespondedExistence(h, i)';'RespondedExistence';'h';'i';0.638;0.944;0.944
'NotSuccession(h, i)';'NotSuccession';'h';'i';0.570;0.585;0.585
'CoExistence(h, l)';'CoExistence';'h';'l';0.460;0.529;0.529
'RespondedExistence(h, l)';'RespondedExistence';'h';'l';0.460;0.680;0.680
'NotSuccession(h, l)';'NotSuccession';'h';'l';0.608;0.699;0.699
'CoExistence(h, m)';'CoExistence';'h';'m';0.610;0.642;0.642
'RespondedExistence(h, m)';'RespondedExistence';'h';'m';0.610;0.902;0.902
'NotSuccession(h, m)';'NotSuccession';'h';'m';0.664;0.699;0.699
'CoExistence(h, n)';'CoExistence';'h';'n';0.664;0.680;0.680
'RespondedExistence(h, n)';'RespondedExistence';'h';'n';0.664;0.982;0.982
'Response(h, n)';'Response';'h';'n';0.528;0.781;0.781
'CoExistence(h, o)';'CoExistence';'h';'o';0.606;0.629;0.629
'RespondedExistence(h, o)';'RespondedExistence';'h';'o';0.606;0.896;0.896
'NotSuccession(h, o)';'NotSuccession';'h';'o';0.554;0.575;0.575
'CoExistence(h, p)';'CoExistence';'h';'p';0.674;0.682;0.682
'RespondedExistence(h, p)';'RespondedExistence';'h';'p';0.674;0.997;0.997
'Response(h, p)';'Response';'h';'p';0.396;0.586;0.586
'CoExistence(h, q)';'CoExistence';'h';'q';0.630;0.669;0.669
'RespondedExistence(h, q)';'RespondedExistence';'h';'q';0.630;0.932;0.932
'NotSuccession(h, q)';'NotSuccession';'h';'q';0.530;0.563;0.563
'NotSuccession(h, r)';'NotSuccession';'h';'r';0.660;0.951;0.951
'NotCoExistence(h, r)';'NotCoExistence';'h';'r';0.614;0.885;0.885
'CoExistence(h, s)';'CoExistence';'h';'s';0.600;0.626;0.626
'RespondedExistence(h, s)';'RespondedExistence';'h';'s';0.600;0.888;0.888
'NotSuccession(h, s)';'NotSuccession';'h';'s';0.588;0.614;0.614
'CoExistence(h, t)';'CoExistence';'h';'t';0.672;0.677;0.677
'RespondedExistence(h, t)';'RespondedExistence';'h';'t';0.672;0.994;0.994
'NotSuccession(h, t)';'NotSuccession';'h';'t';0.546;0.550;0.550
'CoExistence(h, u)';'CoExistence';'h';'u';0.606;0.637;0.637
'RespondedExistence(h, u)';'RespondedExistence';'h';'u';0.606;0.896;0.896
'NotSuccession(h, u)';'NotSuccession';'h';'u';0.554;0.582;0.582
'CoExistence(h, v)';'CoExistence';'h';'v';0.628;0.661;0.661
'RespondedExistence(h, v)';'RespondedExistence';'h';'v';0.628;0.929;0.929
'NotSuccession(h, v)';'NotSuccession';'h';'v';0.556;0.585;0.585
'CoExistence(h, w)';'CoExistence';'h';'w';0.608;0.632;0.632
'RespondedExistence(h, w)';'RespondedExistence';'h';'w';0.608;0.899;0.899
'NotSuccession(h, w)';'NotSuccession';'h';'w';0.578;0.601;0.601
'CoExistence(h, z)';'CoExistence';'h';'z';0.610;0.643;0.643
'RespondedExistence(h, z)';'RespondedExistence';'h';'z';0.610;0.902;0.902
'NotSuccession(h, z)';'NotSuccession';'h';'z';0.556;0.586;0.586
'Precedence(i, h)';'Precedence';'h';'i';0.474;0.701;0.701
'Precedence(m, h)';'Precedence';'h';'m';0.488;0.722;0.722
'Precedence(n, h)';'Precedence';'h';'n';0.434;0.642;0.642
'Precedence(o, h)';'Precedence';'h';'o';0.428;0.633;0.633
'Precedence(p, h)';'Precedence';'h';'p';0.574;0.849;0.849
'AlternatePrecedence(p, h)';'AlternatePrecedence';'h';'p';0.380;0.562;0.562
'Precedence(q, h)';'Precedence';'h';'q';0.468;0.692;0.692
'Precedence(s, h)';'Precedence';'h';'s';0.458;0.678;0.678
'Precedence(t, h)';'Precedence';'h';'t';0.472;0.698;0.698
'Precedence(u, h)';'Precedence';'h';'u';0.448;0.663;0.663
'Precedence(v, h)';'Precedence';'h';'v';0.488;0.722;0.722
'Precedence(w, h)';'Precedence';'h';'w';0.422;0.624;0.624
'Precedence(z, h)';'Precedence';'h';'z';0.472;0.698;0.698
'Participation(i)';'Participation';'i';;0.936;0.936;0.936
'Precedence(a, i)';'Precedence';'i';'a';0.912;0.974;0.974
'CoExistence(i, a)';'CoExistence';'i';'a';0.934;0.934;0.934
'RespondedExistence(i, a)';'RespondedExistence';'i';'a';0.934;0.998;0.998
'CoExistence(i, b)';'CoExistence';'i';'b';0.936;0.936;0.936
'Succession(i, b)';'Succession';'i';'b';0.500;0.500;0.500
'RespondedExistence(i, b)';'RespondedExistence';'i';'b';0.936;1.000;1.000
'Response(i, b)';'Response';'i';'b';0.908;0.970;0.970
'CoExistence(i, c)';'CoExistence';'i';'c';0.842;0.857;0.857
'RespondedExistence(i, c)';'RespondedExistence';'i';'c';0.842;0.900;0.900
'NotSuccession(i, c)';'NotSuccession';'i';'c';0.534;0.544;0.544
'CoExistence(i, d)';'CoExistence';'i';'d';0.936;0.936;0.936
'RespondedExistence(i, d)';'RespondedExistence';'i';'d';0.936;1.000;1.000
'Response(i, d)';'Response';'i';'d';0.526;0.562;0.562
'CoExistence(i, e)';'CoExistence';'i';'e';0.844;0.858;0.858
'RespondedExistence(i, e)';'RespondedExistence';'i';'e';0.844;0.902;0.902
'CoExistence(i, f)';'CoExistence';'i';'f';0.920;0.920;0.920
'RespondedExistence(i, f)';'RespondedExistence';'i';'f';0.920;0.983;0.983
'Response(i, f)';'Response';'i';'f';0.750;0.801;0.801
'CoExistence(i, g)';'CoExistence';'i';'g';0.834;0.842;0.842
'RespondedExistence(i, g)';'RespondedExistence';'i';'g';0.834;0.891;0.891
'CoExistence(i, h)';'CoExistence';'i';'h';0.638;0.655;0.655
'RespondedExistence(i, h)';'RespondedExistence';'i';'h';0.638;0.682;0.682
'CoExistence(i, l)';'CoExistence';'i';'l';0.652;0.695;0.695
'RespondedExistence(i, l)';'RespondedExistence';'i';'l';0.652;0.697;0.697
'CoExistence(i, m)';'CoExistence';'i';'m';0.840;0.857;0.857
'RespondedExistence(i, m)';'RespondedExistence';'i';'m';0.840;0.897;0.897
'CoExistence(i, n)';'CoExistence';'i';'n';0.914;0.927;0.927
'RespondedExistence(i, n)';'RespondedExistence';'i';'n';0.914;0.976;0.976
'Response(i, n)';'Response';'i';'n';0.726;0.776;0.776
'CoExistence(i, o)';'CoExistence';'i';'o';0.842;0.852;0.852
'RespondedExistence(i, o)';'RespondedExistence';'i';'o';0.842;0.900;0.900
'CoExistence(i, p)';'CoExistence';'i';'p';0.926;0.930;0.930
'RespondedExistence(i, p)';'RespondedExistence';'i';'p';0.926;0.989;0.989
'Response(i, p)';'Response';'i';'p';0.638;0.682;0.682
'CoExistence(i, q)';'CoExistence';'i';'q';0.846;0.858;0.858
'RespondedExistence(i, q)';'RespondedExistence';'i';'q';0.846;0.904;0.904
'NotSuccession(i, r)';'NotSuccession';'i';'r';0.864;0.919;0.919
'NotCoExistence(i, r)';'NotCoExistence';'i';'r';0.846;0.900;0.900
'CoExistence(i, s)';'CoExistence';'i';'s';0.840;0.859;0.859
'RespondedExistence(i, s)';'RespondedExistence';'i';'s';0.840;0.897;0.897
'CoExistence(i, t)';'CoExistence';'i';'t';0.928;0.932;0.932
'RespondedExistence(i, t)';'RespondedExistence';'i';'t';0.928;0.991;0.991
'Response(i, t)';'Response';'i';'t';0.506;0.541;0.541
'CoExistence(i, u)';'CoExistence';'i';'u';0.836;0.851;0.851
'RespondedExistence(i, u)';'RespondedExistence';'i';'u';0.836;0.893;0.893
'CoExistence(i, v)';'CoExistence';'i';'v';0.852;0.864;0.864
'RespondedExistence(i, v)';'RespondedExistence';'i';'v';0.852;0.910;0.910
'CoExistence(i, w)';'CoExistence';'i';'w';0.844;0.856;0.856
'RespondedExistence(i, w)';'RespondedExistence';'i';'w';0.844;0.902;0.902
'CoExistence(i, z)';'CoExistence';'i';'z';0.830;0.840;0.840
'RespondedExistence(i, z)';'RespondedExistence';'i';'z';0.830;0.887;0.887
'Precedence(p, i)';'Precedence';'i';'p';0.580;0.620;0.620
'AtMostOne(l)';'AtMostOne';'l';;0.486;0.743;0.743
'Participation(l)';'Participation';'l';;0.654;0.654;0.654
'Precedence(a, l)';'Precedence';'l';'a';0.650;0.994;0.994
'AlternatePrecedence(a, l)';'AlternatePrecedence';'l';'a';0.550;0.841;0.841
'Precedence(b, l)';'Precedence';'l';'b';0.414;0.633;0.633
'AlternatePrecedence(b, l)';'AlternatePrecedence';'l';'b';0.382;0.584;0.584
'Precedence(c, l)';'Precedence';'l';'c';0.420;0.642;0.642
'AlternatePrecedence(c, l)';'AlternatePrecedence';'l';'c';0.342;0.523;0.523
'Precedence(d, l)';'Precedence';'l';'d';0.420;0.642;0.642
'AlternatePrecedence(d, l)';'AlternatePrecedence';'l';'d';0.380;0.581;0.581
'Precedence(e, l)';'Precedence';'l';'e';0.442;0.676;0.676
'AlternatePrecedence(e, l)';'AlternatePrecedence';'l';'e';0.386;0.590;0.590
'Precedence(f, l)';'Precedence';'l';'f';0.434;0.664;0.664
'AlternatePrecedence(f, l)';'AlternatePrecedence';'l';'f';0.384;0.587;0.587
'Precedence(g, l)';'Precedence';'l';'g';0.402;0.615;0.615
'AlternatePrecedence(g, l)';'AlternatePrecedence';'l';'g';0.362;0.554;0.554
'Precedence(i, l)';'Precedence';'l';'i';0.636;0.972;0.972
'AlternatePrecedence(i, l)';'AlternatePrecedence';'l';'i';0.626;0.957;0.957
'CoExistence(l, a)';'CoExistence';'l';'a';0.654;0.655;0.655
'RespondedExistence(l, a)';'RespondedExistence';'l';'a';0.654;1.000;1.000
'Response(l, a)';'Response';'l';'a';0.336;0.514;0.514
'NotSuccession(l, a)';'NotSuccession';'l';'a';0.610;0.611;0.611
'CoExistence(l, b)';'CoExistence';'l';'b';0.654;0.654;0.654
'RespondedExistence(l, b)';'RespondedExistence';'l';'b';0.654;1.000;1.000
'Response(l, b)';'Response';'l';'b';0.632;0.966;0.966
'AlternateResponse(l, b)';'AlternateResponse';'l';'b';0.556;0.850;0.850
'CoExistence(l, c)';'CoExistence';'l';'c';0.584;0.610;0.610
'RespondedExistence(l, c)';'RespondedExistence';'l';'c';0.584;0.893;0.893
'NotSuccession(l, c)';'NotSuccession';'l';'c';0.790;0.825;0.825
'CoExistence(l, d)';'CoExistence';'l';'d';0.654;0.654;0.654
'RespondedExistence(l, d)';'RespondedExistence';'l';'d';0.654;1.000;1.000
'Response(l, d)';'Response';'l';'d';0.380;0.581;0.581
'AlternateResponse(l, d)';'AlternateResponse';'l';'d';0.334;0.511;0.511
'NotSuccession(l, d)';'NotSuccession';'l';'d';0.546;0.546;0.546
'CoExistence(l, e)';'CoExistence';'l';'e';0.596;0.627;0.627
'RespondedExistence(l, e)';'RespondedExistence';'l';'e';0.596;0.911;0.911
'NotSuccession(l, e)';'NotSuccession';'l';'e';0.580;0.611;0.611
'CoExistence(l, f)';'CoExistence';'l';'f';0.648;0.655;0.655
'RespondedExistence(l, f)';'RespondedExistence';'l';'f';0.648;0.991;0.991
'Response(l, f)';'Response';'l';'f';0.530;0.810;0.810
'AlternateResponse(l, f)';'AlternateResponse';'l';'f';0.452;0.691;0.691
'CoExistence(l, g)';'CoExistence';'l';'g';0.588;0.616;0.616
'RespondedExistence(l, g)';'RespondedExistence';'l';'g';0.588;0.899;0.899
'Response(l, g)';'Response';'l';'g';0.330;0.505;0.505
'NotSuccession(l, g)';'NotSuccession';'l';'g';0.554;0.581;0.581
'CoExistence(l, h)';'CoExistence';'l';'h';0.460;0.529;0.529
'RespondedExistence(l, h)';'RespondedExistence';'l';'h';0.460;0.703;0.703
'NotSuccession(l, h)';'NotSuccession';'l';'h';0.532;0.611;0.611
'CoExistence(l, i)';'CoExistence';'l';'i';0.652;0.695;0.695
'RespondedExistence(l, i)';'RespondedExistence';'l';'i';0.652;0.997;0.997
'NotSuccession(l, i)';'NotSuccession';'l';'i';0.558;0.595;0.595
'CoExistence(l, m)';'CoExistence';'l';'m';0.592;0.626;0.626
'RespondedExistence(l, m)';'RespondedExistence';'l';'m';0.592;0.905;0.905
'NotSuccession(l, m)';'NotSuccession';'l';'m';0.630;0.666;0.666
'CoExistence(l, n)';'CoExistence';'l';'n';0.642;0.658;0.658
'RespondedExistence(l, n)';'RespondedExistence';'l';'n';0.642;0.982;0.982
'Response(l, n)';'Response';'l';'n';0.534;0.817;0.817
'AlternateResponse(l, n)';'AlternateResponse';'l';'n';0.452;0.691;0.691
'CoExistence(l, o)';'CoExistence';'l';'o';0.592;0.619;0.619
'RespondedExistence(l, o)';'RespondedExistence';'l';'o';0.592;0.905;0.905
'Response(l, o)';'Response';'l';'o';0.332;0.508;0.508
'NotSuccession(l, o)';'NotSuccession';'l';'o';0.558;0.584;0.584
'CoExistence(l, p)';'CoExistence';'l';'p';0.648;0.653;0.653
'RespondedExistence(l, p)';'RespondedExistence';'l';'p';0.648;0.991;0.991
'Response(l, p)';'Response';'l';'p';0.466;0.713;0.713
'AlternateResponse(l, p)';'AlternateResponse';'l';'p';0.442;0.676;0.676
'CoExistence(l, q)';'CoExistence';'l';'q';0.600;0.632;0.632
'RespondedExistence(l, q)';'RespondedExistence';'l';'q';0.600;0.917;0.917
'Response(l, q)';'Response';'l';'q';0.352;0.538;0.538
'NotSuccession(l, q)';'NotSuccession';'l';'q';0.534;0.562;0.562
'NotSuccession(l, r)';'NotSuccession';'l';'r';0.680;0.971;0.971
'NotCoExistence(l, r)';'NotCoExistence';'l';'r';0.648;0.926;0.926
'CoExistence(l, s)';'CoExistence';'l';'s';0.598;0.638;0.638
'RespondedExistence(l, s)';'RespondedExistence';'l';'s';0.598;0.914;0.914
'NotSuccession(l, s)';'NotSuccession';'l';'s';0.550;0.586;0.586
'CoExistence(l, t)';'CoExistence';'l';'t';0.648;0.652;0.652
'RespondedExistence(l, t)';'RespondedExistence';'l';'t';0.648;0.991;0.991
'Response(l, t)';'Response';'l';'t';0.374;0.572;0.572
'NotSuccession(l, t)';'NotSuccession';'l';'t';0.554;0.557;0.557
'CoExistence(l, u)';'CoExistence';'l';'u';0.584;0.613;0.613
'RespondedExistence(l, u)';'RespondedExistence';'l';'u';0.584;0.893;0.893
'NotSuccession(l, u)';'NotSuccession';'l';'u';0.562;0.590;0.590
'CoExistence(l, v)';'CoExistence';'l';'v';0.596;0.621;0.621
'RespondedExistence(l, v)';'RespondedExistence';'l';'v';0.596;0.911;0.911
'NotSuccession(l, v)';'NotSuccession';'l';'v';0.590;0.615;0.615
'CoExistence(l, w)';'CoExistence';'l';'w';0.596;0.626;0.626
'RespondedExistence(l, w)';'RespondedExistence';'l';'w';0.596;0.911;0.911
'Response(l, w)';'Response';'l';'w';0.352;0.538;0.538
'NotSuccession(l, w)';'NotSuccession';'l';'w';0.550;0.578;0.578
'CoExistence(l, z)';'CoExistence';'l';'z';0.590;0.624;0.624
'RespondedExistence(l, z)';'RespondedExistence';'l';'z';0.590;0.902;0.902
'NotSuccession(l, z)';'NotSuccession';'l';'z';0.552;0.584;0.584
'Precedence(m, l)';'Precedence';'l';'m';0.428;0.654;0.654
'AlternatePrecedence(m, l)';'AlternatePrecedence';'l';'m';0.366;0.560;0.560
'Precedence(n, l)';'Precedence';'l';'n';0.422;0.645;0.645
'AlternatePrecedence(n, l)';'AlternatePrecedence';'l';'n';0.372;0.569;0.569
'Precedence(o, l)';'Precedence';'l';'o';0.428;0.654;0.654
'AlternatePrecedence(o, l)';'AlternatePrecedence';'l';'o';0.392;0.599;0.599
'Precedence(p, l)';'Precedence';'l';'p';0.546;0.835;0.835
'AlternatePrecedence(p, l)';'AlternatePrecedence';'l';'p';0.514;0.786;0.786
'Precedence(q, l)';'Precedence';'l';'q';0.446;0.682;0.682
'AlternatePrecedence(q, l)';'AlternatePrecedence';'l';'q';0.384;0.587;0.587
'Precedence(s, l)';'Precedence';'l';'s';0.436;0.667;0.667
'AlternatePrecedence(s, l)';'AlternatePrecedence';'l';'s';0.388;0.593;0.593
'Precedence(t, l)';'Precedence';'l';'t';0.424;0.648;0.648
'AlternatePrecedence(t, l)';'AlternatePrecedence';'l';'t';0.384;0.587;0.587
'Precedence(u, l)';'Precedence';'l';'u';0.394;0.602;0.602
'AlternatePrecedence(u, l)';'AlternatePrecedence';'l';'u';0.356;0.544;0.544
'Precedence(v, l)';'Precedence';'l';'v';0.436;0.667;0.667
'AlternatePrecedence(v, l)';'AlternatePrecedence';'l';'v';0.394;0.602;0.602
'Precedence(w, l)';'Precedence';'l';'w';0.428;0.654;0.654
'AlternatePrecedence(w, l)';'AlternatePrecedence';'l';'w';0.380;0.581;0.581
'Precedence(z, l)';'Precedence';'l';'z';0.448;0.685;0.685
'AlternatePrecedence(z, l)';'AlternatePrecedence';'l';'z';0.396;0.606;0.606
'AtMostOne(m)';'AtMostOne';'m';;0.462;0.523;0.523
'Participation(m)';'Participation';'m';;0.884;0.884;0.884
'Precedence(a, m)';'Precedence';'m';'a';0.868;0.982;0.982
'AlternatePrecedence(a, m)';'AlternatePrecedence';'m';'a';0.640;0.724;0.724
'CoExistence(m, a)';'CoExistence';'m';'a';0.882;0.882;0.882
'RespondedExistence(m, a)';'RespondedExistence';'m';'a';0.882;0.998;0.998
'Response(m, a)';'Response';'m';'a';0.494;0.559;0.559
'CoExistence(m, b)';'CoExistence';'m';'b';0.884;0.884;0.884
'RespondedExistence(m, b)';'RespondedExistence';'m';'b';0.884;1.000;1.000
'Response(m, b)';'Response';'m';'b';0.866;0.980;0.980
'AlternateResponse(m, b)';'AlternateResponse';'m';'b';0.658;0.744;0.744
'CoExistence(m, c)';'CoExistence';'m';'c';0.800;0.823;0.823
'RespondedExistence(m, c)';'RespondedExistence';'m';'c';0.800;0.905;0.905
'NotSuccession(m, c)';'NotSuccession';'m';'c';0.554;0.570;0.570
'CoExistence(m, d)';'CoExistence';'m';'d';0.884;0.884;0.884
'RespondedExistence(m, d)';'RespondedExistence';'m';'d';0.884;1.000;1.000
'Response(m, d)';'Response';'m';'d';0.586;0.663;0.663
'AlternateResponse(m, d)';'AlternateResponse';'m';'d';0.454;0.514;0.514
'CoExistence(m, e)';'CoExistence';'m';'e';0.810;0.839;0.839
'RespondedExistence(m, e)';'RespondedExistence';'m';'e';0.810;0.916;0.916
'Response(m, e)';'Response';'m';'e';0.504;0.570;0.570
'CoExistence(m, f)';'CoExistence';'m';'f';0.876;0.883;0.883
'RespondedExistence(m, f)';'RespondedExistence';'m';'f';0.876;0.991;0.991
'Response(m, f)';'Response';'m';'f';0.756;0.855;0.855
'AlternateResponse(m, f)';'AlternateResponse';'m';'f';0.564;0.638;0.638
'CoExistence(m, g)';'CoExistence';'m';'g';0.796;0.816;0.816
'RespondedExistence(m, g)';'RespondedExistence';'m';'g';0.796;0.900;0.900
'Response(m, g)';'Response';'m';'g';0.536;0.606;0.606
'CoExistence(m, h)';'CoExistence';'m';'h';0.610;0.642;0.642
'RespondedExistence(m, h)';'RespondedExistence';'m';'h';0.610;0.690;0.690
'Response(m, h)';'Response';'m';'h';0.448;0.507;0.507
'CoExistence(m, i)';'CoExistence';'m';'i';0.840;0.857;0.857
'RespondedExistence(m, i)';'RespondedExistence';'m';'i';0.840;0.950;0.950
'Response(m, i)';'Response';'m';'i';0.512;0.579;0.579
'CoExistence(m, l)';'CoExistence';'m';'l';0.592;0.626;0.626
'RespondedExistence(m, l)';'RespondedExistence';'m';'l';0.592;0.670;0.670
'CoExistence(m, n)';'CoExistence';'m';'n';0.882;0.913;0.913
'RespondedExistence(m, n)';'RespondedExistence';'m';'n';0.882;0.998;0.998
'Response(m, n)';'Response';'m';'n';0.848;0.959;0.959
'AlternateResponse(m, n)';'AlternateResponse';'m';'n';0.792;0.896;0.896
'CoExistence(m, o)';'CoExistence';'m';'o';0.800;0.818;0.818
'RespondedExistence(m, o)';'RespondedExistence';'m';'o';0.800;0.905;0.905
'Response(m, o)';'Response';'m';'o';0.528;0.597;0.597
'CoExistence(m, p)';'CoExistence';'m';'p';0.880;0.889;0.889
'RespondedExistence(m, p)';'RespondedExistence';'m';'p';0.880;0.995;0.995
'Response(m, p)';'Response';'m';'p';0.684;0.774;0.774
'AlternateResponse(m, p)';'AlternateResponse';'m';'p';0.588;0.665;0.665
'CoExistence(m, q)';'CoExistence';'m';'q';0.800;0.816;0.816
'RespondedExistence(m, q)';'RespondedExistence';'m';'q';0.800;0.905;0.905
'Response(m, q)';'Response';'m';'q';0.530;0.600;0.600
'NotSuccession(m, r)';'NotSuccession';'m';'r';0.816;0.917;0.917
'NotCoExistence(m, r)';'NotCoExistence';'m';'r';0.798;0.897;0.897
'CoExistence(m, s)';'CoExistence';'m';'s';0.794;0.817;0.817
'RespondedExistence(m, s)';'RespondedExistence';'m';'s';0.794;0.898;0.898
'Response(m, s)';'Response';'m';'s';0.490;0.554;0.554
'CoExistence(m, t)';'CoExistence';'m';'t';0.878;0.883;0.883
'RespondedExistence(m, t)';'RespondedExistence';'m';'t';0.878;0.993;0.993
'Response(m, t)';'Response';'m';'t';0.584;0.661;0.661
'AlternateResponse(m, t)';'AlternateResponse';'m';'t';0.460;0.520;0.520
'CoExistence(m, u)';'CoExistence';'m';'u';0.788;0.806;0.806
'RespondedExistence(m, u)';'RespondedExistence';'m';'u';0.788;0.891;0.891
'Response(m, u)';'Response';'m';'u';0.530;0.600;0.600
'CoExistence(m, v)';'CoExistence';'m';'v';0.812;0.834;0.834
'RespondedExistence(m, v)';'RespondedExistence';'m';'v';0.812;0.919;0.919
'Response(m, v)';'Response';'m';'v';0.494;0.559;0.559
'CoExistence(m, w)';'CoExistence';'m';'w';0.804;0.825;0.825
'RespondedExistence(m, w)';'RespondedExistence';'m';'w';0.804;0.910;0.910
'Response(m, w)';'Response';'m';'w';0.534;0.604;0.604
'CoExistence(m, z)';'CoExistence';'m';'z';0.792;0.813;0.813
'RespondedExistence(m, z)';'RespondedExistence';'m';'z';0.792;0.896;0.896
'Response(m, z)';'Response';'m';'z';0.516;0.584;0.584
'Precedence(p, m)';'Precedence';'m';'p';0.566;0.640;0.640
'AlternatePrecedence(p, m)';'AlternatePrecedence';'m';'p';0.492;0.557;0.557
'Participation(n)';'Participation';'n';;0.964;0.964;0.964
'Precedence(a, n)';'Precedence';'n';'a';0.948;0.983;0.983
'Precedence(d, n)';'Precedence';'n';'d';0.508;0.527;0.527
'Precedence(f, n)';'Precedence';'n';'f';0.484;0.502;0.502
'Precedence(i, n)';'Precedence';'n';'i';0.502;0.521;0.521
'Precedence(m, n)';'Precedence';'n';'m';0.484;0.502;0.502
'CoExistence(n, a)';'CoExistence';'n';'a';0.962;0.962;0.962
'RespondedExistence(n, a)';'RespondedExistence';'n';'a';0.962;0.998;0.998
'CoExistence(n, b)';'CoExistence';'n';'b';0.964;0.964;0.964
'RespondedExistence(n, b)';'RespondedExistence';'n';'b';0.964;1.000;1.000
'Response(n, b)';'Response';'n';'b';0.924;0.959;0.959
'CoExistence(n, c)';'CoExistence';'n';'c';0.868;0.882;0.882
'RespondedExistence(n, c)';'RespondedExistence';'n';'c';0.868;0.900;0.900
'NotSuccession(n, c)';'NotSuccession';'n';'c';0.558;0.567;0.567
'CoExistence(n, d)';'CoExistence';'n';'d';0.964;0.964;0.964
'RespondedExistence(n, d)';'RespondedExistence';'n';'d';0.964;1.000;1.000
'CoExistence(n, e)';'CoExistence';'n';'e';0.876;0.894;0.894
'RespondedExistence(n, e)';'RespondedExistence';'n';'e';0.876;0.909;0.909
'CoExistence(n, f)';'CoExistence';'n';'f';0.952;0.956;0.956
'RespondedExistence(n, f)';'RespondedExistence';'n';'f';0.952;0.988;0.988
'CoExistence(n, g)';'CoExistence';'n';'g';0.872;0.890;0.890
'RespondedExistence(n, g)';'RespondedExistence';'n';'g';0.872;0.905;0.905
'CoExistence(n, h)';'CoExistence';'n';'h';0.664;0.680;0.680
'RespondedExistence(n, h)';'RespondedExistence';'n';'h';0.664;0.689;0.689
'CoExistence(n, i)';'CoExistence';'n';'i';0.914;0.927;0.927
'RespondedExistence(n, i)';'RespondedExistence';'n';'i';0.914;0.948;0.948
'CoExistence(n, l)';'CoExistence';'n';'l';0.642;0.658;0.658
'RespondedExistence(n, l)';'RespondedExistence';'n';'l';0.642;0.666;0.666
'NotSuccession(n, l)';'NotSuccession';'n';'l';0.510;0.523;0.523
'CoExistence(n, m)';'CoExistence';'n';'m';0.882;0.913;0.913
'RespondedExistence(n, m)';'RespondedExistence';'n';'m';0.882;0.915;0.915
'CoExistence(n, o)';'CoExistence';'n';'o';0.874;0.888;0.888
'RespondedExistence(n, o)';'RespondedExistence';'n';'o';0.874;0.907;0.907
'CoExistence(n, p)';'CoExistence';'n';'p';0.960;0.970;0.970
'RespondedExistence(n, p)';'RespondedExistence';'n';'p';0.960;0.996;0.996
'CoExistence(n, q)';'CoExistence';'n';'q';0.872;0.883;0.883
'RespondedExistence(n, q)';'RespondedExistence';'n';'q';0.872;0.905;0.905
'NotSuccession(n, r)';'NotSuccession';'n';'r';0.900;0.934;0.934
'NotCoExistence(n, r)';'NotCoExistence';'n';'r';0.866;0.898;0.898
'CoExistence(n, s)';'CoExistence';'n';'s';0.866;0.884;0.884
'RespondedExistence(n, s)';'RespondedExistence';'n';'s';0.866;0.898;0.898
'CoExistence(n, t)';'CoExistence';'n';'t';0.954;0.956;0.956
'RespondedExistence(n, t)';'RespondedExistence';'n';'t';0.954;0.990;0.990
'CoExistence(n, u)';'CoExistence';'n';'u';0.860;0.872;0.872
'RespondedExistence(n, u)';'RespondedExistence';'n';'u';0.860;0.892;0.892
'CoExistence(n, v)';'CoExistence';'n';'v';0.888;0.908;0.908
'RespondedExistence(n, v)';'RespondedExistence';'n';'v';0.888;0.921;0.921
'CoExistence(n, w)';'CoExistence';'n';'w';0.870;0.881;0.881
'RespondedExistence(n, w)';'RespondedExistence';'n';'w';0.870;0.902;0.902
'CoExistence(n, z)';'CoExistence';'n';'z';0.858;0.868;0.868
'RespondedExistence(n, z)';'RespondedExistence';'n';'z';0.858;0.890;0.890
'Precedence(p, n)';'Precedence';'n';'p';0.648;0.672;0.672
'Precedence(q, n)';'Precedence';'n';'q';0.498;0.517;0.517
'Precedence(s, n)';'Precedence';'n';'s';0.516;0.535;0.535
'Precedence(v, n)';'Precedence';'n';'v';0.522;0.541;0.541
'Participation(o)';'Participation';'o';;0.894;0.894;0.894
'Precedence(a, o)';'Precedence';'o';'a';0.872;0.975;0.975
'Precedence(i, o)';'Precedence';'o';'i';0.458;0.512;0.512
'Precedence(m, o)';'Precedence';'o';'m';0.448;0.501;0.501
'CoExistence(o, a)';'CoExistence';'o';'a';0.892;0.892;0.892
'RespondedExistence(o, a)';'RespondedExistence';'o';'a';0.892;0.998;0.998
'CoExistence(o, b)';'CoExistence';'o';'b';0.894;0.894;0.894
'RespondedExistence(o, b)';'RespondedExistence';'o';'b';0.894;1.000;1.000
'Response(o, b)';'Response';'o';'b';0.870;0.973;0.973
'CoExistence(o, c)';'CoExistence';'o';'c';0.794;0.804;0.804
'RespondedExistence(o, c)';'RespondedExistence';'o';'c';0.794;0.888;0.888
'NotSuccession(o, c)';'NotSuccession';'o';'c';0.614;0.621;0.621
'CoExistence(o, d)';'CoExistence';'o';'d';0.894;0.894;0.894
'RespondedExistence(o, d)';'RespondedExistence';'o';'d';0.894;1.000;1.000
'Response(o, d)';'Response';'o';'d';0.498;0.557;0.557
'CoExistence(o, e)';'CoExistence';'o';'e';0.810;0.830;0.830
'RespondedExistence(o, e)';'RespondedExistence';'o';'e';0.810;0.906;0.906
'CoExistence(o, f)';'CoExistence';'o';'f';0.882;0.886;0.886
'RespondedExistence(o, f)';'RespondedExistence';'o';'f';0.882;0.987;0.987
'Response(o, f)';'Response';'o';'f';0.702;0.785;0.785
'CoExistence(o, g)';'CoExistence';'o';'g';0.800;0.815;0.815
'RespondedExistence(o, g)';'RespondedExistence';'o';'g';0.800;0.895;0.895
'CoExistence(o, h)';'CoExistence';'o';'h';0.606;0.629;0.629
'RespondedExistence(o, h)';'RespondedExistence';'o';'h';0.606;0.678;0.678
'CoExistence(o, i)';'CoExistence';'o';'i';0.842;0.852;0.852
'RespondedExistence(o, i)';'RespondedExistence';'o';'i';0.842;0.942;0.942
'CoExistence(o, l)';'CoExistence';'o';'l';0.592;0.619;0.619
'RespondedExistence(o, l)';'RespondedExistence';'o';'l';0.592;0.662;0.662
'CoExistence(o, m)';'CoExistence';'o';'m';0.800;0.818;0.818
'RespondedExistence(o, m)';'RespondedExistence';'o';'m';0.800;0.895;0.895
'CoExistence(o, n)';'CoExistence';'o';'n';0.874;0.888;0.888
'RespondedExistence(o, n)';'RespondedExistence';'o';'n';0.874;0.978;0.978
'Response(o, n)';'Response';'o';'n';0.702;0.785;0.785
'CoExistence(o, p)';'CoExistence';'o';'p';0.892;0.903;0.903
'RespondedExistence(o, p)';'RespondedExistence';'o';'p';0.892;0.998;0.998
'Response(o, p)';'Response';'o';'p';0.864;0.966;0.966
'AlternateResponse(o, p)';'AlternateResponse';'o';'p';0.820;0.917;0.917
'ChainResponse(o, p)';'ChainResponse';'o';'p';0.728;0.814;0.814
'CoExistence(o, q)';'CoExistence';'o';'q';0.800;0.808;0.808
'RespondedExistence(o, q)';'RespondedExistence';'o';'q';0.800;0.895;0.895
'NotSuccession(o, r)';'NotSuccession';'o';'r';0.838;0.931;0.931
'NotCoExistence(o, r)';'NotCoExistence';'o';'r';0.808;0.898;0.898
'CoExistence(o, s)';'CoExistence';'o';'s';0.794;0.809;0.809
'RespondedExistence(o, s)';'RespondedExistence';'o';'s';0.794;0.888;0.888
'CoExistence(o, t)';'CoExistence';'o';'t';0.882;0.882;0.882
'RespondedExistence(o, t)';'RespondedExistence';'o';'t';0.882;0.987;0.987
'Response(o, t)';'Response';'o';'t';0.482;0.539;0.539
'CoExistence(o, u)';'CoExistence';'o';'u';0.792;0.805;0.805
'RespondedExistence(o, u)';'RespondedExistence';'o';'u';0.792;0.886;0.886
'CoExistence(o, v)';'CoExistence';'o';'v';0.812;0.825;0.825
'RespondedExistence(o, v)';'RespondedExistence';'o';'v';0.812;0.908;0.908
'CoExistence(o, w)';'CoExistence';'o';'w';0.802;0.813;0.813
'RespondedExistence(o, w)';'RespondedExistence';'o';'w';0.802;0.897;0.897
'CoExistence(o, z)';'CoExistence';'o';'z';0.794;0.809;0.809
'RespondedExistence(o, z)';'RespondedExistence';'o';'z';0.794;0.888;0.888
'Precedence(p, o)';'Precedence';'o';'p';0.468;0.523;0.523
'AlternatePrecedence(p, o)';'AlternatePrecedence';'o';'p';0.450;0.503;0.503
'Precedence(v, o)';'Precedence';'o';'v';0.458;0.512;0.512
'Participation(p)';'Participation';'p';;0.986;0.986;0.986
'Precedence(a, p)';'Precedence';'p';'a';0.952;0.966;0.966
'CoExistence(p, a)';'CoExistence';'p';'a';0.984;0.984;0.984
'RespondedExistence(p, a)';'RespondedExistence';'p';'a';0.984;0.998;0.998
'CoExistence(p, b)';'CoExistence';'p';'b';0.986;0.986;0.986
'Succession(p, b)';'Succession';'p';'b';0.642;0.642;0.642
'RespondedExistence(p, b)';'RespondedExistence';'p';'b';0.986;1.000;1.000
'Response(p, b)';'Response';'p';'b';0.954;0.968;0.968
'CoExistence(p, c)';'CoExistence';'p';'c';0.878;0.882;0.882
'RespondedExistence(p, c)';'RespondedExistence';'p';'c';0.878;0.890;0.890
'CoExistence(p, d)';'CoExistence';'p';'d';0.986;0.986;0.986
'RespondedExistence(p, d)';'RespondedExistence';'p';'d';0.986;1.000;1.000
'CoExistence(p, e)';'CoExistence';'p';'e';0.886;0.893;0.893
'RespondedExistence(p, e)';'RespondedExistence';'p';'e';0.886;0.899;0.899
'CoExistence(p, f)';'CoExistence';'p';'f';0.972;0.974;0.974
'RespondedExistence(p, f)';'RespondedExistence';'p';'f';0.972;0.986;0.986
'Response(p, f)';'Response';'p';'f';0.694;0.704;0.704
'CoExistence(p, g)';'CoExistence';'p';'g';0.884;0.893;0.893
'RespondedExistence(p, g)';'RespondedExistence';'p';'g';0.884;0.897;0.897
'CoExistence(p, h)';'CoExistence';'p';'h';0.674;0.682;0.682
'RespondedExistence(p, h)';'RespondedExistence';'p';'h';0.674;0.684;0.684
'CoExistence(p, i)';'CoExistence';'p';'i';0.926;0.930;0.930
'RespondedExistence(p, i)';'RespondedExistence';'p';'i';0.926;0.939;0.939
'CoExistence(p, l)';'CoExistence';'p';'l';0.648;0.653;0.653
'RespondedExistence(p, l)';'RespondedExistence';'p';'l';0.648;0.657;0.657
'CoExistence(p, m)';'CoExistence';'p';'m';0.880;0.889;0.889
'RespondedExistence(p, m)';'RespondedExistence';'p';'m';0.880;0.892;0.892
'CoExistence(p, n)';'CoExistence';'p';'n';0.960;0.970;0.970
'RespondedExistence(p, n)';'RespondedExistence';'p';'n';0.960;0.974;0.974
'Response(p, n)';'Response';'p';'n';0.696;0.706;0.706
'CoExistence(p, o)';'CoExistence';'p';'o';0.892;0.903;0.903
'RespondedExistence(p, o)';'RespondedExistence';'p';'o';0.892;0.905;0.905
'CoExistence(p, q)';'CoExistence';'p';'q';0.890;0.897;0.897
'RespondedExistence(p, q)';'RespondedExistence';'p';'q';0.890;0.903;0.903
'NotSuccession(p, r)';'NotSuccession';'p';'r';0.904;0.917;0.917
'NotCoExistence(p, r)';'NotCoExistence';'p';'r';0.888;0.901;0.901
'CoExistence(p, s)';'CoExistence';'p';'s';0.872;0.876;0.876
'RespondedExistence(p, s)';'RespondedExistence';'p';'s';0.872;0.884;0.884
'CoExistence(p, t)';'CoExistence';'p';'t';0.974;0.974;0.974
'RespondedExistence(p, t)';'RespondedExistence';'p';'t';0.974;0.988;0.988
'CoExistence(p, u)';'CoExistence';'p';'u';0.876;0.883;0.883
'RespondedExistence(p, u)';'RespondedExistence';'p';'u';0.876;0.888;0.888
'CoExistence(p, v)';'CoExistence';'p';'v';0.898;0.907;0.907
'RespondedExistence(p, v)';'RespondedExistence';'p';'v';0.898;0.911;0.911
'CoExistence(p, w)';'CoExistence';'p';'w';0.884;0.888;0.888
'RespondedExistence(p, w)';'RespondedExistence';'p';'w';0.884;0.897;0.897
'CoExistence(p, z)';'CoExistence';'p';'z';0.872;0.876;0.876
'RespondedExistence(p, z)';'RespondedExistence';'p';'z';0.872;0.884;0.884
'Participation(q)';'Participation';'q';;0.896;0.896;0.896
'Precedence(a, q)';'Precedence';'q';'a';0.872;0.973;0.973
'Precedence(p, q)';'Precedence';'q';'p';0.570;0.636;0.636
'CoExistence(q, a)';'CoExistence';'q';'a';0.894;0.894;0.894
'RespondedExistence(q, a)';'RespondedExistence';'q';'a';0.894;0.998;0.998
'CoExistence(q, b)';'CoExistence';'q';'b';0.896;0.896;0.896
'RespondedExistence(q, b)';'RespondedExistence';'q';'b';0.896;1.000;1.000
'Response(q, b)';'Response';'q';'b';0.852;0.951;0.951
'CoExistence(q, c)';'CoExistence';'q';'c';0.814;0.839;0.839
'RespondedExistence(q, c)';'RespondedExistence';'q';'c';0.814;0.908;0.908
'NotSuccession(q, c)';'NotSuccession';'q';'c';0.552;0.569;0.569
'CoExistence(q, d)';'CoExistence';'q';'d';0.896;0.896;0.896
'RespondedExistence(q, d)';'RespondedExistence';'q';'d';0.896;1.000;1.000
'Response(q, d)';'Response';'q';'d';0.488;0.545;0.545
'CoExistence(q, e)';'CoExistence';'q';'e';0.806;0.821;0.821
'RespondedExistence(q, e)';'RespondedExistence';'q';'e';0.806;0.900;0.900
'CoExistence(q, f)';'CoExistence';'q';'f';0.886;0.891;0.891
'RespondedExistence(q, f)';'RespondedExistence';'q';'f';0.886;0.989;0.989
'Response(q, f)';'Response';'q';'f';0.694;0.775;0.775
'CoExistence(q, g)';'CoExistence';'q';'g';0.808;0.828;0.828
'RespondedExistence(q, g)';'RespondedExistence';'q';'g';0.808;0.902;0.902
'CoExistence(q, h)';'CoExistence';'q';'h';0.630;0.669;0.669
'RespondedExistence(q, h)';'RespondedExistence';'q';'h';0.630;0.703;0.703
'CoExistence(q, i)';'CoExistence';'q';'i';0.846;0.858;0.858
'RespondedExistence(q, i)';'RespondedExistence';'q';'i';0.846;0.944;0.944
'CoExistence(q, l)';'CoExistence';'q';'l';0.600;0.632;0.632
'RespondedExistence(q, l)';'RespondedExistence';'q';'l';0.600;0.670;0.670
'CoExistence(q, m)';'CoExistence';'q';'m';0.800;0.816;0.816
'RespondedExistence(q, m)';'RespondedExistence';'q';'m';0.800;0.893;0.893
'CoExistence(q, n)';'CoExistence';'q';'n';0.872;0.883;0.883
'RespondedExistence(q, n)';'RespondedExistence';'q';'n';0.872;0.973;0.973
'Response(q, n)';'Response';'q';'n';0.708;0.790;0.790
'CoExistence(q, o)';'CoExistence';'q';'o';0.800;0.808;0.808
'RespondedExistence(q, o)';'RespondedExistence';'q';'o';0.800;0.893;0.893
'CoExistence(q, p)';'CoExistence';'q';'p';0.890;0.897;0.897
'RespondedExistence(q, p)';'RespondedExistence';'q';'p';0.890;0.993;0.993
'Response(q, p)';'Response';'q';'p';0.600;0.670;0.670
'NotSuccession(q, r)';'NotSuccession';'q';'r';0.800;0.893;0.893
'NotCoExistence(q, r)';'NotCoExistence';'q';'r';0.798;0.891;0.891
'CoExistence(q, s)';'CoExistence';'q';'s';0.796;0.811;0.811
'RespondedExistence(q, s)';'RespondedExistence';'q';'s';0.796;0.888;0.888
'CoExistence(q, t)';'CoExistence';'q';'t';0.890;0.895;0.895
'RespondedExistence(q, t)';'RespondedExistence';'q';'t';0.890;0.993;0.993
'Response(q, t)';'Response';'q';'t';0.462;0.516;0.516
'CoExistence(q, u)';'CoExistence';'q';'u';0.800;0.818;0.818
'RespondedExistence(q, u)';'RespondedExistence';'q';'u';0.800;0.893;0.893
'CoExistence(q, v)';'CoExistence';'q';'v';0.818;0.835;0.835
'RespondedExistence(q, v)';'RespondedExistence';'q';'v';0.818;0.913;0.913
'CoExistence(q, w)';'CoExistence';'q';'w';0.806;0.819;0.819
'RespondedExistence(q, w)';'RespondedExistence';'q';'w';0.806;0.900;0.900
'CoExistence(q, z)';'CoExistence';'q';'z';0.796;0.811;0.811
'RespondedExistence(q, z)';'RespondedExistence';'q';'z';0.796;0.888;0.888
'AtMostOne(r)';'AtMostOne';'r';;0.086;0.878;0.878
'Precedence(a, r)';'Precedence';'r';'a';0.098;1.000;1.000
'AlternatePrecedence(a, r)';'AlternatePrecedence';'r';'a';0.092;0.939;0.939
'Precedence(b, r)';'Precedence';'r';'b';0.060;0.612;0.612
'AlternatePrecedence(b, r)';'AlternatePrecedence';'r';'b';0.056;0.571;0.571
'Precedence(c, r)';'Precedence';'r';'c';0.064;0.653;0.653
'AlternatePrecedence(c, r)';'AlternatePrecedence';'r';'c';0.056;0.571;0.571
'Precedence(d, r)';'Precedence';'r';'d';0.066;0.673;0.673
'AlternatePrecedence(d, r)';'AlternatePrecedence';'r';'d';0.060;0.612;0.612
'Precedence(e, r)';'Precedence';'r';'e';0.066;0.673;0.673
'AlternatePrecedence(e, r)';'AlternatePrecedence';'r';'e';0.060;0.612;0.612
'Precedence(f, r)';'Precedence';'r';'f';0.070;0.714;0.714
'AlternatePrecedence(f, r)';'AlternatePrecedence';'r';'f';0.066;0.673;0.673
'Precedence(g, r)';'Precedence';'r';'g';0.066;0.673;0.673
'AlternatePrecedence(g, r)';'AlternatePrecedence';'r';'g';0.062;0.633;0.633
'Precedence(i, r)';'Precedence';'r';'i';0.074;0.755;0.755
'AlternatePrecedence(i, r)';'AlternatePrecedence';'r';'i';0.068;0.694;0.694
'Precedence(m, r)';'Precedence';'r';'m';0.072;0.735;0.735
'AlternatePrecedence(m, r)';'AlternatePrecedence';'r';'m';0.066;0.673;0.673
'Precedence(n, r)';'Precedence';'r';'n';0.062;0.633;0.633
'AlternatePrecedence(n, r)';'AlternatePrecedence';'r';'n';0.058;0.592;0.592
'Precedence(o, r)';'Precedence';'r';'o';0.062;0.633;0.633
'AlternatePrecedence(o, r)';'AlternatePrecedence';'r';'o';0.056;0.571;0.571
'Precedence(p, r)';'Precedence';'r';'p';0.078;0.796;0.796
'AlternatePrecedence(p, r)';'AlternatePrecedence';'r';'p';0.076;0.776;0.776
'Precedence(q, r)';'Precedence';'r';'q';0.094;0.959;0.959
'AlternatePrecedence(q, r)';'AlternatePrecedence';'r';'q';0.094;0.959;0.959
'ChainPrecedence(q, r)';'ChainPrecedence';'r';'q';0.084;0.857;0.857
'RespondedExistence(r, a)';'RespondedExistence';'r';'a';0.098;1.000;1.000
'Response(r, a)';'Response';'r';'a';0.064;0.653;0.653
'AlternateResponse(r, a)';'AlternateResponse';'r';'a';0.062;0.633;0.633
'NotSuccession(r, a)';'NotSuccession';'r';'a';0.930;0.932;0.932
'NotCoExistence(r, a)';'NotCoExistence';'r';'a';0.900;0.902;0.902
'RespondedExistence(r, b)';'RespondedExistence';'r';'b';0.098;1.000;1.000
'Response(r, b)';'Response';'r';'b';0.096;0.980;0.980
'AlternateResponse(r, b)';'AlternateResponse';'r';'b';0.088;0.898;0.898
'NotSuccession(r, b)';'NotSuccession';'r';'b';0.904;0.904;0.904
'NotCoExistence(r, b)';'NotCoExistence';'r';'b';0.902;0.902;0.902
'RespondedExistence(r, c)';'RespondedExistence';'r';'c';0.090;0.918;0.918
'NotSuccession(r, c)';'NotSuccession';'r';'c';0.870;0.971;0.971
'NotCoExistence(r, c)';'NotCoExistence';'r';'c';0.806;0.900;0.900
'RespondedExistence(r, d)';'RespondedExistence';'r';'d';0.098;1.000;1.000
'Response(r, d)';'Response';'r';'d';0.066;0.673;0.673
'AlternateResponse(r, d)';'AlternateResponse';'r';'d';0.066;0.673;0.673
'NotSuccession(r, d)';'NotSuccession';'r';'d';0.928;0.928;0.928
'NotCoExistence(r, d)';'NotCoExistence';'r';'d';0.902;0.902;0.902
'RespondedExistence(r, e)';'RespondedExistence';'r';'e';0.090;0.918;0.918
'NotSuccession(r, e)';'NotSuccession';'r';'e';0.852;0.947;0.947
'NotCoExistence(r, e)';'NotCoExistence';'r';'e';0.810;0.900;0.900
'RespondedExistence(r, f)';'RespondedExistence';'r';'f';0.096;0.980;0.980
'Response(r, f)';'Response';'r';'f';0.088;0.898;0.898
'AlternateResponse(r, f)';'AlternateResponse';'r';'f';0.080;0.816;0.816
'NotSuccession(r, f)';'NotSuccession';'r';'f';0.896;0.909;0.909
'NotCoExistence(r, f)';'NotCoExistence';'r';'f';0.890;0.903;0.903
'RespondedExistence(r, g)';'RespondedExistence';'r';'g';0.088;0.898;0.898
'Response(r, g)';'Response';'r';'g';0.054;0.551;0.551
'AlternateResponse(r, g)';'AlternateResponse';'r';'g';0.052;0.531;0.531
'NotSuccession(r, g)';'NotSuccession';'r';'g';0.838;0.933;0.933
'NotCoExistence(r, g)';'NotCoExistence';'r';'g';0.810;0.902;0.902
'RespondedExistence(r, h)';'RespondedExistence';'r';'h';0.080;0.816;0.816
'Response(r, h)';'Response';'r';'h';0.062;0.633;0.633
'AlternateResponse(r, h)';'AlternateResponse';'r';'h';0.062;0.633;0.633
'NotSuccession(r, h)';'NotSuccession';'r';'h';0.626;0.902;0.902
'NotCoExistence(r, h)';'NotCoExistence';'r';'h';0.614;0.885;0.885
'RespondedExistence(r, i)';'RespondedExistence';'r';'i';0.094;0.959;0.959
'Response(r, i)';'Response';'r';'i';0.056;0.571;0.571
'AlternateResponse(r, i)';'AlternateResponse';'r';'i';0.050;0.510;0.510
'NotSuccession(r, i)';'NotSuccession';'r';'i';0.882;0.938;0.938
'NotCoExistence(r, i)';'NotCoExistence';'r';'i';0.846;0.900;0.900
'RespondedExistence(r, l)';'RespondedExistence';'r';'l';0.052;0.531;0.531
'NotSuccession(r, l)';'NotSuccession';'r';'l';0.662;0.946;0.946
'NotCoExistence(r, l)';'NotCoExistence';'r';'l';0.648;0.926;0.926
'RespondedExistence(r, m)';'RespondedExistence';'r';'m';0.092;0.939;0.939
'NotSuccession(r, m)';'NotSuccession';'r';'m';0.844;0.948;0.948
'NotCoExistence(r, m)';'NotCoExistence';'r';'m';0.798;0.897;0.897
'RespondedExistence(r, n)';'RespondedExistence';'r';'n';0.098;1.000;1.000
'Response(r, n)';'Response';'r';'n';0.098;1.000;1.000
'AlternateResponse(r, n)';'AlternateResponse';'r';'n';0.088;0.898;0.898
'NotSuccession(r, n)';'NotSuccession';'r';'n';0.866;0.898;0.898
'NotCoExistence(r, n)';'NotCoExistence';'r';'n';0.866;0.898;0.898
'RespondedExistence(r, o)';'RespondedExistence';'r';'o';0.092;0.939;0.939
'Response(r, o)';'Response';'r';'o';0.054;0.551;0.551
'AlternateResponse(r, o)';'AlternateResponse';'r';'o';0.050;0.510;0.510
'NotSuccession(r, o)';'NotSuccession';'r';'o';0.842;0.936;0.936
'NotCoExistence(r, o)';'NotCoExistence';'r';'o';0.808;0.898;0.898
'RespondedExistence(r, p)';'RespondedExistence';'r';'p';0.098;1.000;1.000
'Response(r, p)';'Response';'r';'p';0.074;0.755;0.755
'AlternateResponse(r, p)';'AlternateResponse';'r';'p';0.072;0.735;0.735
'NotSuccession(r, p)';'NotSuccession';'r';'p';0.904;0.917;0.917
'NotCoExistence(r, p)';'NotCoExistence';'r';'p';0.888;0.901;0.901
'RespondedExistence(r, q)';'RespondedExistence';'r';'q';0.098;1.000;1.000
'Response(r, q)';'Response';'r';'q';0.062;0.633;0.633
'AlternateResponse(r, q)';'AlternateResponse';'r';'q';0.062;0.633;0.633
'NotSuccession(r, q)';'NotSuccession';'r';'q';0.824;0.920;0.920
'NotCoExistence(r, q)';'NotCoExistence';'r';'q';0.798;0.891;0.891
'RespondedExistence(r, s)';'RespondedExistence';'r';'s';0.094;0.959;0.959
'Response(r, s)';'Response';'r';'s';0.050;0.510;0.510
'AlternateResponse(r, s)';'AlternateResponse';'r';'s';0.050;0.510;0.510
'NotSuccession(r, s)';'NotSuccession';'r';'s';0.832;0.939;0.939
'NotCoExistence(r, s)';'NotCoExistence';'r';'s';0.792;0.894;0.894
'RespondedExistence(r, t)';'RespondedExistence';'r';'t';0.098;1.000;1.000
'Response(r, t)';'Response';'r';'t';0.060;0.612;0.612
'AlternateResponse(r, t)';'AlternateResponse';'r';'t';0.056;0.571;0.571
'NotSuccession(r, t)';'NotSuccession';'r';'t';0.924;0.935;0.935
'NotCoExistence(r, t)';'NotCoExistence';'r';'t';0.890;0.901;0.901
'RespondedExistence(r, u)';'RespondedExistence';'r';'u';0.088;0.898;0.898
'Response(r, u)';'Response';'r';'u';0.052;0.531;0.531
'AlternateResponse(r, u)';'AlternateResponse';'r';'u';0.050;0.510;0.510
'NotSuccession(r, u)';'NotSuccession';'r';'u';0.832;0.933;0.933
'NotCoExistence(r, u)';'NotCoExistence';'r';'u';0.804;0.901;0.901
'RespondedExistence(r, v)';'RespondedExistence';'r';'v';0.088;0.898;0.898
'Response(r, v)';'Response';'r';'v';0.058;0.592;0.592
'AlternateResponse(r, v)';'AlternateResponse';'r';'v';0.056;0.571;0.571
'NotSuccession(r, v)';'NotSuccession';'r';'v';0.850;0.932;0.932
'NotCoExistence(r, v)';'NotCoExistence';'r';'v';0.824;0.904;0.904
'RespondedExistence(r, w)';'RespondedExistence';'r';'w';0.090;0.918;0.918
'Response(r, w)';'Response';'r';'w';0.050;0.510;0.510
'NotSuccession(r, w)';'NotSuccession';'r';'w';0.846;0.938;0.938
'NotCoExistence(r, w)';'NotCoExistence';'r';'w';0.812;0.900;0.900
'RespondedExistence(r, z)';'RespondedExistence';'r';'z';0.092;0.939;0.939
'NotSuccession(r, z)';'NotSuccession';'r';'z';0.836;0.941;0.941
'NotCoExistence(r, z)';'NotCoExistence';'r';'z';0.796;0.896;0.896
'Precedence(s, r)';'Precedence';'r';'s';0.076;0.776;0.776
'AlternatePrecedence(s, r)';'AlternatePrecedence';'r';'s';0.066;0.673;0.673
'Precedence(t, r)';'Precedence';'r';'t';0.064;0.653;0.653
'AlternatePrecedence(t, r)';'AlternatePrecedence';'r';'t';0.060;0.612;0.612
'Precedence(u, r)';'Precedence';'r';'u';0.062;0.633;0.633
'AlternatePrecedence(u, r)';'AlternatePrecedence';'r';'u';0.058;0.592;0.592
'Precedence(v, r)';'Precedence';'r';'v';0.066;0.673;0.673
'AlternatePrecedence(v, r)';'AlternatePrecedence';'r';'v';0.060;0.612;0.612
'Precedence(w, r)';'Precedence';'r';'w';0.058;0.592;0.592
'AlternatePrecedence(w, r)';'AlternatePrecedence';'r';'w';0.052;0.531;0.531
'Precedence(z, r)';'Precedence';'r';'z';0.074;0.755;0.755
'AlternatePrecedence(z, r)';'AlternatePrecedence';'r';'z';0.070;0.714;0.714
'Participation(s)';'Participation';'s';;0.882;0.882;0.882
'Precedence(a, s)';'Precedence';'s';'a';0.864;0.980;0.980
'Precedence(p, s)';'Precedence';'s';'p';0.538;0.610;0.610
'CoExistence(s, a)';'CoExistence';'s';'a';0.880;0.880;0.880
'RespondedExistence(s, a)';'RespondedExistence';'s';'a';0.880;0.998;0.998
'CoExistence(s, b)';'CoExistence';'s';'b';0.882;0.882;0.882
'Succession(s, b)';'Succession';'s';'b';0.502;0.502;0.502
'RespondedExistence(s, b)';'RespondedExistence';'s';'b';0.882;1.000;1.000
'Response(s, b)';'Response';'s';'b';0.858;0.973;0.973
'CoExistence(s, c)';'CoExistence';'s';'c';0.788;0.802;0.802
'RespondedExistence(s, c)';'RespondedExistence';'s';'c';0.788;0.893;0.893
'NotSuccession(s, c)';'NotSuccession';'s';'c';0.580;0.591;0.591
'CoExistence(s, d)';'CoExistence';'s';'d';0.882;0.882;0.882
'RespondedExistence(s, d)';'RespondedExistence';'s';'d';0.882;1.000;1.000
'Response(s, d)';'Response';'s';'d';0.514;0.583;0.583
'CoExistence(s, e)';'CoExistence';'s';'e';0.798;0.818;0.818
'RespondedExistence(s, e)';'RespondedExistence';'s';'e';0.798;0.905;0.905
'CoExistence(s, f)';'CoExistence';'s';'f';0.870;0.873;0.873
'RespondedExistence(s, f)';'RespondedExistence';'s';'f';0.870;0.986;0.986
'Response(s, f)';'Response';'s';'f';0.720;0.816;0.816
'CoExistence(s, g)';'CoExistence';'s';'g';0.794;0.814;0.814
'RespondedExistence(s, g)';'RespondedExistence';'s';'g';0.794;0.900;0.900
'CoExistence(s, h)';'CoExistence';'s';'h';0.600;0.626;0.626
'RespondedExistence(s, h)';'RespondedExistence';'s';'h';0.600;0.680;0.680
'CoExistence(s, i)';'CoExistence';'s';'i';0.840;0.859;0.859
'RespondedExistence(s, i)';'RespondedExistence';'s';'i';0.840;0.952;0.952
'CoExistence(s, l)';'CoExistence';'s';'l';0.598;0.638;0.638
'RespondedExistence(s, l)';'RespondedExistence';'s';'l';0.598;0.678;0.678
'CoExistence(s, m)';'CoExistence';'s';'m';0.794;0.817;0.817
'RespondedExistence(s, m)';'RespondedExistence';'s';'m';0.794;0.900;0.900
'CoExistence(s, n)';'CoExistence';'s';'n';0.866;0.884;0.884
'RespondedExistence(s, n)';'RespondedExistence';'s';'n';0.866;0.982;0.982
'Response(s, n)';'Response';'s';'n';0.696;0.789;0.789
'CoExistence(s, o)';'CoExistence';'s';'o';0.794;0.809;0.809
'RespondedExistence(s, o)';'RespondedExistence';'s';'o';0.794;0.900;0.900
'CoExistence(s, p)';'CoExistence';'s';'p';0.872;0.876;0.876
'RespondedExistence(s, p)';'RespondedExistence';'s';'p';0.872;0.989;0.989
'Response(s, p)';'Response';'s';'p';0.582;0.660;0.660
'CoExistence(s, q)';'CoExistence';'s';'q';0.796;0.811;0.811
'RespondedExistence(s, q)';'RespondedExistence';'s';'q';0.796;0.902;0.902
'NotSuccession(s, r)';'NotSuccession';'s';'r';0.810;0.914;0.914
'NotCoExistence(s, r)';'NotCoExistence';'s';'r';0.792;0.894;0.894
'CoExistence(s, t)';'CoExistence';'s';'t';0.878;0.885;0.885
'RespondedExistence(s, t)';'RespondedExistence';'s';'t';0.878;0.995;0.995
'Response(s, t)';'Response';'s';'t';0.482;0.546;0.546
'CoExistence(s, u)';'CoExistence';'s';'u';0.786;0.804;0.804
'RespondedExistence(s, u)';'RespondedExistence';'s';'u';0.786;0.891;0.891
'CoExistence(s, v)';'CoExistence';'s';'v';0.808;0.828;0.828
'RespondedExistence(s, v)';'RespondedExistence';'s';'v';0.808;0.916;0.916
'CoExistence(s, w)';'CoExistence';'s';'w';0.802;0.823;0.823
'RespondedExistence(s, w)';'RespondedExistence';'s';'w';0.802;0.909;0.909
'CoExistence(s, z)';'CoExistence';'s';'z';0.784;0.800;0.800
'RespondedExistence(s, z)';'RespondedExistence';'s';'z';0.784;0.889;0.889
'Participation(t)';'Participation';'t';;0.988;0.988;0.988
'Precedence(a, t)';'Precedence';'t';'a';0.972;0.984;0.984
'AlternatePrecedence(a, t)';'AlternatePrecedence';'t';'a';0.494;0.500;0.500
'Precedence(b, t)';'Precedence';'t';'b';0.498;0.504;0.504
'Precedence(i, t)';'Precedence';'t';'i';0.528;0.534;0.534
'Precedence(m, t)';'Precedence';'t';'m';0.522;0.528;0.528
'Precedence(p, t)';'Precedence';'t';'p';0.648;0.656;0.656
'Precedence(q, t)';'Precedence';'t';'q';0.502;0.508;0.508
'Precedence(s, t)';'Precedence';'t';'s';0.500;0.506;0.506
'CoExistence(t, a)';'CoExistence';'t';'a';0.986;0.986;0.986
'RespondedExistence(t, a)';'RespondedExistence';'t';'a';0.986;0.998;0.998
'CoExistence(t, b)';'CoExistence';'t';'b';0.988;0.988;0.988
'RespondedExistence(t, b)';'RespondedExistence';'t';'b';0.988;1.000;1.000
'Response(t, b)';'Response';'t';'b';0.968;0.980;0.980
'CoExistence(t, c)';'CoExistence';'t';'c';0.882;0.887;0.887
'RespondedExistence(t, c)';'RespondedExistence';'t';'c';0.882;0.893;0.893
'NotSuccession(t, c)';'NotSuccession';'t';'c';0.586;0.590;0.590
'CoExistence(t, d)';'CoExistence';'t';'d';0.988;0.988;0.988
'RespondedExistence(t, d)';'RespondedExistence';'t';'d';0.988;1.000;1.000
'Response(t, d)';'Response';'t';'d';0.528;0.534;0.534
'CoExistence(t, e)';'CoExistence';'t';'e';0.884;0.888;0.888
'RespondedExistence(t, e)';'RespondedExistence';'t';'e';0.884;0.895;0.895
'CoExistence(t, f)';'CoExistence';'t';'f';0.972;0.972;0.972
'RespondedExistence(t, f)';'RespondedExistence';'t';'f';0.972;0.984;0.984
'Response(t, f)';'Response';'t';'f';0.732;0.741;0.741
'CoExistence(t, g)';'CoExistence';'t';'g';0.878;0.880;0.880
'RespondedExistence(t, g)';'RespondedExistence';'t';'g';0.878;0.889;0.889
'CoExistence(t, h)';'CoExistence';'t';'h';0.672;0.677;0.677
'RespondedExistence(t, h)';'RespondedExistence';'t';'h';0.672;0.680;0.680
'CoExistence(t, i)';'CoExistence';'t';'i';0.928;0.932;0.932
'RespondedExistence(t, i)';'RespondedExistence';'t';'i';0.928;0.939;0.939
'CoExistence(t, l)';'CoExistence';'t';'l';0.648;0.652;0.652
'RespondedExistence(t, l)';'RespondedExistence';'t';'l';0.648;0.656;0.656
'NotSuccession(t, l)';'NotSuccession';'t';'l';0.508;0.511;0.511
'CoExistence(t, m)';'CoExistence';'t';'m';0.878;0.883;0.883
'RespondedExistence(t, m)';'RespondedExistence';'t';'m';0.878;0.889;0.889
'CoExistence(t, n)';'CoExistence';'t';'n';0.954;0.956;0.956
'RespondedExistence(t, n)';'RespondedExistence';'t';'n';0.954;0.966;0.966
'Response(t, n)';'Response';'t';'n';0.708;0.717;0.717
'CoExistence(t, o)';'CoExistence';'t';'o';0.882;0.882;0.882
'RespondedExistence(t, o)';'RespondedExistence';'t';'o';0.882;0.893;0.893
'CoExistence(t, p)';'CoExistence';'t';'p';0.974;0.974;0.974
'RespondedExistence(t, p)';'RespondedExistence';'t';'p';0.974;0.986;0.986
'Response(t, p)';'Response';'t';'p';0.590;0.597;0.597
'CoExistence(t, q)';'CoExistence';'t';'q';0.890;0.895;0.895
'RespondedExistence(t, q)';'RespondedExistence';'t';'q';0.890;0.901;0.901
'NotSuccession(t, r)';'NotSuccession';'t';'r';0.922;0.933;0.933
'NotCoExistence(t, r)';'NotCoExistence';'t';'r';0.890;0.901;0.901
'CoExistence(t, s)';'CoExistence';'t';'s';0.878;0.885;0.885
'RespondedExistence(t, s)';'RespondedExistence';'t';'s';0.878;0.889;0.889
'CoExistence(t, u)';'CoExistence';'t';'u';0.872;0.874;0.874
'RespondedExistence(t, u)';'RespondedExistence';'t';'u';0.872;0.883;0.883
'CoExistence(t, v)';'CoExistence';'t';'v';0.894;0.898;0.898
'RespondedExistence(t, v)';'RespondedExistence';'t';'v';0.894;0.905;0.905
'CoExistence(t, w)';'CoExistence';'t';'w';0.890;0.897;0.897
'RespondedExistence(t, w)';'RespondedExistence';'t';'w';0.890;0.901;0.901
'CoExistence(t, z)';'CoExistence';'t';'z';0.874;0.878;0.878
'RespondedExistence(t, z)';'RespondedExistence';'t';'z';0.874;0.885;0.885
'Precedence(v, t)';'Precedence';'t';'v';0.536;0.543;0.543
'Participation(u)';'Participation';'u';;0.882;0.882;0.882
'Precedence(a, u)';'Precedence';'u';'a';0.862;0.977;0.977
'Precedence(p, u)';'Precedence';'u';'p';0.564;0.639;0.639
'CoExistence(u, a)';'CoExistence';'u';'a';0.880;0.880;0.880
'RespondedExistence(u, a)';'RespondedExistence';'u';'a';0.880;0.998;0.998
'CoExistence(u, b)';'CoExistence';'u';'b';0.882;0.882;0.882
'RespondedExistence(u, b)';'RespondedExistence';'u';'b';0.882;1.000;1.000
'Response(u, b)';'Response';'u';'b';0.860;0.975;0.975
'CoExistence(u, c)';'CoExistence';'u';'c';0.796;0.817;0.817
'RespondedExistence(u, c)';'RespondedExistence';'u';'c';0.796;0.902;0.902
'NotSuccession(u, c)';'NotSuccession';'u';'c';0.548;0.563;0.563
'CoExistence(u, d)';'CoExistence';'u';'d';0.882;0.882;0.882
'RespondedExistence(u, d)';'RespondedExistence';'u';'d';0.882;1.000;1.000
'Response(u, d)';'Response';'u';'d';0.484;0.549;0.549
'CoExistence(u, e)';'CoExistence';'u';'e';0.800;0.821;0.821
'RespondedExistence(u, e)';'RespondedExistence';'u';'e';0.800;0.907;0.907
'CoExistence(u, f)';'CoExistence';'u';'f';0.870;0.873;0.873
'RespondedExistence(u, f)';'RespondedExistence';'u';'f';0.870;0.986;0.986
'Response(u, f)';'Response';'u';'f';0.670;0.760;0.760
'CoExistence(u, g)';'CoExistence';'u';'g';0.792;0.810;0.810
'RespondedExistence(u, g)';'RespondedExistence';'u';'g';0.792;0.898;0.898
'CoExistence(u, h)';'CoExistence';'u';'h';0.606;0.637;0.637
'RespondedExistence(u, h)';'RespondedExistence';'u';'h';0.606;0.687;0.687
'CoExistence(u, i)';'CoExistence';'u';'i';0.836;0.851;0.851
'RespondedExistence(u, i)';'RespondedExistence';'u';'i';0.836;0.948;0.948
'CoExistence(u, l)';'CoExistence';'u';'l';0.584;0.613;0.613
'RespondedExistence(u, l)';'RespondedExistence';'u';'l';0.584;0.662;0.662
'NotSuccession(u, l)';'NotSuccession';'u';'l';0.500;0.525;0.525
'CoExistence(u, m)';'CoExistence';'u';'m';0.788;0.806;0.806
'RespondedExistence(u, m)';'RespondedExistence';'u';'m';0.788;0.893;0.893
'CoExistence(u, n)';'CoExistence';'u';'n';0.860;0.872;0.872
'RespondedExistence(u, n)';'RespondedExistence';'u';'n';0.860;0.975;0.975
'Response(u, n)';'Response';'u';'n';0.684;0.776;0.776
'CoExistence(u, o)';'CoExistence';'u';'o';0.792;0.805;0.805
'RespondedExistence(u, o)';'RespondedExistence';'u';'o';0.792;0.898;0.898
'CoExistence(u, p)';'CoExistence';'u';'p';0.876;0.883;0.883
'RespondedExistence(u, p)';'RespondedExistence';'u';'p';0.876;0.993;0.993
'Response(u, p)';'Response';'u';'p';0.574;0.651;0.651
'CoExistence(u, q)';'CoExistence';'u';'q';0.800;0.818;0.818
'RespondedExistence(u, q)';'RespondedExistence';'u';'q';0.800;0.907;0.907
'NotSuccession(u, r)';'NotSuccession';'u';'r';0.824;0.924;0.924
'NotCoExistence(u, r)';'NotCoExistence';'u';'r';0.804;0.901;0.901
'CoExistence(u, s)';'CoExistence';'u';'s';0.786;0.804;0.804
'RespondedExistence(u, s)';'RespondedExistence';'u';'s';0.786;0.891;0.891
'CoExistence(u, t)';'CoExistence';'u';'t';0.872;0.874;0.874
'RespondedExistence(u, t)';'RespondedExistence';'u';'t';0.872;0.989;0.989
'Response(u, t)';'Response';'u';'t';0.462;0.524;0.524
'CoExistence(u, v)';'CoExistence';'u';'v';0.810;0.832;0.832
'RespondedExistence(u, v)';'RespondedExistence';'u';'v';0.810;0.918;0.918
'CoExistence(u, w)';'CoExistence';'u';'w';0.796;0.812;0.812
'RespondedExistence(u, w)';'RespondedExistence';'u';'w';0.796;0.902;0.902
'CoExistence(u, z)';'CoExistence';'u';'z';0.776;0.785;0.785
'RespondedExistence(u, z)';'RespondedExistence';'u';'z';0.776;0.880;0.880
'Participation(v)';'Participation';'v';;0.902;0.902;0.902
'Precedence(a, v)';'Precedence';'v';'a';0.888;0.984;0.984
'Precedence(p, v)';'Precedence';'v';'p';0.550;0.610;0.610
'CoExistence(v, a)';'CoExistence';'v';'a';0.902;0.904;0.904
'RespondedExistence(v, a)';'RespondedExistence';'v';'a';0.902;1.000;1.000
'CoExistence(v, b)';'CoExistence';'v';'b';0.902;0.902;0.902
'Succession(v, b)';'Succession';'v';'b';0.514;0.514;0.514
'RespondedExistence(v, b)';'RespondedExistence';'v';'b';0.902;1.000;1.000
'Response(v, b)';'Response';'v';'b';0.884;0.980;0.980
'CoExistence(v, c)';'CoExistence';'v';'c';0.810;0.827;0.827
'RespondedExistence(v, c)';'RespondedExistence';'v';'c';0.810;0.898;0.898
'NotSuccession(v, c)';'NotSuccession';'v';'c';0.552;0.563;0.563
'CoExistence(v, d)';'CoExistence';'v';'d';0.902;0.902;0.902
'RespondedExistence(v, d)';'RespondedExistence';'v';'d';0.902;1.000;1.000
'Response(v, d)';'Response';'v';'d';0.526;0.583;0.583
'CoExistence(v, e)';'CoExistence';'v';'e';0.816;0.834;0.834
'RespondedExistence(v, e)';'RespondedExistence';'v';'e';0.816;0.905;0.905
'CoExistence(v, f)';'CoExistence';'v';'f';0.894;0.901;0.901
'RespondedExistence(v, f)';'RespondedExistence';'v';'f';0.894;0.991;0.991
'Response(v, f)';'Response';'v';'f';0.730;0.809;0.809
'CoExistence(v, g)';'CoExistence';'v';'g';0.810;0.827;0.827
'RespondedExistence(v, g)';'RespondedExistence';'v';'g';0.810;0.898;0.898
'CoExistence(v, h)';'CoExistence';'v';'h';0.628;0.661;0.661
'RespondedExistence(v, h)';'RespondedExistence';'v';'h';0.628;0.696;0.696
'CoExistence(v, i)';'CoExistence';'v';'i';0.852;0.864;0.864
'RespondedExistence(v, i)';'RespondedExistence';'v';'i';0.852;0.945;0.945
'CoExistence(v, l)';'CoExistence';'v';'l';0.596;0.621;0.621
'RespondedExistence(v, l)';'RespondedExistence';'v';'l';0.596;0.661;0.661
'CoExistence(v, m)';'CoExistence';'v';'m';0.812;0.834;0.834
'RespondedExistence(v, m)';'RespondedExistence';'v';'m';0.812;0.900;0.900
'CoExistence(v, n)';'CoExistence';'v';'n';0.888;0.908;0.908
'RespondedExistence(v, n)';'RespondedExistence';'v';'n';0.888;0.984;0.984
'Response(v, n)';'Response';'v';'n';0.722;0.800;0.800
'CoExistence(v, o)';'CoExistence';'v';'o';0.812;0.825;0.825
'RespondedExistence(v, o)';'RespondedExistence';'v';'o';0.812;0.900;0.900
'CoExistence(v, p)';'CoExistence';'v';'p';0.898;0.907;0.907
'RespondedExistence(v, p)';'RespondedExistence';'v';'p';0.898;0.996;0.996
'Response(v, p)';'Response';'v';'p';0.610;0.676;0.676
'CoExistence(v, q)';'CoExistence';'v';'q';0.818;0.835;0.835
'RespondedExistence(v, q)';'RespondedExistence';'v';'q';0.818;0.907;0.907
'NotSuccession(v, r)';'NotSuccession';'v';'r';0.846;0.928;0.928
'NotCoExistence(v, r)';'NotCoExistence';'v';'r';0.824;0.904;0.904
'CoExistence(v, s)';'CoExistence';'v';'s';0.808;0.828;0.828
'RespondedExistence(v, s)';'RespondedExistence';'v';'s';0.808;0.896;0.896
'CoExistence(v, t)';'CoExistence';'v';'t';0.894;0.898;0.898
'RespondedExistence(v, t)';'RespondedExistence';'v';'t';0.894;0.991;0.991
'Response(v, t)';'Response';'v';'t';0.486;0.539;0.539
'CoExistence(v, u)';'CoExistence';'v';'u';0.810;0.832;0.832
'RespondedExistence(v, u)';'RespondedExistence';'v';'u';0.810;0.898;0.898
'CoExistence(v, w)';'CoExistence';'v';'w';0.810;0.822;0.822
'RespondedExistence(v, w)';'RespondedExistence';'v';'w';0.810;0.898;0.898
'CoExistence(v, z)';'CoExistence';'v';'z';0.804;0.820;0.820
'RespondedExistence(v, z)';'RespondedExistence';'v';'z';0.804;0.891;0.891
'Participation(w)';'Participation';'w';;0.894;0.894;0.894
'Precedence(a, w)';'Precedence';'w';'a';0.882;0.987;0.987
'Precedence(p, w)';'Precedence';'w';'p';0.576;0.644;0.644
'Precedence(v, w)';'Precedence';'w';'v';0.470;0.526;0.526
'CoExistence(w, a)';'CoExistence';'w';'a';0.892;0.892;0.892
'RespondedExistence(w, a)';'RespondedExistence';'w';'a';0.892;0.998;0.998
'CoExistence(w, b)';'CoExistence';'w';'b';0.894;0.894;0.894
'RespondedExistence(w, b)';'RespondedExistence';'w';'b';0.894;1.000;1.000
'Response(w, b)';'Response';'w';'b';0.870;0.973;0.973
'CoExistence(w, c)';'CoExistence';'w';'c';0.802;0.818;0.818
'RespondedExistence(w, c)';'RespondedExistence';'w';'c';0.802;0.897;0.897
'NotSuccession(w, c)';'NotSuccession';'w';'c';0.586;0.598;0.598
'CoExistence(w, d)';'CoExistence';'w';'d';0.894;0.894;0.894
'RespondedExistence(w, d)';'RespondedExistence';'w';'d';0.894;1.000;1.000
'Response(w, d)';'Response';'w';'d';0.486;0.544;0.544
'CoExistence(w, e)';'CoExistence';'w';'e';0.808;0.826;0.826
'RespondedExistence(w, e)';'RespondedExistence';'w';'e';0.808;0.904;0.904
'CoExistence(w, f)';'CoExistence';'w';'f';0.884;0.889;0.889
'RespondedExistence(w, f)';'RespondedExistence';'w';'f';0.884;0.989;0.989
'Response(w, f)';'Response';'w';'f';0.702;0.785;0.785
'CoExistence(w, g)';'CoExistence';'w';'g';0.798;0.811;0.811
'RespondedExistence(w, g)';'RespondedExistence';'w';'g';0.798;0.893;0.893
'CoExistence(w, h)';'CoExistence';'w';'h';0.608;0.632;0.632
'RespondedExistence(w, h)';'RespondedExistence';'w';'h';0.608;0.680;0.680
'CoExistence(w, i)';'CoExistence';'w';'i';0.844;0.856;0.856
'RespondedExistence(w, i)';'RespondedExistence';'w';'i';0.844;0.944;0.944
'CoExistence(w, l)';'CoExistence';'w';'l';0.596;0.626;0.626
'RespondedExistence(w, l)';'RespondedExistence';'w';'l';0.596;0.667;0.667
'NotSuccession(w, l)';'NotSuccession';'w';'l';0.484;0.508;0.508
'CoExistence(w, m)';'CoExistence';'w';'m';0.804;0.825;0.825
'RespondedExistence(w, m)';'RespondedExistence';'w';'m';0.804;0.899;0.899
'CoExistence(w, n)';'CoExistence';'w';'n';0.870;0.881;0.881
'RespondedExistence(w, n)';'RespondedExistence';'w';'n';0.870;0.973;0.973
'Response(w, n)';'Response';'w';'n';0.704;0.787;0.787
'CoExistence(w, o)';'CoExistence';'w';'o';0.802;0.813;0.813
'RespondedExistence(w, o)';'RespondedExistence';'w';'o';0.802;0.897;0.897
'CoExistence(w, p)';'CoExistence';'w';'p';0.884;0.888;0.888
'RespondedExistence(w, p)';'RespondedExistence';'w';'p';0.884;0.989;0.989
'Response(w, p)';'Response';'w';'p';0.586;0.655;0.655
'CoExistence(w, q)';'CoExistence';'w';'q';0.806;0.819;0.819
'RespondedExistence(w, q)';'RespondedExistence';'w';'q';0.806;0.902;0.902
'NotSuccession(w, r)';'NotSuccession';'w';'r';0.840;0.931;0.931
'NotCoExistence(w, r)';'NotCoExistence';'w';'r';0.812;0.900;0.900
'CoExistence(w, s)';'CoExistence';'w';'s';0.802;0.823;0.823
'RespondedExistence(w, s)';'RespondedExistence';'w';'s';0.802;0.897;0.897
'CoExistence(w, t)';'CoExistence';'w';'t';0.890;0.897;0.897
'RespondedExistence(w, t)';'RespondedExistence';'w';'t';0.890;0.996;0.996
'Response(w, t)';'Response';'w';'t';0.494;0.553;0.553
'CoExistence(w, u)';'CoExistence';'w';'u';0.796;0.812;0.812
'RespondedExistence(w, u)';'RespondedExistence';'w';'u';0.796;0.890;0.890
'CoExistence(w, v)';'CoExistence';'w';'v';0.810;0.822;0.822
'RespondedExistence(w, v)';'RespondedExistence';'w';'v';0.810;0.906;0.906
'CoExistence(w, z)';'CoExistence';'w';'z';0.800;0.820;0.820
'RespondedExistence(w, z)';'RespondedExistence';'w';'z';0.800;0.895;0.895
'Precedence(z, w)';'Precedence';'w';'z';0.456;0.510;0.510
'Participation(z)';'Participation';'z';;0.882;0.882;0.882
'Precedence(a, z)';'Precedence';'z';'a';0.866;0.982;0.982
'Precedence(p, z)';'Precedence';'z';'p';0.524;0.594;0.594
'CoExistence(z, a)';'CoExistence';'z';'a';0.880;0.880;0.880
'RespondedExistence(z, a)';'RespondedExistence';'z';'a';0.880;0.998;0.998
'CoExistence(z, b)';'CoExistence';'z';'b';0.882;0.882;0.882
'RespondedExistence(z, b)';'RespondedExistence';'z';'b';0.882;1.000;1.000
'Response(z, b)';'Response';'z';'b';0.852;0.966;0.966
'CoExistence(z, c)';'CoExistence';'z';'c';0.790;0.806;0.806
'RespondedExistence(z, c)';'RespondedExistence';'z';'c';0.790;0.896;0.896
'NotSuccession(z, c)';'NotSuccession';'z';'c';0.558;0.569;0.569
'CoExistence(z, d)';'CoExistence';'z';'d';0.882;0.882;0.882
'RespondedExistence(z, d)';'RespondedExistence';'z';'d';0.882;1.000;1.000
'Response(z, d)';'Response';'z';'d';0.488;0.553;0.553
'CoExistence(z, e)';'CoExistence';'z';'e';0.806;0.833;0.833
'RespondedExistence(z, e)';'RespondedExistence';'z';'e';0.806;0.914;0.914
'CoExistence(z, f)';'CoExistence';'z';'f';0.876;0.885;0.885
'RespondedExistence(z, f)';'RespondedExistence';'z';'f';0.876;0.993;0.993
'Response(z, f)';'Response';'z';'f';0.704;0.798;0.798
'CoExistence(z, g)';'CoExistence';'z';'g';0.798;0.821;0.821
'RespondedExistence(z, g)';'RespondedExistence';'z';'g';0.798;0.905;0.905
'CoExistence(z, h)';'CoExistence';'z';'h';0.610;0.643;0.643
'RespondedExistence(z, h)';'RespondedExistence';'z';'h';0.610;0.692;0.692
'CoExistence(z, i)';'CoExistence';'z';'i';0.830;0.840;0.840
'RespondedExistence(z, i)';'RespondedExistence';'z';'i';0.830;0.941;0.941
'CoExistence(z, l)';'CoExistence';'z';'l';0.590;0.624;0.624
'RespondedExistence(z, l)';'RespondedExistence';'z';'l';0.590;0.669;0.669
'CoExistence(z, m)';'CoExistence';'z';'m';0.792;0.813;0.813
'RespondedExistence(z, m)';'RespondedExistence';'z';'m';0.792;0.898;0.898
'CoExistence(z, n)';'CoExistence';'z';'n';0.858;0.868;0.868
'RespondedExistence(z, n)';'RespondedExistence';'z';'n';0.858;0.973;0.973
'Response(z, n)';'Response';'z';'n';0.688;0.780;0.780
'CoExistence(z, o)';'CoExistence';'z';'o';0.794;0.809;0.809
'RespondedExistence(z, o)';'RespondedExistence';'z';'o';0.794;0.900;0.900
'CoExistence(z, p)';'CoExistence';'z';'p';0.872;0.876;0.876
'RespondedExistence(z, p)';'RespondedExistence';'z';'p';0.872;0.989;0.989
'Response(z, p)';'Response';'z';'p';0.602;0.683;0.683
'CoExistence(z, q)';'CoExistence';'z';'q';0.796;0.811;0.811
'RespondedExistence(z, q)';'RespondedExistence';'z';'q';0.796;0.902;0.902
'NotSuccession(z, r)';'NotSuccession';'z';'r';0.810;0.912;0.912
'NotCoExistence(z, r)';'NotCoExistence';'z';'r';0.796;0.896;0.896
'CoExistence(z, s)';'CoExistence';'z';'s';0.784;0.800;0.800
'RespondedExistence(z, s)';'RespondedExistence';'z';'s';0.784;0.889;0.889
'CoExistence(z, t)';'CoExistence';'z';'t';0.874;0.878;0.878
'RespondedExistence(z, t)';'RespondedExistence';'z';'t';0.874;0.991;0.991
'Response(z, t)';'Response';'z';'t';0.456;0.517;0.517
'CoExistence(z, u)';'CoExistence';'z';'u';0.776;0.785;0.785
'RespondedExistence(z, u)';'RespondedExistence';'z';'u';0.776;0.880;0.880
'CoExistence(z, v)';'CoExistence';'z';'v';0.804;0.820;0.820
'RespondedExistence(z, v)';'RespondedExistence';'z';'v';0.804;0.912;0.912
'CoExistence(z, w)';'CoExistence';'z';'w';0.800;0.820;0.820
'RespondedExistence(z, w)';'RespondedExistence';'z';'w';0.800;0.907;0.907
