Rank-200-true;Rank-200-TOT;Measure
11;1293;ORIGINAL-MODEL
8;202;Example and Counterexample Rate
8;202;Confidence
8;201;Laplace Correction
7;201;Zhang
7;201;Two-way Support Variation
7;201;Odd Multiplier
7;201;Conviction
7;201;Compliance
7;201;Certainty factor
6;222;Prevalence
6;217;Accuracy
6;202;Two-way Support
6;202;Piatetsky-Shapiro
6;202;One-way Support
6;202;Linear Correlation Coefficient
6;202;Added Value
6;201;Klosgen
6;201;Interestingness Weighting Dependency
5;204;Lift
5;204;Cosine
5;202;Least Contradiction
5;202;Jaccard
5;202;Gini Index
5;201;Information Gain
3;650;Recall
3;274;Lovinger
3;208;Support
3;203;Coverage
3;201;Leverage
1;206;Sebag-Schoenauer
1;201;Collective Strength
0;439;Ylue Y
0;439;Ylue Q
0;439;Odds Ratio
0;435;Specificity
0;435;Relative Risk
0;201;J Measure
