Rank-50-true;Rank-50-TOT;Measure
11;1293;ORIGINAL-MODEL
6;51;Two-way Support Variation
5;51;Odd Multiplier
4;51;Conviction
3;650;Recall
3;199;Coverage
3;51;Zhang
3;51;Two-way Support
3;51;One-way Support
3;51;Lift
3;51;Klosgen
3;51;Interestingness Weighting Dependency
3;51;Information Gain
3;51;Certainty factor
3;51;Added Value
2;63;Compliance
2;60;Prevalence
2;54;Example and Counterexample Rate
2;54;Confidence
2;52;Linear Correlation Coefficient
2;51;Piatetsky-Shapiro
2;51;Laplace Correction
1;55;Support
1;52;Jaccard
1;52;Cosine
1;51;Sebag-Schoenauer
1;51;Lovinger
1;51;Leverage
1;51;Least Contradiction
1;51;Accuracy
0;439;Ylue Y
0;439;Ylue Q
0;439;Odds Ratio
0;435;Specificity
0;435;Relative Risk
0;51;J Measure
0;51;Gini Index
0;51;Collective Strength
