Rank-1500-true;Rank-1500-TOT;Measure
11;1293;ORIGINAL-MODEL
11;1293;Two-way Support
11;1293;Support
11;1293;Sebag-Schoenauer
11;1293;Recall
11;1293;Prevalence
11;1293;Piatetsky-Shapiro
11;1293;One-way Support
11;1293;Lift
11;1293;Leverage
11;1293;Least Contradiction
11;1293;Laplace Correction
11;1293;Klosgen
11;1293;Jaccard
11;1293;Interestingness Weighting Dependency
11;1293;Information Gain
11;1293;Example and Counterexample Rate
11;1293;Coverage
11;1293;Cosine
11;1293;Confidence
11;1293;Compliance
11;1293;Added Value
11;1293;Accuracy
10;1288;Zhang
10;1288;Odd Multiplier
10;1288;Lovinger
10;1288;Conviction
10;1288;Certainty factor
10;1284;J Measure
8;1109;Linear Correlation Coefficient
8;1078;Ylue Y
8;1078;Ylue Q
8;1078;Specificity
8;1078;Relative Risk
8;1078;Odds Ratio
8;1078;Gini Index
8;1078;Collective Strength
7;613;Two-way Support Variation
