Rank-1000-true;Rank-1000-TOT;Measure
11;1293;ORIGINAL-MODEL
11;1001;Least Contradiction
11;1001;Laplace Correction
11;1001;Example and Counterexample Rate
11;1001;Confidence
11;1001;Compliance
11;1001;Accuracy
10;1023;Prevalence
10;1003;Support
10;1001;Lovinger
10;1001;Jaccard
10;1001;Cosine
8;1002;Leverage
8;1001;Collective Strength
7;1012;Coverage
7;1002;J Measure
7;1001;Zhang
7;1001;Ylue Y
7;1001;Ylue Q
7;1001;Two-way Support
7;1001;Sebag-Schoenauer
7;1001;Relative Risk
7;1001;Piatetsky-Shapiro
7;1001;One-way Support
7;1001;Odds Ratio
7;1001;Odd Multiplier
7;1001;Linear Correlation Coefficient
7;1001;Lift
7;1001;Klosgen
7;1001;Interestingness Weighting Dependency
7;1001;Information Gain
7;1001;Gini Index
7;1001;Conviction
7;1001;Certainty factor
7;1001;Added Value
7;613;Two-way Support Variation
6;1002;Recall
6;1001;Specificity
