Rank-10-true;Rank-10-TOT;Measure
11;1293;ORIGINAL-MODEL
3;650;Recall
2;16;Prevalence
2;11;Odd Multiplier
2;11;Conviction
1;20;Information Gain
1;13;Support
1;13;Least Contradiction
1;13;Jaccard
1;13;Cosine
1;13;Accuracy
1;12;Laplace Correction
1;12;Compliance
1;11;Sebag-Schoenauer
1;11;One-way Support
1;11;Lift
1;11;Example and Counterexample Rate
1;11;Confidence
0;439;Ylue Y
0;439;Ylue Q
0;439;Odds Ratio
0;435;Specificity
0;435;Relative Risk
0;18;Linear Correlation Coefficient
0;15;Coverage
0;11;Zhang
0;11;Two-way Support Variation
0;11;Two-way Support
0;11;Piatetsky-Shapiro
0;11;Lovinger
0;11;Leverage
0;11;Klosgen
0;11;J Measure
0;11;Interestingness Weighting Dependency
0;11;Gini Index
0;11;Collective Strength
0;11;Certainty factor
0;11;Added Value
