'Constraint';'Template';'Activation';'Target';'Support';'Confidence level';'Interest factor'
'Init(a)';'Init';'a';;1.000;1.000;1.000
'CoExistence(a, b)';'CoExistence';'a';'b';1.000;1.000;1.000
'Succession(a, b)';'Succession';'a';'b';1.000;1.000;1.000
'RespondedExistence(a, b)';'RespondedExistence';'a';'b';1.000;1.000;1.000
'Response(a, b)';'Response';'a';'b';1.000;1.000;1.000
'CoExistence(a, c)';'CoExistence';'a';'c';0.856;0.856;0.856
'RespondedExistence(a, c)';'RespondedExistence';'a';'c';0.856;0.856;0.856
'CoExistence(a, d)';'CoExistence';'a';'d';1.000;1.000;1.000
'Succession(a, d)';'Succession';'a';'d';0.568;0.568;0.568
'RespondedExistence(a, d)';'RespondedExistence';'a';'d';1.000;1.000;1.000
'Response(a, d)';'Response';'a';'d';0.568;0.568;0.568
'CoExistence(a, e)';'CoExistence';'a';'e';0.876;0.876;0.876
'RespondedExistence(a, e)';'RespondedExistence';'a';'e';0.876;0.876;0.876
'CoExistence(a, f)';'CoExistence';'a';'f';0.990;0.990;0.990
'Succession(a, f)';'Succession';'a';'f';0.812;0.812;0.812
'RespondedExistence(a, f)';'RespondedExistence';'a';'f';0.990;0.990;0.990
'Response(a, f)';'Response';'a';'f';0.812;0.812;0.812
'CoExistence(a, g)';'CoExistence';'a';'g';0.886;0.886;0.886
'RespondedExistence(a, g)';'RespondedExistence';'a';'g';0.886;0.886;0.886
'CoExistence(a, h)';'CoExistence';'a';'h';0.664;0.664;0.664
'RespondedExistence(a, h)';'RespondedExistence';'a';'h';0.664;0.664;0.664
'CoExistence(a, i)';'CoExistence';'a';'i';0.878;0.878;0.878
'RespondedExistence(a, i)';'RespondedExistence';'a';'i';0.878;0.878;0.878
'CoExistence(a, l)';'CoExistence';'a';'l';0.662;0.662;0.662
'RespondedExistence(a, l)';'RespondedExistence';'a';'l';0.662;0.662;0.662
'CoExistence(a, m)';'CoExistence';'a';'m';0.880;0.880;0.880
'RespondedExistence(a, m)';'RespondedExistence';'a';'m';0.880;0.880;0.880
'CoExistence(a, n)';'CoExistence';'a';'n';0.982;0.982;0.982
'Succession(a, n)';'Succession';'a';'n';0.794;0.794;0.794
'RespondedExistence(a, n)';'RespondedExistence';'a';'n';0.982;0.982;0.982
'Response(a, n)';'Response';'a';'n';0.794;0.794;0.794
'CoExistence(a, o)';'CoExistence';'a';'o';0.874;0.874;0.874
'RespondedExistence(a, o)';'RespondedExistence';'a';'o';0.874;0.874;0.874
'CoExistence(a, p)';'CoExistence';'a';'p';0.982;0.982;0.982
'Succession(a, p)';'Succession';'a';'p';0.670;0.670;0.670
'RespondedExistence(a, p)';'RespondedExistence';'a';'p';0.982;0.982;0.982
'Response(a, p)';'Response';'a';'p';0.670;0.670;0.670
'CoExistence(a, q)';'CoExistence';'a';'q';0.882;0.882;0.882
'Succession(a, q)';'Succession';'a';'q';0.512;0.512;0.512
'RespondedExistence(a, q)';'RespondedExistence';'a';'q';0.882;0.882;0.882
'Response(a, q)';'Response';'a';'q';0.512;0.512;0.512
'NotSuccession(a, r)';'NotSuccession';'a';'r';0.880;0.880;0.880
'NotCoExistence(a, r)';'NotCoExistence';'a';'r';0.880;0.880;0.880
'CoExistence(a, s)';'CoExistence';'a';'s';0.878;0.878;0.878
'RespondedExistence(a, s)';'RespondedExistence';'a';'s';0.878;0.878;0.878
'CoExistence(a, t)';'CoExistence';'a';'t';0.978;0.978;0.978
'Succession(a, t)';'Succession';'a';'t';0.580;0.580;0.580
'RespondedExistence(a, t)';'RespondedExistence';'a';'t';0.978;0.978;0.978
'Response(a, t)';'Response';'a';'t';0.580;0.580;0.580
'CoExistence(a, u)';'CoExistence';'a';'u';0.870;0.870;0.870
'RespondedExistence(a, u)';'RespondedExistence';'a';'u';0.870;0.870;0.870
'CoExistence(a, v)';'CoExistence';'a';'v';0.928;0.928;0.928
'RespondedExistence(a, v)';'RespondedExistence';'a';'v';0.928;0.928;0.928
'CoExistence(a, w)';'CoExistence';'a';'w';0.890;0.890;0.890
'Succession(a, w)';'Succession';'a';'w';0.510;0.510;0.510
'RespondedExistence(a, w)';'RespondedExistence';'a';'w';0.890;0.890;0.890
'Response(a, w)';'Response';'a';'w';0.510;0.510;0.510
'CoExistence(a, z)';'CoExistence';'a';'z';0.872;0.872;0.872
'Succession(a, z)';'Succession';'a';'z';0.502;0.502;0.502
'RespondedExistence(a, z)';'RespondedExistence';'a';'z';0.872;0.872;0.872
'Response(a, z)';'Response';'a';'z';0.502;0.502;0.502
'End(b)';'End';'b';;1.000;1.000;1.000
'Precedence(a, b)';'Precedence';'b';'a';1.000;1.000;1.000
'CoExistence(b, a)';'CoExistence';'b';'a';1.000;1.000;1.000
'RespondedExistence(b, a)';'RespondedExistence';'b';'a';1.000;1.000;1.000
'CoExistence(b, c)';'CoExistence';'b';'c';0.856;0.856;0.856
'RespondedExistence(b, c)';'RespondedExistence';'b';'c';0.856;0.856;0.856
'NotSuccession(b, c)';'NotSuccession';'b';'c';0.626;0.626;0.626
'CoExistence(b, d)';'CoExistence';'b';'d';1.000;1.000;1.000
'RespondedExistence(b, d)';'RespondedExistence';'b';'d';1.000;1.000;1.000
'CoExistence(b, e)';'CoExistence';'b';'e';0.876;0.876;0.876
'RespondedExistence(b, e)';'RespondedExistence';'b';'e';0.876;0.876;0.876
'CoExistence(b, f)';'CoExistence';'b';'f';0.990;0.990;0.990
'RespondedExistence(b, f)';'RespondedExistence';'b';'f';0.990;0.990;0.990
'CoExistence(b, g)';'CoExistence';'b';'g';0.886;0.886;0.886
'RespondedExistence(b, g)';'RespondedExistence';'b';'g';0.886;0.886;0.886
'CoExistence(b, h)';'CoExistence';'b';'h';0.664;0.664;0.664
'RespondedExistence(b, h)';'RespondedExistence';'b';'h';0.664;0.664;0.664
'NotSuccession(b, h)';'NotSuccession';'b';'h';0.514;0.514;0.514
'CoExistence(b, i)';'CoExistence';'b';'i';0.878;0.878;0.878
'RespondedExistence(b, i)';'RespondedExistence';'b';'i';0.878;0.878;0.878
'CoExistence(b, l)';'CoExistence';'b';'l';0.662;0.662;0.662
'RespondedExistence(b, l)';'RespondedExistence';'b';'l';0.662;0.662;0.662
'NotSuccession(b, l)';'NotSuccession';'b';'l';0.546;0.546;0.546
'CoExistence(b, m)';'CoExistence';'b';'m';0.880;0.880;0.880
'RespondedExistence(b, m)';'RespondedExistence';'b';'m';0.880;0.880;0.880
'CoExistence(b, n)';'CoExistence';'b';'n';0.982;0.982;0.982
'RespondedExistence(b, n)';'RespondedExistence';'b';'n';0.982;0.982;0.982
'CoExistence(b, o)';'CoExistence';'b';'o';0.874;0.874;0.874
'RespondedExistence(b, o)';'RespondedExistence';'b';'o';0.874;0.874;0.874
'CoExistence(b, p)';'CoExistence';'b';'p';0.982;0.982;0.982
'RespondedExistence(b, p)';'RespondedExistence';'b';'p';0.982;0.982;0.982
'CoExistence(b, q)';'CoExistence';'b';'q';0.882;0.882;0.882
'RespondedExistence(b, q)';'RespondedExistence';'b';'q';0.882;0.882;0.882
'NotSuccession(b, r)';'NotSuccession';'b';'r';0.924;0.924;0.924
'NotCoExistence(b, r)';'NotCoExistence';'b';'r';0.880;0.880;0.880
'CoExistence(b, s)';'CoExistence';'b';'s';0.878;0.878;0.878
'RespondedExistence(b, s)';'RespondedExistence';'b';'s';0.878;0.878;0.878
'CoExistence(b, t)';'CoExistence';'b';'t';0.978;0.978;0.978
'RespondedExistence(b, t)';'RespondedExistence';'b';'t';0.978;0.978;0.978
'CoExistence(b, u)';'CoExistence';'b';'u';0.870;0.870;0.870
'RespondedExistence(b, u)';'RespondedExistence';'b';'u';0.870;0.870;0.870
'CoExistence(b, v)';'CoExistence';'b';'v';0.928;0.928;0.928
'RespondedExistence(b, v)';'RespondedExistence';'b';'v';0.928;0.928;0.928
'CoExistence(b, w)';'CoExistence';'b';'w';0.890;0.890;0.890
'RespondedExistence(b, w)';'RespondedExistence';'b';'w';0.890;0.890;0.890
'CoExistence(b, z)';'CoExistence';'b';'z';0.872;0.872;0.872
'RespondedExistence(b, z)';'RespondedExistence';'b';'z';0.872;0.872;0.872
'Precedence(d, b)';'Precedence';'b';'d';0.548;0.548;0.548
'Precedence(e, b)';'Precedence';'b';'e';0.530;0.530;0.530
'Precedence(f, b)';'Precedence';'b';'f';0.524;0.524;0.524
'Precedence(m, b)';'Precedence';'b';'m';0.522;0.522;0.522
'Precedence(o, b)';'Precedence';'b';'o';0.522;0.522;0.522
'Precedence(p, b)';'Precedence';'b';'p';0.690;0.690;0.690
'Precedence(q, b)';'Precedence';'b';'q';0.510;0.510;0.510
'Precedence(s, b)';'Precedence';'b';'s';0.508;0.508;0.508
'Precedence(t, b)';'Precedence';'b';'t';0.544;0.544;0.544
'Precedence(u, b)';'Precedence';'b';'u';0.508;0.508;0.508
'Precedence(v, b)';'Precedence';'b';'v';0.540;0.540;0.540
'Precedence(w, b)';'Precedence';'b';'w';0.502;0.502;0.502
'Precedence(z, b)';'Precedence';'b';'z';0.516;0.516;0.516
'AtMostOne(c)';'AtMostOne';'c';;0.856;1.000;1.000
'Participation(c)';'Participation';'c';;0.856;0.856;0.856
'CoExistence(c, a)';'CoExistence';'c';'a';0.856;0.856;0.856
'Response(c, a)';'Response';'c';'a';0.642;0.750;0.750
'AlternateResponse(c, a)';'AlternateResponse';'c';'a';0.642;0.750;0.750
'CoExistence(c, b)';'CoExistence';'c';'b';0.856;0.856;0.856
'CoExistence(c, d)';'CoExistence';'c';'d';0.856;0.856;0.856
'Response(c, d)';'Response';'c';'d';0.702;0.820;0.820
'AlternateResponse(c, d)';'AlternateResponse';'c';'d';0.702;0.820;0.820
'CoExistence(c, e)';'CoExistence';'c';'e';0.764;0.789;0.789
'RespondedExistence(c, e)';'RespondedExistence';'c';'e';0.764;0.893;0.893
'Response(c, e)';'Response';'c';'e';0.584;0.682;0.682
'AlternateResponse(c, e)';'AlternateResponse';'c';'e';0.584;0.682;0.682
'CoExistence(c, f)';'CoExistence';'c';'f';0.852;0.857;0.857
'RespondedExistence(c, f)';'RespondedExistence';'c';'f';0.852;0.995;0.995
'Response(c, f)';'Response';'c';'f';0.802;0.937;0.937
'AlternateResponse(c, f)';'AlternateResponse';'c';'f';0.802;0.937;0.937
'CoExistence(c, g)';'CoExistence';'c';'g';0.768;0.789;0.789
'RespondedExistence(c, g)';'RespondedExistence';'c';'g';0.768;0.897;0.897
'Response(c, g)';'Response';'c';'g';0.618;0.722;0.722
'AlternateResponse(c, g)';'AlternateResponse';'c';'g';0.618;0.722;0.722
'CoExistence(c, h)';'CoExistence';'c';'h';0.578;0.614;0.614
'RespondedExistence(c, h)';'RespondedExistence';'c';'h';0.578;0.675;0.675
'Response(c, h)';'Response';'c';'h';0.512;0.598;0.598
'AlternateResponse(c, h)';'AlternateResponse';'c';'h';0.512;0.598;0.598
'CoExistence(c, i)';'CoExistence';'c';'i';0.764;0.788;0.788
'RespondedExistence(c, i)';'RespondedExistence';'c';'i';0.764;0.893;0.893
'Response(c, i)';'Response';'c';'i';0.604;0.706;0.706
'AlternateResponse(c, i)';'AlternateResponse';'c';'i';0.604;0.706;0.706
'CoExistence(c, l)';'CoExistence';'c';'l';0.576;0.611;0.611
'RespondedExistence(c, l)';'RespondedExistence';'c';'l';0.576;0.673;0.673
'Response(c, l)';'Response';'c';'l';0.472;0.551;0.551
'AlternateResponse(c, l)';'AlternateResponse';'c';'l';0.472;0.551;0.551
'CoExistence(c, m)';'CoExistence';'c';'m';0.766;0.790;0.790
'RespondedExistence(c, m)';'RespondedExistence';'c';'m';0.766;0.895;0.895
'Response(c, m)';'Response';'c';'m';0.554;0.647;0.647
'AlternateResponse(c, m)';'AlternateResponse';'c';'m';0.554;0.647;0.647
'CoExistence(c, n)';'CoExistence';'c';'n';0.846;0.853;0.853
'Succession(c, n)';'Succession';'c';'n';0.506;0.510;0.510
'RespondedExistence(c, n)';'RespondedExistence';'c';'n';0.846;0.988;0.988
'Response(c, n)';'Response';'c';'n';0.802;0.937;0.937
'AlternateResponse(c, n)';'AlternateResponse';'c';'n';0.802;0.937;0.937
'CoExistence(c, o)';'CoExistence';'c';'o';0.766;0.795;0.795
'RespondedExistence(c, o)';'RespondedExistence';'c';'o';0.766;0.895;0.895
'Response(c, o)';'Response';'c';'o';0.634;0.741;0.741
'AlternateResponse(c, o)';'AlternateResponse';'c';'o';0.634;0.741;0.741
'CoExistence(c, p)';'CoExistence';'c';'p';0.848;0.857;0.857
'RespondedExistence(c, p)';'RespondedExistence';'c';'p';0.848;0.991;0.991
'Response(c, p)';'Response';'c';'p';0.770;0.900;0.900
'AlternateResponse(c, p)';'AlternateResponse';'c';'p';0.770;0.900;0.900
'CoExistence(c, q)';'CoExistence';'c';'q';0.766;0.788;0.788
'RespondedExistence(c, q)';'RespondedExistence';'c';'q';0.766;0.895;0.895
'Response(c, q)';'Response';'c';'q';0.660;0.771;0.771
'AlternateResponse(c, q)';'AlternateResponse';'c';'q';0.660;0.771;0.771
'NotSuccession(c, r)';'NotSuccession';'c';'r';0.786;0.903;0.903
'NotCoExistence(c, r)';'NotCoExistence';'c';'r';0.764;0.878;0.878
'CoExistence(c, s)';'CoExistence';'c';'s';0.760;0.780;0.780
'RespondedExistence(c, s)';'RespondedExistence';'c';'s';0.760;0.888;0.888
'Response(c, s)';'Response';'c';'s';0.626;0.731;0.731
'AlternateResponse(c, s)';'AlternateResponse';'c';'s';0.626;0.731;0.731
'CoExistence(c, t)';'CoExistence';'c';'t';0.838;0.841;0.841
'RespondedExistence(c, t)';'RespondedExistence';'c';'t';0.838;0.979;0.979
'Response(c, t)';'Response';'c';'t';0.710;0.829;0.829
'AlternateResponse(c, t)';'AlternateResponse';'c';'t';0.710;0.829;0.829
'CoExistence(c, u)';'CoExistence';'c';'u';0.750;0.768;0.768
'RespondedExistence(c, u)';'RespondedExistence';'c';'u';0.750;0.876;0.876
'Response(c, u)';'Response';'c';'u';0.640;0.748;0.748
'AlternateResponse(c, u)';'AlternateResponse';'c';'u';0.640;0.748;0.748
'CoExistence(c, v)';'CoExistence';'c';'v';0.798;0.809;0.809
'RespondedExistence(c, v)';'RespondedExistence';'c';'v';0.798;0.932;0.932
'Response(c, v)';'Response';'c';'v';0.646;0.755;0.755
'AlternateResponse(c, v)';'AlternateResponse';'c';'v';0.646;0.755;0.755
'CoExistence(c, w)';'CoExistence';'c';'w';0.778;0.804;0.804
'RespondedExistence(c, w)';'RespondedExistence';'c';'w';0.778;0.909;0.909
'Response(c, w)';'Response';'c';'w';0.668;0.780;0.780
'AlternateResponse(c, w)';'AlternateResponse';'c';'w';0.668;0.780;0.780
'CoExistence(c, z)';'CoExistence';'c';'z';0.752;0.770;0.770
'RespondedExistence(c, z)';'RespondedExistence';'c';'z';0.752;0.879;0.879
'Response(c, z)';'Response';'c';'z';0.640;0.748;0.748
'AlternateResponse(c, z)';'AlternateResponse';'c';'z';0.640;0.748;0.748
'Precedence(p, c)';'Precedence';'c';'p';0.570;0.666;0.666
'AlternatePrecedence(p, c)';'AlternatePrecedence';'c';'p';0.570;0.666;0.666
'Participation(d)';'Participation';'d';;1.000;1.000;1.000
'Precedence(a, d)';'Precedence';'d';'a';1.000;1.000;1.000
'CoExistence(d, a)';'CoExistence';'d';'a';1.000;1.000;1.000
'RespondedExistence(d, a)';'RespondedExistence';'d';'a';1.000;1.000;1.000
'CoExistence(d, b)';'CoExistence';'d';'b';1.000;1.000;1.000
'Succession(d, b)';'Succession';'d';'b';0.548;0.548;0.548
'RespondedExistence(d, b)';'RespondedExistence';'d';'b';1.000;1.000;1.000
'Response(d, b)';'Response';'d';'b';1.000;1.000;1.000
'CoExistence(d, c)';'CoExistence';'d';'c';0.856;0.856;0.856
'RespondedExistence(d, c)';'RespondedExistence';'d';'c';0.856;0.856;0.856
'NotSuccession(d, c)';'NotSuccession';'d';'c';0.594;0.594;0.594
'CoExistence(d, e)';'CoExistence';'d';'e';0.876;0.876;0.876
'RespondedExistence(d, e)';'RespondedExistence';'d';'e';0.876;0.876;0.876
'CoExistence(d, f)';'CoExistence';'d';'f';0.990;0.990;0.990
'RespondedExistence(d, f)';'RespondedExistence';'d';'f';0.990;0.990;0.990
'Response(d, f)';'Response';'d';'f';0.740;0.740;0.740
'CoExistence(d, g)';'CoExistence';'d';'g';0.886;0.886;0.886
'RespondedExistence(d, g)';'RespondedExistence';'d';'g';0.886;0.886;0.886
'CoExistence(d, h)';'CoExistence';'d';'h';0.664;0.664;0.664
'RespondedExistence(d, h)';'RespondedExistence';'d';'h';0.664;0.664;0.664
'CoExistence(d, i)';'CoExistence';'d';'i';0.878;0.878;0.878
'RespondedExistence(d, i)';'RespondedExistence';'d';'i';0.878;0.878;0.878
'CoExistence(d, l)';'CoExistence';'d';'l';0.662;0.662;0.662
'RespondedExistence(d, l)';'RespondedExistence';'d';'l';0.662;0.662;0.662
'CoExistence(d, m)';'CoExistence';'d';'m';0.880;0.880;0.880
'RespondedExistence(d, m)';'RespondedExistence';'d';'m';0.880;0.880;0.880
'CoExistence(d, n)';'CoExistence';'d';'n';0.982;0.982;0.982
'RespondedExistence(d, n)';'RespondedExistence';'d';'n';0.982;0.982;0.982
'Response(d, n)';'Response';'d';'n';0.772;0.772;0.772
'CoExistence(d, o)';'CoExistence';'d';'o';0.874;0.874;0.874
'RespondedExistence(d, o)';'RespondedExistence';'d';'o';0.874;0.874;0.874
'CoExistence(d, p)';'CoExistence';'d';'p';0.982;0.982;0.982
'RespondedExistence(d, p)';'RespondedExistence';'d';'p';0.982;0.982;0.982
'Response(d, p)';'Response';'d';'p';0.600;0.600;0.600
'CoExistence(d, q)';'CoExistence';'d';'q';0.882;0.882;0.882
'RespondedExistence(d, q)';'RespondedExistence';'d';'q';0.882;0.882;0.882
'NotSuccession(d, r)';'NotSuccession';'d';'r';0.916;0.916;0.916
'NotCoExistence(d, r)';'NotCoExistence';'d';'r';0.880;0.880;0.880
'CoExistence(d, s)';'CoExistence';'d';'s';0.878;0.878;0.878
'RespondedExistence(d, s)';'RespondedExistence';'d';'s';0.878;0.878;0.878
'CoExistence(d, t)';'CoExistence';'d';'t';0.978;0.978;0.978
'RespondedExistence(d, t)';'RespondedExistence';'d';'t';0.978;0.978;0.978
'Response(d, t)';'Response';'d';'t';0.526;0.526;0.526
'CoExistence(d, u)';'CoExistence';'d';'u';0.870;0.870;0.870
'RespondedExistence(d, u)';'RespondedExistence';'d';'u';0.870;0.870;0.870
'CoExistence(d, v)';'CoExistence';'d';'v';0.928;0.928;0.928
'RespondedExistence(d, v)';'RespondedExistence';'d';'v';0.928;0.928;0.928
'CoExistence(d, w)';'CoExistence';'d';'w';0.890;0.890;0.890
'RespondedExistence(d, w)';'RespondedExistence';'d';'w';0.890;0.890;0.890
'CoExistence(d, z)';'CoExistence';'d';'z';0.872;0.872;0.872
'RespondedExistence(d, z)';'RespondedExistence';'d';'z';0.872;0.872;0.872
'Precedence(e, d)';'Precedence';'d';'e';0.500;0.500;0.500
'Precedence(p, d)';'Precedence';'d';'p';0.646;0.646;0.646
'Participation(e)';'Participation';'e';;0.876;0.876;0.876
'CoExistence(e, a)';'CoExistence';'e';'a';0.876;0.876;0.876
'CoExistence(e, b)';'CoExistence';'e';'b';0.876;0.876;0.876
'Succession(e, b)';'Succession';'e';'b';0.530;0.530;0.530
'CoExistence(e, c)';'CoExistence';'e';'c';0.764;0.789;0.789
'RespondedExistence(e, c)';'RespondedExistence';'e';'c';0.764;0.872;0.872
'NotSuccession(e, c)';'NotSuccession';'e';'c';0.556;0.574;0.574
'CoExistence(e, d)';'CoExistence';'e';'d';0.876;0.876;0.876
'Response(e, d)';'Response';'e';'d';0.474;0.541;0.541
'CoExistence(e, f)';'CoExistence';'e';'f';0.876;0.885;0.885
'Succession(e, f)';'Succession';'e';'f';0.514;0.519;0.519
'Response(e, f)';'Response';'e';'f';0.876;1.000;1.000
'CoExistence(e, g)';'CoExistence';'e';'g';0.788;0.809;0.809
'RespondedExistence(e, g)';'RespondedExistence';'e';'g';0.788;0.900;0.900
'CoExistence(e, h)';'CoExistence';'e';'h';0.604;0.645;0.645
'RespondedExistence(e, h)';'RespondedExistence';'e';'h';0.604;0.689;0.689
'CoExistence(e, i)';'CoExistence';'e';'i';0.788;0.816;0.816
'RespondedExistence(e, i)';'RespondedExistence';'e';'i';0.788;0.900;0.900
'CoExistence(e, l)';'CoExistence';'e';'l';0.594;0.629;0.629
'RespondedExistence(e, l)';'RespondedExistence';'e';'l';0.594;0.678;0.678
'CoExistence(e, m)';'CoExistence';'e';'m';0.792;0.822;0.822
'RespondedExistence(e, m)';'RespondedExistence';'e';'m';0.792;0.904;0.904
'CoExistence(e, n)';'CoExistence';'e';'n';0.866;0.873;0.873
'RespondedExistence(e, n)';'RespondedExistence';'e';'n';0.866;0.989;0.989
'Response(e, n)';'Response';'e';'n';0.730;0.833;0.833
'CoExistence(e, o)';'CoExistence';'e';'o';0.782;0.808;0.808
'RespondedExistence(e, o)';'RespondedExistence';'e';'o';0.782;0.893;0.893
'CoExistence(e, p)';'CoExistence';'e';'p';0.868;0.877;0.877
'RespondedExistence(e, p)';'RespondedExistence';'e';'p';0.868;0.991;0.991
'Response(e, p)';'Response';'e';'p';0.596;0.680;0.680
'CoExistence(e, q)';'CoExistence';'e';'q';0.774;0.787;0.787
'RespondedExistence(e, q)';'RespondedExistence';'e';'q';0.774;0.884;0.884
'NotSuccession(e, r)';'NotSuccession';'e';'r';0.800;0.899;0.899
'NotCoExistence(e, r)';'NotCoExistence';'e';'r';0.784;0.881;0.881
'CoExistence(e, s)';'CoExistence';'e';'s';0.786;0.812;0.812
'RespondedExistence(e, s)';'RespondedExistence';'e';'s';0.786;0.897;0.897
'CoExistence(e, t)';'CoExistence';'e';'t';0.862;0.869;0.869
'RespondedExistence(e, t)';'RespondedExistence';'e';'t';0.862;0.984;0.984
'Response(e, t)';'Response';'e';'t';0.514;0.587;0.587
'CoExistence(e, u)';'CoExistence';'e';'u';0.770;0.789;0.789
'RespondedExistence(e, u)';'RespondedExistence';'e';'u';0.770;0.879;0.879
'Response(e, u)';'Response';'e';'u';0.448;0.511;0.511
'CoExistence(e, v)';'CoExistence';'e';'v';0.818;0.830;0.830
'RespondedExistence(e, v)';'RespondedExistence';'e';'v';0.818;0.934;0.934
'CoExistence(e, w)';'CoExistence';'e';'w';0.790;0.809;0.809
'RespondedExistence(e, w)';'RespondedExistence';'e';'w';0.790;0.902;0.902
'Response(e, w)';'Response';'e';'w';0.462;0.527;0.527
'CoExistence(e, z)';'CoExistence';'e';'z';0.772;0.791;0.791
'RespondedExistence(e, z)';'RespondedExistence';'e';'z';0.772;0.881;0.881
'Precedence(p, e)';'Precedence';'e';'p';0.530;0.605;0.605
'Participation(f)';'Participation';'f';;0.990;0.990;0.990
'Precedence(d, f)';'Precedence';'f';'d';0.508;0.513;0.513
'Precedence(e, f)';'Precedence';'f';'e';0.514;0.519;0.519
'CoExistence(f, a)';'CoExistence';'f';'a';0.990;0.990;0.990
'CoExistence(f, b)';'CoExistence';'f';'b';0.990;0.990;0.990
'Succession(f, b)';'Succession';'f';'b';0.524;0.524;0.524
'CoExistence(f, c)';'CoExistence';'f';'c';0.852;0.857;0.857
'RespondedExistence(f, c)';'RespondedExistence';'f';'c';0.852;0.861;0.861
'NotSuccession(f, c)';'NotSuccession';'f';'c';0.578;0.581;0.581
'CoExistence(f, d)';'CoExistence';'f';'d';0.990;0.990;0.990
'CoExistence(f, e)';'CoExistence';'f';'e';0.876;0.885;0.885
'RespondedExistence(f, e)';'RespondedExistence';'f';'e';0.876;0.885;0.885
'CoExistence(f, g)';'CoExistence';'f';'g';0.882;0.887;0.887
'RespondedExistence(f, g)';'RespondedExistence';'f';'g';0.882;0.891;0.891
'CoExistence(f, h)';'CoExistence';'f';'h';0.660;0.664;0.664
'RespondedExistence(f, h)';'RespondedExistence';'f';'h';0.660;0.667;0.667
'CoExistence(f, i)';'CoExistence';'f';'i';0.874;0.879;0.879
'RespondedExistence(f, i)';'RespondedExistence';'f';'i';0.874;0.883;0.883
'CoExistence(f, l)';'CoExistence';'f';'l';0.662;0.669;0.669
'RespondedExistence(f, l)';'RespondedExistence';'f';'l';0.662;0.669;0.669
'CoExistence(f, m)';'CoExistence';'f';'m';0.876;0.881;0.881
'RespondedExistence(f, m)';'RespondedExistence';'f';'m';0.876;0.885;0.885
'CoExistence(f, n)';'CoExistence';'f';'n';0.974;0.976;0.976
'RespondedExistence(f, n)';'RespondedExistence';'f';'n';0.974;0.984;0.984
'Response(f, n)';'Response';'f';'n';0.520;0.525;0.525
'CoExistence(f, o)';'CoExistence';'f';'o';0.872;0.879;0.879
'RespondedExistence(f, o)';'RespondedExistence';'f';'o';0.872;0.881;0.881
'CoExistence(f, p)';'CoExistence';'f';'p';0.976;0.980;0.980
'RespondedExistence(f, p)';'RespondedExistence';'f';'p';0.976;0.986;0.986
'CoExistence(f, q)';'CoExistence';'f';'q';0.880;0.887;0.887
'RespondedExistence(f, q)';'RespondedExistence';'f';'q';0.880;0.889;0.889
'NotSuccession(f, r)';'NotSuccession';'f';'r';0.912;0.921;0.921
'NotCoExistence(f, r)';'NotCoExistence';'f';'r';0.870;0.879;0.879
'CoExistence(f, s)';'CoExistence';'f';'s';0.870;0.872;0.872
'RespondedExistence(f, s)';'RespondedExistence';'f';'s';0.870;0.879;0.879
'CoExistence(f, t)';'CoExistence';'f';'t';0.968;0.968;0.968
'RespondedExistence(f, t)';'RespondedExistence';'f';'t';0.968;0.978;0.978
'CoExistence(f, u)';'CoExistence';'f';'u';0.864;0.867;0.867
'RespondedExistence(f, u)';'RespondedExistence';'f';'u';0.864;0.873;0.873
'CoExistence(f, v)';'CoExistence';'f';'v';0.920;0.922;0.922
'RespondedExistence(f, v)';'RespondedExistence';'f';'v';0.920;0.929;0.929
'CoExistence(f, w)';'CoExistence';'f';'w';0.886;0.891;0.891
'RespondedExistence(f, w)';'RespondedExistence';'f';'w';0.886;0.895;0.895
'CoExistence(f, z)';'CoExistence';'f';'z';0.866;0.869;0.869
'RespondedExistence(f, z)';'RespondedExistence';'f';'z';0.866;0.875;0.875
'Precedence(m, f)';'Precedence';'f';'m';0.502;0.507;0.507
'Precedence(p, f)';'Precedence';'f';'p';0.646;0.653;0.653
'Participation(g)';'Participation';'g';;0.886;0.886;0.886
'Precedence(e, g)';'Precedence';'g';'e';0.448;0.506;0.506
'CoExistence(g, a)';'CoExistence';'g';'a';0.886;0.886;0.886
'CoExistence(g, b)';'CoExistence';'g';'b';0.886;0.886;0.886
'CoExistence(g, c)';'CoExistence';'g';'c';0.768;0.789;0.789
'RespondedExistence(g, c)';'RespondedExistence';'g';'c';0.768;0.867;0.867
'NotSuccession(g, c)';'NotSuccession';'g';'c';0.584;0.600;0.600
'CoExistence(g, d)';'CoExistence';'g';'d';0.886;0.886;0.886
'Response(g, d)';'Response';'g';'d';0.464;0.524;0.524
'CoExistence(g, e)';'CoExistence';'g';'e';0.788;0.809;0.809
'RespondedExistence(g, e)';'RespondedExistence';'g';'e';0.788;0.889;0.889
'CoExistence(g, f)';'CoExistence';'g';'f';0.882;0.887;0.887
'RespondedExistence(g, f)';'RespondedExistence';'g';'f';0.882;0.995;0.995
'Response(g, f)';'Response';'g';'f';0.700;0.790;0.790
'CoExistence(g, h)';'CoExistence';'g';'h';0.664;0.749;0.749
'RespondedExistence(g, h)';'RespondedExistence';'g';'h';0.664;0.749;0.749
'CoExistence(g, i)';'CoExistence';'g';'i';0.780;0.793;0.793
'RespondedExistence(g, i)';'RespondedExistence';'g';'i';0.780;0.880;0.880
'CoExistence(g, l)';'CoExistence';'g';'l';0.584;0.606;0.606
'RespondedExistence(g, l)';'RespondedExistence';'g';'l';0.584;0.659;0.659
'NotSuccession(g, l)';'NotSuccession';'g';'l';0.492;0.510;0.510
'CoExistence(g, m)';'CoExistence';'g';'m';0.788;0.806;0.806
'RespondedExistence(g, m)';'RespondedExistence';'g';'m';0.788;0.889;0.889
'CoExistence(g, n)';'CoExistence';'g';'n';0.872;0.876;0.876
'RespondedExistence(g, n)';'RespondedExistence';'g';'n';0.872;0.984;0.984
'Response(g, n)';'Response';'g';'n';0.700;0.790;0.790
'CoExistence(g, o)';'CoExistence';'g';'o';0.782;0.800;0.800
'RespondedExistence(g, o)';'RespondedExistence';'g';'o';0.782;0.883;0.883
'CoExistence(g, p)';'CoExistence';'g';'p';0.876;0.883;0.883
'RespondedExistence(g, p)';'RespondedExistence';'g';'p';0.876;0.989;0.989
'Response(g, p)';'Response';'g';'p';0.566;0.639;0.639
'CoExistence(g, q)';'CoExistence';'g';'q';0.788;0.804;0.804
'RespondedExistence(g, q)';'RespondedExistence';'g';'q';0.788;0.889;0.889
'NotSuccession(g, r)';'NotSuccession';'g';'r';0.826;0.916;0.916
'NotCoExistence(g, r)';'NotCoExistence';'g';'r';0.798;0.885;0.885
'CoExistence(g, s)';'CoExistence';'g';'s';0.774;0.782;0.782
'RespondedExistence(g, s)';'RespondedExistence';'g';'s';0.774;0.874;0.874
'CoExistence(g, t)';'CoExistence';'g';'t';0.866;0.868;0.868
'RespondedExistence(g, t)';'RespondedExistence';'g';'t';0.866;0.977;0.977
'Response(g, t)';'Response';'g';'t';0.486;0.549;0.549
'CoExistence(g, u)';'CoExistence';'g';'u';0.782;0.803;0.803
'RespondedExistence(g, u)';'RespondedExistence';'g';'u';0.782;0.883;0.883
'CoExistence(g, v)';'CoExistence';'g';'v';0.820;0.825;0.825
'RespondedExistence(g, v)';'RespondedExistence';'g';'v';0.820;0.926;0.926
'CoExistence(g, w)';'CoExistence';'g';'w';0.792;0.805;0.805
'RespondedExistence(g, w)';'RespondedExistence';'g';'w';0.792;0.894;0.894
'CoExistence(g, z)';'CoExistence';'g';'z';0.772;0.783;0.783
'RespondedExistence(g, z)';'RespondedExistence';'g';'z';0.772;0.871;0.871
'Precedence(p, g)';'Precedence';'g';'p';0.566;0.639;0.639
'Participation(h)';'Participation';'h';;0.664;0.664;0.664
'AlternatePrecedence(a, h)';'AlternatePrecedence';'h';'a';0.354;0.533;0.533
'Precedence(b, h)';'Precedence';'h';'b';0.392;0.590;0.590
'Precedence(c, h)';'Precedence';'h';'c';0.432;0.651;0.651
'Precedence(d, h)';'Precedence';'h';'d';0.464;0.699;0.699
'Precedence(e, h)';'Precedence';'h';'e';0.474;0.714;0.714
'Precedence(f, h)';'Precedence';'h';'f';0.420;0.633;0.633
'Precedence(g, h)';'Precedence';'h';'g';0.664;1.000;1.000
'AlternatePrecedence(g, h)';'AlternatePrecedence';'h';'g';0.336;0.506;0.506
'CoExistence(h, a)';'CoExistence';'h';'a';0.664;0.664;0.664
'NotSuccession(h, a)';'NotSuccession';'h';'a';0.638;0.638;0.638
'CoExistence(h, b)';'CoExistence';'h';'b';0.664;0.664;0.664
'AlternateResponse(h, b)';'AlternateResponse';'h';'b';0.344;0.518;0.518
'CoExistence(h, c)';'CoExistence';'h';'c';0.578;0.614;0.614
'RespondedExistence(h, c)';'RespondedExistence';'h';'c';0.578;0.870;0.870
'NotSuccession(h, c)';'NotSuccession';'h';'c';0.796;0.845;0.845
'CoExistence(h, d)';'CoExistence';'h';'d';0.664;0.664;0.664
'NotSuccession(h, d)';'NotSuccession';'h';'d';0.560;0.560;0.560
'CoExistence(h, e)';'CoExistence';'h';'e';0.604;0.645;0.645
'RespondedExistence(h, e)';'RespondedExistence';'h';'e';0.604;0.910;0.910
'NotSuccession(h, e)';'NotSuccession';'h';'e';0.582;0.622;0.622
'CoExistence(h, f)';'CoExistence';'h';'f';0.660;0.664;0.664
'RespondedExistence(h, f)';'RespondedExistence';'h';'f';0.660;0.994;0.994
'Response(h, f)';'Response';'h';'f';0.498;0.750;0.750
'CoExistence(h, g)';'CoExistence';'h';'g';0.664;0.749;0.749
'NotSuccession(h, g)';'NotSuccession';'h';'g';0.510;0.576;0.576
'CoExistence(h, i)';'CoExistence';'h';'i';0.592;0.623;0.623
'RespondedExistence(h, i)';'RespondedExistence';'h';'i';0.592;0.892;0.892
'NotSuccession(h, i)';'NotSuccession';'h';'i';0.584;0.615;0.615
'RespondedExistence(h, l)';'RespondedExistence';'h';'l';0.438;0.660;0.660
'NotSuccession(h, l)';'NotSuccession';'h';'l';0.612;0.689;0.689
'NotCoExistence(h, l)';'NotCoExistence';'h';'l';0.450;0.507;0.507
'CoExistence(h, m)';'CoExistence';'h';'m';0.598;0.632;0.632
'RespondedExistence(h, m)';'RespondedExistence';'h';'m';0.598;0.901;0.901
'NotSuccession(h, m)';'NotSuccession';'h';'m';0.624;0.660;0.660
'CoExistence(h, n)';'CoExistence';'h';'n';0.658;0.666;0.666
'RespondedExistence(h, n)';'RespondedExistence';'h';'n';0.658;0.991;0.991
'Response(h, n)';'Response';'h';'n';0.520;0.783;0.783
'CoExistence(h, o)';'CoExistence';'h';'o';0.602;0.643;0.643
'RespondedExistence(h, o)';'RespondedExistence';'h';'o';0.602;0.907;0.907
'NotSuccession(h, o)';'NotSuccession';'h';'o';0.542;0.579;0.579
'CoExistence(h, p)';'CoExistence';'h';'p';0.660;0.669;0.669
'RespondedExistence(h, p)';'RespondedExistence';'h';'p';0.660;0.994;0.994
'Response(h, p)';'Response';'h';'p';0.386;0.581;0.581
'CoExistence(h, q)';'CoExistence';'h';'q';0.592;0.621;0.621
'RespondedExistence(h, q)';'RespondedExistence';'h';'q';0.592;0.892;0.892
'NotSuccession(h, q)';'NotSuccession';'h';'q';0.556;0.583;0.583
'NotSuccession(h, r)';'NotSuccession';'h';'r';0.644;0.923;0.923
'NotCoExistence(h, r)';'NotCoExistence';'h';'r';0.612;0.877;0.877
'CoExistence(h, s)';'CoExistence';'h';'s';0.592;0.623;0.623
'RespondedExistence(h, s)';'RespondedExistence';'h';'s';0.592;0.892;0.892
'NotSuccession(h, s)';'NotSuccession';'h';'s';0.554;0.583;0.583
'CoExistence(h, t)';'CoExistence';'h';'t';0.656;0.665;0.665
'RespondedExistence(h, t)';'RespondedExistence';'h';'t';0.656;0.988;0.988
'NotSuccession(h, t)';'NotSuccession';'h';'t';0.520;0.527;0.527
'CoExistence(h, u)';'CoExistence';'h';'u';0.594;0.632;0.632
'RespondedExistence(h, u)';'RespondedExistence';'h';'u';0.594;0.895;0.895
'NotSuccession(h, u)';'NotSuccession';'h';'u';0.542;0.577;0.577
'CoExistence(h, v)';'CoExistence';'h';'v';0.616;0.631;0.631
'RespondedExistence(h, v)';'RespondedExistence';'h';'v';0.616;0.928;0.928
'NotSuccession(h, v)';'NotSuccession';'h';'v';0.560;0.574;0.574
'CoExistence(h, w)';'CoExistence';'h';'w';0.598;0.626;0.626
'RespondedExistence(h, w)';'RespondedExistence';'h';'w';0.598;0.901;0.901
'NotSuccession(h, w)';'NotSuccession';'h';'w';0.564;0.590;0.590
'CoExistence(h, z)';'CoExistence';'h';'z';0.590;0.624;0.624
'RespondedExistence(h, z)';'RespondedExistence';'h';'z';0.590;0.889;0.889
'NotSuccession(h, z)';'NotSuccession';'h';'z';0.540;0.571;0.571
'Precedence(i, h)';'Precedence';'h';'i';0.414;0.623;0.623
'Precedence(m, h)';'Precedence';'h';'m';0.428;0.645;0.645
'Precedence(n, h)';'Precedence';'h';'n';0.418;0.630;0.630
'Precedence(o, h)';'Precedence';'h';'o';0.460;0.693;0.693
'Precedence(p, h)';'Precedence';'h';'p';0.564;0.849;0.849
'AlternatePrecedence(p, h)';'AlternatePrecedence';'h';'p';0.366;0.551;0.551
'Precedence(q, h)';'Precedence';'h';'q';0.442;0.666;0.666
'Precedence(s, h)';'Precedence';'h';'s';0.424;0.639;0.639
'Precedence(t, h)';'Precedence';'h';'t';0.452;0.681;0.681
'Precedence(u, h)';'Precedence';'h';'u';0.420;0.633;0.633
'Precedence(v, h)';'Precedence';'h';'v';0.426;0.642;0.642
'Precedence(w, h)';'Precedence';'h';'w';0.440;0.663;0.663
'Precedence(z, h)';'Precedence';'h';'z';0.434;0.654;0.654
'Participation(i)';'Participation';'i';;0.878;0.878;0.878
'CoExistence(i, a)';'CoExistence';'i';'a';0.878;0.878;0.878
'CoExistence(i, b)';'CoExistence';'i';'b';0.878;0.878;0.878
'CoExistence(i, c)';'CoExistence';'i';'c';0.764;0.788;0.788
'RespondedExistence(i, c)';'RespondedExistence';'i';'c';0.764;0.870;0.870
'NotSuccession(i, c)';'NotSuccession';'i';'c';0.592;0.610;0.610
'CoExistence(i, d)';'CoExistence';'i';'d';0.878;0.878;0.878
'Response(i, d)';'Response';'i';'d';0.466;0.531;0.531
'CoExistence(i, e)';'CoExistence';'i';'e';0.788;0.816;0.816
'RespondedExistence(i, e)';'RespondedExistence';'i';'e';0.788;0.897;0.897
'CoExistence(i, f)';'CoExistence';'i';'f';0.874;0.879;0.879
'RespondedExistence(i, f)';'RespondedExistence';'i';'f';0.874;0.995;0.995
'Response(i, f)';'Response';'i';'f';0.682;0.777;0.777
'CoExistence(i, g)';'CoExistence';'i';'g';0.780;0.793;0.793
'RespondedExistence(i, g)';'RespondedExistence';'i';'g';0.780;0.888;0.888
'CoExistence(i, h)';'CoExistence';'i';'h';0.592;0.623;0.623
'RespondedExistence(i, h)';'RespondedExistence';'i';'h';0.592;0.674;0.674
'CoExistence(i, l)';'CoExistence';'i';'l';0.662;0.754;0.754
'RespondedExistence(i, l)';'RespondedExistence';'i';'l';0.662;0.754;0.754
'CoExistence(i, m)';'CoExistence';'i';'m';0.780;0.798;0.798
'RespondedExistence(i, m)';'RespondedExistence';'i';'m';0.780;0.888;0.888
'CoExistence(i, n)';'CoExistence';'i';'n';0.864;0.867;0.867
'RespondedExistence(i, n)';'RespondedExistence';'i';'n';0.864;0.984;0.984
'Response(i, n)';'Response';'i';'n';0.708;0.806;0.806
'CoExistence(i, o)';'CoExistence';'i';'o';0.776;0.795;0.795
'RespondedExistence(i, o)';'RespondedExistence';'i';'o';0.776;0.884;0.884
'CoExistence(i, p)';'CoExistence';'i';'p';0.866;0.871;0.871
'RespondedExistence(i, p)';'RespondedExistence';'i';'p';0.866;0.986;0.986
'Response(i, p)';'Response';'i';'p';0.570;0.649;0.649
'CoExistence(i, q)';'CoExistence';'i';'q';0.778;0.792;0.792
'RespondedExistence(i, q)';'RespondedExistence';'i';'q';0.778;0.886;0.886
'NotSuccession(i, r)';'NotSuccession';'i';'r';0.804;0.907;0.907
'NotCoExistence(i, r)';'NotCoExistence';'i';'r';0.774;0.874;0.874
'CoExistence(i, s)';'CoExistence';'i';'s';0.776;0.792;0.792
'RespondedExistence(i, s)';'RespondedExistence';'i';'s';0.776;0.884;0.884
'CoExistence(i, t)';'CoExistence';'i';'t';0.858;0.860;0.860
'RespondedExistence(i, t)';'RespondedExistence';'i';'t';0.858;0.977;0.977
'Response(i, t)';'Response';'i';'t';0.450;0.513;0.513
'CoExistence(i, u)';'CoExistence';'i';'u';0.768;0.784;0.784
'RespondedExistence(i, u)';'RespondedExistence';'i';'u';0.768;0.875;0.875
'CoExistence(i, v)';'CoExistence';'i';'v';0.820;0.832;0.832
'RespondedExistence(i, v)';'RespondedExistence';'i';'v';0.820;0.934;0.934
'CoExistence(i, w)';'CoExistence';'i';'w';0.788;0.804;0.804
'RespondedExistence(i, w)';'RespondedExistence';'i';'w';0.788;0.897;0.897
'Response(i, w)';'Response';'i';'w';0.448;0.510;0.510
'CoExistence(i, z)';'CoExistence';'i';'z';0.772;0.789;0.789
'RespondedExistence(i, z)';'RespondedExistence';'i';'z';0.772;0.879;0.879
'Precedence(p, i)';'Precedence';'i';'p';0.572;0.651;0.651
'AtMostOne(l)';'AtMostOne';'l';;0.468;0.707;0.707
'Participation(l)';'Participation';'l';;0.662;0.662;0.662
'AlternatePrecedence(a, l)';'AlternatePrecedence';'l';'a';0.566;0.855;0.855
'Precedence(b, l)';'Precedence';'l';'b';0.412;0.622;0.622
'AlternatePrecedence(b, l)';'AlternatePrecedence';'l';'b';0.352;0.532;0.532
'Precedence(c, l)';'Precedence';'l';'c';0.432;0.653;0.653
'Precedence(d, l)';'Precedence';'l';'d';0.456;0.689;0.689
'AlternatePrecedence(d, l)';'AlternatePrecedence';'l';'d';0.386;0.583;0.583
'Precedence(e, l)';'Precedence';'l';'e';0.452;0.683;0.683
'AlternatePrecedence(e, l)';'AlternatePrecedence';'l';'e';0.386;0.583;0.583
'Precedence(f, l)';'Precedence';'l';'f';0.446;0.674;0.674
'AlternatePrecedence(f, l)';'AlternatePrecedence';'l';'f';0.380;0.574;0.574
'Precedence(g, l)';'Precedence';'l';'g';0.418;0.631;0.631
'AlternatePrecedence(g, l)';'AlternatePrecedence';'l';'g';0.364;0.550;0.550
'AlternatePrecedence(i, l)';'AlternatePrecedence';'l';'i';0.662;1.000;1.000
'CoExistence(l, a)';'CoExistence';'l';'a';0.662;0.662;0.662
'NotSuccession(l, a)';'NotSuccession';'l';'a';0.606;0.606;0.606
'CoExistence(l, b)';'CoExistence';'l';'b';0.662;0.662;0.662
'AlternateResponse(l, b)';'AlternateResponse';'l';'b';0.546;0.825;0.825
'CoExistence(l, c)';'CoExistence';'l';'c';0.576;0.611;0.611
'RespondedExistence(l, c)';'RespondedExistence';'l';'c';0.576;0.870;0.870
'NotSuccession(l, c)';'NotSuccession';'l';'c';0.798;0.847;0.847
'CoExistence(l, d)';'CoExistence';'l';'d';0.662;0.662;0.662
'Response(l, d)';'Response';'l';'d';0.382;0.577;0.577
'NotSuccession(l, d)';'NotSuccession';'l';'d';0.546;0.546;0.546
'CoExistence(l, e)';'CoExistence';'l';'e';0.594;0.629;0.629
'RespondedExistence(l, e)';'RespondedExistence';'l';'e';0.594;0.897;0.897
'NotSuccession(l, e)';'NotSuccession';'l';'e';0.570;0.604;0.604
'CoExistence(l, f)';'CoExistence';'l';'f';0.662;0.669;0.669
'RespondedExistence(l, f)';'RespondedExistence';'l';'f';0.662;1.000;1.000
'Response(l, f)';'Response';'l';'f';0.558;0.843;0.843
'AlternateResponse(l, f)';'AlternateResponse';'l';'f';0.474;0.716;0.716
'CoExistence(l, g)';'CoExistence';'l';'g';0.584;0.606;0.606
'RespondedExistence(l, g)';'RespondedExistence';'l';'g';0.584;0.882;0.882
'NotSuccession(l, g)';'NotSuccession';'l';'g';0.590;0.612;0.612
'RespondedExistence(l, h)';'RespondedExistence';'l';'h';0.438;0.662;0.662
'NotSuccession(l, h)';'NotSuccession';'l';'h';0.560;0.631;0.631
'NotCoExistence(l, h)';'NotCoExistence';'l';'h';0.450;0.507;0.507
'CoExistence(l, i)';'CoExistence';'l';'i';0.662;0.754;0.754
'NotSuccession(l, i)';'NotSuccession';'l';'i';0.494;0.563;0.563
'CoExistence(l, m)';'CoExistence';'l';'m';0.594;0.627;0.627
'RespondedExistence(l, m)';'RespondedExistence';'l';'m';0.594;0.897;0.897
'NotSuccession(l, m)';'NotSuccession';'l';'m';0.616;0.650;0.650
'CoExistence(l, n)';'CoExistence';'l';'n';0.656;0.664;0.664
'RespondedExistence(l, n)';'RespondedExistence';'l';'n';0.656;0.991;0.991
'Response(l, n)';'Response';'l';'n';0.556;0.840;0.840
'AlternateResponse(l, n)';'AlternateResponse';'l';'n';0.462;0.698;0.698
'CoExistence(l, o)';'CoExistence';'l';'o';0.596;0.634;0.634
'RespondedExistence(l, o)';'RespondedExistence';'l';'o';0.596;0.900;0.900
'NotSuccession(l, o)';'NotSuccession';'l';'o';0.554;0.589;0.589
'CoExistence(l, p)';'CoExistence';'l';'p';0.658;0.667;0.667
'RespondedExistence(l, p)';'RespondedExistence';'l';'p';0.658;0.994;0.994
'Response(l, p)';'Response';'l';'p';0.464;0.701;0.701
'AlternateResponse(l, p)';'AlternateResponse';'l';'p';0.424;0.640;0.640
'CoExistence(l, q)';'CoExistence';'l';'q';0.586;0.612;0.612
'RespondedExistence(l, q)';'RespondedExistence';'l';'q';0.586;0.885;0.885
'Response(l, q)';'Response';'l';'q';0.340;0.514;0.514
'NotSuccession(l, q)';'NotSuccession';'l';'q';0.544;0.568;0.568
'NotSuccession(l, r)';'NotSuccession';'l';'r';0.658;0.937;0.937
'NotCoExistence(l, r)';'NotCoExistence';'l';'r';0.622;0.886;0.886
'CoExistence(l, s)';'CoExistence';'l';'s';0.590;0.621;0.621
'RespondedExistence(l, s)';'RespondedExistence';'l';'s';0.590;0.891;0.891
'Response(l, s)';'Response';'l';'s';0.340;0.514;0.514
'NotSuccession(l, s)';'NotSuccession';'l';'s';0.546;0.575;0.575
'CoExistence(l, t)';'CoExistence';'l';'t';0.652;0.660;0.660
'RespondedExistence(l, t)';'RespondedExistence';'l';'t';0.652;0.985;0.985
'Response(l, t)';'Response';'l';'t';0.380;0.574;0.574
'NotSuccession(l, t)';'NotSuccession';'l';'t';0.534;0.540;0.540
'CoExistence(l, u)';'CoExistence';'l';'u';0.588;0.623;0.623
'RespondedExistence(l, u)';'RespondedExistence';'l';'u';0.588;0.888;0.888
'NotSuccession(l, u)';'NotSuccession';'l';'u';0.554;0.587;0.587
'CoExistence(l, v)';'CoExistence';'l';'v';0.618;0.636;0.636
'RespondedExistence(l, v)';'RespondedExistence';'l';'v';0.618;0.934;0.934
'Response(l, v)';'Response';'l';'v';0.332;0.502;0.502
'NotSuccession(l, v)';'NotSuccession';'l';'v';0.562;0.578;0.578
'CoExistence(l, w)';'CoExistence';'l';'w';0.596;0.623;0.623
'RespondedExistence(l, w)';'RespondedExistence';'l';'w';0.596;0.900;0.900
'NotSuccession(l, w)';'NotSuccession';'l';'w';0.574;0.600;0.600
'CoExistence(l, z)';'CoExistence';'l';'z';0.580;0.608;0.608
'RespondedExistence(l, z)';'RespondedExistence';'l';'z';0.580;0.876;0.876
'NotSuccession(l, z)';'NotSuccession';'l';'z';0.560;0.587;0.587
'Precedence(m, l)';'Precedence';'l';'m';0.424;0.640;0.640
'AlternatePrecedence(m, l)';'AlternatePrecedence';'l';'m';0.360;0.544;0.544
'Precedence(n, l)';'Precedence';'l';'n';0.420;0.634;0.634
'AlternatePrecedence(n, l)';'AlternatePrecedence';'l';'n';0.362;0.547;0.547
'Precedence(o, l)';'Precedence';'l';'o';0.452;0.683;0.683
'AlternatePrecedence(o, l)';'AlternatePrecedence';'l';'o';0.386;0.583;0.583
'Precedence(p, l)';'Precedence';'l';'p';0.566;0.855;0.855
'AlternatePrecedence(p, l)';'AlternatePrecedence';'l';'p';0.504;0.761;0.761
'Precedence(q, l)';'Precedence';'l';'q';0.416;0.628;0.628
'AlternatePrecedence(q, l)';'AlternatePrecedence';'l';'q';0.378;0.571;0.571
'Precedence(s, l)';'Precedence';'l';'s';0.454;0.686;0.686
'AlternatePrecedence(s, l)';'AlternatePrecedence';'l';'s';0.390;0.589;0.589
'Precedence(t, l)';'Precedence';'l';'t';0.428;0.647;0.647
'AlternatePrecedence(t, l)';'AlternatePrecedence';'l';'t';0.368;0.556;0.556
'Precedence(u, l)';'Precedence';'l';'u';0.416;0.628;0.628
'AlternatePrecedence(u, l)';'AlternatePrecedence';'l';'u';0.364;0.550;0.550
'Precedence(v, l)';'Precedence';'l';'v';0.432;0.653;0.653
'AlternatePrecedence(v, l)';'AlternatePrecedence';'l';'v';0.366;0.553;0.553
'Precedence(w, l)';'Precedence';'l';'w';0.438;0.662;0.662
'AlternatePrecedence(w, l)';'AlternatePrecedence';'l';'w';0.384;0.580;0.580
'Precedence(z, l)';'Precedence';'l';'z';0.434;0.656;0.656
'AlternatePrecedence(z, l)';'AlternatePrecedence';'l';'z';0.376;0.568;0.568
'AtMostOne(m)';'AtMostOne';'m';;0.472;0.536;0.536
'Participation(m)';'Participation';'m';;0.880;0.880;0.880
'AlternatePrecedence(a, m)';'AlternatePrecedence';'m';'a';0.716;0.814;0.814
'CoExistence(m, a)';'CoExistence';'m';'a';0.880;0.880;0.880
'Response(m, a)';'Response';'m';'a';0.474;0.539;0.539
'CoExistence(m, b)';'CoExistence';'m';'b';0.880;0.880;0.880
'Succession(m, b)';'Succession';'m';'b';0.522;0.522;0.522
'AlternateResponse(m, b)';'AlternateResponse';'m';'b';0.686;0.780;0.780
'CoExistence(m, c)';'CoExistence';'m';'c';0.766;0.790;0.790
'RespondedExistence(m, c)';'RespondedExistence';'m';'c';0.766;0.870;0.870
'NotSuccession(m, c)';'NotSuccession';'m';'c';0.570;0.588;0.588
'CoExistence(m, d)';'CoExistence';'m';'d';0.880;0.880;0.880
'Response(m, d)';'Response';'m';'d';0.562;0.639;0.639
'AlternateResponse(m, d)';'AlternateResponse';'m';'d';0.440;0.500;0.500
'CoExistence(m, e)';'CoExistence';'m';'e';0.792;0.822;0.822
'RespondedExistence(m, e)';'RespondedExistence';'m';'e';0.792;0.900;0.900
'Response(m, e)';'Response';'m';'e';0.476;0.541;0.541
'CoExistence(m, f)';'CoExistence';'m';'f';0.876;0.881;0.881
'RespondedExistence(m, f)';'RespondedExistence';'m';'f';0.876;0.995;0.995
'Response(m, f)';'Response';'m';'f';0.776;0.882;0.882
'AlternateResponse(m, f)';'AlternateResponse';'m';'f';0.600;0.682;0.682
'CoExistence(m, g)';'CoExistence';'m';'g';0.788;0.806;0.806
'RespondedExistence(m, g)';'RespondedExistence';'m';'g';0.788;0.895;0.895
'Response(m, g)';'Response';'m';'g';0.476;0.541;0.541
'CoExistence(m, h)';'CoExistence';'m';'h';0.598;0.632;0.632
'RespondedExistence(m, h)';'RespondedExistence';'m';'h';0.598;0.680;0.680
'CoExistence(m, i)';'CoExistence';'m';'i';0.780;0.798;0.798
'RespondedExistence(m, i)';'RespondedExistence';'m';'i';0.780;0.886;0.886
'Response(m, i)';'Response';'m';'i';0.474;0.539;0.539
'CoExistence(m, l)';'CoExistence';'m';'l';0.594;0.627;0.627
'RespondedExistence(m, l)';'RespondedExistence';'m';'l';0.594;0.675;0.675
'CoExistence(m, n)';'CoExistence';'m';'n';0.880;0.896;0.896
'Succession(m, n)';'Succession';'m';'n';0.542;0.552;0.552
'AlternateResponse(m, n)';'AlternateResponse';'m';'n';0.880;1.000;1.000
'CoExistence(m, o)';'CoExistence';'m';'o';0.794;0.827;0.827
'RespondedExistence(m, o)';'RespondedExistence';'m';'o';0.794;0.902;0.902
'Response(m, o)';'Response';'m';'o';0.508;0.577;0.577
'CoExistence(m, p)';'CoExistence';'m';'p';0.872;0.881;0.881
'RespondedExistence(m, p)';'RespondedExistence';'m';'p';0.872;0.991;0.991
'Response(m, p)';'Response';'m';'p';0.668;0.759;0.759
'AlternateResponse(m, p)';'AlternateResponse';'m';'p';0.596;0.677;0.677
'CoExistence(m, q)';'CoExistence';'m';'q';0.796;0.824;0.824
'RespondedExistence(m, q)';'RespondedExistence';'m';'q';0.796;0.905;0.905
'Response(m, q)';'Response';'m';'q';0.510;0.580;0.580
'NotSuccession(m, r)';'NotSuccession';'m';'r';0.810;0.906;0.906
'NotCoExistence(m, r)';'NotCoExistence';'m';'r';0.788;0.881;0.881
'CoExistence(m, s)';'CoExistence';'m';'s';0.782;0.801;0.801
'RespondedExistence(m, s)';'RespondedExistence';'m';'s';0.782;0.889;0.889
'Response(m, s)';'Response';'m';'s';0.484;0.550;0.550
'CoExistence(m, t)';'CoExistence';'m';'t';0.870;0.881;0.881
'RespondedExistence(m, t)';'RespondedExistence';'m';'t';0.870;0.989;0.989
'Response(m, t)';'Response';'m';'t';0.582;0.661;0.661
'AlternateResponse(m, t)';'AlternateResponse';'m';'t';0.456;0.518;0.518
'CoExistence(m, u)';'CoExistence';'m';'u';0.780;0.804;0.804
'RespondedExistence(m, u)';'RespondedExistence';'m';'u';0.780;0.886;0.886
'Response(m, u)';'Response';'m';'u';0.510;0.580;0.580
'CoExistence(m, v)';'CoExistence';'m';'v';0.824;0.837;0.837
'RespondedExistence(m, v)';'RespondedExistence';'m';'v';0.824;0.936;0.936
'Response(m, v)';'Response';'m';'v';0.504;0.573;0.573
'CoExistence(m, w)';'CoExistence';'m';'w';0.796;0.817;0.817
'RespondedExistence(m, w)';'RespondedExistence';'m';'w';0.796;0.905;0.905
'Response(m, w)';'Response';'m';'w';0.532;0.605;0.605
'AlternateResponse(m, w)';'AlternateResponse';'m';'w';0.458;0.520;0.520
'CoExistence(m, z)';'CoExistence';'m';'z';0.778;0.799;0.799
'RespondedExistence(m, z)';'RespondedExistence';'m';'z';0.778;0.884;0.884
'Response(m, z)';'Response';'m';'z';0.510;0.580;0.580
'Precedence(p, m)';'Precedence';'m';'p';0.532;0.605;0.605
'AlternatePrecedence(p, m)';'AlternatePrecedence';'m';'p';0.478;0.543;0.543
'Participation(n)';'Participation';'n';;0.982;0.982;0.982
'Precedence(c, n)';'Precedence';'n';'c';0.506;0.515;0.515
'Precedence(d, n)';'Precedence';'n';'d';0.534;0.544;0.544
'Precedence(e, n)';'Precedence';'n';'e';0.522;0.532;0.532
'Precedence(f, n)';'Precedence';'n';'f';0.510;0.519;0.519
'Precedence(g, n)';'Precedence';'n';'g';0.524;0.534;0.534
'Precedence(i, n)';'Precedence';'n';'i';0.496;0.505;0.505
'Precedence(m, n)';'Precedence';'n';'m';0.542;0.552;0.552
'CoExistence(n, a)';'CoExistence';'n';'a';0.982;0.982;0.982
'CoExistence(n, b)';'CoExistence';'n';'b';0.982;0.982;0.982
'CoExistence(n, c)';'CoExistence';'n';'c';0.846;0.853;0.853
'RespondedExistence(n, c)';'RespondedExistence';'n';'c';0.846;0.862;0.862
'NotSuccession(n, c)';'NotSuccession';'n';'c';0.652;0.657;0.657
'CoExistence(n, d)';'CoExistence';'n';'d';0.982;0.982;0.982
'CoExistence(n, e)';'CoExistence';'n';'e';0.866;0.873;0.873
'RespondedExistence(n, e)';'RespondedExistence';'n';'e';0.866;0.882;0.882
'CoExistence(n, f)';'CoExistence';'n';'f';0.974;0.976;0.976
'RespondedExistence(n, f)';'RespondedExistence';'n';'f';0.974;0.992;0.992
'CoExistence(n, g)';'CoExistence';'n';'g';0.872;0.876;0.876
'RespondedExistence(n, g)';'RespondedExistence';'n';'g';0.872;0.888;0.888
'CoExistence(n, h)';'CoExistence';'n';'h';0.658;0.666;0.666
'RespondedExistence(n, h)';'RespondedExistence';'n';'h';0.658;0.670;0.670
'CoExistence(n, i)';'CoExistence';'n';'i';0.864;0.867;0.867
'RespondedExistence(n, i)';'RespondedExistence';'n';'i';0.864;0.880;0.880
'CoExistence(n, l)';'CoExistence';'n';'l';0.656;0.664;0.664
'RespondedExistence(n, l)';'RespondedExistence';'n';'l';0.656;0.668;0.668
'NotSuccession(n, l)';'NotSuccession';'n';'l';0.520;0.526;0.526
'CoExistence(n, m)';'CoExistence';'n';'m';0.880;0.896;0.896
'RespondedExistence(n, m)';'RespondedExistence';'n';'m';0.880;0.896;0.896
'CoExistence(n, o)';'CoExistence';'n';'o';0.868;0.879;0.879
'RespondedExistence(n, o)';'RespondedExistence';'n';'o';0.868;0.884;0.884
'CoExistence(n, p)';'CoExistence';'n';'p';0.970;0.976;0.976
'RespondedExistence(n, p)';'RespondedExistence';'n';'p';0.970;0.988;0.988
'CoExistence(n, q)';'CoExistence';'n';'q';0.870;0.875;0.875
'RespondedExistence(n, q)';'RespondedExistence';'n';'q';0.870;0.886;0.886
'NotSuccession(n, r)';'NotSuccession';'n';'r';0.922;0.939;0.939
'NotCoExistence(n, r)';'NotCoExistence';'n';'r';0.862;0.878;0.878
'CoExistence(n, s)';'CoExistence';'n';'s';0.864;0.867;0.867
'RespondedExistence(n, s)';'RespondedExistence';'n';'s';0.864;0.880;0.880
'CoExistence(n, t)';'CoExistence';'n';'t';0.964;0.968;0.968
'RespondedExistence(n, t)';'RespondedExistence';'n';'t';0.964;0.982;0.982
'CoExistence(n, u)';'CoExistence';'n';'u';0.856;0.859;0.859
'RespondedExistence(n, u)';'RespondedExistence';'n';'u';0.856;0.872;0.872
'CoExistence(n, v)';'CoExistence';'n';'v';0.914;0.918;0.918
'RespondedExistence(n, v)';'RespondedExistence';'n';'v';0.914;0.931;0.931
'CoExistence(n, w)';'CoExistence';'n';'w';0.880;0.887;0.887
'RespondedExistence(n, w)';'RespondedExistence';'n';'w';0.880;0.896;0.896
'CoExistence(n, z)';'CoExistence';'n';'z';0.862;0.869;0.869
'RespondedExistence(n, z)';'RespondedExistence';'n';'z';0.862;0.878;0.878
'Precedence(o, n)';'Precedence';'n';'o';0.542;0.552;0.552
'Precedence(p, n)';'Precedence';'n';'p';0.706;0.719;0.719
'Precedence(q, n)';'Precedence';'n';'q';0.534;0.544;0.544
'Precedence(s, n)';'Precedence';'n';'s';0.532;0.542;0.542
'Precedence(t, n)';'Precedence';'n';'t';0.548;0.558;0.558
'Precedence(v, n)';'Precedence';'n';'v';0.526;0.536;0.536
'Precedence(w, n)';'Precedence';'n';'w';0.514;0.523;0.523
'Precedence(z, n)';'Precedence';'n';'z';0.524;0.534;0.534
'Participation(o)';'Participation';'o';;0.874;0.874;0.874
'CoExistence(o, a)';'CoExistence';'o';'a';0.874;0.874;0.874
'CoExistence(o, b)';'CoExistence';'o';'b';0.874;0.874;0.874
'Succession(o, b)';'Succession';'o';'b';0.522;0.522;0.522
'CoExistence(o, c)';'CoExistence';'o';'c';0.766;0.795;0.795
'RespondedExistence(o, c)';'RespondedExistence';'o';'c';0.766;0.876;0.876
'NotSuccession(o, c)';'NotSuccession';'o';'c';0.558;0.579;0.579
'CoExistence(o, d)';'CoExistence';'o';'d';0.874;0.874;0.874
'CoExistence(o, e)';'CoExistence';'o';'e';0.782;0.808;0.808
'RespondedExistence(o, e)';'RespondedExistence';'o';'e';0.782;0.895;0.895
'CoExistence(o, f)';'CoExistence';'o';'f';0.872;0.879;0.879
'RespondedExistence(o, f)';'RespondedExistence';'o';'f';0.872;0.998;0.998
'Response(o, f)';'Response';'o';'f';0.666;0.762;0.762
'CoExistence(o, g)';'CoExistence';'o';'g';0.782;0.800;0.800
'RespondedExistence(o, g)';'RespondedExistence';'o';'g';0.782;0.895;0.895
'CoExistence(o, h)';'CoExistence';'o';'h';0.602;0.643;0.643
'RespondedExistence(o, h)';'RespondedExistence';'o';'h';0.602;0.689;0.689
'CoExistence(o, i)';'CoExistence';'o';'i';0.776;0.795;0.795
'RespondedExistence(o, i)';'RespondedExistence';'o';'i';0.776;0.888;0.888
'CoExistence(o, l)';'CoExistence';'o';'l';0.596;0.634;0.634
'RespondedExistence(o, l)';'RespondedExistence';'o';'l';0.596;0.682;0.682
'CoExistence(o, m)';'CoExistence';'o';'m';0.794;0.827;0.827
'RespondedExistence(o, m)';'RespondedExistence';'o';'m';0.794;0.908;0.908
'CoExistence(o, n)';'CoExistence';'o';'n';0.868;0.879;0.879
'RespondedExistence(o, n)';'RespondedExistence';'o';'n';0.868;0.993;0.993
'Response(o, n)';'Response';'o';'n';0.706;0.808;0.808
'CoExistence(o, p)';'CoExistence';'o';'p';0.874;0.890;0.890
'ChainResponse(o, p)';'ChainResponse';'o';'p';0.874;1.000;1.000
'CoExistence(o, q)';'CoExistence';'o';'q';0.786;0.810;0.810
'RespondedExistence(o, q)';'RespondedExistence';'o';'q';0.786;0.899;0.899
'NotSuccession(o, r)';'NotSuccession';'o';'r';0.806;0.910;0.910
'NotCoExistence(o, r)';'NotCoExistence';'o';'r';0.778;0.878;0.878
'CoExistence(o, s)';'CoExistence';'o';'s';0.784;0.810;0.810
'RespondedExistence(o, s)';'RespondedExistence';'o';'s';0.784;0.897;0.897
'CoExistence(o, t)';'CoExistence';'o';'t';0.866;0.878;0.878
'RespondedExistence(o, t)';'RespondedExistence';'o';'t';0.866;0.991;0.991
'Response(o, t)';'Response';'o';'t';0.466;0.533;0.533
'CoExistence(o, u)';'CoExistence';'o';'u';0.772;0.794;0.794
'RespondedExistence(o, u)';'RespondedExistence';'o';'u';0.772;0.883;0.883
'CoExistence(o, v)';'CoExistence';'o';'v';0.816;0.828;0.828
'RespondedExistence(o, v)';'RespondedExistence';'o';'v';0.816;0.934;0.934
'CoExistence(o, w)';'CoExistence';'o';'w';0.790;0.811;0.811
'RespondedExistence(o, w)';'RespondedExistence';'o';'w';0.790;0.904;0.904
'CoExistence(o, z)';'CoExistence';'o';'z';0.770;0.789;0.789
'RespondedExistence(o, z)';'RespondedExistence';'o';'z';0.770;0.881;0.881
'Participation(p)';'Participation';'p';;0.982;0.982;0.982
'CoExistence(p, a)';'CoExistence';'p';'a';0.982;0.982;0.982
'CoExistence(p, b)';'CoExistence';'p';'b';0.982;0.982;0.982
'Succession(p, b)';'Succession';'p';'b';0.690;0.690;0.690
'CoExistence(p, c)';'CoExistence';'p';'c';0.848;0.857;0.857
'RespondedExistence(p, c)';'RespondedExistence';'p';'c';0.848;0.864;0.864
'CoExistence(p, d)';'CoExistence';'p';'d';0.982;0.982;0.982
'CoExistence(p, e)';'CoExistence';'p';'e';0.868;0.877;0.877
'RespondedExistence(p, e)';'RespondedExistence';'p';'e';0.868;0.884;0.884
'CoExistence(p, f)';'CoExistence';'p';'f';0.976;0.980;0.980
'RespondedExistence(p, f)';'RespondedExistence';'p';'f';0.976;0.994;0.994
'Response(p, f)';'Response';'p';'f';0.688;0.701;0.701
'CoExistence(p, g)';'CoExistence';'p';'g';0.876;0.883;0.883
'RespondedExistence(p, g)';'RespondedExistence';'p';'g';0.876;0.892;0.892
'CoExistence(p, h)';'CoExistence';'p';'h';0.660;0.669;0.669
'RespondedExistence(p, h)';'RespondedExistence';'p';'h';0.660;0.672;0.672
'CoExistence(p, i)';'CoExistence';'p';'i';0.866;0.871;0.871
'RespondedExistence(p, i)';'RespondedExistence';'p';'i';0.866;0.882;0.882
'CoExistence(p, l)';'CoExistence';'p';'l';0.658;0.667;0.667
'RespondedExistence(p, l)';'RespondedExistence';'p';'l';0.658;0.670;0.670
'CoExistence(p, m)';'CoExistence';'p';'m';0.872;0.881;0.881
'RespondedExistence(p, m)';'RespondedExistence';'p';'m';0.872;0.888;0.888
'CoExistence(p, n)';'CoExistence';'p';'n';0.970;0.976;0.976
'Succession(p, n)';'Succession';'p';'n';0.538;0.541;0.541
'RespondedExistence(p, n)';'RespondedExistence';'p';'n';0.970;0.988;0.988
'Response(p, n)';'Response';'p';'n';0.728;0.741;0.741
'CoExistence(p, o)';'CoExistence';'p';'o';0.874;0.890;0.890
'RespondedExistence(p, o)';'RespondedExistence';'p';'o';0.874;0.890;0.890
'CoExistence(p, q)';'CoExistence';'p';'q';0.872;0.879;0.879
'RespondedExistence(p, q)';'RespondedExistence';'p';'q';0.872;0.888;0.888
'NotSuccession(p, r)';'NotSuccession';'p';'r';0.890;0.906;0.906
'NotCoExistence(p, r)';'NotCoExistence';'p';'r';0.862;0.878;0.878
'CoExistence(p, s)';'CoExistence';'p';'s';0.868;0.875;0.875
'RespondedExistence(p, s)';'RespondedExistence';'p';'s';0.868;0.884;0.884
'CoExistence(p, t)';'CoExistence';'p';'t';0.964;0.968;0.968
'RespondedExistence(p, t)';'RespondedExistence';'p';'t';0.964;0.982;0.982
'CoExistence(p, u)';'CoExistence';'p';'u';0.858;0.863;0.863
'RespondedExistence(p, u)';'RespondedExistence';'p';'u';0.858;0.874;0.874
'CoExistence(p, v)';'CoExistence';'p';'v';0.914;0.918;0.918
'RespondedExistence(p, v)';'RespondedExistence';'p';'v';0.914;0.931;0.931
'CoExistence(p, w)';'CoExistence';'p';'w';0.880;0.887;0.887
'RespondedExistence(p, w)';'RespondedExistence';'p';'w';0.880;0.896;0.896
'CoExistence(p, z)';'CoExistence';'p';'z';0.868;0.880;0.880
'RespondedExistence(p, z)';'RespondedExistence';'p';'z';0.868;0.884;0.884
'Participation(q)';'Participation';'q';;0.882;0.882;0.882
'Precedence(p, q)';'Precedence';'q';'p';0.564;0.639;0.639
'CoExistence(q, a)';'CoExistence';'q';'a';0.882;0.882;0.882
'CoExistence(q, b)';'CoExistence';'q';'b';0.882;0.882;0.882
'Succession(q, b)';'Succession';'q';'b';0.510;0.510;0.510
'CoExistence(q, c)';'CoExistence';'q';'c';0.766;0.788;0.788
'RespondedExistence(q, c)';'RespondedExistence';'q';'c';0.766;0.868;0.868
'NotSuccession(q, c)';'NotSuccession';'q';'c';0.580;0.597;0.597
'CoExistence(q, d)';'CoExistence';'q';'d';0.882;0.882;0.882
'CoExistence(q, e)';'CoExistence';'q';'e';0.774;0.787;0.787
'RespondedExistence(q, e)';'RespondedExistence';'q';'e';0.774;0.878;0.878
'CoExistence(q, f)';'CoExistence';'q';'f';0.880;0.887;0.887
'RespondedExistence(q, f)';'RespondedExistence';'q';'f';0.880;0.998;0.998
'Response(q, f)';'Response';'q';'f';0.676;0.766;0.766
'CoExistence(q, g)';'CoExistence';'q';'g';0.788;0.804;0.804
'RespondedExistence(q, g)';'RespondedExistence';'q';'g';0.788;0.893;0.893
'CoExistence(q, h)';'CoExistence';'q';'h';0.592;0.621;0.621
'RespondedExistence(q, h)';'RespondedExistence';'q';'h';0.592;0.671;0.671
'CoExistence(q, i)';'CoExistence';'q';'i';0.778;0.792;0.792
'RespondedExistence(q, i)';'RespondedExistence';'q';'i';0.778;0.882;0.882
'CoExistence(q, l)';'CoExistence';'q';'l';0.586;0.612;0.612
'RespondedExistence(q, l)';'RespondedExistence';'q';'l';0.586;0.664;0.664
'NotSuccession(q, l)';'NotSuccession';'q';'l';0.484;0.505;0.505
'CoExistence(q, m)';'CoExistence';'q';'m';0.796;0.824;0.824
'RespondedExistence(q, m)';'RespondedExistence';'q';'m';0.796;0.902;0.902
'CoExistence(q, n)';'CoExistence';'q';'n';0.870;0.875;0.875
'RespondedExistence(q, n)';'RespondedExistence';'q';'n';0.870;0.986;0.986
'Response(q, n)';'Response';'q';'n';0.694;0.787;0.787
'CoExistence(q, o)';'CoExistence';'q';'o';0.786;0.810;0.810
'RespondedExistence(q, o)';'RespondedExistence';'q';'o';0.786;0.891;0.891
'CoExistence(q, p)';'CoExistence';'q';'p';0.872;0.879;0.879
'RespondedExistence(q, p)';'RespondedExistence';'q';'p';0.872;0.989;0.989
'Response(q, p)';'Response';'q';'p';0.518;0.587;0.587
'NotSuccession(q, r)';'NotSuccession';'q';'r';0.762;0.864;0.864
'NotCoExistence(q, r)';'NotCoExistence';'q';'r';0.762;0.864;0.864
'CoExistence(q, s)';'CoExistence';'q';'s';0.772;0.781;0.781
'RespondedExistence(q, s)';'RespondedExistence';'q';'s';0.772;0.875;0.875
'CoExistence(q, t)';'CoExistence';'q';'t';0.864;0.867;0.867
'RespondedExistence(q, t)';'RespondedExistence';'q';'t';0.864;0.980;0.980
'Response(q, t)';'Response';'q';'t';0.458;0.519;0.519
'CoExistence(q, u)';'CoExistence';'q';'u';0.784;0.810;0.810
'RespondedExistence(q, u)';'RespondedExistence';'q';'u';0.784;0.889;0.889
'CoExistence(q, v)';'CoExistence';'q';'v';0.820;0.828;0.828
'RespondedExistence(q, v)';'RespondedExistence';'q';'v';0.820;0.930;0.930
'CoExistence(q, w)';'CoExistence';'q';'w';0.796;0.816;0.816
'RespondedExistence(q, w)';'RespondedExistence';'q';'w';0.796;0.902;0.902
'CoExistence(q, z)';'CoExistence';'q';'z';0.772;0.786;0.786
'RespondedExistence(q, z)';'RespondedExistence';'q';'z';0.772;0.875;0.875
'AtMostOne(r)';'AtMostOne';'r';;0.112;0.933;0.933
'AlternatePrecedence(a, r)';'AlternatePrecedence';'r';'a';0.114;0.950;0.950
'Precedence(b, r)';'Precedence';'r';'b';0.076;0.633;0.633
'AlternatePrecedence(b, r)';'AlternatePrecedence';'r';'b';0.074;0.617;0.617
'Precedence(c, r)';'Precedence';'r';'c';0.082;0.683;0.683
'AlternatePrecedence(c, r)';'AlternatePrecedence';'r';'c';0.078;0.650;0.650
'Precedence(d, r)';'Precedence';'r';'d';0.080;0.667;0.667
'AlternatePrecedence(d, r)';'AlternatePrecedence';'r';'d';0.076;0.633;0.633
'Precedence(e, r)';'Precedence';'r';'e';0.086;0.717;0.717
'AlternatePrecedence(e, r)';'AlternatePrecedence';'r';'e';0.084;0.700;0.700
'Precedence(f, r)';'Precedence';'r';'f';0.076;0.633;0.633
'AlternatePrecedence(f, r)';'AlternatePrecedence';'r';'f';0.074;0.617;0.617
'Precedence(g, r)';'Precedence';'r';'g';0.076;0.633;0.633
'AlternatePrecedence(g, r)';'AlternatePrecedence';'r';'g';0.070;0.583;0.583
'Precedence(i, r)';'Precedence';'r';'i';0.078;0.650;0.650
'AlternatePrecedence(i, r)';'AlternatePrecedence';'r';'i';0.078;0.650;0.650
'Precedence(m, r)';'Precedence';'r';'m';0.082;0.683;0.683
'AlternatePrecedence(m, r)';'AlternatePrecedence';'r';'m';0.078;0.650;0.650
'Precedence(o, r)';'Precedence';'r';'o';0.080;0.667;0.667
'AlternatePrecedence(o, r)';'AlternatePrecedence';'r';'o';0.078;0.650;0.650
'Precedence(p, r)';'Precedence';'r';'p';0.090;0.750;0.750
'AlternatePrecedence(p, r)';'AlternatePrecedence';'r';'p';0.090;0.750;0.750
'ChainPrecedence(q, r)';'ChainPrecedence';'r';'q';0.120;1.000;1.000
'NotSuccession(r, a)';'NotSuccession';'r';'a';0.944;0.944;0.944
'NotCoExistence(r, a)';'NotCoExistence';'r';'a';0.880;0.880;0.880
'AlternateResponse(r, b)';'AlternateResponse';'r';'b';0.114;0.950;0.950
'NotSuccession(r, b)';'NotSuccession';'r';'b';0.880;0.880;0.880
'NotCoExistence(r, b)';'NotCoExistence';'r';'b';0.880;0.880;0.880
'RespondedExistence(r, c)';'RespondedExistence';'r';'c';0.106;0.883;0.883
'NotSuccession(r, c)';'NotSuccession';'r';'c';0.846;0.972;0.972
'NotCoExistence(r, c)';'NotCoExistence';'r';'c';0.764;0.878;0.878
'Response(r, d)';'Response';'r';'d';0.074;0.617;0.617
'AlternateResponse(r, d)';'AlternateResponse';'r';'d';0.074;0.617;0.617
'NotSuccession(r, d)';'NotSuccession';'r';'d';0.924;0.924;0.924
'NotCoExistence(r, d)';'NotCoExistence';'r';'d';0.880;0.880;0.880
'RespondedExistence(r, e)';'RespondedExistence';'r';'e';0.106;0.883;0.883
'NotSuccession(r, e)';'NotSuccession';'r';'e';0.836;0.939;0.939
'NotCoExistence(r, e)';'NotCoExistence';'r';'e';0.784;0.881;0.881
'RespondedExistence(r, f)';'RespondedExistence';'r';'f';0.120;1.000;1.000
'Response(r, f)';'Response';'r';'f';0.100;0.833;0.833
'AlternateResponse(r, f)';'AlternateResponse';'r';'f';0.094;0.783;0.783
'NotSuccession(r, f)';'NotSuccession';'r';'f';0.890;0.899;0.899
'NotCoExistence(r, f)';'NotCoExistence';'r';'f';0.870;0.879;0.879
'RespondedExistence(r, g)';'RespondedExistence';'r';'g';0.104;0.867;0.867
'NotSuccession(r, g)';'NotSuccession';'r';'g';0.844;0.936;0.936
'NotCoExistence(r, g)';'NotCoExistence';'r';'g';0.798;0.885;0.885
'RespondedExistence(r, h)';'RespondedExistence';'r';'h';0.086;0.717;0.717
'NotSuccession(r, h)';'NotSuccession';'r';'h';0.646;0.926;0.926
'NotCoExistence(r, h)';'NotCoExistence';'r';'h';0.612;0.877;0.877
'RespondedExistence(r, i)';'RespondedExistence';'r';'i';0.112;0.933;0.933
'Response(r, i)';'Response';'r';'i';0.062;0.517;0.517
'AlternateResponse(r, i)';'AlternateResponse';'r';'i';0.062;0.517;0.517
'NotSuccession(r, i)';'NotSuccession';'r';'i';0.822;0.928;0.928
'NotCoExistence(r, i)';'NotCoExistence';'r';'i';0.774;0.874;0.874
'RespondedExistence(r, l)';'RespondedExistence';'r';'l';0.080;0.667;0.667
'NotSuccession(r, l)';'NotSuccession';'r';'l';0.658;0.937;0.937
'NotCoExistence(r, l)';'NotCoExistence';'r';'l';0.622;0.886;0.886
'RespondedExistence(r, m)';'RespondedExistence';'r';'m';0.106;0.883;0.883
'NotSuccession(r, m)';'NotSuccession';'r';'m';0.842;0.942;0.942
'NotCoExistence(r, m)';'NotCoExistence';'r';'m';0.788;0.881;0.881
'RespondedExistence(r, n)';'RespondedExistence';'r';'n';0.120;1.000;1.000
'Response(r, n)';'Response';'r';'n';0.098;0.817;0.817
'AlternateResponse(r, n)';'AlternateResponse';'r';'n';0.094;0.783;0.783
'NotSuccession(r, n)';'NotSuccession';'r';'n';0.884;0.900;0.900
'NotCoExistence(r, n)';'NotCoExistence';'r';'n';0.862;0.878;0.878
'RespondedExistence(r, o)';'RespondedExistence';'r';'o';0.108;0.900;0.900
'Response(r, o)';'Response';'r';'o';0.068;0.567;0.567
'AlternateResponse(r, o)';'AlternateResponse';'r';'o';0.060;0.500;0.500
'NotSuccession(r, o)';'NotSuccession';'r';'o';0.818;0.923;0.923
'NotCoExistence(r, o)';'NotCoExistence';'r';'o';0.778;0.878;0.878
'RespondedExistence(r, p)';'RespondedExistence';'r';'p';0.120;1.000;1.000
'Response(r, p)';'Response';'r';'p';0.088;0.733;0.733
'AlternateResponse(r, p)';'AlternateResponse';'r';'p';0.086;0.717;0.717
'NotSuccession(r, p)';'NotSuccession';'r';'p';0.894;0.910;0.910
'NotCoExistence(r, p)';'NotCoExistence';'r';'p';0.862;0.878;0.878
'Response(r, q)';'Response';'r';'q';0.060;0.500;0.500
'AlternateResponse(r, q)';'AlternateResponse';'r';'q';0.060;0.500;0.500
'NotSuccession(r, q)';'NotSuccession';'r';'q';0.818;0.927;0.927
'NotCoExistence(r, q)';'NotCoExistence';'r';'q';0.762;0.864;0.864
'RespondedExistence(r, s)';'RespondedExistence';'r';'s';0.110;0.917;0.917
'Response(r, s)';'Response';'r';'s';0.064;0.533;0.533
'AlternateResponse(r, s)';'AlternateResponse';'r';'s';0.062;0.517;0.517
'NotSuccession(r, s)';'NotSuccession';'r';'s';0.824;0.928;0.928
'NotCoExistence(r, s)';'NotCoExistence';'r';'s';0.778;0.876;0.876
'RespondedExistence(r, t)';'RespondedExistence';'r';'t';0.118;0.983;0.983
'Response(r, t)';'Response';'r';'t';0.078;0.650;0.650
'AlternateResponse(r, t)';'AlternateResponse';'r';'t';0.072;0.600;0.600
'NotSuccession(r, t)';'NotSuccession';'r';'t';0.902;0.920;0.920
'NotCoExistence(r, t)';'NotCoExistence';'r';'t';0.862;0.880;0.880
'RespondedExistence(r, u)';'RespondedExistence';'r';'u';0.110;0.917;0.917
'Response(r, u)';'Response';'r';'u';0.068;0.567;0.567
'AlternateResponse(r, u)';'AlternateResponse';'r';'u';0.064;0.533;0.533
'NotSuccession(r, u)';'NotSuccession';'r';'u';0.812;0.923;0.923
'NotCoExistence(r, u)';'NotCoExistence';'r';'u';0.770;0.875;0.875
'RespondedExistence(r, v)';'RespondedExistence';'r';'v';0.114;0.950;0.950
'Response(r, v)';'Response';'r';'v';0.062;0.517;0.517
'NotSuccession(r, v)';'NotSuccession';'r';'v';0.872;0.934;0.934
'NotCoExistence(r, v)';'NotCoExistence';'r';'v';0.820;0.878;0.878
'RespondedExistence(r, w)';'RespondedExistence';'r';'w';0.112;0.933;0.933
'Response(r, w)';'Response';'r';'w';0.066;0.550;0.550
'AlternateResponse(r, w)';'AlternateResponse';'r';'w';0.062;0.517;0.517
'NotSuccession(r, w)';'NotSuccession';'r';'w';0.832;0.927;0.927
'NotCoExistence(r, w)';'NotCoExistence';'r';'w';0.786;0.875;0.875
'RespondedExistence(r, z)';'RespondedExistence';'r';'z';0.108;0.900;0.900
'Response(r, z)';'Response';'r';'z';0.064;0.533;0.533
'AlternateResponse(r, z)';'AlternateResponse';'r';'z';0.062;0.517;0.517
'NotSuccession(r, z)';'NotSuccession';'r';'z';0.818;0.925;0.925
'NotCoExistence(r, z)';'NotCoExistence';'r';'z';0.776;0.878;0.878
'Precedence(s, r)';'Precedence';'r';'s';0.090;0.750;0.750
'AlternatePrecedence(s, r)';'AlternatePrecedence';'r';'s';0.084;0.700;0.700
'Precedence(t, r)';'Precedence';'r';'t';0.078;0.650;0.650
'AlternatePrecedence(t, r)';'AlternatePrecedence';'r';'t';0.076;0.633;0.633
'Precedence(u, r)';'Precedence';'r';'u';0.080;0.667;0.667
'AlternatePrecedence(u, r)';'AlternatePrecedence';'r';'u';0.074;0.617;0.617
'Precedence(v, r)';'Precedence';'r';'v';0.094;0.783;0.783
'AlternatePrecedence(v, r)';'AlternatePrecedence';'r';'v';0.092;0.767;0.767
'Precedence(w, r)';'Precedence';'r';'w';0.078;0.650;0.650
'AlternatePrecedence(w, r)';'AlternatePrecedence';'r';'w';0.076;0.633;0.633
'Precedence(z, r)';'Precedence';'r';'z';0.076;0.633;0.633
'AlternatePrecedence(z, r)';'AlternatePrecedence';'r';'z';0.074;0.617;0.617
'Participation(s)';'Participation';'s';;0.878;0.878;0.878
'Precedence(p, s)';'Precedence';'s';'p';0.546;0.622;0.622
'CoExistence(s, a)';'CoExistence';'s';'a';0.878;0.878;0.878
'CoExistence(s, b)';'CoExistence';'s';'b';0.878;0.878;0.878
'Succession(s, b)';'Succession';'s';'b';0.508;0.508;0.508
'CoExistence(s, c)';'CoExistence';'s';'c';0.760;0.780;0.780
'RespondedExistence(s, c)';'RespondedExistence';'s';'c';0.760;0.866;0.866
'NotSuccession(s, c)';'NotSuccession';'s';'c';0.574;0.589;0.589
'CoExistence(s, d)';'CoExistence';'s';'d';0.878;0.878;0.878
'Response(s, d)';'Response';'s';'d';0.444;0.506;0.506
'CoExistence(s, e)';'CoExistence';'s';'e';0.786;0.812;0.812
'RespondedExistence(s, e)';'RespondedExistence';'s';'e';0.786;0.895;0.895
'CoExistence(s, f)';'CoExistence';'s';'f';0.870;0.872;0.872
'RespondedExistence(s, f)';'RespondedExistence';'s';'f';0.870;0.991;0.991
'Response(s, f)';'Response';'s';'f';0.684;0.779;0.779
'CoExistence(s, g)';'CoExistence';'s';'g';0.774;0.782;0.782
'RespondedExistence(s, g)';'RespondedExistence';'s';'g';0.774;0.882;0.882
'CoExistence(s, h)';'CoExistence';'s';'h';0.592;0.623;0.623
'RespondedExistence(s, h)';'RespondedExistence';'s';'h';0.592;0.674;0.674
'CoExistence(s, i)';'CoExistence';'s';'i';0.776;0.792;0.792
'RespondedExistence(s, i)';'RespondedExistence';'s';'i';0.776;0.884;0.884
'CoExistence(s, l)';'CoExistence';'s';'l';0.590;0.621;0.621
'RespondedExistence(s, l)';'RespondedExistence';'s';'l';0.590;0.672;0.672
'CoExistence(s, m)';'CoExistence';'s';'m';0.782;0.801;0.801
'RespondedExistence(s, m)';'RespondedExistence';'s';'m';0.782;0.891;0.891
'CoExistence(s, n)';'CoExistence';'s';'n';0.864;0.867;0.867
'RespondedExistence(s, n)';'RespondedExistence';'s';'n';0.864;0.984;0.984
'Response(s, n)';'Response';'s';'n';0.698;0.795;0.795
'CoExistence(s, o)';'CoExistence';'s';'o';0.784;0.810;0.810
'RespondedExistence(s, o)';'RespondedExistence';'s';'o';0.784;0.893;0.893
'CoExistence(s, p)';'CoExistence';'s';'p';0.868;0.875;0.875
'RespondedExistence(s, p)';'RespondedExistence';'s';'p';0.868;0.989;0.989
'Response(s, p)';'Response';'s';'p';0.540;0.615;0.615
'CoExistence(s, q)';'CoExistence';'s';'q';0.772;0.781;0.781
'RespondedExistence(s, q)';'RespondedExistence';'s';'q';0.772;0.879;0.879
'NotSuccession(s, r)';'NotSuccession';'s';'r';0.796;0.896;0.896
'NotCoExistence(s, r)';'NotCoExistence';'s';'r';0.778;0.876;0.876
'CoExistence(s, t)';'CoExistence';'s';'t';0.878;0.898;0.898
'RespondedExistence(s, t)';'RespondedExistence';'s';'t';0.878;1.000;1.000
'Response(s, t)';'Response';'s';'t';0.482;0.549;0.549
'CoExistence(s, u)';'CoExistence';'s';'u';0.772;0.791;0.791
'RespondedExistence(s, u)';'RespondedExistence';'s';'u';0.772;0.879;0.879
'CoExistence(s, v)';'CoExistence';'s';'v';0.812;0.817;0.817
'RespondedExistence(s, v)';'RespondedExistence';'s';'v';0.812;0.925;0.925
'CoExistence(s, w)';'CoExistence';'s';'w';0.790;0.808;0.808
'RespondedExistence(s, w)';'RespondedExistence';'s';'w';0.790;0.900;0.900
'CoExistence(s, z)';'CoExistence';'s';'z';0.772;0.789;0.789
'RespondedExistence(s, z)';'RespondedExistence';'s';'z';0.772;0.879;0.879
'Participation(t)';'Participation';'t';;0.978;0.978;0.978
'Precedence(d, t)';'Precedence';'t';'d';0.518;0.530;0.530
'Precedence(e, t)';'Precedence';'t';'e';0.506;0.517;0.517
'Precedence(m, t)';'Precedence';'t';'m';0.494;0.505;0.505
'Precedence(p, t)';'Precedence';'t';'p';0.642;0.656;0.656
'Precedence(s, t)';'Precedence';'t';'s';0.500;0.511;0.511
'CoExistence(t, a)';'CoExistence';'t';'a';0.978;0.978;0.978
'CoExistence(t, b)';'CoExistence';'t';'b';0.978;0.978;0.978
'Succession(t, b)';'Succession';'t';'b';0.544;0.544;0.544
'CoExistence(t, c)';'CoExistence';'t';'c';0.838;0.841;0.841
'RespondedExistence(t, c)';'RespondedExistence';'t';'c';0.838;0.857;0.857
'NotSuccession(t, c)';'NotSuccession';'t';'c';0.594;0.596;0.596
'CoExistence(t, d)';'CoExistence';'t';'d';0.978;0.978;0.978
'CoExistence(t, e)';'CoExistence';'t';'e';0.862;0.869;0.869
'RespondedExistence(t, e)';'RespondedExistence';'t';'e';0.862;0.881;0.881
'CoExistence(t, f)';'CoExistence';'t';'f';0.968;0.968;0.968
'RespondedExistence(t, f)';'RespondedExistence';'t';'f';0.968;0.990;0.990
'Response(t, f)';'Response';'t';'f';0.726;0.742;0.742
'CoExistence(t, g)';'CoExistence';'t';'g';0.866;0.868;0.868
'RespondedExistence(t, g)';'RespondedExistence';'t';'g';0.866;0.885;0.885
'CoExistence(t, h)';'CoExistence';'t';'h';0.656;0.665;0.665
'RespondedExistence(t, h)';'RespondedExistence';'t';'h';0.656;0.671;0.671
'CoExistence(t, i)';'CoExistence';'t';'i';0.858;0.860;0.860
'RespondedExistence(t, i)';'RespondedExistence';'t';'i';0.858;0.877;0.877
'CoExistence(t, l)';'CoExistence';'t';'l';0.652;0.660;0.660
'RespondedExistence(t, l)';'RespondedExistence';'t';'l';0.652;0.667;0.667
'NotSuccession(t, l)';'NotSuccession';'t';'l';0.512;0.518;0.518
'CoExistence(t, m)';'CoExistence';'t';'m';0.870;0.881;0.881
'RespondedExistence(t, m)';'RespondedExistence';'t';'m';0.870;0.890;0.890
'CoExistence(t, n)';'CoExistence';'t';'n';0.964;0.968;0.968
'RespondedExistence(t, n)';'RespondedExistence';'t';'n';0.964;0.986;0.986
'Response(t, n)';'Response';'t';'n';0.768;0.785;0.785
'CoExistence(t, o)';'CoExistence';'t';'o';0.866;0.878;0.878
'RespondedExistence(t, o)';'RespondedExistence';'t';'o';0.866;0.885;0.885
'CoExistence(t, p)';'CoExistence';'t';'p';0.964;0.968;0.968
'RespondedExistence(t, p)';'RespondedExistence';'t';'p';0.964;0.986;0.986
'Response(t, p)';'Response';'t';'p';0.582;0.595;0.595
'CoExistence(t, q)';'CoExistence';'t';'q';0.864;0.867;0.867
'RespondedExistence(t, q)';'RespondedExistence';'t';'q';0.864;0.883;0.883
'NotSuccession(t, r)';'NotSuccession';'t';'r';0.900;0.918;0.918
'NotCoExistence(t, r)';'NotCoExistence';'t';'r';0.862;0.880;0.880
'CoExistence(t, s)';'CoExistence';'t';'s';0.878;0.898;0.898
'RespondedExistence(t, s)';'RespondedExistence';'t';'s';0.878;0.898;0.898
'CoExistence(t, u)';'CoExistence';'t';'u';0.858;0.867;0.867
'RespondedExistence(t, u)';'RespondedExistence';'t';'u';0.858;0.877;0.877
'CoExistence(t, v)';'CoExistence';'t';'v';0.906;0.906;0.906
'RespondedExistence(t, v)';'RespondedExistence';'t';'v';0.906;0.926;0.926
'CoExistence(t, w)';'CoExistence';'t';'w';0.872;0.876;0.876
'RespondedExistence(t, w)';'RespondedExistence';'t';'w';0.872;0.892;0.892
'CoExistence(t, z)';'CoExistence';'t';'z';0.860;0.869;0.869
'RespondedExistence(t, z)';'RespondedExistence';'t';'z';0.860;0.879;0.879
'Precedence(v, t)';'Precedence';'t';'v';0.492;0.503;0.503
'Participation(u)';'Participation';'u';;0.870;0.870;0.870
'Precedence(p, u)';'Precedence';'u';'p';0.544;0.625;0.625
'CoExistence(u, a)';'CoExistence';'u';'a';0.870;0.870;0.870
'CoExistence(u, b)';'CoExistence';'u';'b';0.870;0.870;0.870
'Succession(u, b)';'Succession';'u';'b';0.508;0.508;0.508
'CoExistence(u, c)';'CoExistence';'u';'c';0.750;0.768;0.768
'RespondedExistence(u, c)';'RespondedExistence';'u';'c';0.750;0.862;0.862
'NotSuccession(u, c)';'NotSuccession';'u';'c';0.620;0.635;0.635
'CoExistence(u, d)';'CoExistence';'u';'d';0.870;0.870;0.870
'Response(u, d)';'Response';'u';'d';0.452;0.520;0.520
'CoExistence(u, e)';'CoExistence';'u';'e';0.770;0.789;0.789
'RespondedExistence(u, e)';'RespondedExistence';'u';'e';0.770;0.885;0.885
'CoExistence(u, f)';'CoExistence';'u';'f';0.864;0.867;0.867
'RespondedExistence(u, f)';'RespondedExistence';'u';'f';0.864;0.993;0.993
'Response(u, f)';'Response';'u';'f';0.670;0.770;0.770
'CoExistence(u, g)';'CoExistence';'u';'g';0.782;0.803;0.803
'RespondedExistence(u, g)';'RespondedExistence';'u';'g';0.782;0.899;0.899
'CoExistence(u, h)';'CoExistence';'u';'h';0.594;0.632;0.632
'RespondedExistence(u, h)';'RespondedExistence';'u';'h';0.594;0.683;0.683
'CoExistence(u, i)';'CoExistence';'u';'i';0.768;0.784;0.784
'RespondedExistence(u, i)';'RespondedExistence';'u';'i';0.768;0.883;0.883
'CoExistence(u, l)';'CoExistence';'u';'l';0.588;0.623;0.623
'RespondedExistence(u, l)';'RespondedExistence';'u';'l';0.588;0.676;0.676
'CoExistence(u, m)';'CoExistence';'u';'m';0.780;0.804;0.804
'RespondedExistence(u, m)';'RespondedExistence';'u';'m';0.780;0.897;0.897
'CoExistence(u, n)';'CoExistence';'u';'n';0.856;0.859;0.859
'RespondedExistence(u, n)';'RespondedExistence';'u';'n';0.856;0.984;0.984
'Response(u, n)';'Response';'u';'n';0.694;0.798;0.798
'CoExistence(u, o)';'CoExistence';'u';'o';0.772;0.794;0.794
'RespondedExistence(u, o)';'RespondedExistence';'u';'o';0.772;0.887;0.887
'CoExistence(u, p)';'CoExistence';'u';'p';0.858;0.863;0.863
'RespondedExistence(u, p)';'RespondedExistence';'u';'p';0.858;0.986;0.986
'Response(u, p)';'Response';'u';'p';0.556;0.639;0.639
'CoExistence(u, q)';'CoExistence';'u';'q';0.784;0.810;0.810
'RespondedExistence(u, q)';'RespondedExistence';'u';'q';0.784;0.901;0.901
'NotSuccession(u, r)';'NotSuccession';'u';'r';0.798;0.907;0.907
'NotCoExistence(u, r)';'NotCoExistence';'u';'r';0.770;0.875;0.875
'CoExistence(u, s)';'CoExistence';'u';'s';0.772;0.791;0.791
'RespondedExistence(u, s)';'RespondedExistence';'u';'s';0.772;0.887;0.887
'CoExistence(u, t)';'CoExistence';'u';'t';0.858;0.867;0.867
'RespondedExistence(u, t)';'RespondedExistence';'u';'t';0.858;0.986;0.986
'Response(u, t)';'Response';'u';'t';0.482;0.554;0.554
'CoExistence(u, v)';'CoExistence';'u';'v';0.804;0.809;0.809
'RespondedExistence(u, v)';'RespondedExistence';'u';'v';0.804;0.924;0.924
'CoExistence(u, w)';'CoExistence';'u';'w';0.778;0.792;0.792
'RespondedExistence(u, w)';'RespondedExistence';'u';'w';0.778;0.894;0.894
'CoExistence(u, z)';'CoExistence';'u';'z';0.772;0.796;0.796
'RespondedExistence(u, z)';'RespondedExistence';'u';'z';0.772;0.887;0.887
'Participation(v)';'Participation';'v';;0.928;0.928;0.928
'Precedence(p, v)';'Precedence';'v';'p';0.610;0.657;0.657
'CoExistence(v, a)';'CoExistence';'v';'a';0.928;0.928;0.928
'CoExistence(v, b)';'CoExistence';'v';'b';0.928;0.928;0.928
'Succession(v, b)';'Succession';'v';'b';0.540;0.540;0.540
'CoExistence(v, c)';'CoExistence';'v';'c';0.798;0.809;0.809
'RespondedExistence(v, c)';'RespondedExistence';'v';'c';0.798;0.860;0.860
'NotSuccession(v, c)';'NotSuccession';'v';'c';0.588;0.596;0.596
'CoExistence(v, d)';'CoExistence';'v';'d';0.928;0.928;0.928
'Response(v, d)';'Response';'v';'d';0.506;0.545;0.545
'CoExistence(v, e)';'CoExistence';'v';'e';0.818;0.830;0.830
'RespondedExistence(v, e)';'RespondedExistence';'v';'e';0.818;0.881;0.881
'CoExistence(v, f)';'CoExistence';'v';'f';0.920;0.922;0.922
'RespondedExistence(v, f)';'RespondedExistence';'v';'f';0.920;0.991;0.991
'Response(v, f)';'Response';'v';'f';0.746;0.804;0.804
'CoExistence(v, g)';'CoExistence';'v';'g';0.820;0.825;0.825
'RespondedExistence(v, g)';'RespondedExistence';'v';'g';0.820;0.884;0.884
'CoExistence(v, h)';'CoExistence';'v';'h';0.616;0.631;0.631
'RespondedExistence(v, h)';'RespondedExistence';'v';'h';0.616;0.664;0.664
'CoExistence(v, i)';'CoExistence';'v';'i';0.820;0.832;0.832
'RespondedExistence(v, i)';'RespondedExistence';'v';'i';0.820;0.884;0.884
'CoExistence(v, l)';'CoExistence';'v';'l';0.618;0.636;0.636
'RespondedExistence(v, l)';'RespondedExistence';'v';'l';0.618;0.666;0.666
'CoExistence(v, m)';'CoExistence';'v';'m';0.824;0.837;0.837
'RespondedExistence(v, m)';'RespondedExistence';'v';'m';0.824;0.888;0.888
'CoExistence(v, n)';'CoExistence';'v';'n';0.914;0.918;0.918
'RespondedExistence(v, n)';'RespondedExistence';'v';'n';0.914;0.985;0.985
'Response(v, n)';'Response';'v';'n';0.746;0.804;0.804
'CoExistence(v, o)';'CoExistence';'v';'o';0.816;0.828;0.828
'RespondedExistence(v, o)';'RespondedExistence';'v';'o';0.816;0.879;0.879
'CoExistence(v, p)';'CoExistence';'v';'p';0.914;0.918;0.918
'RespondedExistence(v, p)';'RespondedExistence';'v';'p';0.914;0.985;0.985
'Response(v, p)';'Response';'v';'p';0.618;0.666;0.666
'CoExistence(v, q)';'CoExistence';'v';'q';0.820;0.828;0.828
'RespondedExistence(v, q)';'RespondedExistence';'v';'q';0.820;0.884;0.884
'NotSuccession(v, r)';'NotSuccession';'v';'r';0.840;0.899;0.899
'NotCoExistence(v, r)';'NotCoExistence';'v';'r';0.820;0.878;0.878
'CoExistence(v, s)';'CoExistence';'v';'s';0.812;0.817;0.817
'RespondedExistence(v, s)';'RespondedExistence';'v';'s';0.812;0.875;0.875
'CoExistence(v, t)';'CoExistence';'v';'t';0.906;0.906;0.906
'RespondedExistence(v, t)';'RespondedExistence';'v';'t';0.906;0.976;0.976
'Response(v, t)';'Response';'v';'t';0.498;0.537;0.537
'CoExistence(v, u)';'CoExistence';'v';'u';0.804;0.809;0.809
'RespondedExistence(v, u)';'RespondedExistence';'v';'u';0.804;0.866;0.866
'CoExistence(v, w)';'CoExistence';'v';'w';0.832;0.844;0.844
'RespondedExistence(v, w)';'RespondedExistence';'v';'w';0.832;0.897;0.897
'CoExistence(v, z)';'CoExistence';'v';'z';0.806;0.811;0.811
'RespondedExistence(v, z)';'RespondedExistence';'v';'z';0.806;0.869;0.869
'Participation(w)';'Participation';'w';;0.890;0.890;0.890
'Precedence(p, w)';'Precedence';'w';'p';0.598;0.672;0.672
'Precedence(s, w)';'Precedence';'w';'s';0.446;0.501;0.501
'CoExistence(w, a)';'CoExistence';'w';'a';0.890;0.890;0.890
'CoExistence(w, b)';'CoExistence';'w';'b';0.890;0.890;0.890
'Succession(w, b)';'Succession';'w';'b';0.502;0.502;0.502
'CoExistence(w, c)';'CoExistence';'w';'c';0.778;0.804;0.804
'RespondedExistence(w, c)';'RespondedExistence';'w';'c';0.778;0.874;0.874
'NotSuccession(w, c)';'NotSuccession';'w';'c';0.590;0.610;0.610
'CoExistence(w, d)';'CoExistence';'w';'d';0.890;0.890;0.890
'CoExistence(w, e)';'CoExistence';'w';'e';0.790;0.809;0.809
'RespondedExistence(w, e)';'RespondedExistence';'w';'e';0.790;0.888;0.888
'CoExistence(w, f)';'CoExistence';'w';'f';0.886;0.891;0.891
'RespondedExistence(w, f)';'RespondedExistence';'w';'f';0.886;0.996;0.996
'Response(w, f)';'Response';'w';'f';0.684;0.769;0.769
'CoExistence(w, g)';'CoExistence';'w';'g';0.792;0.805;0.805
'RespondedExistence(w, g)';'RespondedExistence';'w';'g';0.792;0.890;0.890
'CoExistence(w, h)';'CoExistence';'w';'h';0.598;0.626;0.626
'RespondedExistence(w, h)';'RespondedExistence';'w';'h';0.598;0.672;0.672
'CoExistence(w, i)';'CoExistence';'w';'i';0.788;0.804;0.804
'RespondedExistence(w, i)';'RespondedExistence';'w';'i';0.788;0.885;0.885
'CoExistence(w, l)';'CoExistence';'w';'l';0.596;0.623;0.623
'RespondedExistence(w, l)';'RespondedExistence';'w';'l';0.596;0.670;0.670
'CoExistence(w, m)';'CoExistence';'w';'m';0.796;0.817;0.817
'RespondedExistence(w, m)';'RespondedExistence';'w';'m';0.796;0.894;0.894
'CoExistence(w, n)';'CoExistence';'w';'n';0.880;0.887;0.887
'RespondedExistence(w, n)';'RespondedExistence';'w';'n';0.880;0.989;0.989
'Response(w, n)';'Response';'w';'n';0.698;0.784;0.784
'CoExistence(w, o)';'CoExistence';'w';'o';0.790;0.811;0.811
'RespondedExistence(w, o)';'RespondedExistence';'w';'o';0.790;0.888;0.888
'CoExistence(w, p)';'CoExistence';'w';'p';0.880;0.887;0.887
'RespondedExistence(w, p)';'RespondedExistence';'w';'p';0.880;0.989;0.989
'Response(w, p)';'Response';'w';'p';0.544;0.611;0.611
'CoExistence(w, q)';'CoExistence';'w';'q';0.796;0.816;0.816
'RespondedExistence(w, q)';'RespondedExistence';'w';'q';0.796;0.894;0.894
'NotSuccession(w, r)';'NotSuccession';'w';'r';0.816;0.909;0.909
'NotCoExistence(w, r)';'NotCoExistence';'w';'r';0.786;0.875;0.875
'CoExistence(w, s)';'CoExistence';'w';'s';0.790;0.808;0.808
'RespondedExistence(w, s)';'RespondedExistence';'w';'s';0.790;0.888;0.888
'CoExistence(w, t)';'CoExistence';'w';'t';0.872;0.876;0.876
'RespondedExistence(w, t)';'RespondedExistence';'w';'t';0.872;0.980;0.980
'Response(w, t)';'Response';'w';'t';0.450;0.506;0.506
'CoExistence(w, u)';'CoExistence';'w';'u';0.778;0.792;0.792
'RespondedExistence(w, u)';'RespondedExistence';'w';'u';0.778;0.874;0.874
'CoExistence(w, v)';'CoExistence';'w';'v';0.832;0.844;0.844
'RespondedExistence(w, v)';'RespondedExistence';'w';'v';0.832;0.935;0.935
'CoExistence(w, z)';'CoExistence';'w';'z';0.778;0.791;0.791
'RespondedExistence(w, z)';'RespondedExistence';'w';'z';0.778;0.874;0.874
'Participation(z)';'Participation';'z';;0.872;0.872;0.872
'Precedence(p, z)';'Precedence';'z';'p';0.548;0.628;0.628
'CoExistence(z, a)';'CoExistence';'z';'a';0.872;0.872;0.872
'CoExistence(z, b)';'CoExistence';'z';'b';0.872;0.872;0.872
'Succession(z, b)';'Succession';'z';'b';0.516;0.516;0.516
'CoExistence(z, c)';'CoExistence';'z';'c';0.752;0.770;0.770
'RespondedExistence(z, c)';'RespondedExistence';'z';'c';0.752;0.862;0.862
'NotSuccession(z, c)';'NotSuccession';'z';'c';0.580;0.594;0.594
'CoExistence(z, d)';'CoExistence';'z';'d';0.872;0.872;0.872
'Response(z, d)';'Response';'z';'d';0.462;0.530;0.530
'CoExistence(z, e)';'CoExistence';'z';'e';0.772;0.791;0.791
'RespondedExistence(z, e)';'RespondedExistence';'z';'e';0.772;0.885;0.885
'CoExistence(z, f)';'CoExistence';'z';'f';0.866;0.869;0.869
'RespondedExistence(z, f)';'RespondedExistence';'z';'f';0.866;0.993;0.993
'Response(z, f)';'Response';'z';'f';0.662;0.759;0.759
'CoExistence(z, g)';'CoExistence';'z';'g';0.772;0.783;0.783
'RespondedExistence(z, g)';'RespondedExistence';'z';'g';0.772;0.885;0.885
'CoExistence(z, h)';'CoExistence';'z';'h';0.590;0.624;0.624
'RespondedExistence(z, h)';'RespondedExistence';'z';'h';0.590;0.677;0.677
'CoExistence(z, i)';'CoExistence';'z';'i';0.772;0.789;0.789
'RespondedExistence(z, i)';'RespondedExistence';'z';'i';0.772;0.885;0.885
'CoExistence(z, l)';'CoExistence';'z';'l';0.580;0.608;0.608
'RespondedExistence(z, l)';'RespondedExistence';'z';'l';0.580;0.665;0.665
'CoExistence(z, m)';'CoExistence';'z';'m';0.778;0.799;0.799
'RespondedExistence(z, m)';'RespondedExistence';'z';'m';0.778;0.892;0.892
'CoExistence(z, n)';'CoExistence';'z';'n';0.862;0.869;0.869
'RespondedExistence(z, n)';'RespondedExistence';'z';'n';0.862;0.989;0.989
'Response(z, n)';'Response';'z';'n';0.690;0.791;0.791
'CoExistence(z, o)';'CoExistence';'z';'o';0.770;0.789;0.789
'RespondedExistence(z, o)';'RespondedExistence';'z';'o';0.770;0.883;0.883
'CoExistence(z, p)';'CoExistence';'z';'p';0.868;0.880;0.880
'RespondedExistence(z, p)';'RespondedExistence';'z';'p';0.868;0.995;0.995
'Response(z, p)';'Response';'z';'p';0.536;0.615;0.615
'CoExistence(z, q)';'CoExistence';'z';'q';0.772;0.786;0.786
'RespondedExistence(z, q)';'RespondedExistence';'z';'q';0.772;0.885;0.885
'NotSuccession(z, r)';'NotSuccession';'z';'r';0.804;0.910;0.910
'NotCoExistence(z, r)';'NotCoExistence';'z';'r';0.776;0.878;0.878
'CoExistence(z, s)';'CoExistence';'z';'s';0.772;0.789;0.789
'RespondedExistence(z, s)';'RespondedExistence';'z';'s';0.772;0.885;0.885
'CoExistence(z, t)';'CoExistence';'z';'t';0.860;0.869;0.869
'RespondedExistence(z, t)';'RespondedExistence';'z';'t';0.860;0.986;0.986
'Response(z, t)';'Response';'z';'t';0.452;0.518;0.518
'CoExistence(z, u)';'CoExistence';'z';'u';0.772;0.796;0.796
'RespondedExistence(z, u)';'RespondedExistence';'z';'u';0.772;0.885;0.885
'CoExistence(z, v)';'CoExistence';'z';'v';0.806;0.811;0.811
'RespondedExistence(z, v)';'RespondedExistence';'z';'v';0.806;0.924;0.924
'CoExistence(z, w)';'CoExistence';'z';'w';0.778;0.791;0.791
'RespondedExistence(z, w)';'RespondedExistence';'z';'w';0.778;0.892;0.892
