Rank-200-true;Rank-200-TOT;Measure
11;1307;ORIGINAL-MODEL
11;208;Example and Counterexample Rate
11;208;Confidence
11;206;Sebag-Schoenauer
11;205;Laplace Correction
11;203;Compliance
9;208;Accuracy
7;446;Ylue Y
7;446;Ylue Q
7;446;Odds Ratio
7;202;Prevalence
7;202;Linear Correlation Coefficient
7;202;Jaccard
7;202;Cosine
7;201;Zhang
7;201;Odd Multiplier
7;201;Least Contradiction
7;201;Conviction
7;201;Certainty factor
6;202;One-way Support
6;202;Interestingness Weighting Dependency
6;202;Gini Index
6;202;Added Value
6;201;Two-way Support
6;201;Piatetsky-Shapiro
6;201;Lift
6;201;Klosgen
6;201;Information Gain
4;202;Support
3;707;Recall
3;245;Coverage
3;201;Leverage
1;435;Specificity
1;320;Lovinger
0;435;Relative Risk
0;201;Two-way Support Variation
0;201;J Measure
0;201;Collective Strength
