Rank-1000-true;Rank-1000-TOT;Measure
11;1307;ORIGINAL-MODEL
11;1211;Two-way Support
11;1211;Piatetsky-Shapiro
11;1211;One-way Support
11;1211;Lift
11;1211;Klosgen
11;1211;Interestingness Weighting Dependency
11;1211;Information Gain
11;1211;Added Value
11;1004;Accuracy
11;1002;Jaccard
11;1001;Sebag-Schoenauer
11;1001;Least Contradiction
11;1001;Laplace Correction
11;1001;Example and Counterexample Rate
11;1001;Cosine
11;1001;Confidence
11;1001;Compliance
10;1001;Support
10;1001;Prevalence
8;1002;Leverage
8;1001;Relative Risk
8;1001;Collective Strength
7;1205;Odd Multiplier
7;1190;Zhang
7;1190;Certainty factor
7;1177;Conviction
7;1007;Coverage
7;1002;Specificity
7;1002;Recall
7;1001;Ylue Y
7;1001;Ylue Q
7;1001;Odds Ratio
7;1001;Lovinger
7;1001;Linear Correlation Coefficient
7;1001;Gini Index
0;1002;J Measure
0;582;Two-way Support Variation
