Rank-25-true;Rank-25-TOT;Measure
11;1307;ORIGINAL-MODEL
11;33;Sebag-Schoenauer
11;33;Example and Counterexample Rate
11;33;Confidence
11;33;Compliance
9;26;Laplace Correction
7;446;Ylue Y
7;446;Ylue Q
7;446;Odds Ratio
7;26;Odd Multiplier
7;26;Conviction
4;49;Prevalence
4;32;Least Contradiction
4;32;Jaccard
4;32;Cosine
4;32;Accuracy
3;707;Recall
3;245;Coverage
3;31;Support
3;28;Lift
1;435;Specificity
1;30;Information Gain
1;29;Linear Correlation Coefficient
1;29;Leverage
1;29;Added Value
1;26;One-way Support
0;435;Relative Risk
0;29;Piatetsky-Shapiro
0;29;Lovinger
0;26;Zhang
0;26;Two-way Support Variation
0;26;Two-way Support
0;26;Klosgen
0;26;J Measure
0;26;Interestingness Weighting Dependency
0;26;Gini Index
0;26;Collective Strength
0;26;Certainty factor
