Rank-5-true;Rank-5-TOT;Measure
11;1307;ORIGINAL-MODEL
11;33;Sebag-Schoenauer
11;33;Example and Counterexample Rate
11;33;Confidence
11;33;Compliance
7;446;Ylue Y
7;446;Ylue Q
7;446;Odds Ratio
7;12;Odd Multiplier
7;12;Conviction
4;22;Prevalence
4;21;Least Contradiction
4;21;Laplace Correction
4;21;Jaccard
4;21;Cosine
4;21;Accuracy
3;707;Recall
3;21;Support
1;435;Specificity
1;29;Linear Correlation Coefficient
1;6;Lift
0;435;Relative Risk
0;11;Piatetsky-Shapiro
0;11;Added Value
0;8;Coverage
0;7;Leverage
0;6;Zhang
0;6;Two-way Support Variation
0;6;Two-way Support
0;6;One-way Support
0;6;Lovinger
0;6;Klosgen
0;6;J Measure
0;6;Interestingness Weighting Dependency
0;6;Information Gain
0;6;Gini Index
0;6;Collective Strength
0;6;Certainty factor
