Rank-500-true;Rank-500-TOT;Measure
11;1307;ORIGINAL-MODEL
11;505;Compliance
11;502;Accuracy
11;501;Sebag-Schoenauer
11;501;Laplace Correction
11;501;Example and Counterexample Rate
11;501;Confidence
10;501;Least Contradiction
10;501;Jaccard
10;501;Cosine
8;508;Prevalence
8;501;Support
8;501;Leverage
7;504;Lift
7;502;Zhang
7;502;Ylue Y
7;502;Ylue Q
7;502;Two-way Support
7;502;Linear Correlation Coefficient
7;501;Piatetsky-Shapiro
7;501;One-way Support
7;501;Odds Ratio
7;501;Odd Multiplier
7;501;Lovinger
7;501;Klosgen
7;501;Interestingness Weighting Dependency
7;501;Information Gain
7;501;Conviction
7;501;Certainty factor
7;501;Added Value
6;501;Relative Risk
6;501;Gini Index
5;501;Collective Strength
4;501;Specificity
3;707;Recall
3;521;Coverage
0;502;J Measure
0;501;Two-way Support Variation
