Rank-1500-true;Rank-1500-TOT;Measure
11;1307;ORIGINAL-MODEL
11;1307;Two-way Support
11;1307;Support
11;1307;Sebag-Schoenauer
11;1307;Recall
11;1307;Prevalence
11;1307;Piatetsky-Shapiro
11;1307;One-way Support
11;1307;Lift
11;1307;Leverage
11;1307;Least Contradiction
11;1307;Laplace Correction
11;1307;Klosgen
11;1307;Jaccard
11;1307;Interestingness Weighting Dependency
11;1307;Information Gain
11;1307;Example and Counterexample Rate
11;1307;Coverage
11;1307;Cosine
11;1307;Confidence
11;1307;Compliance
11;1307;Added Value
11;1307;Accuracy
8;1035;Specificity
8;1035;Relative Risk
8;1035;Gini Index
8;1035;Collective Strength
7;1286;Zhang
7;1286;Odd Multiplier
7;1286;Lovinger
7;1286;Conviction
7;1286;Certainty factor
7;1077;Linear Correlation Coefficient
7;1034;Ylue Y
7;1034;Ylue Q
7;1034;Odds Ratio
0;1275;J Measure
0;582;Two-way Support Variation
