Rank-100-true;Rank-100-TOT;Measure
11;1307;ORIGINAL-MODEL
11;118;Example and Counterexample Rate
11;118;Confidence
11;117;Laplace Correction
11;110;Compliance
11;101;Sebag-Schoenauer
7;446;Ylue Y
7;446;Ylue Q
7;446;Odds Ratio
7;101;Zhang
7;101;Odd Multiplier
7;101;Conviction
7;101;Certainty factor
6;101;Linear Correlation Coefficient
5;102;Two-way Support
5;102;Piatetsky-Shapiro
5;102;Interestingness Weighting Dependency
5;101;Accuracy
4;104;Prevalence
4;102;Klosgen
4;102;Gini Index
4;101;One-way Support
4;101;Lift
4;101;Least Contradiction
4;101;Jaccard
4;101;Information Gain
4;101;Cosine
4;101;Added Value
3;707;Recall
3;245;Coverage
3;103;Support
3;101;Leverage
1;435;Specificity
0;435;Relative Risk
0;103;J Measure
0;102;Two-way Support Variation
0;101;Lovinger
0;101;Collective Strength
