Rank-50-true;Rank-50-TOT;Measure
11;1307;ORIGINAL-MODEL
11;54;Compliance
11;52;Sebag-Schoenauer
11;51;Example and Counterexample Rate
11;51;Confidence
10;51;Laplace Correction
7;446;Ylue Y
7;446;Ylue Q
7;446;Odds Ratio
7;52;Certainty factor
7;51;Zhang
7;51;Odd Multiplier
7;51;Conviction
4;52;Prevalence
4;52;Lift
4;52;Least Contradiction
4;52;Klosgen
4;52;Jaccard
4;52;Cosine
4;52;Accuracy
4;51;Two-way Support
4;51;Piatetsky-Shapiro
4;51;One-way Support
4;51;Interestingness Weighting Dependency
4;51;Added Value
3;707;Recall
3;245;Coverage
3;52;Information Gain
3;51;Support
3;51;Linear Correlation Coefficient
1;435;Specificity
1;51;Leverage
0;435;Relative Risk
0;52;Two-way Support Variation
0;51;Lovinger
0;51;J Measure
0;51;Gini Index
0;51;Collective Strength
