Rank-1-true;Rank-1-TOT;Measure
11;1326;ORIGINAL-MODEL
3;702;Recall
2;444;Ylue Y
2;444;Ylue Q
2;17;Sebag-Schoenauer
2;17;Example and Counterexample Rate
2;17;Confidence
2;17;Compliance
2;14;Laplace Correction
2;4;Odd Multiplier
2;4;Conviction
1;444;Odds Ratio
1;441;Specificity
1;14;Support
1;14;Prevalence
1;14;Least Contradiction
1;14;Jaccard
1;14;Cosine
1;14;Accuracy
1;2;Lift
0;441;Relative Risk
0;24;Linear Correlation Coefficient
0;6;Coverage
0;5;Lovinger
0;2;Zhang
0;2;Two-way Support Variation
0;2;Two-way Support
0;2;Piatetsky-Shapiro
0;2;One-way Support
0;2;Leverage
0;2;Klosgen
0;2;J Measure
0;2;Interestingness Weighting Dependency
0;2;Information Gain
0;2;Gini Index
0;2;Collective Strength
0;2;Certainty factor
0;2;Added Value
