Rank-25-true;Rank-25-TOT;Measure
11;1326;ORIGINAL-MODEL
6;26;Odd Multiplier
6;26;Conviction
3;702;Recall
3;239;Coverage
3;27;Lift
2;444;Ylue Y
2;444;Ylue Q
2;27;Sebag-Schoenauer
2;27;Compliance
2;27;Certainty factor
2;26;Laplace Correction
2;26;Example and Counterexample Rate
2;26;Confidence
1;444;Odds Ratio
1;441;Specificity
1;41;Prevalence
1;34;Support
1;34;Least Contradiction
1;34;Jaccard
1;34;Cosine
1;34;Accuracy
1;26;Zhang
1;26;One-way Support
1;26;Klosgen
1;26;Information Gain
1;26;Added Value
0;441;Relative Risk
0;27;J Measure
0;26;Two-way Support Variation
0;26;Two-way Support
0;26;Piatetsky-Shapiro
0;26;Lovinger
0;26;Linear Correlation Coefficient
0;26;Leverage
0;26;Interestingness Weighting Dependency
0;26;Gini Index
0;26;Collective Strength
