Rank-10-true;Rank-10-TOT;Measure
11;1326;ORIGINAL-MODEL
4;12;Odd Multiplier
4;11;Conviction
3;702;Recall
3;11;Lift
2;444;Ylue Y
2;444;Ylue Q
2;17;Sebag-Schoenauer
2;17;Example and Counterexample Rate
2;17;Confidence
2;17;Compliance
2;14;Laplace Correction
1;444;Odds Ratio
1;441;Specificity
1;14;Support
1;14;Prevalence
1;14;Least Contradiction
1;14;Jaccard
1;14;Cosine
1;14;Accuracy
1;12;Information Gain
1;11;One-way Support
0;441;Relative Risk
0;24;Linear Correlation Coefficient
0;18;Coverage
0;13;Lovinger
0;11;Zhang
0;11;Two-way Support Variation
0;11;Two-way Support
0;11;Piatetsky-Shapiro
0;11;Leverage
0;11;Klosgen
0;11;J Measure
0;11;Interestingness Weighting Dependency
0;11;Gini Index
0;11;Collective Strength
0;11;Certainty factor
0;11;Added Value
