Rank-1000-true;Rank-1000-TOT;Measure
11;1326;ORIGINAL-MODEL
11;1001;Least Contradiction
11;1001;Laplace Correction
11;1001;Jaccard
11;1001;Example and Counterexample Rate
11;1001;Confidence
11;1001;Compliance
11;1001;Accuracy
10;1002;Cosine
10;1001;Prevalence
10;1001;Lovinger
9;1231;Odd Multiplier
9;1208;Conviction
9;1001;Support
9;1001;Sebag-Schoenauer
8;1003;Collective Strength
8;1002;Ylue Y
8;1002;Ylue Q
8;1001;Recall
8;1001;Leverage
7;1006;Lift
7;1002;Two-way Support
7;1002;Piatetsky-Shapiro
7;1002;Linear Correlation Coefficient
7;1002;Information Gain
7;1001;Zhang
7;1001;Specificity
7;1001;Relative Risk
7;1001;One-way Support
7;1001;Odds Ratio
7;1001;Klosgen
7;1001;Interestingness Weighting Dependency
7;1001;Gini Index
7;1001;Certainty factor
7;1001;Added Value
6;1004;Coverage
6;1001;J Measure
6;618;Two-way Support Variation
