Rank-500-true;Rank-500-TOT;Measure
11;1326;ORIGINAL-MODEL
11;501;Example and Counterexample Rate
11;501;Confidence
10;506;Laplace Correction
10;503;Compliance
10;501;Lovinger
10;501;Accuracy
8;507;Cosine
8;502;Jaccard
8;501;Least Contradiction
7;504;Prevalence
7;502;Ylue Y
7;502;Ylue Q
7;502;Leverage
7;502;Klosgen
7;502;Certainty factor
7;501;Zhang
7;501;Two-way Support
7;501;Piatetsky-Shapiro
7;501;One-way Support
7;501;Odd Multiplier
7;501;Linear Correlation Coefficient
7;501;Lift
7;501;Interestingness Weighting Dependency
7;501;Information Gain
7;501;Conviction
7;501;Added Value
6;502;Two-way Support Variation
6;502;Support
6;501;Relative Risk
6;501;J Measure
6;501;Gini Index
5;501;Collective Strength
4;502;Sebag-Schoenauer
4;501;Specificity
3;702;Recall
3;510;Coverage
1;501;Odds Ratio
