'Constraint';'Template';'Activation';'Target';'Support';'Confidence level';'Interest factor'
'Init(a)';'Init';'a';;0.918;0.918;0.918
'Participation(a)';'Participation';'a';;1.000;1.000;1.000
'CoExistence(a, b)';'CoExistence';'a';'b';1.000;1.000;1.000
'Succession(a, b)';'Succession';'a';'b';0.970;0.970;0.970
'RespondedExistence(a, b)';'RespondedExistence';'a';'b';1.000;1.000;1.000
'Response(a, b)';'Response';'a';'b';0.990;0.990;0.990
'CoExistence(a, c)';'CoExistence';'a';'c';0.910;0.910;0.910
'RespondedExistence(a, c)';'RespondedExistence';'a';'c';0.910;0.910;0.910
'CoExistence(a, d)';'CoExistence';'a';'d';1.000;1.000;1.000
'Succession(a, d)';'Succession';'a';'d';0.594;0.594;0.594
'RespondedExistence(a, d)';'RespondedExistence';'a';'d';1.000;1.000;1.000
'Response(a, d)';'Response';'a';'d';0.608;0.608;0.608
'CoExistence(a, e)';'CoExistence';'a';'e';0.860;0.860;0.860
'RespondedExistence(a, e)';'RespondedExistence';'a';'e';0.860;0.860;0.860
'CoExistence(a, f)';'CoExistence';'a';'f';0.974;0.974;0.974
'Succession(a, f)';'Succession';'a';'f';0.754;0.754;0.754
'RespondedExistence(a, f)';'RespondedExistence';'a';'f';0.974;0.974;0.974
'Response(a, f)';'Response';'a';'f';0.778;0.778;0.778
'CoExistence(a, g)';'CoExistence';'a';'g';0.912;0.912;0.912
'Succession(a, g)';'Succession';'a';'g';0.516;0.516;0.516
'RespondedExistence(a, g)';'RespondedExistence';'a';'g';0.912;0.912;0.912
'Response(a, g)';'Response';'a';'g';0.522;0.522;0.522
'CoExistence(a, h)';'CoExistence';'a';'h';0.708;0.708;0.708
'RespondedExistence(a, h)';'RespondedExistence';'a';'h';0.708;0.708;0.708
'CoExistence(a, i)';'CoExistence';'a';'i';0.898;0.898;0.898
'Succession(a, i)';'Succession';'a';'i';0.504;0.504;0.504
'RespondedExistence(a, i)';'RespondedExistence';'a';'i';0.898;0.898;0.898
'Response(a, i)';'Response';'a';'i';0.520;0.520;0.520
'CoExistence(a, l)';'CoExistence';'a';'l';0.656;0.656;0.656
'RespondedExistence(a, l)';'RespondedExistence';'a';'l';0.656;0.656;0.656
'CoExistence(a, m)';'CoExistence';'a';'m';0.842;0.842;0.842
'RespondedExistence(a, m)';'RespondedExistence';'a';'m';0.842;0.842;0.842
'CoExistence(a, n)';'CoExistence';'a';'n';0.962;0.962;0.962
'Succession(a, n)';'Succession';'a';'n';0.774;0.774;0.774
'RespondedExistence(a, n)';'RespondedExistence';'a';'n';0.962;0.962;0.962
'Response(a, n)';'Response';'a';'n';0.790;0.790;0.790
'CoExistence(a, o)';'CoExistence';'a';'o';0.918;0.918;0.918
'Succession(a, o)';'Succession';'a';'o';0.508;0.508;0.508
'RespondedExistence(a, o)';'RespondedExistence';'a';'o';0.918;0.918;0.918
'Response(a, o)';'Response';'a';'o';0.530;0.530;0.530
'CoExistence(a, p)';'CoExistence';'a';'p';0.990;0.990;0.990
'Succession(a, p)';'Succession';'a';'p';0.656;0.656;0.656
'RespondedExistence(a, p)';'RespondedExistence';'a';'p';0.990;0.990;0.990
'Response(a, p)';'Response';'a';'p';0.680;0.680;0.680
'CoExistence(a, q)';'CoExistence';'a';'q';0.884;0.884;0.884
'RespondedExistence(a, q)';'RespondedExistence';'a';'q';0.884;0.884;0.884
'NotSuccession(a, r)';'NotSuccession';'a';'r';0.882;0.882;0.882
'NotCoExistence(a, r)';'NotCoExistence';'a';'r';0.882;0.882;0.882
'CoExistence(a, s)';'CoExistence';'a';'s';0.886;0.886;0.886
'RespondedExistence(a, s)';'RespondedExistence';'a';'s';0.886;0.886;0.886
'CoExistence(a, t)';'CoExistence';'a';'t';0.980;0.980;0.980
'Succession(a, t)';'Succession';'a';'t';0.586;0.586;0.586
'RespondedExistence(a, t)';'RespondedExistence';'a';'t';0.980;0.980;0.980
'Response(a, t)';'Response';'a';'t';0.596;0.596;0.596
'CoExistence(a, u)';'CoExistence';'a';'u';0.880;0.880;0.880
'RespondedExistence(a, u)';'RespondedExistence';'a';'u';0.880;0.880;0.880
'Response(a, u)';'Response';'a';'u';0.500;0.500;0.500
'CoExistence(a, v)';'CoExistence';'a';'v';0.874;0.874;0.874
'RespondedExistence(a, v)';'RespondedExistence';'a';'v';0.874;0.874;0.874
'CoExistence(a, w)';'CoExistence';'a';'w';0.910;0.910;0.910
'RespondedExistence(a, w)';'RespondedExistence';'a';'w';0.910;0.910;0.910
'Response(a, w)';'Response';'a';'w';0.504;0.504;0.504
'CoExistence(a, z)';'CoExistence';'a';'z';0.874;0.874;0.874
'RespondedExistence(a, z)';'RespondedExistence';'a';'z';0.874;0.874;0.874
'End(b)';'End';'b';;0.956;0.956;0.956
'Participation(b)';'Participation';'b';;1.000;1.000;1.000
'Precedence(a, b)';'Precedence';'b';'a';0.980;0.980;0.980
'CoExistence(b, a)';'CoExistence';'b';'a';1.000;1.000;1.000
'RespondedExistence(b, a)';'RespondedExistence';'b';'a';1.000;1.000;1.000
'CoExistence(b, c)';'CoExistence';'b';'c';0.910;0.910;0.910
'RespondedExistence(b, c)';'RespondedExistence';'b';'c';0.910;0.910;0.910
'NotSuccession(b, c)';'NotSuccession';'b';'c';0.606;0.606;0.606
'CoExistence(b, d)';'CoExistence';'b';'d';1.000;1.000;1.000
'RespondedExistence(b, d)';'RespondedExistence';'b';'d';1.000;1.000;1.000
'CoExistence(b, e)';'CoExistence';'b';'e';0.860;0.860;0.860
'RespondedExistence(b, e)';'RespondedExistence';'b';'e';0.860;0.860;0.860
'CoExistence(b, f)';'CoExistence';'b';'f';0.974;0.974;0.974
'RespondedExistence(b, f)';'RespondedExistence';'b';'f';0.974;0.974;0.974
'CoExistence(b, g)';'CoExistence';'b';'g';0.912;0.912;0.912
'RespondedExistence(b, g)';'RespondedExistence';'b';'g';0.912;0.912;0.912
'CoExistence(b, h)';'CoExistence';'b';'h';0.708;0.708;0.708
'RespondedExistence(b, h)';'RespondedExistence';'b';'h';0.708;0.708;0.708
'CoExistence(b, i)';'CoExistence';'b';'i';0.898;0.898;0.898
'RespondedExistence(b, i)';'RespondedExistence';'b';'i';0.898;0.898;0.898
'CoExistence(b, l)';'CoExistence';'b';'l';0.656;0.656;0.656
'RespondedExistence(b, l)';'RespondedExistence';'b';'l';0.656;0.656;0.656
'NotSuccession(b, l)';'NotSuccession';'b';'l';0.542;0.542;0.542
'CoExistence(b, m)';'CoExistence';'b';'m';0.842;0.842;0.842
'RespondedExistence(b, m)';'RespondedExistence';'b';'m';0.842;0.842;0.842
'CoExistence(b, n)';'CoExistence';'b';'n';0.962;0.962;0.962
'RespondedExistence(b, n)';'RespondedExistence';'b';'n';0.962;0.962;0.962
'CoExistence(b, o)';'CoExistence';'b';'o';0.918;0.918;0.918
'RespondedExistence(b, o)';'RespondedExistence';'b';'o';0.918;0.918;0.918
'CoExistence(b, p)';'CoExistence';'b';'p';0.990;0.990;0.990
'RespondedExistence(b, p)';'RespondedExistence';'b';'p';0.990;0.990;0.990
'CoExistence(b, q)';'CoExistence';'b';'q';0.884;0.884;0.884
'RespondedExistence(b, q)';'RespondedExistence';'b';'q';0.884;0.884;0.884
'NotSuccession(b, r)';'NotSuccession';'b';'r';0.924;0.924;0.924
'NotCoExistence(b, r)';'NotCoExistence';'b';'r';0.882;0.882;0.882
'CoExistence(b, s)';'CoExistence';'b';'s';0.886;0.886;0.886
'RespondedExistence(b, s)';'RespondedExistence';'b';'s';0.886;0.886;0.886
'CoExistence(b, t)';'CoExistence';'b';'t';0.980;0.980;0.980
'RespondedExistence(b, t)';'RespondedExistence';'b';'t';0.980;0.980;0.980
'CoExistence(b, u)';'CoExistence';'b';'u';0.880;0.880;0.880
'RespondedExistence(b, u)';'RespondedExistence';'b';'u';0.880;0.880;0.880
'CoExistence(b, v)';'CoExistence';'b';'v';0.874;0.874;0.874
'RespondedExistence(b, v)';'RespondedExistence';'b';'v';0.874;0.874;0.874
'CoExistence(b, w)';'CoExistence';'b';'w';0.910;0.910;0.910
'RespondedExistence(b, w)';'RespondedExistence';'b';'w';0.910;0.910;0.910
'CoExistence(b, z)';'CoExistence';'b';'z';0.874;0.874;0.874
'RespondedExistence(b, z)';'RespondedExistence';'b';'z';0.874;0.874;0.874
'Precedence(c, b)';'Precedence';'b';'c';0.524;0.524;0.524
'Precedence(d, b)';'Precedence';'b';'d';0.504;0.504;0.504
'Precedence(g, b)';'Precedence';'b';'g';0.520;0.520;0.520
'Precedence(i, b)';'Precedence';'b';'i';0.520;0.520;0.520
'Precedence(o, b)';'Precedence';'b';'o';0.526;0.526;0.526
'Precedence(p, b)';'Precedence';'b';'p';0.678;0.678;0.678
'Precedence(q, b)';'Precedence';'b';'q';0.502;0.502;0.502
'Precedence(s, b)';'Precedence';'b';'s';0.526;0.526;0.526
'Precedence(w, b)';'Precedence';'b';'w';0.512;0.512;0.512
'AtMostOne(c)';'AtMostOne';'c';;0.878;0.965;0.965
'Participation(c)';'Participation';'c';;0.910;0.910;0.910
'Precedence(a, c)';'Precedence';'c';'a';0.884;0.971;0.971
'AlternatePrecedence(a, c)';'AlternatePrecedence';'c';'a';0.862;0.947;0.947
'CoExistence(c, a)';'CoExistence';'c';'a';0.910;0.910;0.910
'RespondedExistence(c, a)';'RespondedExistence';'c';'a';0.910;1.000;1.000
'Response(c, a)';'Response';'c';'a';0.656;0.721;0.721
'AlternateResponse(c, a)';'AlternateResponse';'c';'a';0.648;0.712;0.712
'CoExistence(c, b)';'CoExistence';'c';'b';0.910;0.910;0.910
'Succession(c, b)';'Succession';'c';'b';0.524;0.524;0.524
'RespondedExistence(c, b)';'RespondedExistence';'c';'b';0.910;1.000;1.000
'Response(c, b)';'Response';'c';'b';0.908;0.998;0.998
'AlternateResponse(c, b)';'AlternateResponse';'c';'b';0.886;0.974;0.974
'CoExistence(c, d)';'CoExistence';'c';'d';0.910;0.910;0.910
'RespondedExistence(c, d)';'RespondedExistence';'c';'d';0.910;1.000;1.000
'Response(c, d)';'Response';'c';'d';0.760;0.835;0.835
'AlternateResponse(c, d)';'AlternateResponse';'c';'d';0.750;0.824;0.824
'CoExistence(c, e)';'CoExistence';'c';'e';0.798;0.821;0.821
'RespondedExistence(c, e)';'RespondedExistence';'c';'e';0.798;0.877;0.877
'Response(c, e)';'Response';'c';'e';0.662;0.727;0.727
'AlternateResponse(c, e)';'AlternateResponse';'c';'e';0.650;0.714;0.714
'CoExistence(c, f)';'CoExistence';'c';'f';0.890;0.895;0.895
'Succession(c, f)';'Succession';'c';'f';0.506;0.509;0.509
'RespondedExistence(c, f)';'RespondedExistence';'c';'f';0.890;0.978;0.978
'Response(c, f)';'Response';'c';'f';0.848;0.932;0.932
'AlternateResponse(c, f)';'AlternateResponse';'c';'f';0.828;0.910;0.910
'CoExistence(c, g)';'CoExistence';'c';'g';0.836;0.848;0.848
'RespondedExistence(c, g)';'RespondedExistence';'c';'g';0.836;0.919;0.919
'Response(c, g)';'Response';'c';'g';0.688;0.756;0.756
'AlternateResponse(c, g)';'AlternateResponse';'c';'g';0.678;0.745;0.745
'CoExistence(c, h)';'CoExistence';'c';'h';0.650;0.671;0.671
'RespondedExistence(c, h)';'RespondedExistence';'c';'h';0.650;0.714;0.714
'Response(c, h)';'Response';'c';'h';0.580;0.637;0.637
'AlternateResponse(c, h)';'AlternateResponse';'c';'h';0.566;0.622;0.622
'CoExistence(c, i)';'CoExistence';'c';'i';0.814;0.819;0.819
'RespondedExistence(c, i)';'RespondedExistence';'c';'i';0.814;0.895;0.895
'Response(c, i)';'Response';'c';'i';0.686;0.754;0.754
'AlternateResponse(c, i)';'AlternateResponse';'c';'i';0.670;0.736;0.736
'CoExistence(c, l)';'CoExistence';'c';'l';0.602;0.624;0.624
'RespondedExistence(c, l)';'RespondedExistence';'c';'l';0.602;0.662;0.662
'Response(c, l)';'Response';'c';'l';0.484;0.532;0.532
'AlternateResponse(c, l)';'AlternateResponse';'c';'l';0.468;0.514;0.514
'CoExistence(c, m)';'CoExistence';'c';'m';0.778;0.799;0.799
'RespondedExistence(c, m)';'RespondedExistence';'c';'m';0.778;0.855;0.855
'Response(c, m)';'Response';'c';'m';0.506;0.556;0.556
'AlternateResponse(c, m)';'AlternateResponse';'c';'m';0.496;0.545;0.545
'CoExistence(c, n)';'CoExistence';'c';'n';0.882;0.891;0.891
'RespondedExistence(c, n)';'RespondedExistence';'c';'n';0.882;0.969;0.969
'Response(c, n)';'Response';'c';'n';0.830;0.912;0.912
'AlternateResponse(c, n)';'AlternateResponse';'c';'n';0.814;0.895;0.895
'CoExistence(c, o)';'CoExistence';'c';'o';0.842;0.854;0.854
'RespondedExistence(c, o)';'RespondedExistence';'c';'o';0.842;0.925;0.925
'Response(c, o)';'Response';'c';'o';0.696;0.765;0.765
'AlternateResponse(c, o)';'AlternateResponse';'c';'o';0.684;0.752;0.752
'CoExistence(c, p)';'CoExistence';'c';'p';0.902;0.904;0.904
'RespondedExistence(c, p)';'RespondedExistence';'c';'p';0.902;0.991;0.991
'Response(c, p)';'Response';'c';'p';0.836;0.919;0.919
'AlternateResponse(c, p)';'AlternateResponse';'c';'p';0.828;0.910;0.910
'CoExistence(c, q)';'CoExistence';'c';'q';0.814;0.831;0.831
'RespondedExistence(c, q)';'RespondedExistence';'c';'q';0.814;0.895;0.895
'Response(c, q)';'Response';'c';'q';0.686;0.754;0.754
'AlternateResponse(c, q)';'AlternateResponse';'c';'q';0.672;0.738;0.738
'NotSuccession(c, r)';'NotSuccession';'c';'r';0.828;0.904;0.904
'NotCoExistence(c, r)';'NotCoExistence';'c';'r';0.804;0.878;0.878
'CoExistence(c, s)';'CoExistence';'c';'s';0.818;0.836;0.836
'RespondedExistence(c, s)';'RespondedExistence';'c';'s';0.818;0.899;0.899
'Response(c, s)';'Response';'c';'s';0.664;0.730;0.730
'AlternateResponse(c, s)';'AlternateResponse';'c';'s';0.652;0.716;0.716
'CoExistence(c, t)';'CoExistence';'c';'t';0.900;0.909;0.909
'Succession(c, t)';'Succession';'c';'t';0.526;0.531;0.531
'RespondedExistence(c, t)';'RespondedExistence';'c';'t';0.900;0.989;0.989
'Response(c, t)';'Response';'c';'t';0.746;0.820;0.820
'AlternateResponse(c, t)';'AlternateResponse';'c';'t';0.730;0.802;0.802
'CoExistence(c, u)';'CoExistence';'c';'u';0.814;0.834;0.834
'RespondedExistence(c, u)';'RespondedExistence';'c';'u';0.814;0.895;0.895
'Response(c, u)';'Response';'c';'u';0.666;0.732;0.732
'AlternateResponse(c, u)';'AlternateResponse';'c';'u';0.658;0.723;0.723
'CoExistence(c, v)';'CoExistence';'c';'v';0.808;0.828;0.828
'RespondedExistence(c, v)';'RespondedExistence';'c';'v';0.808;0.888;0.888
'Response(c, v)';'Response';'c';'v';0.650;0.714;0.714
'AlternateResponse(c, v)';'AlternateResponse';'c';'v';0.634;0.697;0.697
'CoExistence(c, w)';'CoExistence';'c';'w';0.828;0.835;0.835
'RespondedExistence(c, w)';'RespondedExistence';'c';'w';0.828;0.910;0.910
'Response(c, w)';'Response';'c';'w';0.694;0.763;0.763
'AlternateResponse(c, w)';'AlternateResponse';'c';'w';0.688;0.756;0.756
'CoExistence(c, z)';'CoExistence';'c';'z';0.804;0.820;0.820
'RespondedExistence(c, z)';'RespondedExistence';'c';'z';0.804;0.884;0.884
'Response(c, z)';'Response';'c';'z';0.646;0.710;0.710
'AlternateResponse(c, z)';'AlternateResponse';'c';'z';0.636;0.699;0.699
'Precedence(p, c)';'Precedence';'c';'p';0.604;0.664;0.664
'AlternatePrecedence(p, c)';'AlternatePrecedence';'c';'p';0.598;0.657;0.657
'Participation(d)';'Participation';'d';;1.000;1.000;1.000
'Precedence(a, d)';'Precedence';'d';'a';0.966;0.966;0.966
'CoExistence(d, a)';'CoExistence';'d';'a';1.000;1.000;1.000
'RespondedExistence(d, a)';'RespondedExistence';'d';'a';1.000;1.000;1.000
'CoExistence(d, b)';'CoExistence';'d';'b';1.000;1.000;1.000
'Succession(d, b)';'Succession';'d';'b';0.500;0.500;0.500
'RespondedExistence(d, b)';'RespondedExistence';'d';'b';1.000;1.000;1.000
'Response(d, b)';'Response';'d';'b';0.986;0.986;0.986
'CoExistence(d, c)';'CoExistence';'d';'c';0.910;0.910;0.910
'RespondedExistence(d, c)';'RespondedExistence';'d';'c';0.910;0.910;0.910
'NotSuccession(d, c)';'NotSuccession';'d';'c';0.570;0.570;0.570
'CoExistence(d, e)';'CoExistence';'d';'e';0.860;0.860;0.860
'RespondedExistence(d, e)';'RespondedExistence';'d';'e';0.860;0.860;0.860
'CoExistence(d, f)';'CoExistence';'d';'f';0.974;0.974;0.974
'RespondedExistence(d, f)';'RespondedExistence';'d';'f';0.974;0.974;0.974
'Response(d, f)';'Response';'d';'f';0.706;0.706;0.706
'CoExistence(d, g)';'CoExistence';'d';'g';0.912;0.912;0.912
'RespondedExistence(d, g)';'RespondedExistence';'d';'g';0.912;0.912;0.912
'CoExistence(d, h)';'CoExistence';'d';'h';0.708;0.708;0.708
'RespondedExistence(d, h)';'RespondedExistence';'d';'h';0.708;0.708;0.708
'CoExistence(d, i)';'CoExistence';'d';'i';0.898;0.898;0.898
'RespondedExistence(d, i)';'RespondedExistence';'d';'i';0.898;0.898;0.898
'CoExistence(d, l)';'CoExistence';'d';'l';0.656;0.656;0.656
'RespondedExistence(d, l)';'RespondedExistence';'d';'l';0.656;0.656;0.656
'NotSuccession(d, l)';'NotSuccession';'d';'l';0.508;0.508;0.508
'CoExistence(d, m)';'CoExistence';'d';'m';0.842;0.842;0.842
'RespondedExistence(d, m)';'RespondedExistence';'d';'m';0.842;0.842;0.842
'CoExistence(d, n)';'CoExistence';'d';'n';0.962;0.962;0.962
'RespondedExistence(d, n)';'RespondedExistence';'d';'n';0.962;0.962;0.962
'Response(d, n)';'Response';'d';'n';0.704;0.704;0.704
'CoExistence(d, o)';'CoExistence';'d';'o';0.918;0.918;0.918
'RespondedExistence(d, o)';'RespondedExistence';'d';'o';0.918;0.918;0.918
'CoExistence(d, p)';'CoExistence';'d';'p';0.990;0.990;0.990
'RespondedExistence(d, p)';'RespondedExistence';'d';'p';0.990;0.990;0.990
'Response(d, p)';'Response';'d';'p';0.550;0.550;0.550
'CoExistence(d, q)';'CoExistence';'d';'q';0.884;0.884;0.884
'RespondedExistence(d, q)';'RespondedExistence';'d';'q';0.884;0.884;0.884
'NotSuccession(d, r)';'NotSuccession';'d';'r';0.922;0.922;0.922
'NotCoExistence(d, r)';'NotCoExistence';'d';'r';0.882;0.882;0.882
'CoExistence(d, s)';'CoExistence';'d';'s';0.886;0.886;0.886
'RespondedExistence(d, s)';'RespondedExistence';'d';'s';0.886;0.886;0.886
'CoExistence(d, t)';'CoExistence';'d';'t';0.980;0.980;0.980
'RespondedExistence(d, t)';'RespondedExistence';'d';'t';0.980;0.980;0.980
'CoExistence(d, u)';'CoExistence';'d';'u';0.880;0.880;0.880
'RespondedExistence(d, u)';'RespondedExistence';'d';'u';0.880;0.880;0.880
'CoExistence(d, v)';'CoExistence';'d';'v';0.874;0.874;0.874
'RespondedExistence(d, v)';'RespondedExistence';'d';'v';0.874;0.874;0.874
'CoExistence(d, w)';'CoExistence';'d';'w';0.910;0.910;0.910
'RespondedExistence(d, w)';'RespondedExistence';'d';'w';0.910;0.910;0.910
'CoExistence(d, z)';'CoExistence';'d';'z';0.874;0.874;0.874
'RespondedExistence(d, z)';'RespondedExistence';'d';'z';0.874;0.874;0.874
'Precedence(f, d)';'Precedence';'d';'f';0.506;0.506;0.506
'Precedence(g, d)';'Precedence';'d';'g';0.500;0.500;0.500
'Precedence(i, d)';'Precedence';'d';'i';0.542;0.542;0.542
'Precedence(o, d)';'Precedence';'d';'o';0.554;0.554;0.554
'Precedence(p, d)';'Precedence';'d';'p';0.696;0.696;0.696
'Precedence(s, d)';'Precedence';'d';'s';0.542;0.542;0.542
'Precedence(u, d)';'Precedence';'d';'u';0.502;0.502;0.502
'Precedence(w, d)';'Precedence';'d';'w';0.514;0.514;0.514
'Participation(e)';'Participation';'e';;0.860;0.860;0.860
'Precedence(a, e)';'Precedence';'e';'a';0.838;0.974;0.974
'CoExistence(e, a)';'CoExistence';'e';'a';0.860;0.860;0.860
'RespondedExistence(e, a)';'RespondedExistence';'e';'a';0.860;1.000;1.000
'CoExistence(e, b)';'CoExistence';'e';'b';0.860;0.860;0.860
'RespondedExistence(e, b)';'RespondedExistence';'e';'b';0.860;1.000;1.000
'Response(e, b)';'Response';'e';'b';0.848;0.986;0.986
'CoExistence(e, c)';'CoExistence';'e';'c';0.798;0.821;0.821
'RespondedExistence(e, c)';'RespondedExistence';'e';'c';0.798;0.928;0.928
'NotSuccession(e, c)';'NotSuccession';'e';'c';0.552;0.568;0.568
'CoExistence(e, d)';'CoExistence';'e';'d';0.860;0.860;0.860
'RespondedExistence(e, d)';'RespondedExistence';'e';'d';0.860;1.000;1.000
'Response(e, d)';'Response';'e';'d';0.482;0.560;0.560
'CoExistence(e, f)';'CoExistence';'e';'f';0.860;0.883;0.883
'RespondedExistence(e, f)';'RespondedExistence';'e';'f';0.860;1.000;1.000
'Response(e, f)';'Response';'e';'f';0.840;0.977;0.977
'CoExistence(e, g)';'CoExistence';'e';'g';0.796;0.816;0.816
'RespondedExistence(e, g)';'RespondedExistence';'e';'g';0.796;0.926;0.926
'CoExistence(e, h)';'CoExistence';'e';'h';0.624;0.661;0.661
'RespondedExistence(e, h)';'RespondedExistence';'e';'h';0.624;0.726;0.726
'CoExistence(e, i)';'CoExistence';'e';'i';0.782;0.801;0.801
'RespondedExistence(e, i)';'RespondedExistence';'e';'i';0.782;0.909;0.909
'CoExistence(e, l)';'CoExistence';'e';'l';0.592;0.641;0.641
'RespondedExistence(e, l)';'RespondedExistence';'e';'l';0.592;0.688;0.688
'CoExistence(e, m)';'CoExistence';'e';'m';0.744;0.777;0.777
'RespondedExistence(e, m)';'RespondedExistence';'e';'m';0.744;0.865;0.865
'CoExistence(e, n)';'CoExistence';'e';'n';0.842;0.859;0.859
'RespondedExistence(e, n)';'RespondedExistence';'e';'n';0.842;0.979;0.979
'Response(e, n)';'Response';'e';'n';0.676;0.786;0.786
'CoExistence(e, o)';'CoExistence';'e';'o';0.806;0.829;0.829
'RespondedExistence(e, o)';'RespondedExistence';'e';'o';0.806;0.937;0.937
'CoExistence(e, p)';'CoExistence';'e';'p';0.856;0.861;0.861
'RespondedExistence(e, p)';'RespondedExistence';'e';'p';0.856;0.995;0.995
'Response(e, p)';'Response';'e';'p';0.546;0.635;0.635
'CoExistence(e, q)';'CoExistence';'e';'q';0.780;0.809;0.809
'RespondedExistence(e, q)';'RespondedExistence';'e';'q';0.780;0.907;0.907
'NotSuccession(e, r)';'NotSuccession';'e';'r';0.784;0.903;0.903
'NotCoExistence(e, r)';'NotCoExistence';'e';'r';0.758;0.873;0.873
'CoExistence(e, s)';'CoExistence';'e';'s';0.776;0.800;0.800
'RespondedExistence(e, s)';'RespondedExistence';'e';'s';0.776;0.902;0.902
'CoExistence(e, t)';'CoExistence';'e';'t';0.854;0.866;0.866
'RespondedExistence(e, t)';'RespondedExistence';'e';'t';0.854;0.993;0.993
'Response(e, t)';'Response';'e';'t';0.472;0.549;0.549
'CoExistence(e, u)';'CoExistence';'e';'u';0.772;0.798;0.798
'RespondedExistence(e, u)';'RespondedExistence';'e';'u';0.772;0.898;0.898
'CoExistence(e, v)';'CoExistence';'e';'v';0.778;0.814;0.814
'RespondedExistence(e, v)';'RespondedExistence';'e';'v';0.778;0.905;0.905
'CoExistence(e, w)';'CoExistence';'e';'w';0.796;0.817;0.817
'RespondedExistence(e, w)';'RespondedExistence';'e';'w';0.796;0.926;0.926
'CoExistence(e, z)';'CoExistence';'e';'z';0.766;0.791;0.791
'RespondedExistence(e, z)';'RespondedExistence';'e';'z';0.766;0.891;0.891
'Precedence(p, e)';'Precedence';'e';'p';0.556;0.647;0.647
'Precedence(s, e)';'Precedence';'e';'s';0.436;0.507;0.507
'Participation(f)';'Participation';'f';;0.974;0.974;0.974
'Precedence(a, f)';'Precedence';'f';'a';0.950;0.975;0.975
'Precedence(b, f)';'Precedence';'f';'b';0.508;0.522;0.522
'Precedence(c, f)';'Precedence';'f';'c';0.506;0.520;0.520
'Precedence(e, f)';'Precedence';'f';'e';0.490;0.503;0.503
'CoExistence(f, a)';'CoExistence';'f';'a';0.974;0.974;0.974
'RespondedExistence(f, a)';'RespondedExistence';'f';'a';0.974;1.000;1.000
'CoExistence(f, b)';'CoExistence';'f';'b';0.974;0.974;0.974
'RespondedExistence(f, b)';'RespondedExistence';'f';'b';0.974;1.000;1.000
'Response(f, b)';'Response';'f';'b';0.954;0.979;0.979
'CoExistence(f, c)';'CoExistence';'f';'c';0.890;0.895;0.895
'RespondedExistence(f, c)';'RespondedExistence';'f';'c';0.890;0.914;0.914
'NotSuccession(f, c)';'NotSuccession';'f';'c';0.606;0.610;0.610
'CoExistence(f, d)';'CoExistence';'f';'d';0.974;0.974;0.974
'RespondedExistence(f, d)';'RespondedExistence';'f';'d';0.974;1.000;1.000
'CoExistence(f, e)';'CoExistence';'f';'e';0.860;0.883;0.883
'RespondedExistence(f, e)';'RespondedExistence';'f';'e';0.860;0.883;0.883
'CoExistence(f, g)';'CoExistence';'f';'g';0.896;0.905;0.905
'RespondedExistence(f, g)';'RespondedExistence';'f';'g';0.896;0.920;0.920
'CoExistence(f, h)';'CoExistence';'f';'h';0.698;0.709;0.709
'RespondedExistence(f, h)';'RespondedExistence';'f';'h';0.698;0.717;0.717
'CoExistence(f, i)';'CoExistence';'f';'i';0.886;0.899;0.899
'RespondedExistence(f, i)';'RespondedExistence';'f';'i';0.886;0.910;0.910
'CoExistence(f, l)';'CoExistence';'f';'l';0.648;0.660;0.660
'RespondedExistence(f, l)';'RespondedExistence';'f';'l';0.648;0.665;0.665
'NotSuccession(f, l)';'NotSuccession';'f';'l';0.520;0.530;0.530
'CoExistence(f, m)';'CoExistence';'f';'m';0.830;0.842;0.842
'RespondedExistence(f, m)';'RespondedExistence';'f';'m';0.830;0.852;0.852
'CoExistence(f, n)';'CoExistence';'f';'n';0.948;0.960;0.960
'RespondedExistence(f, n)';'RespondedExistence';'f';'n';0.948;0.973;0.973
'Response(f, n)';'Response';'f';'n';0.502;0.515;0.515
'CoExistence(f, o)';'CoExistence';'f';'o';0.900;0.907;0.907
'RespondedExistence(f, o)';'RespondedExistence';'f';'o';0.900;0.924;0.924
'CoExistence(f, p)';'CoExistence';'f';'p';0.966;0.968;0.968
'RespondedExistence(f, p)';'RespondedExistence';'f';'p';0.966;0.992;0.992
'CoExistence(f, q)';'CoExistence';'f';'q';0.868;0.877;0.877
'RespondedExistence(f, q)';'RespondedExistence';'f';'q';0.868;0.891;0.891
'NotSuccession(f, r)';'NotSuccession';'f';'r';0.902;0.926;0.926
'NotCoExistence(f, r)';'NotCoExistence';'f';'r';0.856;0.879;0.879
'CoExistence(f, s)';'CoExistence';'f';'s';0.872;0.883;0.883
'RespondedExistence(f, s)';'RespondedExistence';'f';'s';0.872;0.895;0.895
'CoExistence(f, t)';'CoExistence';'f';'t';0.960;0.966;0.966
'RespondedExistence(f, t)';'RespondedExistence';'f';'t';0.960;0.986;0.986
'CoExistence(f, u)';'CoExistence';'f';'u';0.860;0.865;0.865
'RespondedExistence(f, u)';'RespondedExistence';'f';'u';0.860;0.883;0.883
'CoExistence(f, v)';'CoExistence';'f';'v';0.858;0.867;0.867
'RespondedExistence(f, v)';'RespondedExistence';'f';'v';0.858;0.881;0.881
'CoExistence(f, w)';'CoExistence';'f';'w';0.888;0.892;0.892
'RespondedExistence(f, w)';'RespondedExistence';'f';'w';0.888;0.912;0.912
'CoExistence(f, z)';'CoExistence';'f';'z';0.854;0.859;0.859
'RespondedExistence(f, z)';'RespondedExistence';'f';'z';0.854;0.877;0.877
'Precedence(g, f)';'Precedence';'f';'g';0.492;0.505;0.505
'Precedence(o, f)';'Precedence';'f';'o';0.520;0.534;0.534
'Precedence(p, f)';'Precedence';'f';'p';0.666;0.684;0.684
'Precedence(s, f)';'Precedence';'f';'s';0.524;0.538;0.538
'Precedence(w, f)';'Precedence';'f';'w';0.488;0.501;0.501
'Participation(g)';'Participation';'g';;0.912;0.912;0.912
'Precedence(a, g)';'Precedence';'g';'a';0.892;0.978;0.978
'CoExistence(g, a)';'CoExistence';'g';'a';0.912;0.912;0.912
'RespondedExistence(g, a)';'RespondedExistence';'g';'a';0.912;1.000;1.000
'CoExistence(g, b)';'CoExistence';'g';'b';0.912;0.912;0.912
'Succession(g, b)';'Succession';'g';'b';0.514;0.514;0.514
'RespondedExistence(g, b)';'RespondedExistence';'g';'b';0.912;1.000;1.000
'Response(g, b)';'Response';'g';'b';0.902;0.989;0.989
'CoExistence(g, c)';'CoExistence';'g';'c';0.836;0.848;0.848
'RespondedExistence(g, c)';'RespondedExistence';'g';'c';0.836;0.917;0.917
'NotSuccession(g, c)';'NotSuccession';'g';'c';0.572;0.580;0.580
'CoExistence(g, d)';'CoExistence';'g';'d';0.912;0.912;0.912
'RespondedExistence(g, d)';'RespondedExistence';'g';'d';0.912;1.000;1.000
'Response(g, d)';'Response';'g';'d';0.518;0.568;0.568
'CoExistence(g, e)';'CoExistence';'g';'e';0.796;0.816;0.816
'RespondedExistence(g, e)';'RespondedExistence';'g';'e';0.796;0.873;0.873
'CoExistence(g, f)';'CoExistence';'g';'f';0.896;0.905;0.905
'RespondedExistence(g, f)';'RespondedExistence';'g';'f';0.896;0.982;0.982
'Response(g, f)';'Response';'g';'f';0.700;0.768;0.768
'CoExistence(g, h)';'CoExistence';'g';'h';0.704;0.769;0.769
'RespondedExistence(g, h)';'RespondedExistence';'g';'h';0.704;0.772;0.772
'CoExistence(g, i)';'CoExistence';'g';'i';0.822;0.832;0.832
'RespondedExistence(g, i)';'RespondedExistence';'g';'i';0.822;0.901;0.901
'CoExistence(g, l)';'CoExistence';'g';'l';0.598;0.616;0.616
'RespondedExistence(g, l)';'RespondedExistence';'g';'l';0.598;0.656;0.656
'NotSuccession(g, l)';'NotSuccession';'g';'l';0.488;0.503;0.503
'CoExistence(g, m)';'CoExistence';'g';'m';0.780;0.801;0.801
'RespondedExistence(g, m)';'RespondedExistence';'g';'m';0.780;0.855;0.855
'CoExistence(g, n)';'CoExistence';'g';'n';0.890;0.904;0.904
'RespondedExistence(g, n)';'RespondedExistence';'g';'n';0.890;0.976;0.976
'Response(g, n)';'Response';'g';'n';0.732;0.803;0.803
'CoExistence(g, o)';'CoExistence';'g';'o';0.842;0.852;0.852
'RespondedExistence(g, o)';'RespondedExistence';'g';'o';0.842;0.923;0.923
'CoExistence(g, p)';'CoExistence';'g';'p';0.904;0.906;0.906
'RespondedExistence(g, p)';'RespondedExistence';'g';'p';0.904;0.991;0.991
'Response(g, p)';'Response';'g';'p';0.600;0.658;0.658
'CoExistence(g, q)';'CoExistence';'g';'q';0.808;0.818;0.818
'RespondedExistence(g, q)';'RespondedExistence';'g';'q';0.808;0.886;0.886
'NotSuccession(g, r)';'NotSuccession';'g';'r';0.824;0.902;0.902
'NotCoExistence(g, r)';'NotCoExistence';'g';'r';0.798;0.873;0.873
'CoExistence(g, s)';'CoExistence';'g';'s';0.810;0.820;0.820
'RespondedExistence(g, s)';'RespondedExistence';'g';'s';0.810;0.888;0.888
'CoExistence(g, t)';'CoExistence';'g';'t';0.898;0.903;0.903
'RespondedExistence(g, t)';'RespondedExistence';'g';'t';0.898;0.985;0.985
'Response(g, t)';'Response';'g';'t';0.512;0.561;0.561
'CoExistence(g, u)';'CoExistence';'g';'u';0.822;0.847;0.847
'RespondedExistence(g, u)';'RespondedExistence';'g';'u';0.822;0.901;0.901
'CoExistence(g, v)';'CoExistence';'g';'v';0.798;0.808;0.808
'RespondedExistence(g, v)';'RespondedExistence';'g';'v';0.798;0.875;0.875
'CoExistence(g, w)';'CoExistence';'g';'w';0.828;0.833;0.833
'RespondedExistence(g, w)';'RespondedExistence';'g';'w';0.828;0.908;0.908
'CoExistence(g, z)';'CoExistence';'g';'z';0.798;0.808;0.808
'RespondedExistence(g, z)';'RespondedExistence';'g';'z';0.798;0.875;0.875
'Precedence(o, g)';'Precedence';'g';'o';0.476;0.522;0.522
'Precedence(p, g)';'Precedence';'g';'p';0.614;0.673;0.673
'Precedence(s, g)';'Precedence';'g';'s';0.460;0.504;0.504
'Participation(h)';'Participation';'h';;0.708;0.708;0.708
'Precedence(a, h)';'Precedence';'h';'a';0.704;0.994;0.994
'AlternatePrecedence(a, h)';'AlternatePrecedence';'h';'a';0.374;0.528;0.528
'Precedence(b, h)';'Precedence';'h';'b';0.452;0.638;0.638
'Precedence(c, h)';'Precedence';'h';'c';0.478;0.675;0.675
'Precedence(d, h)';'Precedence';'h';'d';0.430;0.607;0.607
'Precedence(e, h)';'Precedence';'h';'e';0.426;0.602;0.602
'Precedence(f, h)';'Precedence';'h';'f';0.438;0.619;0.619
'Precedence(g, h)';'Precedence';'h';'g';0.658;0.929;0.929
'AlternatePrecedence(g, h)';'AlternatePrecedence';'h';'g';0.362;0.511;0.511
'CoExistence(h, a)';'CoExistence';'h';'a';0.708;0.708;0.708
'RespondedExistence(h, a)';'RespondedExistence';'h';'a';0.708;1.000;1.000
'NotSuccession(h, a)';'NotSuccession';'h';'a';0.588;0.588;0.588
'CoExistence(h, b)';'CoExistence';'h';'b';0.708;0.708;0.708
'RespondedExistence(h, b)';'RespondedExistence';'h';'b';0.708;1.000;1.000
'Response(h, b)';'Response';'h';'b';0.694;0.980;0.980
'AlternateResponse(h, b)';'AlternateResponse';'h';'b';0.364;0.514;0.514
'CoExistence(h, c)';'CoExistence';'h';'c';0.650;0.671;0.671
'RespondedExistence(h, c)';'RespondedExistence';'h';'c';0.650;0.918;0.918
'NotSuccession(h, c)';'NotSuccession';'h';'c';0.790;0.816;0.816
'CoExistence(h, d)';'CoExistence';'h';'d';0.708;0.708;0.708
'RespondedExistence(h, d)';'RespondedExistence';'h';'d';0.708;1.000;1.000
'Response(h, d)';'Response';'h';'d';0.362;0.511;0.511
'CoExistence(h, e)';'CoExistence';'h';'e';0.624;0.661;0.661
'RespondedExistence(h, e)';'RespondedExistence';'h';'e';0.624;0.881;0.881
'NotSuccession(h, e)';'NotSuccession';'h';'e';0.508;0.538;0.538
'CoExistence(h, f)';'CoExistence';'h';'f';0.698;0.709;0.709
'RespondedExistence(h, f)';'RespondedExistence';'h';'f';0.698;0.986;0.986
'Response(h, f)';'Response';'h';'f';0.520;0.734;0.734
'CoExistence(h, g)';'CoExistence';'h';'g';0.704;0.769;0.769
'RespondedExistence(h, g)';'RespondedExistence';'h';'g';0.704;0.994;0.994
'NotSuccession(h, g)';'NotSuccession';'h';'g';0.460;0.502;0.502
'CoExistence(h, i)';'CoExistence';'h';'i';0.632;0.649;0.649
'RespondedExistence(h, i)';'RespondedExistence';'h';'i';0.632;0.893;0.893
'NotSuccession(h, i)';'NotSuccession';'h';'i';0.538;0.552;0.552
'CoExistence(h, l)';'CoExistence';'h';'l';0.458;0.506;0.506
'RespondedExistence(h, l)';'RespondedExistence';'h';'l';0.458;0.647;0.647
'NotSuccession(h, l)';'NotSuccession';'h';'l';0.600;0.662;0.662
'CoExistence(h, m)';'CoExistence';'h';'m';0.620;0.667;0.667
'RespondedExistence(h, m)';'RespondedExistence';'h';'m';0.620;0.876;0.876
'NotSuccession(h, m)';'NotSuccession';'h';'m';0.622;0.669;0.669
'CoExistence(h, n)';'CoExistence';'h';'n';0.696;0.715;0.715
'RespondedExistence(h, n)';'RespondedExistence';'h';'n';0.696;0.983;0.983
'Response(h, n)';'Response';'h';'n';0.550;0.777;0.777
'CoExistence(h, o)';'CoExistence';'h';'o';0.656;0.676;0.676
'RespondedExistence(h, o)';'RespondedExistence';'h';'o';0.656;0.927;0.927
'NotSuccession(h, o)';'NotSuccession';'h';'o';0.534;0.551;0.551
'CoExistence(h, p)';'CoExistence';'h';'p';0.706;0.712;0.712
'RespondedExistence(h, p)';'RespondedExistence';'h';'p';0.706;0.997;0.997
'Response(h, p)';'Response';'h';'p';0.430;0.607;0.607
'CoExistence(h, q)';'CoExistence';'h';'q';0.640;0.672;0.672
'RespondedExistence(h, q)';'RespondedExistence';'h';'q';0.640;0.904;0.904
'NotSuccession(h, q)';'NotSuccession';'h';'q';0.496;0.521;0.521
'NotSuccession(h, r)';'NotSuccession';'h';'r';0.680;0.921;0.921
'NotCoExistence(h, r)';'NotCoExistence';'h';'r';0.650;0.881;0.881
'CoExistence(h, s)';'CoExistence';'h';'s';0.620;0.637;0.637
'RespondedExistence(h, s)';'RespondedExistence';'h';'s';0.620;0.876;0.876
'NotSuccession(h, s)';'NotSuccession';'h';'s';0.552;0.567;0.567
'CoExistence(h, t)';'CoExistence';'h';'t';0.698;0.705;0.705
'RespondedExistence(h, t)';'RespondedExistence';'h';'t';0.698;0.986;0.986
'Response(h, t)';'Response';'h';'t';0.364;0.514;0.514
'CoExistence(h, u)';'CoExistence';'h';'u';0.640;0.675;0.675
'RespondedExistence(h, u)';'RespondedExistence';'h';'u';0.640;0.904;0.904
'NotSuccession(h, u)';'NotSuccession';'h';'u';0.508;0.536;0.536
'CoExistence(h, v)';'CoExistence';'h';'v';0.624;0.651;0.651
'RespondedExistence(h, v)';'RespondedExistence';'h';'v';0.624;0.881;0.881
'NotSuccession(h, v)';'NotSuccession';'h';'v';0.532;0.555;0.555
'CoExistence(h, w)';'CoExistence';'h';'w';0.638;0.651;0.651
'RespondedExistence(h, w)';'RespondedExistence';'h';'w';0.638;0.901;0.901
'NotSuccession(h, w)';'NotSuccession';'h';'w';0.518;0.529;0.529
'CoExistence(h, z)';'CoExistence';'h';'z';0.628;0.658;0.658
'RespondedExistence(h, z)';'RespondedExistence';'h';'z';0.628;0.887;0.887
'NotSuccession(h, z)';'NotSuccession';'h';'z';0.528;0.553;0.553
'Precedence(i, h)';'Precedence';'h';'i';0.438;0.619;0.619
'Precedence(m, h)';'Precedence';'h';'m';0.450;0.636;0.636
'Precedence(n, h)';'Precedence';'h';'n';0.418;0.590;0.590
'Precedence(o, h)';'Precedence';'h';'o';0.492;0.695;0.695
'Precedence(p, h)';'Precedence';'h';'p';0.592;0.836;0.836
'Precedence(q, h)';'Precedence';'h';'q';0.448;0.633;0.633
'Precedence(s, h)';'Precedence';'h';'s';0.464;0.655;0.655
'Precedence(t, h)';'Precedence';'h';'t';0.450;0.636;0.636
'Precedence(u, h)';'Precedence';'h';'u';0.438;0.619;0.619
'Precedence(v, h)';'Precedence';'h';'v';0.438;0.619;0.619
'Precedence(w, h)';'Precedence';'h';'w';0.434;0.613;0.613
'Precedence(z, h)';'Precedence';'h';'z';0.446;0.630;0.630
'Participation(i)';'Participation';'i';;0.898;0.898;0.898
'Precedence(a, i)';'Precedence';'i';'a';0.874;0.973;0.973
'CoExistence(i, a)';'CoExistence';'i';'a';0.898;0.898;0.898
'RespondedExistence(i, a)';'RespondedExistence';'i';'a';0.898;1.000;1.000
'CoExistence(i, b)';'CoExistence';'i';'b';0.898;0.898;0.898
'Succession(i, b)';'Succession';'i';'b';0.514;0.514;0.514
'RespondedExistence(i, b)';'RespondedExistence';'i';'b';0.898;1.000;1.000
'Response(i, b)';'Response';'i';'b';0.886;0.987;0.987
'CoExistence(i, c)';'CoExistence';'i';'c';0.814;0.819;0.819
'RespondedExistence(i, c)';'RespondedExistence';'i';'c';0.814;0.906;0.906
'NotSuccession(i, c)';'NotSuccession';'i';'c';0.574;0.577;0.577
'CoExistence(i, d)';'CoExistence';'i';'d';0.898;0.898;0.898
'RespondedExistence(i, d)';'RespondedExistence';'i';'d';0.898;1.000;1.000
'Response(i, d)';'Response';'i';'d';0.494;0.550;0.550
'CoExistence(i, e)';'CoExistence';'i';'e';0.782;0.801;0.801
'RespondedExistence(i, e)';'RespondedExistence';'i';'e';0.782;0.871;0.871
'CoExistence(i, f)';'CoExistence';'i';'f';0.886;0.899;0.899
'RespondedExistence(i, f)';'RespondedExistence';'i';'f';0.886;0.987;0.987
'Response(i, f)';'Response';'i';'f';0.680;0.757;0.757
'CoExistence(i, g)';'CoExistence';'i';'g';0.822;0.832;0.832
'RespondedExistence(i, g)';'RespondedExistence';'i';'g';0.822;0.915;0.915
'CoExistence(i, h)';'CoExistence';'i';'h';0.632;0.649;0.649
'RespondedExistence(i, h)';'RespondedExistence';'i';'h';0.632;0.704;0.704
'CoExistence(i, l)';'CoExistence';'i';'l';0.650;0.719;0.719
'RespondedExistence(i, l)';'RespondedExistence';'i';'l';0.650;0.724;0.724
'CoExistence(i, m)';'CoExistence';'i';'m';0.756;0.768;0.768
'RespondedExistence(i, m)';'RespondedExistence';'i';'m';0.756;0.842;0.842
'CoExistence(i, n)';'CoExistence';'i';'n';0.870;0.879;0.879
'RespondedExistence(i, n)';'RespondedExistence';'i';'n';0.870;0.969;0.969
'Response(i, n)';'Response';'i';'n';0.682;0.759;0.759
'CoExistence(i, o)';'CoExistence';'i';'o';0.834;0.849;0.849
'RespondedExistence(i, o)';'RespondedExistence';'i';'o';0.834;0.929;0.929
'CoExistence(i, p)';'CoExistence';'i';'p';0.892;0.896;0.896
'RespondedExistence(i, p)';'RespondedExistence';'i';'p';0.892;0.993;0.993
'Response(i, p)';'Response';'i';'p';0.566;0.630;0.630
'CoExistence(i, q)';'CoExistence';'i';'q';0.806;0.826;0.826
'RespondedExistence(i, q)';'RespondedExistence';'i';'q';0.806;0.898;0.898
'NotSuccession(i, r)';'NotSuccession';'i';'r';0.844;0.923;0.923
'NotCoExistence(i, r)';'NotCoExistence';'i';'r';0.812;0.888;0.888
'CoExistence(i, s)';'CoExistence';'i';'s';0.800;0.813;0.813
'RespondedExistence(i, s)';'RespondedExistence';'i';'s';0.800;0.891;0.891
'CoExistence(i, t)';'CoExistence';'i';'t';0.884;0.889;0.889
'RespondedExistence(i, t)';'RespondedExistence';'i';'t';0.884;0.984;0.984
'Response(i, t)';'Response';'i';'t';0.488;0.543;0.543
'CoExistence(i, u)';'CoExistence';'i';'u';0.794;0.807;0.807
'RespondedExistence(i, u)';'RespondedExistence';'i';'u';0.794;0.884;0.884
'CoExistence(i, v)';'CoExistence';'i';'v';0.794;0.812;0.812
'RespondedExistence(i, v)';'RespondedExistence';'i';'v';0.794;0.884;0.884
'CoExistence(i, w)';'CoExistence';'i';'w';0.820;0.830;0.830
'RespondedExistence(i, w)';'RespondedExistence';'i';'w';0.820;0.913;0.913
'CoExistence(i, z)';'CoExistence';'i';'z';0.784;0.794;0.794
'RespondedExistence(i, z)';'RespondedExistence';'i';'z';0.784;0.873;0.873
'Precedence(p, i)';'Precedence';'i';'p';0.566;0.630;0.630
'AtMostOne(l)';'AtMostOne';'l';;0.476;0.726;0.726
'Participation(l)';'Participation';'l';;0.656;0.656;0.656
'Precedence(a, l)';'Precedence';'l';'a';0.650;0.991;0.991
'AlternatePrecedence(a, l)';'AlternatePrecedence';'l';'a';0.552;0.841;0.841
'Precedence(b, l)';'Precedence';'l';'b';0.412;0.628;0.628
'AlternatePrecedence(b, l)';'AlternatePrecedence';'l';'b';0.370;0.564;0.564
'Precedence(c, l)';'Precedence';'l';'c';0.432;0.659;0.659
'AlternatePrecedence(c, l)';'AlternatePrecedence';'l';'c';0.358;0.546;0.546
'Precedence(d, l)';'Precedence';'l';'d';0.428;0.652;0.652
'AlternatePrecedence(d, l)';'AlternatePrecedence';'l';'d';0.378;0.576;0.576
'Precedence(e, l)';'Precedence';'l';'e';0.416;0.634;0.634
'AlternatePrecedence(e, l)';'AlternatePrecedence';'l';'e';0.368;0.561;0.561
'Precedence(f, l)';'Precedence';'l';'f';0.400;0.610;0.610
'AlternatePrecedence(f, l)';'AlternatePrecedence';'l';'f';0.354;0.540;0.540
'Precedence(g, l)';'Precedence';'l';'g';0.430;0.655;0.655
'AlternatePrecedence(g, l)';'AlternatePrecedence';'l';'g';0.386;0.588;0.588
'Precedence(i, l)';'Precedence';'l';'i';0.634;0.966;0.966
'AlternatePrecedence(i, l)';'AlternatePrecedence';'l';'i';0.616;0.939;0.939
'CoExistence(l, a)';'CoExistence';'l';'a';0.656;0.656;0.656
'RespondedExistence(l, a)';'RespondedExistence';'l';'a';0.656;1.000;1.000
'NotSuccession(l, a)';'NotSuccession';'l';'a';0.608;0.608;0.608
'CoExistence(l, b)';'CoExistence';'l';'b';0.656;0.656;0.656
'RespondedExistence(l, b)';'RespondedExistence';'l';'b';0.656;1.000;1.000
'Response(l, b)';'Response';'l';'b';0.654;0.997;0.997
'AlternateResponse(l, b)';'AlternateResponse';'l';'b';0.572;0.872;0.872
'CoExistence(l, c)';'CoExistence';'l';'c';0.602;0.624;0.624
'RespondedExistence(l, c)';'RespondedExistence';'l';'c';0.602;0.918;0.918
'NotSuccession(l, c)';'NotSuccession';'l';'c';0.788;0.817;0.817
'CoExistence(l, d)';'CoExistence';'l';'d';0.656;0.656;0.656
'RespondedExistence(l, d)';'RespondedExistence';'l';'d';0.656;1.000;1.000
'Response(l, d)';'Response';'l';'d';0.396;0.604;0.604
'AlternateResponse(l, d)';'AlternateResponse';'l';'d';0.346;0.527;0.527
'NotSuccession(l, d)';'NotSuccession';'l';'d';0.534;0.534;0.534
'CoExistence(l, e)';'CoExistence';'l';'e';0.592;0.641;0.641
'RespondedExistence(l, e)';'RespondedExistence';'l';'e';0.592;0.902;0.902
'Response(l, e)';'Response';'l';'e';0.342;0.521;0.521
'NotSuccession(l, e)';'NotSuccession';'l';'e';0.530;0.574;0.574
'CoExistence(l, f)';'CoExistence';'l';'f';0.648;0.660;0.660
'RespondedExistence(l, f)';'RespondedExistence';'l';'f';0.648;0.988;0.988
'Response(l, f)';'Response';'l';'f';0.516;0.787;0.787
'AlternateResponse(l, f)';'AlternateResponse';'l';'f';0.440;0.671;0.671
'CoExistence(l, g)';'CoExistence';'l';'g';0.598;0.616;0.616
'RespondedExistence(l, g)';'RespondedExistence';'l';'g';0.598;0.912;0.912
'Response(l, g)';'Response';'l';'g';0.334;0.509;0.509
'NotSuccession(l, g)';'NotSuccession';'l';'g';0.576;0.594;0.594
'CoExistence(l, h)';'CoExistence';'l';'h';0.458;0.506;0.506
'RespondedExistence(l, h)';'RespondedExistence';'l';'h';0.458;0.698;0.698
'NotSuccession(l, h)';'NotSuccession';'l';'h';0.580;0.640;0.640
'CoExistence(l, i)';'CoExistence';'l';'i';0.650;0.719;0.719
'RespondedExistence(l, i)';'RespondedExistence';'l';'i';0.650;0.991;0.991
'NotSuccession(l, i)';'NotSuccession';'l';'i';0.502;0.555;0.555
'CoExistence(l, m)';'CoExistence';'l';'m';0.562;0.600;0.600
'RespondedExistence(l, m)';'RespondedExistence';'l';'m';0.562;0.857;0.857
'NotSuccession(l, m)';'NotSuccession';'l';'m';0.636;0.679;0.679
'CoExistence(l, n)';'CoExistence';'l';'n';0.640;0.654;0.654
'RespondedExistence(l, n)';'RespondedExistence';'l';'n';0.640;0.976;0.976
'Response(l, n)';'Response';'l';'n';0.540;0.823;0.823
'AlternateResponse(l, n)';'AlternateResponse';'l';'n';0.476;0.726;0.726
'CoExistence(l, o)';'CoExistence';'l';'o';0.604;0.623;0.623
'RespondedExistence(l, o)';'RespondedExistence';'l';'o';0.604;0.921;0.921
'Response(l, o)';'Response';'l';'o';0.336;0.512;0.512
'NotSuccession(l, o)';'NotSuccession';'l';'o';0.562;0.579;0.579
'CoExistence(l, p)';'CoExistence';'l';'p';0.652;0.656;0.656
'RespondedExistence(l, p)';'RespondedExistence';'l';'p';0.652;0.994;0.994
'Response(l, p)';'Response';'l';'p';0.476;0.726;0.726
'AlternateResponse(l, p)';'AlternateResponse';'l';'p';0.434;0.662;0.662
'CoExistence(l, q)';'CoExistence';'l';'q';0.596;0.631;0.631
'RespondedExistence(l, q)';'RespondedExistence';'l';'q';0.596;0.909;0.909
'Response(l, q)';'Response';'l';'q';0.342;0.521;0.521
'NotSuccession(l, q)';'NotSuccession';'l';'q';0.540;0.572;0.572
'NotSuccession(l, r)';'NotSuccession';'l';'r';0.670;0.944;0.944
'NotCoExistence(l, r)';'NotCoExistence';'l';'r';0.646;0.910;0.910
'CoExistence(l, s)';'CoExistence';'l';'s';0.584;0.610;0.610
'RespondedExistence(l, s)';'RespondedExistence';'l';'s';0.584;0.890;0.890
'NotSuccession(l, s)';'NotSuccession';'l';'s';0.558;0.582;0.582
'CoExistence(l, t)';'CoExistence';'l';'t';0.650;0.659;0.659
'RespondedExistence(l, t)';'RespondedExistence';'l';'t';0.650;0.991;0.991
'Response(l, t)';'Response';'l';'t';0.406;0.619;0.619
'AlternateResponse(l, t)';'AlternateResponse';'l';'t';0.342;0.521;0.521
'NotSuccession(l, t)';'NotSuccession';'l';'t';0.520;0.527;0.527
'CoExistence(l, u)';'CoExistence';'l';'u';0.588;0.620;0.620
'RespondedExistence(l, u)';'RespondedExistence';'l';'u';0.588;0.896;0.896
'NotSuccession(l, u)';'NotSuccession';'l';'u';0.562;0.593;0.593
'CoExistence(l, v)';'CoExistence';'l';'v';0.574;0.600;0.600
'RespondedExistence(l, v)';'RespondedExistence';'l';'v';0.574;0.875;0.875
'NotSuccession(l, v)';'NotSuccession';'l';'v';0.578;0.605;0.605
'CoExistence(l, w)';'CoExistence';'l';'w';0.604;0.628;0.628
'RespondedExistence(l, w)';'RespondedExistence';'l';'w';0.604;0.921;0.921
'Response(l, w)';'Response';'l';'w';0.350;0.534;0.534
'NotSuccession(l, w)';'NotSuccession';'l';'w';0.542;0.563;0.563
'CoExistence(l, z)';'CoExistence';'l';'z';0.580;0.611;0.611
'RespondedExistence(l, z)';'RespondedExistence';'l';'z';0.580;0.884;0.884
'Response(l, z)';'Response';'l';'z';0.340;0.518;0.518
'NotSuccession(l, z)';'NotSuccession';'l';'z';0.542;0.571;0.571
'Precedence(m, l)';'Precedence';'l';'m';0.386;0.588;0.588
'Precedence(n, l)';'Precedence';'l';'n';0.390;0.595;0.595
'AlternatePrecedence(n, l)';'AlternatePrecedence';'l';'n';0.354;0.540;0.540
'Precedence(o, l)';'Precedence';'l';'o';0.450;0.686;0.686
'AlternatePrecedence(o, l)';'AlternatePrecedence';'l';'o';0.406;0.619;0.619
'Precedence(p, l)';'Precedence';'l';'p';0.556;0.848;0.848
'AlternatePrecedence(p, l)';'AlternatePrecedence';'l';'p';0.516;0.787;0.787
'Precedence(q, l)';'Precedence';'l';'q';0.430;0.655;0.655
'AlternatePrecedence(q, l)';'AlternatePrecedence';'l';'q';0.376;0.573;0.573
'Precedence(s, l)';'Precedence';'l';'s';0.436;0.665;0.665
'AlternatePrecedence(s, l)';'AlternatePrecedence';'l';'s';0.392;0.598;0.598
'Precedence(t, l)';'Precedence';'l';'t';0.414;0.631;0.631
'AlternatePrecedence(t, l)';'AlternatePrecedence';'l';'t';0.366;0.558;0.558
'Precedence(u, l)';'Precedence';'l';'u';0.406;0.619;0.619
'AlternatePrecedence(u, l)';'AlternatePrecedence';'l';'u';0.370;0.564;0.564
'Precedence(v, l)';'Precedence';'l';'v';0.428;0.652;0.652
'AlternatePrecedence(v, l)';'AlternatePrecedence';'l';'v';0.372;0.567;0.567
'Precedence(w, l)';'Precedence';'l';'w';0.448;0.683;0.683
'AlternatePrecedence(w, l)';'AlternatePrecedence';'l';'w';0.396;0.604;0.604
'Precedence(z, l)';'Precedence';'l';'z';0.382;0.582;0.582
'AlternatePrecedence(z, l)';'AlternatePrecedence';'l';'z';0.348;0.530;0.530
'AtMostOne(m)';'AtMostOne';'m';;0.496;0.589;0.589
'Participation(m)';'Participation';'m';;0.842;0.842;0.842
'Precedence(a, m)';'Precedence';'m';'a';0.820;0.974;0.974
'AlternatePrecedence(a, m)';'AlternatePrecedence';'m';'a';0.654;0.777;0.777
'CoExistence(m, a)';'CoExistence';'m';'a';0.842;0.842;0.842
'RespondedExistence(m, a)';'RespondedExistence';'m';'a';0.842;1.000;1.000
'Response(m, a)';'Response';'m';'a';0.486;0.577;0.577
'CoExistence(m, b)';'CoExistence';'m';'b';0.842;0.842;0.842
'RespondedExistence(m, b)';'RespondedExistence';'m';'b';0.842;1.000;1.000
'Response(m, b)';'Response';'m';'b';0.832;0.988;0.988
'AlternateResponse(m, b)';'AlternateResponse';'m';'b';0.656;0.779;0.779
'CoExistence(m, c)';'CoExistence';'m';'c';0.778;0.799;0.799
'RespondedExistence(m, c)';'RespondedExistence';'m';'c';0.778;0.924;0.924
'NotSuccession(m, c)';'NotSuccession';'m';'c';0.546;0.561;0.561
'CoExistence(m, d)';'CoExistence';'m';'d';0.842;0.842;0.842
'RespondedExistence(m, d)';'RespondedExistence';'m';'d';0.842;1.000;1.000
'Response(m, d)';'Response';'m';'d';0.608;0.722;0.722
'AlternateResponse(m, d)';'AlternateResponse';'m';'d';0.470;0.558;0.558
'CoExistence(m, e)';'CoExistence';'m';'e';0.744;0.777;0.777
'RespondedExistence(m, e)';'RespondedExistence';'m';'e';0.744;0.884;0.884
'Response(m, e)';'Response';'m';'e';0.482;0.572;0.572
'CoExistence(m, f)';'CoExistence';'m';'f';0.830;0.842;0.842
'RespondedExistence(m, f)';'RespondedExistence';'m';'f';0.830;0.986;0.986
'Response(m, f)';'Response';'m';'f';0.718;0.853;0.853
'AlternateResponse(m, f)';'AlternateResponse';'m';'f';0.568;0.675;0.675
'CoExistence(m, g)';'CoExistence';'m';'g';0.780;0.801;0.801
'RespondedExistence(m, g)';'RespondedExistence';'m';'g';0.780;0.926;0.926
'Response(m, g)';'Response';'m';'g';0.520;0.618;0.618
'AlternateResponse(m, g)';'AlternateResponse';'m';'g';0.444;0.527;0.527
'CoExistence(m, h)';'CoExistence';'m';'h';0.620;0.667;0.667
'RespondedExistence(m, h)';'RespondedExistence';'m';'h';0.620;0.736;0.736
'Response(m, h)';'Response';'m';'h';0.432;0.513;0.513
'CoExistence(m, i)';'CoExistence';'m';'i';0.756;0.768;0.768
'RespondedExistence(m, i)';'RespondedExistence';'m';'i';0.756;0.898;0.898
'Response(m, i)';'Response';'m';'i';0.514;0.610;0.610
'AlternateResponse(m, i)';'AlternateResponse';'m';'i';0.430;0.511;0.511
'CoExistence(m, l)';'CoExistence';'m';'l';0.562;0.600;0.600
'RespondedExistence(m, l)';'RespondedExistence';'m';'l';0.562;0.667;0.667
'NotSuccession(m, l)';'NotSuccession';'m';'l';0.496;0.530;0.530
'CoExistence(m, n)';'CoExistence';'m';'n';0.842;0.875;0.875
'Succession(m, n)';'Succession';'m';'n';0.494;0.514;0.514
'RespondedExistence(m, n)';'RespondedExistence';'m';'n';0.842;1.000;1.000
'Response(m, n)';'Response';'m';'n';0.834;0.990;0.990
'AlternateResponse(m, n)';'AlternateResponse';'m';'n';0.784;0.931;0.931
'CoExistence(m, o)';'CoExistence';'m';'o';0.774;0.785;0.785
'RespondedExistence(m, o)';'RespondedExistence';'m';'o';0.774;0.919;0.919
'Response(m, o)';'Response';'m';'o';0.512;0.608;0.608
'CoExistence(m, p)';'CoExistence';'m';'p';0.836;0.839;0.839
'RespondedExistence(m, p)';'RespondedExistence';'m';'p';0.836;0.993;0.993
'Response(m, p)';'Response';'m';'p';0.660;0.784;0.784
'AlternateResponse(m, p)';'AlternateResponse';'m';'p';0.586;0.696;0.696
'CoExistence(m, q)';'CoExistence';'m';'q';0.752;0.772;0.772
'RespondedExistence(m, q)';'RespondedExistence';'m';'q';0.752;0.893;0.893
'Response(m, q)';'Response';'m';'q';0.506;0.601;0.601
'NotSuccession(m, r)';'NotSuccession';'m';'r';0.784;0.912;0.912
'NotCoExistence(m, r)';'NotCoExistence';'m';'r';0.760;0.884;0.884
'CoExistence(m, s)';'CoExistence';'m';'s';0.766;0.796;0.796
'RespondedExistence(m, s)';'RespondedExistence';'m';'s';0.766;0.910;0.910
'Response(m, s)';'Response';'m';'s';0.490;0.582;0.582
'CoExistence(m, t)';'CoExistence';'m';'t';0.834;0.844;0.844
'RespondedExistence(m, t)';'RespondedExistence';'m';'t';0.834;0.990;0.990
'Response(m, t)';'Response';'m';'t';0.580;0.689;0.689
'AlternateResponse(m, t)';'AlternateResponse';'m';'t';0.448;0.532;0.532
'CoExistence(m, u)';'CoExistence';'m';'u';0.762;0.794;0.794
'RespondedExistence(m, u)';'RespondedExistence';'m';'u';0.762;0.905;0.905
'Response(m, u)';'Response';'m';'u';0.506;0.601;0.601
'CoExistence(m, v)';'CoExistence';'m';'v';0.746;0.769;0.769
'RespondedExistence(m, v)';'RespondedExistence';'m';'v';0.746;0.886;0.886
'Response(m, v)';'Response';'m';'v';0.486;0.577;0.577
'CoExistence(m, w)';'CoExistence';'m';'w';0.770;0.784;0.784
'RespondedExistence(m, w)';'RespondedExistence';'m';'w';0.770;0.914;0.914
'Response(m, w)';'Response';'m';'w';0.510;0.606;0.606
'CoExistence(m, z)';'CoExistence';'m';'z';0.754;0.784;0.784
'RespondedExistence(m, z)';'RespondedExistence';'m';'z';0.754;0.895;0.895
'Response(m, z)';'Response';'m';'z';0.512;0.608;0.608
'AlternateResponse(m, z)';'AlternateResponse';'m';'z';0.426;0.506;0.506
'Precedence(p, m)';'Precedence';'m';'p';0.556;0.660;0.660
'AlternatePrecedence(p, m)';'AlternatePrecedence';'m';'p';0.496;0.589;0.589
'Participation(n)';'Participation';'n';;0.962;0.962;0.962
'Precedence(a, n)';'Precedence';'n';'a';0.946;0.983;0.983
'Precedence(c, n)';'Precedence';'n';'c';0.484;0.503;0.503
'Precedence(d, n)';'Precedence';'n';'d';0.482;0.501;0.501
'Precedence(f, n)';'Precedence';'n';'f';0.482;0.501;0.501
'Precedence(g, n)';'Precedence';'n';'g';0.512;0.532;0.532
'Precedence(i, n)';'Precedence';'n';'i';0.482;0.501;0.501
'Precedence(m, n)';'Precedence';'n';'m';0.498;0.518;0.518
'CoExistence(n, a)';'CoExistence';'n';'a';0.962;0.962;0.962
'RespondedExistence(n, a)';'RespondedExistence';'n';'a';0.962;1.000;1.000
'CoExistence(n, b)';'CoExistence';'n';'b';0.962;0.962;0.962
'RespondedExistence(n, b)';'RespondedExistence';'n';'b';0.962;1.000;1.000
'Response(n, b)';'Response';'n';'b';0.946;0.983;0.983
'CoExistence(n, c)';'CoExistence';'n';'c';0.882;0.891;0.891
'RespondedExistence(n, c)';'RespondedExistence';'n';'c';0.882;0.917;0.917
'NotSuccession(n, c)';'NotSuccession';'n';'c';0.586;0.592;0.592
'CoExistence(n, d)';'CoExistence';'n';'d';0.962;0.962;0.962
'RespondedExistence(n, d)';'RespondedExistence';'n';'d';0.962;1.000;1.000
'CoExistence(n, e)';'CoExistence';'n';'e';0.842;0.859;0.859
'RespondedExistence(n, e)';'RespondedExistence';'n';'e';0.842;0.875;0.875
'CoExistence(n, f)';'CoExistence';'n';'f';0.948;0.960;0.960
'RespondedExistence(n, f)';'RespondedExistence';'n';'f';0.948;0.985;0.985
'CoExistence(n, g)';'CoExistence';'n';'g';0.890;0.904;0.904
'RespondedExistence(n, g)';'RespondedExistence';'n';'g';0.890;0.925;0.925
'CoExistence(n, h)';'CoExistence';'n';'h';0.696;0.715;0.715
'RespondedExistence(n, h)';'RespondedExistence';'n';'h';0.696;0.723;0.723
'CoExistence(n, i)';'CoExistence';'n';'i';0.870;0.879;0.879
'RespondedExistence(n, i)';'RespondedExistence';'n';'i';0.870;0.904;0.904
'CoExistence(n, l)';'CoExistence';'n';'l';0.640;0.654;0.654
'RespondedExistence(n, l)';'RespondedExistence';'n';'l';0.640;0.665;0.665
'NotSuccession(n, l)';'NotSuccession';'n';'l';0.516;0.528;0.528
'CoExistence(n, m)';'CoExistence';'n';'m';0.842;0.875;0.875
'RespondedExistence(n, m)';'RespondedExistence';'n';'m';0.842;0.875;0.875
'CoExistence(n, o)';'CoExistence';'n';'o';0.888;0.895;0.895
'RespondedExistence(n, o)';'RespondedExistence';'n';'o';0.888;0.923;0.923
'CoExistence(n, p)';'CoExistence';'n';'p';0.954;0.956;0.956
'RespondedExistence(n, p)';'RespondedExistence';'n';'p';0.954;0.992;0.992
'CoExistence(n, q)';'CoExistence';'n';'q';0.856;0.865;0.865
'RespondedExistence(n, q)';'RespondedExistence';'n';'q';0.856;0.890;0.890
'NotSuccession(n, r)';'NotSuccession';'n';'r';0.884;0.915;0.915
'NotCoExistence(n, r)';'NotCoExistence';'n';'r';0.852;0.882;0.882
'CoExistence(n, s)';'CoExistence';'n';'s';0.862;0.874;0.874
'RespondedExistence(n, s)';'RespondedExistence';'n';'s';0.862;0.896;0.896
'CoExistence(n, t)';'CoExistence';'n';'t';0.952;0.962;0.962
'RespondedExistence(n, t)';'RespondedExistence';'n';'t';0.952;0.990;0.990
'CoExistence(n, u)';'CoExistence';'n';'u';0.862;0.880;0.880
'RespondedExistence(n, u)';'RespondedExistence';'n';'u';0.862;0.896;0.896
'CoExistence(n, v)';'CoExistence';'n';'v';0.842;0.847;0.847
'RespondedExistence(n, v)';'RespondedExistence';'n';'v';0.842;0.875;0.875
'CoExistence(n, w)';'CoExistence';'n';'w';0.882;0.891;0.891
'RespondedExistence(n, w)';'RespondedExistence';'n';'w';0.882;0.917;0.917
'CoExistence(n, z)';'CoExistence';'n';'z';0.852;0.866;0.866
'RespondedExistence(n, z)';'RespondedExistence';'n';'z';0.852;0.886;0.886
'Precedence(o, n)';'Precedence';'n';'o';0.504;0.524;0.524
'Precedence(p, n)';'Precedence';'n';'p';0.652;0.678;0.678
'Precedence(s, n)';'Precedence';'n';'s';0.532;0.553;0.553
'Precedence(w, n)';'Precedence';'n';'w';0.488;0.507;0.507
'Precedence(z, n)';'Precedence';'n';'z';0.490;0.509;0.509
'Participation(o)';'Participation';'o';;0.918;0.918;0.918
'Precedence(a, o)';'Precedence';'o';'a';0.888;0.967;0.967
'CoExistence(o, a)';'CoExistence';'o';'a';0.918;0.918;0.918
'RespondedExistence(o, a)';'RespondedExistence';'o';'a';0.918;1.000;1.000
'CoExistence(o, b)';'CoExistence';'o';'b';0.918;0.918;0.918
'Succession(o, b)';'Succession';'o';'b';0.518;0.518;0.518
'RespondedExistence(o, b)';'RespondedExistence';'o';'b';0.918;1.000;1.000
'Response(o, b)';'Response';'o';'b';0.904;0.985;0.985
'CoExistence(o, c)';'CoExistence';'o';'c';0.842;0.854;0.854
'RespondedExistence(o, c)';'RespondedExistence';'o';'c';0.842;0.917;0.917
'NotSuccession(o, c)';'NotSuccession';'o';'c';0.536;0.544;0.544
'CoExistence(o, d)';'CoExistence';'o';'d';0.918;0.918;0.918
'RespondedExistence(o, d)';'RespondedExistence';'o';'d';0.918;1.000;1.000
'Response(o, d)';'Response';'o';'d';0.536;0.584;0.584
'CoExistence(o, e)';'CoExistence';'o';'e';0.806;0.829;0.829
'RespondedExistence(o, e)';'RespondedExistence';'o';'e';0.806;0.878;0.878
'CoExistence(o, f)';'CoExistence';'o';'f';0.900;0.907;0.907
'RespondedExistence(o, f)';'RespondedExistence';'o';'f';0.900;0.980;0.980
'Response(o, f)';'Response';'o';'f';0.728;0.793;0.793
'CoExistence(o, g)';'CoExistence';'o';'g';0.842;0.852;0.852
'RespondedExistence(o, g)';'RespondedExistence';'o';'g';0.842;0.917;0.917
'CoExistence(o, h)';'CoExistence';'o';'h';0.656;0.676;0.676
'RespondedExistence(o, h)';'RespondedExistence';'o';'h';0.656;0.715;0.715
'CoExistence(o, i)';'CoExistence';'o';'i';0.834;0.849;0.849
'RespondedExistence(o, i)';'RespondedExistence';'o';'i';0.834;0.908;0.908
'CoExistence(o, l)';'CoExistence';'o';'l';0.604;0.623;0.623
'RespondedExistence(o, l)';'RespondedExistence';'o';'l';0.604;0.658;0.658
'CoExistence(o, m)';'CoExistence';'o';'m';0.774;0.785;0.785
'RespondedExistence(o, m)';'RespondedExistence';'o';'m';0.774;0.843;0.843
'CoExistence(o, n)';'CoExistence';'o';'n';0.888;0.895;0.895
'RespondedExistence(o, n)';'RespondedExistence';'o';'n';0.888;0.967;0.967
'Response(o, n)';'Response';'o';'n';0.732;0.797;0.797
'CoExistence(o, p)';'CoExistence';'o';'p';0.918;0.927;0.927
'Succession(o, p)';'Succession';'o';'p';0.498;0.503;0.503
'RespondedExistence(o, p)';'RespondedExistence';'o';'p';0.918;1.000;1.000
'Response(o, p)';'Response';'o';'p';0.892;0.972;0.972
'AlternateResponse(o, p)';'AlternateResponse';'o';'p';0.808;0.880;0.880
'ChainResponse(o, p)';'ChainResponse';'o';'p';0.680;0.741;0.741
'CoExistence(o, q)';'CoExistence';'o';'q';0.814;0.824;0.824
'RespondedExistence(o, q)';'RespondedExistence';'o';'q';0.814;0.887;0.887
'NotSuccession(o, r)';'NotSuccession';'o';'r';0.838;0.909;0.909
'NotCoExistence(o, r)';'NotCoExistence';'o';'r';0.808;0.876;0.876
'CoExistence(o, s)';'CoExistence';'o';'s';0.824;0.841;0.841
'RespondedExistence(o, s)';'RespondedExistence';'o';'s';0.824;0.898;0.898
'CoExistence(o, t)';'CoExistence';'o';'t';0.904;0.909;0.909
'RespondedExistence(o, t)';'RespondedExistence';'o';'t';0.904;0.985;0.985
'Response(o, t)';'Response';'o';'t';0.494;0.538;0.538
'CoExistence(o, u)';'CoExistence';'o';'u';0.816;0.831;0.831
'RespondedExistence(o, u)';'RespondedExistence';'o';'u';0.816;0.889;0.889
'CoExistence(o, v)';'CoExistence';'o';'v';0.812;0.829;0.829
'RespondedExistence(o, v)';'RespondedExistence';'o';'v';0.812;0.885;0.885
'CoExistence(o, w)';'CoExistence';'o';'w';0.836;0.843;0.843
'RespondedExistence(o, w)';'RespondedExistence';'o';'w';0.836;0.911;0.911
'CoExistence(o, z)';'CoExistence';'o';'z';0.812;0.829;0.829
'RespondedExistence(o, z)';'RespondedExistence';'o';'z';0.812;0.885;0.885
'Participation(p)';'Participation';'p';;0.990;0.990;0.990
'Precedence(a, p)';'Precedence';'p';'a';0.954;0.964;0.964
'Precedence(o, p)';'Precedence';'p';'o';0.518;0.523;0.523
'CoExistence(p, a)';'CoExistence';'p';'a';0.990;0.990;0.990
'RespondedExistence(p, a)';'RespondedExistence';'p';'a';0.990;1.000;1.000
'CoExistence(p, b)';'CoExistence';'p';'b';0.990;0.990;0.990
'Succession(p, b)';'Succession';'p';'b';0.666;0.666;0.666
'RespondedExistence(p, b)';'RespondedExistence';'p';'b';0.990;1.000;1.000
'Response(p, b)';'Response';'p';'b';0.976;0.986;0.986
'CoExistence(p, c)';'CoExistence';'p';'c';0.902;0.904;0.904
'RespondedExistence(p, c)';'RespondedExistence';'p';'c';0.902;0.911;0.911
'CoExistence(p, d)';'CoExistence';'p';'d';0.990;0.990;0.990
'RespondedExistence(p, d)';'RespondedExistence';'p';'d';0.990;1.000;1.000
'CoExistence(p, e)';'CoExistence';'p';'e';0.856;0.861;0.861
'RespondedExistence(p, e)';'RespondedExistence';'p';'e';0.856;0.865;0.865
'CoExistence(p, f)';'CoExistence';'p';'f';0.966;0.968;0.968
'RespondedExistence(p, f)';'RespondedExistence';'p';'f';0.966;0.976;0.976
'Response(p, f)';'Response';'p';'f';0.688;0.695;0.695
'CoExistence(p, g)';'CoExistence';'p';'g';0.904;0.906;0.906
'RespondedExistence(p, g)';'RespondedExistence';'p';'g';0.904;0.913;0.913
'CoExistence(p, h)';'CoExistence';'p';'h';0.706;0.712;0.712
'RespondedExistence(p, h)';'RespondedExistence';'p';'h';0.706;0.713;0.713
'CoExistence(p, i)';'CoExistence';'p';'i';0.892;0.896;0.896
'RespondedExistence(p, i)';'RespondedExistence';'p';'i';0.892;0.901;0.901
'CoExistence(p, l)';'CoExistence';'p';'l';0.652;0.656;0.656
'RespondedExistence(p, l)';'RespondedExistence';'p';'l';0.652;0.659;0.659
'CoExistence(p, m)';'CoExistence';'p';'m';0.836;0.839;0.839
'RespondedExistence(p, m)';'RespondedExistence';'p';'m';0.836;0.844;0.844
'CoExistence(p, n)';'CoExistence';'p';'n';0.954;0.956;0.956
'RespondedExistence(p, n)';'RespondedExistence';'p';'n';0.954;0.964;0.964
'Response(p, n)';'Response';'p';'n';0.712;0.719;0.719
'CoExistence(p, o)';'CoExistence';'p';'o';0.918;0.927;0.927
'RespondedExistence(p, o)';'RespondedExistence';'p';'o';0.918;0.927;0.927
'CoExistence(p, q)';'CoExistence';'p';'q';0.880;0.885;0.885
'RespondedExistence(p, q)';'RespondedExistence';'p';'q';0.880;0.889;0.889
'NotSuccession(p, r)';'NotSuccession';'p';'r';0.896;0.905;0.905
'NotCoExistence(p, r)';'NotCoExistence';'p';'r';0.872;0.881;0.881
'CoExistence(p, s)';'CoExistence';'p';'s';0.880;0.884;0.884
'RespondedExistence(p, s)';'RespondedExistence';'p';'s';0.880;0.889;0.889
'CoExistence(p, t)';'CoExistence';'p';'t';0.972;0.974;0.974
'RespondedExistence(p, t)';'RespondedExistence';'p';'t';0.972;0.982;0.982
'CoExistence(p, u)';'CoExistence';'p';'u';0.872;0.874;0.874
'RespondedExistence(p, u)';'RespondedExistence';'p';'u';0.872;0.881;0.881
'CoExistence(p, v)';'CoExistence';'p';'v';0.868;0.871;0.871
'RespondedExistence(p, v)';'RespondedExistence';'p';'v';0.868;0.877;0.877
'CoExistence(p, w)';'CoExistence';'p';'w';0.902;0.904;0.904
'RespondedExistence(p, w)';'RespondedExistence';'p';'w';0.902;0.911;0.911
'CoExistence(p, z)';'CoExistence';'p';'z';0.870;0.875;0.875
'RespondedExistence(p, z)';'RespondedExistence';'p';'z';0.870;0.879;0.879
'Participation(q)';'Participation';'q';;0.884;0.884;0.884
'Precedence(a, q)';'Precedence';'q';'a';0.864;0.977;0.977
'Precedence(p, q)';'Precedence';'q';'p';0.576;0.652;0.652
'CoExistence(q, a)';'CoExistence';'q';'a';0.884;0.884;0.884
'RespondedExistence(q, a)';'RespondedExistence';'q';'a';0.884;1.000;1.000
'CoExistence(q, b)';'CoExistence';'q';'b';0.884;0.884;0.884
'Succession(q, b)';'Succession';'q';'b';0.500;0.500;0.500
'RespondedExistence(q, b)';'RespondedExistence';'q';'b';0.884;1.000;1.000
'Response(q, b)';'Response';'q';'b';0.874;0.989;0.989
'CoExistence(q, c)';'CoExistence';'q';'c';0.814;0.831;0.831
'RespondedExistence(q, c)';'RespondedExistence';'q';'c';0.814;0.921;0.921
'NotSuccession(q, c)';'NotSuccession';'q';'c';0.572;0.584;0.584
'CoExistence(q, d)';'CoExistence';'q';'d';0.884;0.884;0.884
'RespondedExistence(q, d)';'RespondedExistence';'q';'d';0.884;1.000;1.000
'Response(q, d)';'Response';'q';'d';0.474;0.536;0.536
'CoExistence(q, e)';'CoExistence';'q';'e';0.780;0.809;0.809
'RespondedExistence(q, e)';'RespondedExistence';'q';'e';0.780;0.882;0.882
'CoExistence(q, f)';'CoExistence';'q';'f';0.868;0.877;0.877
'RespondedExistence(q, f)';'RespondedExistence';'q';'f';0.868;0.982;0.982
'Response(q, f)';'Response';'q';'f';0.696;0.787;0.787
'CoExistence(q, g)';'CoExistence';'q';'g';0.808;0.818;0.818
'RespondedExistence(q, g)';'RespondedExistence';'q';'g';0.808;0.914;0.914
'CoExistence(q, h)';'CoExistence';'q';'h';0.640;0.672;0.672
'RespondedExistence(q, h)';'RespondedExistence';'q';'h';0.640;0.724;0.724
'CoExistence(q, i)';'CoExistence';'q';'i';0.806;0.826;0.826
'RespondedExistence(q, i)';'RespondedExistence';'q';'i';0.806;0.912;0.912
'CoExistence(q, l)';'CoExistence';'q';'l';0.596;0.631;0.631
'RespondedExistence(q, l)';'RespondedExistence';'q';'l';0.596;0.674;0.674
'CoExistence(q, m)';'CoExistence';'q';'m';0.752;0.772;0.772
'RespondedExistence(q, m)';'RespondedExistence';'q';'m';0.752;0.851;0.851
'CoExistence(q, n)';'CoExistence';'q';'n';0.856;0.865;0.865
'RespondedExistence(q, n)';'RespondedExistence';'q';'n';0.856;0.968;0.968
'Response(q, n)';'Response';'q';'n';0.668;0.756;0.756
'CoExistence(q, o)';'CoExistence';'q';'o';0.814;0.824;0.824
'RespondedExistence(q, o)';'RespondedExistence';'q';'o';0.814;0.921;0.921
'CoExistence(q, p)';'CoExistence';'q';'p';0.880;0.885;0.885
'RespondedExistence(q, p)';'RespondedExistence';'q';'p';0.880;0.995;0.995
'Response(q, p)';'Response';'q';'p';0.564;0.638;0.638
'NotSuccession(q, r)';'NotSuccession';'q';'r';0.766;0.867;0.867
'NotCoExistence(q, r)';'NotCoExistence';'q';'r';0.766;0.867;0.867
'CoExistence(q, s)';'CoExistence';'q';'s';0.794;0.814;0.814
'RespondedExistence(q, s)';'RespondedExistence';'q';'s';0.794;0.898;0.898
'CoExistence(q, t)';'CoExistence';'q';'t';0.876;0.887;0.887
'RespondedExistence(q, t)';'RespondedExistence';'q';'t';0.876;0.991;0.991
'Response(q, t)';'Response';'q';'t';0.472;0.534;0.534
'CoExistence(q, u)';'CoExistence';'q';'u';0.784;0.800;0.800
'RespondedExistence(q, u)';'RespondedExistence';'q';'u';0.784;0.887;0.887
'CoExistence(q, v)';'CoExistence';'q';'v';0.780;0.798;0.798
'RespondedExistence(q, v)';'RespondedExistence';'q';'v';0.780;0.882;0.882
'CoExistence(q, w)';'CoExistence';'q';'w';0.812;0.827;0.827
'RespondedExistence(q, w)';'RespondedExistence';'q';'w';0.812;0.919;0.919
'CoExistence(q, z)';'CoExistence';'q';'z';0.784;0.805;0.805
'RespondedExistence(q, z)';'RespondedExistence';'q';'z';0.784;0.887;0.887
'AtMostOne(r)';'AtMostOne';'r';;0.110;0.932;0.932
'Precedence(a, r)';'Precedence';'r';'a';0.118;1.000;1.000
'AlternatePrecedence(a, r)';'AlternatePrecedence';'r';'a';0.112;0.949;0.949
'Precedence(b, r)';'Precedence';'r';'b';0.074;0.627;0.627
'AlternatePrecedence(b, r)';'AlternatePrecedence';'r';'b';0.072;0.610;0.610
'Precedence(c, r)';'Precedence';'r';'c';0.086;0.729;0.729
'AlternatePrecedence(c, r)';'AlternatePrecedence';'r';'c';0.082;0.695;0.695
'Precedence(d, r)';'Precedence';'r';'d';0.078;0.661;0.661
'AlternatePrecedence(d, r)';'AlternatePrecedence';'r';'d';0.074;0.627;0.627
'Precedence(e, r)';'Precedence';'r';'e';0.084;0.712;0.712
'AlternatePrecedence(e, r)';'AlternatePrecedence';'r';'e';0.080;0.678;0.678
'Precedence(f, r)';'Precedence';'r';'f';0.072;0.610;0.610
'AlternatePrecedence(f, r)';'AlternatePrecedence';'r';'f';0.072;0.610;0.610
'Precedence(g, r)';'Precedence';'r';'g';0.086;0.729;0.729
'AlternatePrecedence(g, r)';'AlternatePrecedence';'r';'g';0.084;0.712;0.712
'Precedence(i, r)';'Precedence';'r';'i';0.070;0.593;0.593
'AlternatePrecedence(i, r)';'AlternatePrecedence';'r';'i';0.062;0.525;0.525
'Precedence(m, r)';'Precedence';'r';'m';0.072;0.610;0.610
'AlternatePrecedence(m, r)';'AlternatePrecedence';'r';'m';0.068;0.576;0.576
'Precedence(n, r)';'Precedence';'r';'n';0.080;0.678;0.678
'AlternatePrecedence(n, r)';'AlternatePrecedence';'r';'n';0.076;0.644;0.644
'Precedence(o, r)';'Precedence';'r';'o';0.080;0.678;0.678
'AlternatePrecedence(o, r)';'AlternatePrecedence';'r';'o';0.078;0.661;0.661
'Precedence(p, r)';'Precedence';'r';'p';0.092;0.780;0.780
'AlternatePrecedence(p, r)';'AlternatePrecedence';'r';'p';0.090;0.763;0.763
'Precedence(q, r)';'Precedence';'r';'q';0.118;1.000;1.000
'AlternatePrecedence(q, r)';'AlternatePrecedence';'r';'q';0.116;0.983;0.983
'ChainPrecedence(q, r)';'ChainPrecedence';'r';'q';0.104;0.881;0.881
'RespondedExistence(r, a)';'RespondedExistence';'r';'a';0.118;1.000;1.000
'Response(r, a)';'Response';'r';'a';0.062;0.525;0.525
'AlternateResponse(r, a)';'AlternateResponse';'r';'a';0.060;0.508;0.508
'NotSuccession(r, a)';'NotSuccession';'r';'a';0.936;0.936;0.936
'NotCoExistence(r, a)';'NotCoExistence';'r';'a';0.882;0.882;0.882
'RespondedExistence(r, b)';'RespondedExistence';'r';'b';0.118;1.000;1.000
'Response(r, b)';'Response';'r';'b';0.116;0.983;0.983
'AlternateResponse(r, b)';'AlternateResponse';'r';'b';0.110;0.932;0.932
'NotSuccession(r, b)';'NotSuccession';'r';'b';0.884;0.884;0.884
'NotCoExistence(r, b)';'NotCoExistence';'r';'b';0.882;0.882;0.882
'RespondedExistence(r, c)';'RespondedExistence';'r';'c';0.112;0.949;0.949
'NotSuccession(r, c)';'NotSuccession';'r';'c';0.890;0.972;0.972
'NotCoExistence(r, c)';'NotCoExistence';'r';'c';0.804;0.878;0.878
'RespondedExistence(r, d)';'RespondedExistence';'r';'d';0.118;1.000;1.000
'Response(r, d)';'Response';'r';'d';0.074;0.627;0.627
'AlternateResponse(r, d)';'AlternateResponse';'r';'d';0.068;0.576;0.576
'NotSuccession(r, d)';'NotSuccession';'r';'d';0.926;0.926;0.926
'NotCoExistence(r, d)';'NotCoExistence';'r';'d';0.882;0.882;0.882
'RespondedExistence(r, e)';'RespondedExistence';'r';'e';0.110;0.932;0.932
'NotSuccession(r, e)';'NotSuccession';'r';'e';0.812;0.935;0.935
'NotCoExistence(r, e)';'NotCoExistence';'r';'e';0.758;0.873;0.873
'RespondedExistence(r, f)';'RespondedExistence';'r';'f';0.118;1.000;1.000
'Response(r, f)';'Response';'r';'f';0.102;0.864;0.864
'AlternateResponse(r, f)';'AlternateResponse';'r';'f';0.096;0.814;0.814
'NotSuccession(r, f)';'NotSuccession';'r';'f';0.872;0.895;0.895
'NotCoExistence(r, f)';'NotCoExistence';'r';'f';0.856;0.879;0.879
'RespondedExistence(r, g)';'RespondedExistence';'r';'g';0.116;0.983;0.983
'Response(r, g)';'Response';'r';'g';0.064;0.542;0.542
'AlternateResponse(r, g)';'AlternateResponse';'r';'g';0.062;0.525;0.525
'NotSuccession(r, g)';'NotSuccession';'r';'g';0.850;0.930;0.930
'NotCoExistence(r, g)';'NotCoExistence';'r';'g';0.798;0.873;0.873
'RespondedExistence(r, h)';'RespondedExistence';'r';'h';0.088;0.746;0.746
'NotSuccession(r, h)';'NotSuccession';'r';'h';0.682;0.924;0.924
'NotCoExistence(r, h)';'NotCoExistence';'r';'h';0.650;0.881;0.881
'RespondedExistence(r, i)';'RespondedExistence';'r';'i';0.102;0.864;0.864
'Response(r, i)';'Response';'r';'i';0.062;0.525;0.525
'NotSuccession(r, i)';'NotSuccession';'r';'i';0.852;0.932;0.932
'NotCoExistence(r, i)';'NotCoExistence';'r';'i';0.812;0.888;0.888
'RespondedExistence(r, l)';'RespondedExistence';'r';'l';0.064;0.542;0.542
'NotSuccession(r, l)';'NotSuccession';'r';'l';0.680;0.958;0.958
'NotCoExistence(r, l)';'NotCoExistence';'r';'l';0.646;0.910;0.910
'RespondedExistence(r, m)';'RespondedExistence';'r';'m';0.100;0.847;0.847
'NotSuccession(r, m)';'NotSuccession';'r';'m';0.816;0.949;0.949
'NotCoExistence(r, m)';'NotCoExistence';'r';'m';0.760;0.884;0.884
'RespondedExistence(r, n)';'RespondedExistence';'r';'n';0.114;0.966;0.966
'Response(r, n)';'Response';'r';'n';0.098;0.831;0.831
'AlternateResponse(r, n)';'AlternateResponse';'r';'n';0.094;0.797;0.797
'NotSuccession(r, n)';'NotSuccession';'r';'n';0.868;0.899;0.899
'NotCoExistence(r, n)';'NotCoExistence';'r';'n';0.852;0.882;0.882
'RespondedExistence(r, o)';'RespondedExistence';'r';'o';0.114;0.966;0.966
'Response(r, o)';'Response';'r';'o';0.066;0.559;0.559
'AlternateResponse(r, o)';'AlternateResponse';'r';'o';0.064;0.542;0.542
'NotSuccession(r, o)';'NotSuccession';'r';'o';0.854;0.926;0.926
'NotCoExistence(r, o)';'NotCoExistence';'r';'o';0.808;0.876;0.876
'RespondedExistence(r, p)';'RespondedExistence';'r';'p';0.118;1.000;1.000
'Response(r, p)';'Response';'r';'p';0.080;0.678;0.678
'AlternateResponse(r, p)';'AlternateResponse';'r';'p';0.078;0.661;0.661
'NotSuccession(r, p)';'NotSuccession';'r';'p';0.910;0.919;0.919
'NotCoExistence(r, p)';'NotCoExistence';'r';'p';0.872;0.881;0.881
'RespondedExistence(r, q)';'RespondedExistence';'r';'q';0.118;1.000;1.000
'Response(r, q)';'Response';'r';'q';0.070;0.593;0.593
'AlternateResponse(r, q)';'AlternateResponse';'r';'q';0.070;0.593;0.593
'NotSuccession(r, q)';'NotSuccession';'r';'q';0.812;0.919;0.919
'NotCoExistence(r, q)';'NotCoExistence';'r';'q';0.766;0.867;0.867
'RespondedExistence(r, s)';'RespondedExistence';'r';'s';0.100;0.847;0.847
'NotSuccession(r, s)';'NotSuccession';'r';'s';0.848;0.938;0.938
'NotCoExistence(r, s)';'NotCoExistence';'r';'s';0.804;0.889;0.889
'RespondedExistence(r, t)';'RespondedExistence';'r';'t';0.114;0.966;0.966
'Response(r, t)';'Response';'r';'t';0.072;0.610;0.610
'AlternateResponse(r, t)';'AlternateResponse';'r';'t';0.068;0.576;0.576
'NotSuccession(r, t)';'NotSuccession';'r';'t';0.910;0.925;0.925
'NotCoExistence(r, t)';'NotCoExistence';'r';'t';0.870;0.884;0.884
'RespondedExistence(r, u)';'RespondedExistence';'r';'u';0.108;0.915;0.915
'Response(r, u)';'Response';'r';'u';0.068;0.576;0.576
'AlternateResponse(r, u)';'AlternateResponse';'r';'u';0.064;0.542;0.542
'NotSuccession(r, u)';'NotSuccession';'r';'u';0.822;0.924;0.924
'NotCoExistence(r, u)';'NotCoExistence';'r';'u';0.782;0.879;0.879
'RespondedExistence(r, v)';'RespondedExistence';'r';'v';0.108;0.915;0.915
'NotSuccession(r, v)';'NotSuccession';'r';'v';0.830;0.939;0.939
'NotCoExistence(r, v)';'NotCoExistence';'r';'v';0.776;0.878;0.878
'RespondedExistence(r, w)';'RespondedExistence';'r';'w';0.108;0.915;0.915
'Response(r, w)';'Response';'r';'w';0.064;0.542;0.542
'AlternateResponse(r, w)';'AlternateResponse';'r';'w';0.062;0.525;0.525
'NotSuccession(r, w)';'NotSuccession';'r';'w';0.856;0.930;0.930
'NotCoExistence(r, w)';'NotCoExistence';'r';'w';0.812;0.883;0.883
'RespondedExistence(r, z)';'RespondedExistence';'r';'z';0.098;0.831;0.831
'NotSuccession(r, z)';'NotSuccession';'r';'z';0.840;0.940;0.940
'NotCoExistence(r, z)';'NotCoExistence';'r';'z';0.796;0.890;0.890
'Precedence(s, r)';'Precedence';'r';'s';0.084;0.712;0.712
'AlternatePrecedence(s, r)';'AlternatePrecedence';'r';'s';0.080;0.678;0.678
'Precedence(t, r)';'Precedence';'r';'t';0.070;0.593;0.593
'AlternatePrecedence(t, r)';'AlternatePrecedence';'r';'t';0.068;0.576;0.576
'Precedence(u, r)';'Precedence';'r';'u';0.078;0.661;0.661
'AlternatePrecedence(u, r)';'AlternatePrecedence';'r';'u';0.074;0.627;0.627
'Precedence(v, r)';'Precedence';'r';'v';0.082;0.695;0.695
'AlternatePrecedence(v, r)';'AlternatePrecedence';'r';'v';0.078;0.661;0.661
'Precedence(w, r)';'Precedence';'r';'w';0.072;0.610;0.610
'AlternatePrecedence(w, r)';'AlternatePrecedence';'r';'w';0.070;0.593;0.593
'Precedence(z, r)';'Precedence';'r';'z';0.076;0.644;0.644
'AlternatePrecedence(z, r)';'AlternatePrecedence';'r';'z';0.074;0.627;0.627
'Participation(s)';'Participation';'s';;0.886;0.886;0.886
'Precedence(a, s)';'Precedence';'s';'a';0.858;0.968;0.968
'Precedence(p, s)';'Precedence';'s';'p';0.548;0.619;0.619
'CoExistence(s, a)';'CoExistence';'s';'a';0.886;0.886;0.886
'RespondedExistence(s, a)';'RespondedExistence';'s';'a';0.886;1.000;1.000
'CoExistence(s, b)';'CoExistence';'s';'b';0.886;0.886;0.886
'Succession(s, b)';'Succession';'s';'b';0.524;0.524;0.524
'RespondedExistence(s, b)';'RespondedExistence';'s';'b';0.886;1.000;1.000
'Response(s, b)';'Response';'s';'b';0.880;0.993;0.993
'CoExistence(s, c)';'CoExistence';'s';'c';0.818;0.836;0.836
'RespondedExistence(s, c)';'RespondedExistence';'s';'c';0.818;0.923;0.923
'NotSuccession(s, c)';'NotSuccession';'s';'c';0.526;0.538;0.538
'CoExistence(s, d)';'CoExistence';'s';'d';0.886;0.886;0.886
'RespondedExistence(s, d)';'RespondedExistence';'s';'d';0.886;1.000;1.000
'Response(s, d)';'Response';'s';'d';0.496;0.560;0.560
'CoExistence(s, e)';'CoExistence';'s';'e';0.776;0.800;0.800
'RespondedExistence(s, e)';'RespondedExistence';'s';'e';0.776;0.876;0.876
'CoExistence(s, f)';'CoExistence';'s';'f';0.872;0.883;0.883
'RespondedExistence(s, f)';'RespondedExistence';'s';'f';0.872;0.984;0.984
'Response(s, f)';'Response';'s';'f';0.690;0.779;0.779
'CoExistence(s, g)';'CoExistence';'s';'g';0.810;0.820;0.820
'RespondedExistence(s, g)';'RespondedExistence';'s';'g';0.810;0.914;0.914
'CoExistence(s, h)';'CoExistence';'s';'h';0.620;0.637;0.637
'RespondedExistence(s, h)';'RespondedExistence';'s';'h';0.620;0.700;0.700
'CoExistence(s, i)';'CoExistence';'s';'i';0.800;0.813;0.813
'RespondedExistence(s, i)';'RespondedExistence';'s';'i';0.800;0.903;0.903
'CoExistence(s, l)';'CoExistence';'s';'l';0.584;0.610;0.610
'RespondedExistence(s, l)';'RespondedExistence';'s';'l';0.584;0.659;0.659
'CoExistence(s, m)';'CoExistence';'s';'m';0.766;0.796;0.796
'RespondedExistence(s, m)';'RespondedExistence';'s';'m';0.766;0.865;0.865
'CoExistence(s, n)';'CoExistence';'s';'n';0.862;0.874;0.874
'RespondedExistence(s, n)';'RespondedExistence';'s';'n';0.862;0.973;0.973
'Response(s, n)';'Response';'s';'n';0.716;0.808;0.808
'CoExistence(s, o)';'CoExistence';'s';'o';0.824;0.841;0.841
'RespondedExistence(s, o)';'RespondedExistence';'s';'o';0.824;0.930;0.930
'CoExistence(s, p)';'CoExistence';'s';'p';0.880;0.884;0.884
'RespondedExistence(s, p)';'RespondedExistence';'s';'p';0.880;0.993;0.993
'Response(s, p)';'Response';'s';'p';0.584;0.659;0.659
'CoExistence(s, q)';'CoExistence';'s';'q';0.794;0.814;0.814
'RespondedExistence(s, q)';'RespondedExistence';'s';'q';0.794;0.896;0.896
'NotSuccession(s, r)';'NotSuccession';'s';'r';0.818;0.905;0.905
'NotCoExistence(s, r)';'NotCoExistence';'s';'r';0.804;0.889;0.889
'CoExistence(s, t)';'CoExistence';'s';'t';0.886;0.904;0.904
'RespondedExistence(s, t)';'RespondedExistence';'s';'t';0.886;1.000;1.000
'Response(s, t)';'Response';'s';'t';0.504;0.569;0.569
'CoExistence(s, u)';'CoExistence';'s';'u';0.790;0.809;0.809
'RespondedExistence(s, u)';'RespondedExistence';'s';'u';0.790;0.892;0.892
'CoExistence(s, v)';'CoExistence';'s';'v';0.782;0.800;0.800
'RespondedExistence(s, v)';'RespondedExistence';'s';'v';0.782;0.883;0.883
'CoExistence(s, w)';'CoExistence';'s';'w';0.808;0.818;0.818
'RespondedExistence(s, w)';'RespondedExistence';'s';'w';0.808;0.912;0.912
'CoExistence(s, z)';'CoExistence';'s';'z';0.776;0.789;0.789
'RespondedExistence(s, z)';'RespondedExistence';'s';'z';0.776;0.876;0.876
'Participation(t)';'Participation';'t';;0.980;0.980;0.980
'Precedence(a, t)';'Precedence';'t';'a';0.958;0.978;0.978
'Precedence(b, t)';'Precedence';'t';'b';0.514;0.524;0.524
'Precedence(c, t)';'Precedence';'t';'c';0.530;0.541;0.541
'Precedence(d, t)';'Precedence';'t';'d';0.508;0.518;0.518
'Precedence(f, t)';'Precedence';'t';'f';0.492;0.502;0.502
'Precedence(g, t)';'Precedence';'t';'g';0.522;0.533;0.533
'Precedence(i, t)';'Precedence';'t';'i';0.512;0.522;0.522
'Precedence(m, t)';'Precedence';'t';'m';0.504;0.514;0.514
'Precedence(n, t)';'Precedence';'t';'n';0.498;0.508;0.508
'Precedence(o, t)';'Precedence';'t';'o';0.556;0.567;0.567
'Precedence(p, t)';'Precedence';'t';'p';0.696;0.710;0.710
'Precedence(q, t)';'Precedence';'t';'q';0.532;0.543;0.543
'Precedence(s, t)';'Precedence';'t';'s';0.576;0.588;0.588
'CoExistence(t, a)';'CoExistence';'t';'a';0.980;0.980;0.980
'RespondedExistence(t, a)';'RespondedExistence';'t';'a';0.980;1.000;1.000
'CoExistence(t, b)';'CoExistence';'t';'b';0.980;0.980;0.980
'RespondedExistence(t, b)';'RespondedExistence';'t';'b';0.980;1.000;1.000
'Response(t, b)';'Response';'t';'b';0.972;0.992;0.992
'CoExistence(t, c)';'CoExistence';'t';'c';0.900;0.909;0.909
'RespondedExistence(t, c)';'RespondedExistence';'t';'c';0.900;0.918;0.918
'NotSuccession(t, c)';'NotSuccession';'t';'c';0.610;0.616;0.616
'CoExistence(t, d)';'CoExistence';'t';'d';0.980;0.980;0.980
'RespondedExistence(t, d)';'RespondedExistence';'t';'d';0.980;1.000;1.000
'Response(t, d)';'Response';'t';'d';0.494;0.504;0.504
'CoExistence(t, e)';'CoExistence';'t';'e';0.854;0.866;0.866
'RespondedExistence(t, e)';'RespondedExistence';'t';'e';0.854;0.871;0.871
'CoExistence(t, f)';'CoExistence';'t';'f';0.960;0.966;0.966
'RespondedExistence(t, f)';'RespondedExistence';'t';'f';0.960;0.980;0.980
'Response(t, f)';'Response';'t';'f';0.700;0.714;0.714
'CoExistence(t, g)';'CoExistence';'t';'g';0.898;0.903;0.903
'RespondedExistence(t, g)';'RespondedExistence';'t';'g';0.898;0.916;0.916
'CoExistence(t, h)';'CoExistence';'t';'h';0.698;0.705;0.705
'RespondedExistence(t, h)';'RespondedExistence';'t';'h';0.698;0.712;0.712
'CoExistence(t, i)';'CoExistence';'t';'i';0.884;0.889;0.889
'RespondedExistence(t, i)';'RespondedExistence';'t';'i';0.884;0.902;0.902
'CoExistence(t, l)';'CoExistence';'t';'l';0.650;0.659;0.659
'RespondedExistence(t, l)';'RespondedExistence';'t';'l';0.650;0.663;0.663
'NotSuccession(t, l)';'NotSuccession';'t';'l';0.522;0.529;0.529
'CoExistence(t, m)';'CoExistence';'t';'m';0.834;0.844;0.844
'RespondedExistence(t, m)';'RespondedExistence';'t';'m';0.834;0.851;0.851
'NotSuccession(t, m)';'NotSuccession';'t';'m';0.512;0.518;0.518
'CoExistence(t, n)';'CoExistence';'t';'n';0.952;0.962;0.962
'RespondedExistence(t, n)';'RespondedExistence';'t';'n';0.952;0.971;0.971
'Response(t, n)';'Response';'t';'n';0.722;0.737;0.737
'CoExistence(t, o)';'CoExistence';'t';'o';0.904;0.909;0.909
'RespondedExistence(t, o)';'RespondedExistence';'t';'o';0.904;0.922;0.922
'CoExistence(t, p)';'CoExistence';'t';'p';0.972;0.974;0.974
'RespondedExistence(t, p)';'RespondedExistence';'t';'p';0.972;0.992;0.992
'Response(t, p)';'Response';'t';'p';0.566;0.578;0.578
'CoExistence(t, q)';'CoExistence';'t';'q';0.876;0.887;0.887
'RespondedExistence(t, q)';'RespondedExistence';'t';'q';0.876;0.894;0.894
'NotSuccession(t, r)';'NotSuccession';'t';'r';0.914;0.929;0.929
'NotCoExistence(t, r)';'NotCoExistence';'t';'r';0.870;0.884;0.884
'CoExistence(t, s)';'CoExistence';'t';'s';0.886;0.904;0.904
'RespondedExistence(t, s)';'RespondedExistence';'t';'s';0.886;0.904;0.904
'CoExistence(t, u)';'CoExistence';'t';'u';0.868;0.875;0.875
'RespondedExistence(t, u)';'RespondedExistence';'t';'u';0.868;0.886;0.886
'CoExistence(t, v)';'CoExistence';'t';'v';0.864;0.873;0.873
'RespondedExistence(t, v)';'RespondedExistence';'t';'v';0.864;0.882;0.882
'CoExistence(t, w)';'CoExistence';'t';'w';0.898;0.905;0.905
'RespondedExistence(t, w)';'RespondedExistence';'t';'w';0.898;0.916;0.916
'CoExistence(t, z)';'CoExistence';'t';'z';0.862;0.869;0.869
'RespondedExistence(t, z)';'RespondedExistence';'t';'z';0.862;0.880;0.880
'Precedence(u, t)';'Precedence';'t';'u';0.500;0.510;0.510
'Precedence(v, t)';'Precedence';'t';'v';0.518;0.529;0.529
'Precedence(w, t)';'Precedence';'t';'w';0.528;0.539;0.539
'Precedence(z, t)';'Precedence';'t';'z';0.500;0.510;0.510
'Participation(u)';'Participation';'u';;0.880;0.880;0.880
'Precedence(a, u)';'Precedence';'u';'a';0.858;0.975;0.975
'Precedence(p, u)';'Precedence';'u';'p';0.558;0.634;0.634
'CoExistence(u, a)';'CoExistence';'u';'a';0.880;0.880;0.880
'RespondedExistence(u, a)';'RespondedExistence';'u';'a';0.880;1.000;1.000
'CoExistence(u, b)';'CoExistence';'u';'b';0.880;0.880;0.880
'RespondedExistence(u, b)';'RespondedExistence';'u';'b';0.880;1.000;1.000
'Response(u, b)';'Response';'u';'b';0.864;0.982;0.982
'CoExistence(u, c)';'CoExistence';'u';'c';0.814;0.834;0.834
'RespondedExistence(u, c)';'RespondedExistence';'u';'c';0.814;0.925;0.925
'NotSuccession(u, c)';'NotSuccession';'u';'c';0.558;0.572;0.572
'CoExistence(u, d)';'CoExistence';'u';'d';0.880;0.880;0.880
'RespondedExistence(u, d)';'RespondedExistence';'u';'d';0.880;1.000;1.000
'Response(u, d)';'Response';'u';'d';0.488;0.555;0.555
'CoExistence(u, e)';'CoExistence';'u';'e';0.772;0.798;0.798
'RespondedExistence(u, e)';'RespondedExistence';'u';'e';0.772;0.877;0.877
'CoExistence(u, f)';'CoExistence';'u';'f';0.860;0.865;0.865
'RespondedExistence(u, f)';'RespondedExistence';'u';'f';0.860;0.977;0.977
'Response(u, f)';'Response';'u';'f';0.688;0.782;0.782
'CoExistence(u, g)';'CoExistence';'u';'g';0.822;0.847;0.847
'RespondedExistence(u, g)';'RespondedExistence';'u';'g';0.822;0.934;0.934
'CoExistence(u, h)';'CoExistence';'u';'h';0.640;0.675;0.675
'RespondedExistence(u, h)';'RespondedExistence';'u';'h';0.640;0.727;0.727
'CoExistence(u, i)';'CoExistence';'u';'i';0.794;0.807;0.807
'RespondedExistence(u, i)';'RespondedExistence';'u';'i';0.794;0.902;0.902
'CoExistence(u, l)';'CoExistence';'u';'l';0.588;0.620;0.620
'RespondedExistence(u, l)';'RespondedExistence';'u';'l';0.588;0.668;0.668
'NotSuccession(u, l)';'NotSuccession';'u';'l';0.490;0.517;0.517
'CoExistence(u, m)';'CoExistence';'u';'m';0.762;0.794;0.794
'RespondedExistence(u, m)';'RespondedExistence';'u';'m';0.762;0.866;0.866
'CoExistence(u, n)';'CoExistence';'u';'n';0.862;0.880;0.880
'RespondedExistence(u, n)';'RespondedExistence';'u';'n';0.862;0.980;0.980
'Response(u, n)';'Response';'u';'n';0.716;0.814;0.814
'CoExistence(u, o)';'CoExistence';'u';'o';0.816;0.831;0.831
'RespondedExistence(u, o)';'RespondedExistence';'u';'o';0.816;0.927;0.927
'CoExistence(u, p)';'CoExistence';'u';'p';0.872;0.874;0.874
'RespondedExistence(u, p)';'RespondedExistence';'u';'p';0.872;0.991;0.991
'Response(u, p)';'Response';'u';'p';0.582;0.661;0.661
'CoExistence(u, q)';'CoExistence';'u';'q';0.784;0.800;0.800
'RespondedExistence(u, q)';'RespondedExistence';'u';'q';0.784;0.891;0.891
'NotSuccession(u, r)';'NotSuccession';'u';'r';0.812;0.912;0.912
'NotCoExistence(u, r)';'NotCoExistence';'u';'r';0.782;0.879;0.879
'CoExistence(u, s)';'CoExistence';'u';'s';0.790;0.809;0.809
'RespondedExistence(u, s)';'RespondedExistence';'u';'s';0.790;0.898;0.898
'CoExistence(u, t)';'CoExistence';'u';'t';0.868;0.875;0.875
'RespondedExistence(u, t)';'RespondedExistence';'u';'t';0.868;0.986;0.986
'Response(u, t)';'Response';'u';'t';0.456;0.518;0.518
'CoExistence(u, v)';'CoExistence';'u';'v';0.772;0.786;0.786
'RespondedExistence(u, v)';'RespondedExistence';'u';'v';0.772;0.877;0.877
'CoExistence(u, w)';'CoExistence';'u';'w';0.806;0.819;0.819
'RespondedExistence(u, w)';'RespondedExistence';'u';'w';0.806;0.916;0.916
'CoExistence(u, z)';'CoExistence';'u';'z';0.776;0.793;0.793
'RespondedExistence(u, z)';'RespondedExistence';'u';'z';0.776;0.882;0.882
'Participation(v)';'Participation';'v';;0.874;0.874;0.874
'Precedence(a, v)';'Precedence';'v';'a';0.856;0.979;0.979
'Precedence(p, v)';'Precedence';'v';'p';0.570;0.652;0.652
'CoExistence(v, a)';'CoExistence';'v';'a';0.874;0.874;0.874
'RespondedExistence(v, a)';'RespondedExistence';'v';'a';0.874;1.000;1.000
'CoExistence(v, b)';'CoExistence';'v';'b';0.874;0.874;0.874
'RespondedExistence(v, b)';'RespondedExistence';'v';'b';0.874;1.000;1.000
'Response(v, b)';'Response';'v';'b';0.868;0.993;0.993
'CoExistence(v, c)';'CoExistence';'v';'c';0.808;0.828;0.828
'RespondedExistence(v, c)';'RespondedExistence';'v';'c';0.808;0.924;0.924
'NotSuccession(v, c)';'NotSuccession';'v';'c';0.586;0.600;0.600
'CoExistence(v, d)';'CoExistence';'v';'d';0.874;0.874;0.874
'RespondedExistence(v, d)';'RespondedExistence';'v';'d';0.874;1.000;1.000
'Response(v, d)';'Response';'v';'d';0.476;0.545;0.545
'CoExistence(v, e)';'CoExistence';'v';'e';0.778;0.814;0.814
'RespondedExistence(v, e)';'RespondedExistence';'v';'e';0.778;0.890;0.890
'CoExistence(v, f)';'CoExistence';'v';'f';0.858;0.867;0.867
'RespondedExistence(v, f)';'RespondedExistence';'v';'f';0.858;0.982;0.982
'Response(v, f)';'Response';'v';'f';0.682;0.780;0.780
'CoExistence(v, g)';'CoExistence';'v';'g';0.798;0.808;0.808
'RespondedExistence(v, g)';'RespondedExistence';'v';'g';0.798;0.913;0.913
'CoExistence(v, h)';'CoExistence';'v';'h';0.624;0.651;0.651
'RespondedExistence(v, h)';'RespondedExistence';'v';'h';0.624;0.714;0.714
'CoExistence(v, i)';'CoExistence';'v';'i';0.794;0.812;0.812
'RespondedExistence(v, i)';'RespondedExistence';'v';'i';0.794;0.908;0.908
'CoExistence(v, l)';'CoExistence';'v';'l';0.574;0.600;0.600
'RespondedExistence(v, l)';'RespondedExistence';'v';'l';0.574;0.657;0.657
'NotSuccession(v, l)';'NotSuccession';'v';'l';0.482;0.504;0.504
'CoExistence(v, m)';'CoExistence';'v';'m';0.746;0.769;0.769
'RespondedExistence(v, m)';'RespondedExistence';'v';'m';0.746;0.854;0.854
'CoExistence(v, n)';'CoExistence';'v';'n';0.842;0.847;0.847
'RespondedExistence(v, n)';'RespondedExistence';'v';'n';0.842;0.963;0.963
'Response(v, n)';'Response';'v';'n';0.694;0.794;0.794
'CoExistence(v, o)';'CoExistence';'v';'o';0.812;0.829;0.829
'RespondedExistence(v, o)';'RespondedExistence';'v';'o';0.812;0.929;0.929
'CoExistence(v, p)';'CoExistence';'v';'p';0.868;0.871;0.871
'RespondedExistence(v, p)';'RespondedExistence';'v';'p';0.868;0.993;0.993
'Response(v, p)';'Response';'v';'p';0.550;0.629;0.629
'CoExistence(v, q)';'CoExistence';'v';'q';0.780;0.798;0.798
'RespondedExistence(v, q)';'RespondedExistence';'v';'q';0.780;0.892;0.892
'NotSuccession(v, r)';'NotSuccession';'v';'r';0.802;0.907;0.907
'NotCoExistence(v, r)';'NotCoExistence';'v';'r';0.776;0.878;0.878
'CoExistence(v, s)';'CoExistence';'v';'s';0.782;0.800;0.800
'RespondedExistence(v, s)';'RespondedExistence';'v';'s';0.782;0.895;0.895
'CoExistence(v, t)';'CoExistence';'v';'t';0.864;0.873;0.873
'RespondedExistence(v, t)';'RespondedExistence';'v';'t';0.864;0.989;0.989
'Response(v, t)';'Response';'v';'t';0.484;0.554;0.554
'CoExistence(v, u)';'CoExistence';'v';'u';0.772;0.786;0.786
'RespondedExistence(v, u)';'RespondedExistence';'v';'u';0.772;0.883;0.883
'CoExistence(v, w)';'CoExistence';'v';'w';0.800;0.813;0.813
'RespondedExistence(v, w)';'RespondedExistence';'v';'w';0.800;0.915;0.915
'CoExistence(v, z)';'CoExistence';'v';'z';0.770;0.787;0.787
'RespondedExistence(v, z)';'RespondedExistence';'v';'z';0.770;0.881;0.881
'Participation(w)';'Participation';'w';;0.910;0.910;0.910
'Precedence(a, w)';'Precedence';'w';'a';0.890;0.978;0.978
'Precedence(p, w)';'Precedence';'w';'p';0.586;0.644;0.644
'CoExistence(w, a)';'CoExistence';'w';'a';0.910;0.910;0.910
'RespondedExistence(w, a)';'RespondedExistence';'w';'a';0.910;1.000;1.000
'CoExistence(w, b)';'CoExistence';'w';'b';0.910;0.910;0.910
'Succession(w, b)';'Succession';'w';'b';0.512;0.512;0.512
'RespondedExistence(w, b)';'RespondedExistence';'w';'b';0.910;1.000;1.000
'Response(w, b)';'Response';'w';'b';0.906;0.996;0.996
'CoExistence(w, c)';'CoExistence';'w';'c';0.828;0.835;0.835
'RespondedExistence(w, c)';'RespondedExistence';'w';'c';0.828;0.910;0.910
'NotSuccession(w, c)';'NotSuccession';'w';'c';0.572;0.577;0.577
'CoExistence(w, d)';'CoExistence';'w';'d';0.910;0.910;0.910
'RespondedExistence(w, d)';'RespondedExistence';'w';'d';0.910;1.000;1.000
'Response(w, d)';'Response';'w';'d';0.508;0.558;0.558
'CoExistence(w, e)';'CoExistence';'w';'e';0.796;0.817;0.817
'RespondedExistence(w, e)';'RespondedExistence';'w';'e';0.796;0.875;0.875
'CoExistence(w, f)';'CoExistence';'w';'f';0.888;0.892;0.892
'RespondedExistence(w, f)';'RespondedExistence';'w';'f';0.888;0.976;0.976
'Response(w, f)';'Response';'w';'f';0.704;0.774;0.774
'CoExistence(w, g)';'CoExistence';'w';'g';0.828;0.833;0.833
'RespondedExistence(w, g)';'RespondedExistence';'w';'g';0.828;0.910;0.910
'CoExistence(w, h)';'CoExistence';'w';'h';0.638;0.651;0.651
'RespondedExistence(w, h)';'RespondedExistence';'w';'h';0.638;0.701;0.701
'CoExistence(w, i)';'CoExistence';'w';'i';0.820;0.830;0.830
'RespondedExistence(w, i)';'RespondedExistence';'w';'i';0.820;0.901;0.901
'CoExistence(w, l)';'CoExistence';'w';'l';0.604;0.628;0.628
'RespondedExistence(w, l)';'RespondedExistence';'w';'l';0.604;0.664;0.664
'CoExistence(w, m)';'CoExistence';'w';'m';0.770;0.784;0.784
'RespondedExistence(w, m)';'RespondedExistence';'w';'m';0.770;0.846;0.846
'CoExistence(w, n)';'CoExistence';'w';'n';0.882;0.891;0.891
'RespondedExistence(w, n)';'RespondedExistence';'w';'n';0.882;0.969;0.969
'Response(w, n)';'Response';'w';'n';0.716;0.787;0.787
'CoExistence(w, o)';'CoExistence';'w';'o';0.836;0.843;0.843
'RespondedExistence(w, o)';'RespondedExistence';'w';'o';0.836;0.919;0.919
'CoExistence(w, p)';'CoExistence';'w';'p';0.902;0.904;0.904
'RespondedExistence(w, p)';'RespondedExistence';'w';'p';0.902;0.991;0.991
'Response(w, p)';'Response';'w';'p';0.580;0.637;0.637
'CoExistence(w, q)';'CoExistence';'w';'q';0.812;0.827;0.827
'RespondedExistence(w, q)';'RespondedExistence';'w';'q';0.812;0.892;0.892
'NotSuccession(w, r)';'NotSuccession';'w';'r';0.846;0.920;0.920
'NotCoExistence(w, r)';'NotCoExistence';'w';'r';0.812;0.883;0.883
'CoExistence(w, s)';'CoExistence';'w';'s';0.808;0.818;0.818
'RespondedExistence(w, s)';'RespondedExistence';'w';'s';0.808;0.888;0.888
'CoExistence(w, t)';'CoExistence';'w';'t';0.898;0.905;0.905
'RespondedExistence(w, t)';'RespondedExistence';'w';'t';0.898;0.987;0.987
'Response(w, t)';'Response';'w';'t';0.524;0.576;0.576
'CoExistence(w, u)';'CoExistence';'w';'u';0.806;0.819;0.819
'RespondedExistence(w, u)';'RespondedExistence';'w';'u';0.806;0.886;0.886
'CoExistence(w, v)';'CoExistence';'w';'v';0.800;0.813;0.813
'RespondedExistence(w, v)';'RespondedExistence';'w';'v';0.800;0.879;0.879
'CoExistence(w, z)';'CoExistence';'w';'z';0.800;0.813;0.813
'RespondedExistence(w, z)';'RespondedExistence';'w';'z';0.800;0.879;0.879
'Participation(z)';'Participation';'z';;0.874;0.874;0.874
'Precedence(a, z)';'Precedence';'z';'a';0.858;0.982;0.982
'Precedence(p, z)';'Precedence';'z';'p';0.586;0.670;0.670
'CoExistence(z, a)';'CoExistence';'z';'a';0.874;0.874;0.874
'RespondedExistence(z, a)';'RespondedExistence';'z';'a';0.874;1.000;1.000
'CoExistence(z, b)';'CoExistence';'z';'b';0.874;0.874;0.874
'RespondedExistence(z, b)';'RespondedExistence';'z';'b';0.874;1.000;1.000
'Response(z, b)';'Response';'z';'b';0.866;0.991;0.991
'CoExistence(z, c)';'CoExistence';'z';'c';0.804;0.820;0.820
'RespondedExistence(z, c)';'RespondedExistence';'z';'c';0.804;0.920;0.920
'NotSuccession(z, c)';'NotSuccession';'z';'c';0.566;0.578;0.578
'CoExistence(z, d)';'CoExistence';'z';'d';0.874;0.874;0.874
'RespondedExistence(z, d)';'RespondedExistence';'z';'d';0.874;1.000;1.000
'Response(z, d)';'Response';'z';'d';0.480;0.549;0.549
'CoExistence(z, e)';'CoExistence';'z';'e';0.766;0.791;0.791
'RespondedExistence(z, e)';'RespondedExistence';'z';'e';0.766;0.876;0.876
'CoExistence(z, f)';'CoExistence';'z';'f';0.854;0.859;0.859
'RespondedExistence(z, f)';'RespondedExistence';'z';'f';0.854;0.977;0.977
'Response(z, f)';'Response';'z';'f';0.674;0.771;0.771
'CoExistence(z, g)';'CoExistence';'z';'g';0.798;0.808;0.808
'RespondedExistence(z, g)';'RespondedExistence';'z';'g';0.798;0.913;0.913
'CoExistence(z, h)';'CoExistence';'z';'h';0.628;0.658;0.658
'RespondedExistence(z, h)';'RespondedExistence';'z';'h';0.628;0.719;0.719
'CoExistence(z, i)';'CoExistence';'z';'i';0.784;0.794;0.794
'RespondedExistence(z, i)';'RespondedExistence';'z';'i';0.784;0.897;0.897
'CoExistence(z, l)';'CoExistence';'z';'l';0.580;0.611;0.611
'RespondedExistence(z, l)';'RespondedExistence';'z';'l';0.580;0.664;0.664
'NotSuccession(z, l)';'NotSuccession';'z';'l';0.510;0.537;0.537
'CoExistence(z, m)';'CoExistence';'z';'m';0.754;0.784;0.784
'RespondedExistence(z, m)';'RespondedExistence';'z';'m';0.754;0.863;0.863
'CoExistence(z, n)';'CoExistence';'z';'n';0.852;0.866;0.866
'RespondedExistence(z, n)';'RespondedExistence';'z';'n';0.852;0.975;0.975
'Response(z, n)';'Response';'z';'n';0.696;0.796;0.796
'CoExistence(z, o)';'CoExistence';'z';'o';0.812;0.829;0.829
'RespondedExistence(z, o)';'RespondedExistence';'z';'o';0.812;0.929;0.929
'CoExistence(z, p)';'CoExistence';'z';'p';0.870;0.875;0.875
'RespondedExistence(z, p)';'RespondedExistence';'z';'p';0.870;0.995;0.995
'Response(z, p)';'Response';'z';'p';0.572;0.654;0.654
'CoExistence(z, q)';'CoExistence';'z';'q';0.784;0.805;0.805
'RespondedExistence(z, q)';'RespondedExistence';'z';'q';0.784;0.897;0.897
'NotSuccession(z, r)';'NotSuccession';'z';'r';0.816;0.913;0.913
'NotCoExistence(z, r)';'NotCoExistence';'z';'r';0.796;0.890;0.890
'CoExistence(z, s)';'CoExistence';'z';'s';0.776;0.789;0.789
'RespondedExistence(z, s)';'RespondedExistence';'z';'s';0.776;0.888;0.888
'CoExistence(z, t)';'CoExistence';'z';'t';0.862;0.869;0.869
'RespondedExistence(z, t)';'RespondedExistence';'z';'t';0.862;0.986;0.986
'Response(z, t)';'Response';'z';'t';0.464;0.531;0.531
'CoExistence(z, u)';'CoExistence';'z';'u';0.776;0.793;0.793
'RespondedExistence(z, u)';'RespondedExistence';'z';'u';0.776;0.888;0.888
'CoExistence(z, v)';'CoExistence';'z';'v';0.770;0.787;0.787
'RespondedExistence(z, v)';'RespondedExistence';'z';'v';0.770;0.881;0.881
'CoExistence(z, w)';'CoExistence';'z';'w';0.800;0.813;0.813
'RespondedExistence(z, w)';'RespondedExistence';'z';'w';0.800;0.915;0.915
