Rank-50-true;Rank-50-TOT;Measure
11;1326;ORIGINAL-MODEL
6;51;Zhang
6;51;Odd Multiplier
6;51;Conviction
6;51;Certainty factor
3;702;Recall
3;239;Coverage
3;66;Compliance
3;52;Two-way Support
3;52;Lift
3;52;Klosgen
3;51;Two-way Support Variation
3;51;One-way Support
3;51;Laplace Correction
3;51;Interestingness Weighting Dependency
3;51;Information Gain
3;51;Example and Counterexample Rate
3;51;Confidence
3;51;Added Value
2;444;Ylue Y
2;444;Ylue Q
2;52;Piatetsky-Shapiro
2;51;Sebag-Schoenauer
1;444;Odds Ratio
1;441;Specificity
1;64;Prevalence
1;54;Accuracy
1;53;Jaccard
1;52;Support
1;51;Lovinger
1;51;Linear Correlation Coefficient
1;51;Leverage
1;51;Least Contradiction
1;51;Cosine
0;441;Relative Risk
0;51;J Measure
0;51;Gini Index
0;51;Collective Strength
