Rank-5-true;Rank-5-TOT;Measure
11;1326;ORIGINAL-MODEL
3;702;Recall
3;6;Odd Multiplier
3;6;Conviction
2;444;Ylue Y
2;444;Ylue Q
2;17;Sebag-Schoenauer
2;17;Example and Counterexample Rate
2;17;Confidence
2;17;Compliance
2;14;Laplace Correction
1;444;Odds Ratio
1;441;Specificity
1;14;Support
1;14;Prevalence
1;14;Least Contradiction
1;14;Jaccard
1;14;Cosine
1;14;Accuracy
1;12;Information Gain
1;6;Lift
0;441;Relative Risk
0;24;Linear Correlation Coefficient
0;11;Leverage
0;9;Piatetsky-Shapiro
0;9;Added Value
0;6;Zhang
0;6;Two-way Support Variation
0;6;Two-way Support
0;6;One-way Support
0;6;Lovinger
0;6;Klosgen
0;6;J Measure
0;6;Interestingness Weighting Dependency
0;6;Gini Index
0;6;Coverage
0;6;Collective Strength
0;6;Certainty factor
