Rank-100-true;Rank-100-TOT;Measure
11;1326;ORIGINAL-MODEL
7;101;Odd Multiplier
7;101;Conviction
6;102;Two-way Support
6;102;Piatetsky-Shapiro
6;102;Linear Correlation Coefficient
6;101;Zhang
6;101;Two-way Support Variation
6;101;Lift
6;101;Klosgen
6;101;Interestingness Weighting Dependency
6;101;Certainty factor
5;102;One-way Support
5;101;Added Value
4;108;Compliance
3;702;Recall
3;239;Coverage
3;104;Example and Counterexample Rate
3;104;Confidence
3;103;Support
3;102;Laplace Correction
3;101;Prevalence
3;101;Information Gain
3;101;Accuracy
2;444;Ylue Y
2;444;Ylue Q
2;102;Sebag-Schoenauer
2;101;Least Contradiction
2;101;Jaccard
2;101;Cosine
1;444;Odds Ratio
1;441;Specificity
1;101;Lovinger
1;101;Leverage
0;441;Relative Risk
0;101;J Measure
0;101;Gini Index
0;101;Collective Strength
