Rank-1500-true;Rank-1500-TOT;Measure
11;1326;ORIGINAL-MODEL
11;1326;Two-way Support
11;1326;Support
11;1326;Sebag-Schoenauer
11;1326;Recall
11;1326;Prevalence
11;1326;Piatetsky-Shapiro
11;1326;One-way Support
11;1326;Lift
11;1326;Leverage
11;1326;Least Contradiction
11;1326;Laplace Correction
11;1326;Klosgen
11;1326;Jaccard
11;1326;Interestingness Weighting Dependency
11;1326;Information Gain
11;1326;Example and Counterexample Rate
11;1326;Coverage
11;1326;Cosine
11;1326;Confidence
11;1326;Compliance
11;1326;Added Value
11;1326;Accuracy
10;1313;Zhang
10;1313;Odd Multiplier
10;1313;Lovinger
10;1313;Conviction
10;1313;Certainty factor
9;1310;J Measure
8;1105;Linear Correlation Coefficient
8;1065;Ylue Y
8;1065;Ylue Q
8;1065;Specificity
8;1065;Relative Risk
8;1065;Odds Ratio
8;1065;Gini Index
8;1065;Collective Strength
6;618;Two-way Support Variation
