Rank-200-true;Rank-200-TOT;Measure
11;1326;ORIGINAL-MODEL
9;202;Compliance
8;201;Laplace Correction
8;201;Example and Counterexample Rate
8;201;Confidence
7;201;Zhang
7;201;Odd Multiplier
7;201;Linear Correlation Coefficient
7;201;Conviction
7;201;Certainty factor
6;215;Prevalence
6;207;Lift
6;205;Accuracy
6;204;Information Gain
6;202;Two-way Support Variation
6;202;One-way Support
6;202;Gini Index
6;201;Two-way Support
6;201;Piatetsky-Shapiro
6;201;Klosgen
6;201;Interestingness Weighting Dependency
6;201;Added Value
5;203;Jaccard
5;203;Cosine
5;201;Least Contradiction
4;315;Lovinger
4;201;Sebag-Schoenauer
3;702;Recall
3;239;Coverage
3;202;Support
3;201;Leverage
2;444;Ylue Y
2;444;Ylue Q
1;444;Odds Ratio
1;441;Specificity
0;441;Relative Risk
0;206;J Measure
0;201;Collective Strength
