Rank-5-true;Rank-5-TOT;Measure
11;1296;ORIGINAL-MODEL
3;681;Recall
2;20;Example and Counterexample Rate
2;20;Confidence
2;20;Compliance
1;443;Ylue Y
1;443;Ylue Q
1;437;Specificity
1;20;Sebag-Schoenauer
1;14;Support
1;14;Prevalence
1;14;Least Contradiction
1;14;Laplace Correction
1;14;Jaccard
1;14;Cosine
1;14;Accuracy
1;9;Information Gain
1;6;Lift
0;443;Odds Ratio
0;437;Relative Risk
0;20;Linear Correlation Coefficient
0;9;Leverage
0;7;Odd Multiplier
0;7;Lovinger
0;7;Conviction
0;7;Added Value
0;6;Zhang
0;6;Two-way Support Variation
0;6;Two-way Support
0;6;Piatetsky-Shapiro
0;6;One-way Support
0;6;Klosgen
0;6;J Measure
0;6;Interestingness Weighting Dependency
0;6;Gini Index
0;6;Coverage
0;6;Collective Strength
0;6;Certainty factor
