Rank-100-true;Rank-100-TOT;Measure
11;1296;ORIGINAL-MODEL
7;102;Two-way Support Variation
7;101;Odd Multiplier
6;102;Two-way Support
6;102;Piatetsky-Shapiro
6;102;Certainty factor
6;101;Zhang
6;101;Linear Correlation Coefficient
6;101;Interestingness Weighting Dependency
6;101;Conviction
5;101;Klosgen
4;103;Compliance
4;101;Gini Index
3;681;Recall
3;278;Lovinger
3;226;Coverage
3;126;Prevalence
3;103;Support
3;102;Information Gain
3;101;One-way Support
3;101;Lift
3;101;Laplace Correction
3;101;Example and Counterexample Rate
3;101;Confidence
3;101;Added Value
3;101;Accuracy
2;101;Sebag-Schoenauer
2;101;Leverage
2;101;Least Contradiction
2;101;Jaccard
2;101;Cosine
1;443;Ylue Y
1;443;Ylue Q
1;437;Specificity
1;101;J Measure
0;443;Odds Ratio
0;437;Relative Risk
0;101;Collective Strength
