Rank-1-true;Rank-1-TOT;Measure
11;1296;ORIGINAL-MODEL
3;681;Recall
2;20;Example and Counterexample Rate
2;20;Confidence
2;20;Compliance
1;443;Ylue Y
1;443;Ylue Q
1;437;Specificity
1;20;Sebag-Schoenauer
1;14;Support
1;14;Prevalence
1;14;Least Contradiction
1;14;Laplace Correction
1;14;Jaccard
1;14;Cosine
1;14;Accuracy
1;2;Lift
0;443;Odds Ratio
0;437;Relative Risk
0;20;Linear Correlation Coefficient
0;7;Odd Multiplier
0;7;Lovinger
0;7;Conviction
0;5;Added Value
0;3;Leverage
0;2;Zhang
0;2;Two-way Support Variation
0;2;Two-way Support
0;2;Piatetsky-Shapiro
0;2;One-way Support
0;2;Klosgen
0;2;J Measure
0;2;Interestingness Weighting Dependency
0;2;Information Gain
0;2;Gini Index
0;2;Coverage
0;2;Collective Strength
0;2;Certainty factor
