Rank-200-true;Rank-200-TOT;Measure
11;1296;ORIGINAL-MODEL
9;202;Example and Counterexample Rate
9;202;Confidence
9;202;Compliance
9;201;Laplace Correction
7;202;Two-way Support Variation
7;201;Zhang
7;201;Odd Multiplier
7;201;Linear Correlation Coefficient
7;201;J Measure
7;201;Conviction
7;201;Certainty factor
6;214;Prevalence
6;202;Information Gain
6;201;Two-way Support
6;201;Piatetsky-Shapiro
6;201;One-way Support
6;201;Lift
6;201;Klosgen
6;201;Interestingness Weighting Dependency
6;201;Gini Index
6;201;Added Value
6;201;Accuracy
5;204;Jaccard
5;202;Least Contradiction
5;202;Cosine
4;209;Support
3;681;Recall
3;278;Lovinger
3;226;Coverage
3;201;Leverage
2;201;Sebag-Schoenauer
1;443;Ylue Y
1;443;Ylue Q
1;437;Specificity
0;443;Odds Ratio
0;437;Relative Risk
0;201;Collective Strength
