Rank-50-true;Rank-50-TOT;Measure
11;1296;ORIGINAL-MODEL
7;52;Two-way Support Variation
5;52;Odd Multiplier
5;51;Zhang
5;51;Conviction
5;51;Certainty factor
3;681;Recall
3;226;Coverage
3;71;Prevalence
3;54;Lift
3;54;Information Gain
3;54;Example and Counterexample Rate
3;54;Confidence
3;52;Interestingness Weighting Dependency
3;51;Two-way Support
3;51;One-way Support
3;51;Laplace Correction
3;51;Klosgen
3;51;Compliance
3;51;Added Value
2;51;Piatetsky-Shapiro
1;443;Ylue Y
1;443;Ylue Q
1;437;Specificity
1;60;Least Contradiction
1;58;Jaccard
1;58;Cosine
1;54;Support
1;51;Sebag-Schoenauer
1;51;Lovinger
1;51;Linear Correlation Coefficient
1;51;Leverage
1;51;Accuracy
0;443;Odds Ratio
0;437;Relative Risk
0;51;J Measure
0;51;Gini Index
0;51;Collective Strength
