Rank-1000-true;Rank-1000-TOT;Measure
11;1296;ORIGINAL-MODEL
11;1006;Least Contradiction
11;1003;Accuracy
11;1002;Jaccard
11;1002;Example and Counterexample Rate
11;1002;Confidence
11;1001;Laplace Correction
11;1001;Compliance
10;1001;Sebag-Schoenauer
10;1001;Prevalence
10;1001;Lovinger
10;1001;Cosine
9;1226;Odd Multiplier
9;1003;Support
8;1002;Leverage
8;1002;Collective Strength
8;1001;Ylue Y
8;1001;Ylue Q
8;1001;J Measure
7;1014;Coverage
7;1007;Conviction
7;1003;Lift
7;1002;Specificity
7;1001;Zhang
7;1001;Two-way Support
7;1001;Relative Risk
7;1001;Recall
7;1001;Piatetsky-Shapiro
7;1001;One-way Support
7;1001;Odds Ratio
7;1001;Linear Correlation Coefficient
7;1001;Klosgen
7;1001;Interestingness Weighting Dependency
7;1001;Information Gain
7;1001;Gini Index
7;1001;Certainty factor
7;1001;Added Value
7;606;Two-way Support Variation
