'Constraint';'Template';'Activation';'Target';'Support';'Confidence level';'Interest factor'
'Init(a)';'Init';'a';;0.934;0.934;0.934
'CoExistence(a, b)';'CoExistence';'a';'b';1.000;1.000;1.000
'RespondedExistence(a, b)';'RespondedExistence';'a';'b';1.000;1.000;1.000
'CoExistence(a, c)';'CoExistence';'a';'c';0.872;0.872;0.872
'RespondedExistence(a, c)';'RespondedExistence';'a';'c';0.872;0.872;0.872
'CoExistence(a, d)';'CoExistence';'a';'d';1.000;1.000;1.000
'Succession(a, d)';'Succession';'a';'d';0.616;0.616;0.616
'RespondedExistence(a, d)';'RespondedExistence';'a';'d';1.000;1.000;1.000
'Response(a, d)';'Response';'a';'d';0.628;0.628;0.628
'CoExistence(a, e)';'CoExistence';'a';'e';0.872;0.872;0.872
'RespondedExistence(a, e)';'RespondedExistence';'a';'e';0.872;0.872;0.872
'CoExistence(a, f)';'CoExistence';'a';'f';0.972;0.972;0.972
'Succession(a, f)';'Succession';'a';'f';0.754;0.754;0.754
'RespondedExistence(a, f)';'RespondedExistence';'a';'f';0.972;0.972;0.972
'Response(a, f)';'Response';'a';'f';0.770;0.770;0.770
'CoExistence(a, g)';'CoExistence';'a';'g';0.890;0.890;0.890
'RespondedExistence(a, g)';'RespondedExistence';'a';'g';0.890;0.890;0.890
'CoExistence(a, h)';'CoExistence';'a';'h';0.660;0.660;0.660
'RespondedExistence(a, h)';'RespondedExistence';'a';'h';0.660;0.660;0.660
'CoExistence(a, i)';'CoExistence';'a';'i';0.882;0.882;0.882
'RespondedExistence(a, i)';'RespondedExistence';'a';'i';0.882;0.882;0.882
'CoExistence(a, l)';'CoExistence';'a';'l';0.622;0.622;0.622
'RespondedExistence(a, l)';'RespondedExistence';'a';'l';0.622;0.622;0.622
'CoExistence(a, m)';'CoExistence';'a';'m';0.844;0.844;0.844
'RespondedExistence(a, m)';'RespondedExistence';'a';'m';0.844;0.844;0.844
'CoExistence(a, n)';'CoExistence';'a';'n';0.968;0.968;0.968
'Succession(a, n)';'Succession';'a';'n';0.746;0.746;0.746
'RespondedExistence(a, n)';'RespondedExistence';'a';'n';0.968;0.968;0.968
'Response(a, n)';'Response';'a';'n';0.766;0.766;0.766
'CoExistence(a, o)';'CoExistence';'a';'o';0.916;0.916;0.916
'RespondedExistence(a, o)';'RespondedExistence';'a';'o';0.916;0.916;0.916
'CoExistence(a, p)';'CoExistence';'a';'p';0.986;0.986;0.986
'Succession(a, p)';'Succession';'a';'p';0.616;0.616;0.616
'RespondedExistence(a, p)';'RespondedExistence';'a';'p';0.986;0.986;0.986
'Response(a, p)';'Response';'a';'p';0.636;0.636;0.636
'CoExistence(a, q)';'CoExistence';'a';'q';0.906;0.906;0.906
'RespondedExistence(a, q)';'RespondedExistence';'a';'q';0.906;0.906;0.906
'NotSuccession(a, r)';'NotSuccession';'a';'r';0.894;0.894;0.894
'NotCoExistence(a, r)';'NotCoExistence';'a';'r';0.894;0.894;0.894
'CoExistence(a, s)';'CoExistence';'a';'s';0.892;0.892;0.892
'RespondedExistence(a, s)';'RespondedExistence';'a';'s';0.892;0.892;0.892
'CoExistence(a, t)';'CoExistence';'a';'t';0.974;0.974;0.974
'Succession(a, t)';'Succession';'a';'t';0.526;0.526;0.526
'RespondedExistence(a, t)';'RespondedExistence';'a';'t';0.974;0.974;0.974
'Response(a, t)';'Response';'a';'t';0.532;0.532;0.532
'CoExistence(a, u)';'CoExistence';'a';'u';0.866;0.866;0.866
'RespondedExistence(a, u)';'RespondedExistence';'a';'u';0.866;0.866;0.866
'Response(a, u)';'Response';'a';'u';0.502;0.502;0.502
'CoExistence(a, v)';'CoExistence';'a';'v';0.856;0.856;0.856
'RespondedExistence(a, v)';'RespondedExistence';'a';'v';0.856;0.856;0.856
'CoExistence(a, w)';'CoExistence';'a';'w';0.866;0.866;0.866
'RespondedExistence(a, w)';'RespondedExistence';'a';'w';0.866;0.866;0.866
'CoExistence(a, z)';'CoExistence';'a';'z';0.884;0.884;0.884
'RespondedExistence(a, z)';'RespondedExistence';'a';'z';0.884;0.884;0.884
'End(b)';'End';'b';;0.962;0.962;0.962
'CoExistence(b, a)';'CoExistence';'b';'a';1.000;1.000;1.000
'RespondedExistence(b, a)';'RespondedExistence';'b';'a';1.000;1.000;1.000
'CoExistence(b, c)';'CoExistence';'b';'c';0.872;0.872;0.872
'RespondedExistence(b, c)';'RespondedExistence';'b';'c';0.872;0.872;0.872
'NotSuccession(b, c)';'NotSuccession';'b';'c';0.622;0.622;0.622
'CoExistence(b, d)';'CoExistence';'b';'d';1.000;1.000;1.000
'RespondedExistence(b, d)';'RespondedExistence';'b';'d';1.000;1.000;1.000
'CoExistence(b, e)';'CoExistence';'b';'e';0.872;0.872;0.872
'RespondedExistence(b, e)';'RespondedExistence';'b';'e';0.872;0.872;0.872
'CoExistence(b, f)';'CoExistence';'b';'f';0.972;0.972;0.972
'RespondedExistence(b, f)';'RespondedExistence';'b';'f';0.972;0.972;0.972
'CoExistence(b, g)';'CoExistence';'b';'g';0.890;0.890;0.890
'RespondedExistence(b, g)';'RespondedExistence';'b';'g';0.890;0.890;0.890
'CoExistence(b, h)';'CoExistence';'b';'h';0.660;0.660;0.660
'RespondedExistence(b, h)';'RespondedExistence';'b';'h';0.660;0.660;0.660
'CoExistence(b, i)';'CoExistence';'b';'i';0.882;0.882;0.882
'RespondedExistence(b, i)';'RespondedExistence';'b';'i';0.882;0.882;0.882
'CoExistence(b, l)';'CoExistence';'b';'l';0.622;0.622;0.622
'RespondedExistence(b, l)';'RespondedExistence';'b';'l';0.622;0.622;0.622
'NotSuccession(b, l)';'NotSuccession';'b';'l';0.552;0.552;0.552
'CoExistence(b, m)';'CoExistence';'b';'m';0.844;0.844;0.844
'RespondedExistence(b, m)';'RespondedExistence';'b';'m';0.844;0.844;0.844
'CoExistence(b, n)';'CoExistence';'b';'n';0.968;0.968;0.968
'RespondedExistence(b, n)';'RespondedExistence';'b';'n';0.968;0.968;0.968
'CoExistence(b, o)';'CoExistence';'b';'o';0.916;0.916;0.916
'RespondedExistence(b, o)';'RespondedExistence';'b';'o';0.916;0.916;0.916
'CoExistence(b, p)';'CoExistence';'b';'p';0.986;0.986;0.986
'RespondedExistence(b, p)';'RespondedExistence';'b';'p';0.986;0.986;0.986
'CoExistence(b, q)';'CoExistence';'b';'q';0.906;0.906;0.906
'RespondedExistence(b, q)';'RespondedExistence';'b';'q';0.906;0.906;0.906
'NotSuccession(b, r)';'NotSuccession';'b';'r';0.930;0.930;0.930
'NotCoExistence(b, r)';'NotCoExistence';'b';'r';0.894;0.894;0.894
'CoExistence(b, s)';'CoExistence';'b';'s';0.892;0.892;0.892
'RespondedExistence(b, s)';'RespondedExistence';'b';'s';0.892;0.892;0.892
'CoExistence(b, t)';'CoExistence';'b';'t';0.974;0.974;0.974
'RespondedExistence(b, t)';'RespondedExistence';'b';'t';0.974;0.974;0.974
'CoExistence(b, u)';'CoExistence';'b';'u';0.866;0.866;0.866
'RespondedExistence(b, u)';'RespondedExistence';'b';'u';0.866;0.866;0.866
'CoExistence(b, v)';'CoExistence';'b';'v';0.856;0.856;0.856
'RespondedExistence(b, v)';'RespondedExistence';'b';'v';0.856;0.856;0.856
'CoExistence(b, w)';'CoExistence';'b';'w';0.866;0.866;0.866
'RespondedExistence(b, w)';'RespondedExistence';'b';'w';0.866;0.866;0.866
'CoExistence(b, z)';'CoExistence';'b';'z';0.884;0.884;0.884
'RespondedExistence(b, z)';'RespondedExistence';'b';'z';0.884;0.884;0.884
'Precedence(c, b)';'Precedence';'b';'c';0.504;0.504;0.504
'Precedence(d, b)';'Precedence';'b';'d';0.512;0.512;0.512
'Precedence(p, b)';'Precedence';'b';'p';0.670;0.670;0.670
'Precedence(q, b)';'Precedence';'b';'q';0.508;0.508;0.508
'Precedence(s, b)';'Precedence';'b';'s';0.518;0.518;0.518
'Precedence(z, b)';'Precedence';'b';'z';0.508;0.508;0.508
'AtMostOne(c)';'AtMostOne';'c';;0.846;0.970;0.970
'Participation(c)';'Participation';'c';;0.872;0.872;0.872
'CoExistence(c, a)';'CoExistence';'c';'a';0.872;0.872;0.872
'Response(c, a)';'Response';'c';'a';0.672;0.771;0.771
'AlternateResponse(c, a)';'AlternateResponse';'c';'a';0.662;0.759;0.759
'CoExistence(c, b)';'CoExistence';'c';'b';0.872;0.872;0.872
'Succession(c, b)';'Succession';'c';'b';0.504;0.504;0.504
'CoExistence(c, d)';'CoExistence';'c';'d';0.872;0.872;0.872
'Response(c, d)';'Response';'c';'d';0.746;0.856;0.856
'AlternateResponse(c, d)';'AlternateResponse';'c';'d';0.736;0.844;0.844
'CoExistence(c, e)';'CoExistence';'c';'e';0.770;0.791;0.791
'RespondedExistence(c, e)';'RespondedExistence';'c';'e';0.770;0.883;0.883
'Response(c, e)';'Response';'c';'e';0.646;0.741;0.741
'AlternateResponse(c, e)';'AlternateResponse';'c';'e';0.638;0.732;0.732
'CoExistence(c, f)';'CoExistence';'c';'f';0.854;0.863;0.863
'Succession(c, f)';'Succession';'c';'f';0.510;0.515;0.515
'RespondedExistence(c, f)';'RespondedExistence';'c';'f';0.854;0.979;0.979
'Response(c, f)';'Response';'c';'f';0.812;0.931;0.931
'AlternateResponse(c, f)';'AlternateResponse';'c';'f';0.798;0.915;0.915
'CoExistence(c, g)';'CoExistence';'c';'g';0.786;0.805;0.805
'RespondedExistence(c, g)';'RespondedExistence';'c';'g';0.786;0.901;0.901
'Response(c, g)';'Response';'c';'g';0.652;0.748;0.748
'AlternateResponse(c, g)';'AlternateResponse';'c';'g';0.646;0.741;0.741
'CoExistence(c, h)';'CoExistence';'c';'h';0.586;0.619;0.619
'RespondedExistence(c, h)';'RespondedExistence';'c';'h';0.586;0.672;0.672
'Response(c, h)';'Response';'c';'h';0.516;0.592;0.592
'AlternateResponse(c, h)';'AlternateResponse';'c';'h';0.504;0.578;0.578
'CoExistence(c, i)';'CoExistence';'c';'i';0.776;0.793;0.793
'RespondedExistence(c, i)';'RespondedExistence';'c';'i';0.776;0.890;0.890
'Response(c, i)';'Response';'c';'i';0.638;0.732;0.732
'AlternateResponse(c, i)';'AlternateResponse';'c';'i';0.630;0.722;0.722
'CoExistence(c, l)';'CoExistence';'c';'l';0.566;0.610;0.610
'RespondedExistence(c, l)';'RespondedExistence';'c';'l';0.566;0.649;0.649
'Response(c, l)';'Response';'c';'l';0.474;0.544;0.544
'AlternateResponse(c, l)';'AlternateResponse';'c';'l';0.464;0.532;0.532
'CoExistence(c, m)';'CoExistence';'c';'m';0.752;0.780;0.780
'RespondedExistence(c, m)';'RespondedExistence';'c';'m';0.752;0.862;0.862
'Response(c, m)';'Response';'c';'m';0.526;0.603;0.603
'AlternateResponse(c, m)';'AlternateResponse';'c';'m';0.520;0.596;0.596
'CoExistence(c, n)';'CoExistence';'c';'n';0.854;0.866;0.866
'RespondedExistence(c, n)';'RespondedExistence';'c';'n';0.854;0.979;0.979
'Response(c, n)';'Response';'c';'n';0.806;0.924;0.924
'AlternateResponse(c, n)';'AlternateResponse';'c';'n';0.796;0.913;0.913
'CoExistence(c, o)';'CoExistence';'c';'o';0.806;0.821;0.821
'RespondedExistence(c, o)';'RespondedExistence';'c';'o';0.806;0.924;0.924
'Response(c, o)';'Response';'c';'o';0.668;0.766;0.766
'AlternateResponse(c, o)';'AlternateResponse';'c';'o';0.662;0.759;0.759
'CoExistence(c, p)';'CoExistence';'c';'p';0.868;0.877;0.877
'RespondedExistence(c, p)';'RespondedExistence';'c';'p';0.868;0.995;0.995
'Response(c, p)';'Response';'c';'p';0.806;0.924;0.924
'AlternateResponse(c, p)';'AlternateResponse';'c';'p';0.794;0.911;0.911
'CoExistence(c, q)';'CoExistence';'c';'q';0.798;0.814;0.814
'RespondedExistence(c, q)';'RespondedExistence';'c';'q';0.798;0.915;0.915
'Response(c, q)';'Response';'c';'q';0.656;0.752;0.752
'AlternateResponse(c, q)';'AlternateResponse';'c';'q';0.642;0.736;0.736
'NotSuccession(c, r)';'NotSuccession';'c';'r';0.824;0.932;0.932
'NotCoExistence(c, r)';'NotCoExistence';'c';'r';0.790;0.894;0.894
'CoExistence(c, s)';'CoExistence';'c';'s';0.782;0.796;0.796
'RespondedExistence(c, s)';'RespondedExistence';'c';'s';0.782;0.897;0.897
'Response(c, s)';'Response';'c';'s';0.634;0.727;0.727
'AlternateResponse(c, s)';'AlternateResponse';'c';'s';0.628;0.720;0.720
'CoExistence(c, t)';'CoExistence';'c';'t';0.852;0.857;0.857
'RespondedExistence(c, t)';'RespondedExistence';'c';'t';0.852;0.977;0.977
'Response(c, t)';'Response';'c';'t';0.710;0.814;0.814
'AlternateResponse(c, t)';'AlternateResponse';'c';'t';0.704;0.807;0.807
'CoExistence(c, u)';'CoExistence';'c';'u';0.774;0.803;0.803
'RespondedExistence(c, u)';'RespondedExistence';'c';'u';0.774;0.888;0.888
'Response(c, u)';'Response';'c';'u';0.648;0.743;0.743
'AlternateResponse(c, u)';'AlternateResponse';'c';'u';0.640;0.734;0.734
'CoExistence(c, v)';'CoExistence';'c';'v';0.762;0.789;0.789
'RespondedExistence(c, v)';'RespondedExistence';'c';'v';0.762;0.874;0.874
'Response(c, v)';'Response';'c';'v';0.644;0.739;0.739
'AlternateResponse(c, v)';'AlternateResponse';'c';'v';0.634;0.727;0.727
'CoExistence(c, w)';'CoExistence';'c';'w';0.764;0.784;0.784
'RespondedExistence(c, w)';'RespondedExistence';'c';'w';0.764;0.876;0.876
'Response(c, w)';'Response';'c';'w';0.646;0.741;0.741
'AlternateResponse(c, w)';'AlternateResponse';'c';'w';0.638;0.732;0.732
'CoExistence(c, z)';'CoExistence';'c';'z';0.782;0.803;0.803
'RespondedExistence(c, z)';'RespondedExistence';'c';'z';0.782;0.897;0.897
'Response(c, z)';'Response';'c';'z';0.670;0.768;0.768
'AlternateResponse(c, z)';'AlternateResponse';'c';'z';0.660;0.757;0.757
'Precedence(p, c)';'Precedence';'c';'p';0.524;0.601;0.601
'AlternatePrecedence(p, c)';'AlternatePrecedence';'c';'p';0.516;0.592;0.592
'Participation(d)';'Participation';'d';;1.000;1.000;1.000
'CoExistence(d, a)';'CoExistence';'d';'a';1.000;1.000;1.000
'RespondedExistence(d, a)';'RespondedExistence';'d';'a';1.000;1.000;1.000
'CoExistence(d, b)';'CoExistence';'d';'b';1.000;1.000;1.000
'Succession(d, b)';'Succession';'d';'b';0.510;0.510;0.510
'RespondedExistence(d, b)';'RespondedExistence';'d';'b';1.000;1.000;1.000
'CoExistence(d, c)';'CoExistence';'d';'c';0.872;0.872;0.872
'RespondedExistence(d, c)';'RespondedExistence';'d';'c';0.872;0.872;0.872
'NotSuccession(d, c)';'NotSuccession';'d';'c';0.608;0.608;0.608
'CoExistence(d, e)';'CoExistence';'d';'e';0.872;0.872;0.872
'RespondedExistence(d, e)';'RespondedExistence';'d';'e';0.872;0.872;0.872
'CoExistence(d, f)';'CoExistence';'d';'f';0.972;0.972;0.972
'RespondedExistence(d, f)';'RespondedExistence';'d';'f';0.972;0.972;0.972
'Response(d, f)';'Response';'d';'f';0.700;0.700;0.700
'CoExistence(d, g)';'CoExistence';'d';'g';0.890;0.890;0.890
'RespondedExistence(d, g)';'RespondedExistence';'d';'g';0.890;0.890;0.890
'CoExistence(d, h)';'CoExistence';'d';'h';0.660;0.660;0.660
'RespondedExistence(d, h)';'RespondedExistence';'d';'h';0.660;0.660;0.660
'CoExistence(d, i)';'CoExistence';'d';'i';0.882;0.882;0.882
'RespondedExistence(d, i)';'RespondedExistence';'d';'i';0.882;0.882;0.882
'CoExistence(d, l)';'CoExistence';'d';'l';0.622;0.622;0.622
'RespondedExistence(d, l)';'RespondedExistence';'d';'l';0.622;0.622;0.622
'NotSuccession(d, l)';'NotSuccession';'d';'l';0.532;0.532;0.532
'CoExistence(d, m)';'CoExistence';'d';'m';0.844;0.844;0.844
'RespondedExistence(d, m)';'RespondedExistence';'d';'m';0.844;0.844;0.844
'CoExistence(d, n)';'CoExistence';'d';'n';0.968;0.968;0.968
'RespondedExistence(d, n)';'RespondedExistence';'d';'n';0.968;0.968;0.968
'Response(d, n)';'Response';'d';'n';0.700;0.700;0.700
'CoExistence(d, o)';'CoExistence';'d';'o';0.916;0.916;0.916
'RespondedExistence(d, o)';'RespondedExistence';'d';'o';0.916;0.916;0.916
'CoExistence(d, p)';'CoExistence';'d';'p';0.986;0.986;0.986
'RespondedExistence(d, p)';'RespondedExistence';'d';'p';0.986;0.986;0.986
'Response(d, p)';'Response';'d';'p';0.582;0.582;0.582
'CoExistence(d, q)';'CoExistence';'d';'q';0.906;0.906;0.906
'RespondedExistence(d, q)';'RespondedExistence';'d';'q';0.906;0.906;0.906
'NotSuccession(d, r)';'NotSuccession';'d';'r';0.938;0.938;0.938
'NotCoExistence(d, r)';'NotCoExistence';'d';'r';0.894;0.894;0.894
'CoExistence(d, s)';'CoExistence';'d';'s';0.892;0.892;0.892
'RespondedExistence(d, s)';'RespondedExistence';'d';'s';0.892;0.892;0.892
'CoExistence(d, t)';'CoExistence';'d';'t';0.974;0.974;0.974
'RespondedExistence(d, t)';'RespondedExistence';'d';'t';0.974;0.974;0.974
'CoExistence(d, u)';'CoExistence';'d';'u';0.866;0.866;0.866
'RespondedExistence(d, u)';'RespondedExistence';'d';'u';0.866;0.866;0.866
'CoExistence(d, v)';'CoExistence';'d';'v';0.856;0.856;0.856
'RespondedExistence(d, v)';'RespondedExistence';'d';'v';0.856;0.856;0.856
'CoExistence(d, w)';'CoExistence';'d';'w';0.866;0.866;0.866
'RespondedExistence(d, w)';'RespondedExistence';'d';'w';0.866;0.866;0.866
'CoExistence(d, z)';'CoExistence';'d';'z';0.884;0.884;0.884
'RespondedExistence(d, z)';'RespondedExistence';'d';'z';0.884;0.884;0.884
'Precedence(p, d)';'Precedence';'d';'p';0.670;0.670;0.670
'Precedence(s, d)';'Precedence';'d';'s';0.504;0.504;0.504
'Precedence(t, d)';'Precedence';'d';'t';0.500;0.500;0.500
'Participation(e)';'Participation';'e';;0.872;0.872;0.872
'CoExistence(e, a)';'CoExistence';'e';'a';0.872;0.872;0.872
'Response(e, a)';'Response';'e';'a';0.448;0.514;0.514
'CoExistence(e, b)';'CoExistence';'e';'b';0.872;0.872;0.872
'CoExistence(e, c)';'CoExistence';'e';'c';0.770;0.791;0.791
'RespondedExistence(e, c)';'RespondedExistence';'e';'c';0.770;0.883;0.883
'NotSuccession(e, c)';'NotSuccession';'e';'c';0.572;0.587;0.587
'CoExistence(e, d)';'CoExistence';'e';'d';0.872;0.872;0.872
'Response(e, d)';'Response';'e';'d';0.504;0.578;0.578
'CoExistence(e, f)';'CoExistence';'e';'f';0.872;0.897;0.897
'Succession(e, f)';'Succession';'e';'f';0.516;0.531;0.531
'Response(e, f)';'Response';'e';'f';0.858;0.984;0.984
'CoExistence(e, g)';'CoExistence';'e';'g';0.798;0.828;0.828
'RespondedExistence(e, g)';'RespondedExistence';'e';'g';0.798;0.915;0.915
'CoExistence(e, h)';'CoExistence';'e';'h';0.594;0.633;0.633
'RespondedExistence(e, h)';'RespondedExistence';'e';'h';0.594;0.681;0.681
'CoExistence(e, i)';'CoExistence';'e';'i';0.788;0.816;0.816
'RespondedExistence(e, i)';'RespondedExistence';'e';'i';0.788;0.904;0.904
'CoExistence(e, l)';'CoExistence';'e';'l';0.564;0.606;0.606
'RespondedExistence(e, l)';'RespondedExistence';'e';'l';0.564;0.647;0.647
'CoExistence(e, m)';'CoExistence';'e';'m';0.760;0.795;0.795
'RespondedExistence(e, m)';'RespondedExistence';'e';'m';0.760;0.872;0.872
'CoExistence(e, n)';'CoExistence';'e';'n';0.858;0.874;0.874
'RespondedExistence(e, n)';'RespondedExistence';'e';'n';0.858;0.984;0.984
'Response(e, n)';'Response';'e';'n';0.704;0.807;0.807
'CoExistence(e, o)';'CoExistence';'e';'o';0.812;0.832;0.832
'RespondedExistence(e, o)';'RespondedExistence';'e';'o';0.812;0.931;0.931
'Response(e, o)';'Response';'e';'o';0.438;0.502;0.502
'CoExistence(e, p)';'CoExistence';'e';'p';0.868;0.877;0.877
'RespondedExistence(e, p)';'RespondedExistence';'e';'p';0.868;0.995;0.995
'Response(e, p)';'Response';'e';'p';0.602;0.690;0.690
'CoExistence(e, q)';'CoExistence';'e';'q';0.806;0.829;0.829
'RespondedExistence(e, q)';'RespondedExistence';'e';'q';0.806;0.924;0.924
'NotSuccession(e, r)';'NotSuccession';'e';'r';0.814;0.927;0.927
'NotCoExistence(e, r)';'NotCoExistence';'e';'r';0.778;0.886;0.886
'CoExistence(e, s)';'CoExistence';'e';'s';0.798;0.826;0.826
'RespondedExistence(e, s)';'RespondedExistence';'e';'s';0.798;0.915;0.915
'CoExistence(e, t)';'CoExistence';'e';'t';0.858;0.868;0.868
'RespondedExistence(e, t)';'RespondedExistence';'e';'t';0.858;0.984;0.984
'Response(e, t)';'Response';'e';'t';0.472;0.541;0.541
'CoExistence(e, u)';'CoExistence';'e';'u';0.766;0.788;0.788
'RespondedExistence(e, u)';'RespondedExistence';'e';'u';0.766;0.878;0.878
'CoExistence(e, v)';'CoExistence';'e';'v';0.768;0.800;0.800
'RespondedExistence(e, v)';'RespondedExistence';'e';'v';0.768;0.881;0.881
'CoExistence(e, w)';'CoExistence';'e';'w';0.774;0.803;0.803
'RespondedExistence(e, w)';'RespondedExistence';'e';'w';0.774;0.888;0.888
'CoExistence(e, z)';'CoExistence';'e';'z';0.788;0.814;0.814
'RespondedExistence(e, z)';'RespondedExistence';'e';'z';0.788;0.904;0.904
'Precedence(p, e)';'Precedence';'e';'p';0.556;0.638;0.638
'Participation(f)';'Participation';'f';;0.972;0.972;0.972
'Precedence(b, f)';'Precedence';'f';'b';0.496;0.510;0.510
'Precedence(c, f)';'Precedence';'f';'c';0.510;0.525;0.525
'Precedence(d, f)';'Precedence';'f';'d';0.516;0.531;0.531
'Precedence(e, f)';'Precedence';'f';'e';0.520;0.535;0.535
'CoExistence(f, a)';'CoExistence';'f';'a';0.972;0.972;0.972
'CoExistence(f, b)';'CoExistence';'f';'b';0.972;0.972;0.972
'CoExistence(f, c)';'CoExistence';'f';'c';0.854;0.863;0.863
'RespondedExistence(f, c)';'RespondedExistence';'f';'c';0.854;0.879;0.879
'NotSuccession(f, c)';'NotSuccession';'f';'c';0.640;0.646;0.646
'CoExistence(f, d)';'CoExistence';'f';'d';0.972;0.972;0.972
'CoExistence(f, e)';'CoExistence';'f';'e';0.872;0.897;0.897
'RespondedExistence(f, e)';'RespondedExistence';'f';'e';0.872;0.897;0.897
'CoExistence(f, g)';'CoExistence';'f';'g';0.878;0.892;0.892
'RespondedExistence(f, g)';'RespondedExistence';'f';'g';0.878;0.903;0.903
'CoExistence(f, h)';'CoExistence';'f';'h';0.656;0.672;0.672
'RespondedExistence(f, h)';'RespondedExistence';'f';'h';0.656;0.675;0.675
'CoExistence(f, i)';'CoExistence';'f';'i';0.870;0.884;0.884
'RespondedExistence(f, i)';'RespondedExistence';'f';'i';0.870;0.895;0.895
'CoExistence(f, l)';'CoExistence';'f';'l';0.616;0.630;0.630
'RespondedExistence(f, l)';'RespondedExistence';'f';'l';0.616;0.634;0.634
'NotSuccession(f, l)';'NotSuccession';'f';'l';0.530;0.542;0.542
'CoExistence(f, m)';'CoExistence';'f';'m';0.832;0.846;0.846
'RespondedExistence(f, m)';'RespondedExistence';'f';'m';0.832;0.856;0.856
'CoExistence(f, n)';'CoExistence';'f';'n';0.948;0.956;0.956
'RespondedExistence(f, n)';'RespondedExistence';'f';'n';0.948;0.975;0.975
'Response(f, n)';'Response';'f';'n';0.488;0.502;0.502
'CoExistence(f, o)';'CoExistence';'f';'o';0.900;0.911;0.911
'RespondedExistence(f, o)';'RespondedExistence';'f';'o';0.900;0.926;0.926
'CoExistence(f, p)';'CoExistence';'f';'p';0.964;0.970;0.970
'RespondedExistence(f, p)';'RespondedExistence';'f';'p';0.964;0.992;0.992
'CoExistence(f, q)';'CoExistence';'f';'q';0.890;0.901;0.901
'RespondedExistence(f, q)';'RespondedExistence';'f';'q';0.890;0.916;0.916
'NotSuccession(f, r)';'NotSuccession';'f';'r';0.914;0.940;0.940
'NotCoExistence(f, r)';'NotCoExistence';'f';'r';0.866;0.891;0.891
'CoExistence(f, s)';'CoExistence';'f';'s';0.876;0.887;0.887
'RespondedExistence(f, s)';'RespondedExistence';'f';'s';0.876;0.901;0.901
'CoExistence(f, t)';'CoExistence';'f';'t';0.950;0.954;0.954
'RespondedExistence(f, t)';'RespondedExistence';'f';'t';0.950;0.977;0.977
'CoExistence(f, u)';'CoExistence';'f';'u';0.846;0.853;0.853
'RespondedExistence(f, u)';'RespondedExistence';'f';'u';0.846;0.870;0.870
'CoExistence(f, v)';'CoExistence';'f';'v';0.844;0.858;0.858
'RespondedExistence(f, v)';'RespondedExistence';'f';'v';0.844;0.868;0.868
'CoExistence(f, w)';'CoExistence';'f';'w';0.854;0.868;0.868
'RespondedExistence(f, w)';'RespondedExistence';'f';'w';0.854;0.879;0.879
'CoExistence(f, z)';'CoExistence';'f';'z';0.872;0.886;0.886
'RespondedExistence(f, z)';'RespondedExistence';'f';'z';0.872;0.897;0.897
'Precedence(g, f)';'Precedence';'f';'g';0.486;0.500;0.500
'Precedence(i, f)';'Precedence';'f';'i';0.504;0.519;0.519
'Precedence(n, f)';'Precedence';'f';'n';0.498;0.512;0.512
'Precedence(p, f)';'Precedence';'f';'p';0.636;0.654;0.654
'Precedence(q, f)';'Precedence';'f';'q';0.518;0.533;0.533
'Precedence(s, f)';'Precedence';'f';'s';0.520;0.535;0.535
'Precedence(t, f)';'Precedence';'f';'t';0.506;0.521;0.521
'Participation(g)';'Participation';'g';;0.890;0.890;0.890
'CoExistence(g, a)';'CoExistence';'g';'a';0.890;0.890;0.890
'CoExistence(g, b)';'CoExistence';'g';'b';0.890;0.890;0.890
'CoExistence(g, c)';'CoExistence';'g';'c';0.786;0.805;0.805
'RespondedExistence(g, c)';'RespondedExistence';'g';'c';0.786;0.883;0.883
'NotSuccession(g, c)';'NotSuccession';'g';'c';0.614;0.629;0.629
'CoExistence(g, d)';'CoExistence';'g';'d';0.890;0.890;0.890
'Response(g, d)';'Response';'g';'d';0.510;0.573;0.573
'CoExistence(g, e)';'CoExistence';'g';'e';0.798;0.828;0.828
'RespondedExistence(g, e)';'RespondedExistence';'g';'e';0.798;0.897;0.897
'CoExistence(g, f)';'CoExistence';'g';'f';0.878;0.892;0.892
'RespondedExistence(g, f)';'RespondedExistence';'g';'f';0.878;0.987;0.987
'Response(g, f)';'Response';'g';'f';0.716;0.804;0.804
'CoExistence(g, h)';'CoExistence';'g';'h';0.654;0.730;0.730
'RespondedExistence(g, h)';'RespondedExistence';'g';'h';0.654;0.735;0.735
'CoExistence(g, i)';'CoExistence';'g';'i';0.804;0.831;0.831
'RespondedExistence(g, i)';'RespondedExistence';'g';'i';0.804;0.903;0.903
'CoExistence(g, l)';'CoExistence';'g';'l';0.576;0.615;0.615
'RespondedExistence(g, l)';'RespondedExistence';'g';'l';0.576;0.647;0.647
'CoExistence(g, m)';'CoExistence';'g';'m';0.770;0.799;0.799
'RespondedExistence(g, m)';'RespondedExistence';'g';'m';0.770;0.865;0.865
'CoExistence(g, n)';'CoExistence';'g';'n';0.872;0.884;0.884
'RespondedExistence(g, n)';'RespondedExistence';'g';'n';0.872;0.980;0.980
'Response(g, n)';'Response';'g';'n';0.704;0.791;0.791
'CoExistence(g, o)';'CoExistence';'g';'o';0.818;0.828;0.828
'RespondedExistence(g, o)';'RespondedExistence';'g';'o';0.818;0.919;0.919
'CoExistence(g, p)';'CoExistence';'g';'p';0.882;0.887;0.887
'RespondedExistence(g, p)';'RespondedExistence';'g';'p';0.882;0.991;0.991
'Response(g, p)';'Response';'g';'p';0.596;0.670;0.670
'CoExistence(g, q)';'CoExistence';'g';'q';0.814;0.829;0.829
'RespondedExistence(g, q)';'RespondedExistence';'g';'q';0.814;0.915;0.915
'NotSuccession(g, r)';'NotSuccession';'g';'r';0.838;0.933;0.933
'NotCoExistence(g, r)';'NotCoExistence';'g';'r';0.800;0.891;0.891
'CoExistence(g, s)';'CoExistence';'g';'s';0.804;0.822;0.822
'RespondedExistence(g, s)';'RespondedExistence';'g';'s';0.804;0.903;0.903
'CoExistence(g, t)';'CoExistence';'g';'t';0.874;0.883;0.883
'RespondedExistence(g, t)';'RespondedExistence';'g';'t';0.874;0.982;0.982
'CoExistence(g, u)';'CoExistence';'g';'u';0.782;0.803;0.803
'RespondedExistence(g, u)';'RespondedExistence';'g';'u';0.782;0.879;0.879
'CoExistence(g, v)';'CoExistence';'g';'v';0.774;0.796;0.796
'RespondedExistence(g, v)';'RespondedExistence';'g';'v';0.774;0.870;0.870
'CoExistence(g, w)';'CoExistence';'g';'w';0.778;0.796;0.796
'RespondedExistence(g, w)';'RespondedExistence';'g';'w';0.778;0.874;0.874
'CoExistence(g, z)';'CoExistence';'g';'z';0.794;0.810;0.810
'RespondedExistence(g, z)';'RespondedExistence';'g';'z';0.794;0.892;0.892
'Precedence(p, g)';'Precedence';'g';'p';0.592;0.665;0.665
'Precedence(s, g)';'Precedence';'g';'s';0.456;0.512;0.512
'Participation(h)';'Participation';'h';;0.660;0.660;0.660
'AlternatePrecedence(a, h)';'AlternatePrecedence';'h';'a';0.346;0.524;0.524
'Precedence(b, h)';'Precedence';'h';'b';0.438;0.664;0.664
'Precedence(c, h)';'Precedence';'h';'c';0.448;0.679;0.679
'Precedence(d, h)';'Precedence';'h';'d';0.414;0.627;0.627
'Precedence(e, h)';'Precedence';'h';'e';0.438;0.664;0.664
'Precedence(f, h)';'Precedence';'h';'f';0.406;0.615;0.615
'Precedence(g, h)';'Precedence';'h';'g';0.624;0.945;0.945
'CoExistence(h, a)';'CoExistence';'h';'a';0.660;0.660;0.660
'NotSuccession(h, a)';'NotSuccession';'h';'a';0.594;0.594;0.594
'CoExistence(h, b)';'CoExistence';'h';'b';0.660;0.660;0.660
'AlternateResponse(h, b)';'AlternateResponse';'h';'b';0.354;0.536;0.536
'CoExistence(h, c)';'CoExistence';'h';'c';0.586;0.619;0.619
'RespondedExistence(h, c)';'RespondedExistence';'h';'c';0.586;0.888;0.888
'NotSuccession(h, c)';'NotSuccession';'h';'c';0.796;0.841;0.841
'CoExistence(h, d)';'CoExistence';'h';'d';0.660;0.660;0.660
'Response(h, d)';'Response';'h';'d';0.336;0.509;0.509
'NotSuccession(h, d)';'NotSuccession';'h';'d';0.510;0.510;0.510
'CoExistence(h, e)';'CoExistence';'h';'e';0.594;0.633;0.633
'RespondedExistence(h, e)';'RespondedExistence';'h';'e';0.594;0.900;0.900
'NotSuccession(h, e)';'NotSuccession';'h';'e';0.534;0.569;0.569
'CoExistence(h, f)';'CoExistence';'h';'f';0.656;0.672;0.672
'RespondedExistence(h, f)';'RespondedExistence';'h';'f';0.656;0.994;0.994
'Response(h, f)';'Response';'h';'f';0.494;0.748;0.748
'CoExistence(h, g)';'CoExistence';'h';'g';0.654;0.730;0.730
'NotSuccession(h, g)';'NotSuccession';'h';'g';0.526;0.587;0.587
'CoExistence(h, i)';'CoExistence';'h';'i';0.598;0.633;0.633
'RespondedExistence(h, i)';'RespondedExistence';'h';'i';0.598;0.906;0.906
'NotSuccession(h, i)';'NotSuccession';'h';'i';0.516;0.547;0.547
'CoExistence(h, l)';'CoExistence';'h';'l';0.430;0.505;0.505
'RespondedExistence(h, l)';'RespondedExistence';'h';'l';0.430;0.652;0.652
'NotSuccession(h, l)';'NotSuccession';'h';'l';0.572;0.671;0.671
'CoExistence(h, m)';'CoExistence';'h';'m';0.580;0.628;0.628
'RespondedExistence(h, m)';'RespondedExistence';'h';'m';0.580;0.879;0.879
'NotSuccession(h, m)';'NotSuccession';'h';'m';0.632;0.684;0.684
'CoExistence(h, n)';'CoExistence';'h';'n';0.652;0.668;0.668
'RespondedExistence(h, n)';'RespondedExistence';'h';'n';0.652;0.988;0.988
'Response(h, n)';'Response';'h';'n';0.488;0.739;0.739
'CoExistence(h, o)';'CoExistence';'h';'o';0.612;0.635;0.635
'RespondedExistence(h, o)';'RespondedExistence';'h';'o';0.612;0.927;0.927
'NotSuccession(h, o)';'NotSuccession';'h';'o';0.550;0.571;0.571
'CoExistence(h, p)';'CoExistence';'h';'p';0.660;0.669;0.669
'RespondedExistence(h, p)';'RespondedExistence';'h';'p';0.660;1.000;1.000
'Response(h, p)';'Response';'h';'p';0.376;0.570;0.570
'CoExistence(h, q)';'CoExistence';'h';'q';0.610;0.638;0.638
'RespondedExistence(h, q)';'RespondedExistence';'h';'q';0.610;0.924;0.924
'NotSuccession(h, q)';'NotSuccession';'h';'q';0.582;0.609;0.609
'NotSuccession(h, r)';'NotSuccession';'h';'r';0.662;0.954;0.954
'NotCoExistence(h, r)';'NotCoExistence';'h';'r';0.622;0.896;0.896
'CoExistence(h, s)';'CoExistence';'h';'s';0.598;0.627;0.627
'RespondedExistence(h, s)';'RespondedExistence';'h';'s';0.598;0.906;0.906
'NotSuccession(h, s)';'NotSuccession';'h';'s';0.538;0.564;0.564
'CoExistence(h, t)';'CoExistence';'h';'t';0.648;0.657;0.657
'RespondedExistence(h, t)';'RespondedExistence';'h';'t';0.648;0.982;0.982
'NotSuccession(h, t)';'NotSuccession';'h';'t';0.536;0.544;0.544
'CoExistence(h, u)';'CoExistence';'h';'u';0.592;0.634;0.634
'RespondedExistence(h, u)';'RespondedExistence';'h';'u';0.592;0.897;0.897
'NotSuccession(h, u)';'NotSuccession';'h';'u';0.520;0.557;0.557
'CoExistence(h, v)';'CoExistence';'h';'v';0.570;0.603;0.603
'RespondedExistence(h, v)';'RespondedExistence';'h';'v';0.570;0.864;0.864
'NotSuccession(h, v)';'NotSuccession';'h';'v';0.548;0.579;0.579
'CoExistence(h, w)';'CoExistence';'h';'w';0.582;0.617;0.617
'RespondedExistence(h, w)';'RespondedExistence';'h';'w';0.582;0.882;0.882
'NotSuccession(h, w)';'NotSuccession';'h';'w';0.542;0.574;0.574
'CoExistence(h, z)';'CoExistence';'h';'z';0.590;0.618;0.618
'RespondedExistence(h, z)';'RespondedExistence';'h';'z';0.590;0.894;0.894
'NotSuccession(h, z)';'NotSuccession';'h';'z';0.542;0.568;0.568
'Precedence(i, h)';'Precedence';'h';'i';0.420;0.636;0.636
'Precedence(m, h)';'Precedence';'h';'m';0.420;0.636;0.636
'Precedence(n, h)';'Precedence';'h';'n';0.430;0.652;0.652
'Precedence(o, h)';'Precedence';'h';'o';0.426;0.645;0.645
'Precedence(p, h)';'Precedence';'h';'p';0.548;0.830;0.830
'AlternatePrecedence(p, h)';'AlternatePrecedence';'h';'p';0.348;0.527;0.527
'Precedence(q, h)';'Precedence';'h';'q';0.430;0.652;0.652
'Precedence(s, h)';'Precedence';'h';'s';0.440;0.667;0.667
'Precedence(t, h)';'Precedence';'h';'t';0.420;0.636;0.636
'Precedence(u, h)';'Precedence';'h';'u';0.404;0.612;0.612
'Precedence(v, h)';'Precedence';'h';'v';0.400;0.606;0.606
'Precedence(w, h)';'Precedence';'h';'w';0.414;0.627;0.627
'Precedence(z, h)';'Precedence';'h';'z';0.434;0.658;0.658
'Participation(i)';'Participation';'i';;0.882;0.882;0.882
'CoExistence(i, a)';'CoExistence';'i';'a';0.882;0.882;0.882
'CoExistence(i, b)';'CoExistence';'i';'b';0.882;0.882;0.882
'CoExistence(i, c)';'CoExistence';'i';'c';0.776;0.793;0.793
'RespondedExistence(i, c)';'RespondedExistence';'i';'c';0.776;0.880;0.880
'NotSuccession(i, c)';'NotSuccession';'i';'c';0.580;0.593;0.593
'CoExistence(i, d)';'CoExistence';'i';'d';0.882;0.882;0.882
'Response(i, d)';'Response';'i';'d';0.496;0.562;0.562
'CoExistence(i, e)';'CoExistence';'i';'e';0.788;0.816;0.816
'RespondedExistence(i, e)';'RespondedExistence';'i';'e';0.788;0.893;0.893
'CoExistence(i, f)';'CoExistence';'i';'f';0.870;0.884;0.884
'RespondedExistence(i, f)';'RespondedExistence';'i';'f';0.870;0.986;0.986
'Response(i, f)';'Response';'i';'f';0.686;0.778;0.778
'CoExistence(i, g)';'CoExistence';'i';'g';0.804;0.831;0.831
'RespondedExistence(i, g)';'RespondedExistence';'i';'g';0.804;0.912;0.912
'CoExistence(i, h)';'CoExistence';'i';'h';0.598;0.633;0.633
'RespondedExistence(i, h)';'RespondedExistence';'i';'h';0.598;0.678;0.678
'CoExistence(i, l)';'CoExistence';'i';'l';0.616;0.694;0.694
'RespondedExistence(i, l)';'RespondedExistence';'i';'l';0.616;0.698;0.698
'CoExistence(i, m)';'CoExistence';'i';'m';0.758;0.783;0.783
'RespondedExistence(i, m)';'RespondedExistence';'i';'m';0.758;0.859;0.859
'CoExistence(i, n)';'CoExistence';'i';'n';0.862;0.872;0.872
'RespondedExistence(i, n)';'RespondedExistence';'i';'n';0.862;0.977;0.977
'Response(i, n)';'Response';'i';'n';0.660;0.748;0.748
'CoExistence(i, o)';'CoExistence';'i';'o';0.814;0.827;0.827
'RespondedExistence(i, o)';'RespondedExistence';'i';'o';0.814;0.923;0.923
'CoExistence(i, p)';'CoExistence';'i';'p';0.880;0.891;0.891
'RespondedExistence(i, p)';'RespondedExistence';'i';'p';0.880;0.998;0.998
'Response(i, p)';'Response';'i';'p';0.542;0.615;0.615
'CoExistence(i, q)';'CoExistence';'i';'q';0.804;0.817;0.817
'RespondedExistence(i, q)';'RespondedExistence';'i';'q';0.804;0.912;0.912
'NotSuccession(i, r)';'NotSuccession';'i';'r';0.840;0.940;0.940
'NotCoExistence(i, r)';'NotCoExistence';'i';'r';0.800;0.895;0.895
'CoExistence(i, s)';'CoExistence';'i';'s';0.798;0.818;0.818
'RespondedExistence(i, s)';'RespondedExistence';'i';'s';0.798;0.905;0.905
'CoExistence(i, t)';'CoExistence';'i';'t';0.864;0.871;0.871
'RespondedExistence(i, t)';'RespondedExistence';'i';'t';0.864;0.980;0.980
'Response(i, t)';'Response';'i';'t';0.442;0.501;0.501
'CoExistence(i, u)';'CoExistence';'i';'u';0.774;0.795;0.795
'RespondedExistence(i, u)';'RespondedExistence';'i';'u';0.774;0.878;0.878
'CoExistence(i, v)';'CoExistence';'i';'v';0.760;0.777;0.777
'RespondedExistence(i, v)';'RespondedExistence';'i';'v';0.760;0.862;0.862
'CoExistence(i, w)';'CoExistence';'i';'w';0.776;0.798;0.798
'RespondedExistence(i, w)';'RespondedExistence';'i';'w';0.776;0.880;0.880
'CoExistence(i, z)';'CoExistence';'i';'z';0.790;0.809;0.809
'RespondedExistence(i, z)';'RespondedExistence';'i';'z';0.790;0.896;0.896
'Precedence(p, i)';'Precedence';'i';'p';0.558;0.633;0.633
'AtMostOne(l)';'AtMostOne';'l';;0.428;0.688;0.688
'Participation(l)';'Participation';'l';;0.622;0.622;0.622
'AlternatePrecedence(a, l)';'AlternatePrecedence';'l';'a';0.514;0.826;0.826
'Precedence(b, l)';'Precedence';'l';'b';0.394;0.633;0.633
'AlternatePrecedence(b, l)';'AlternatePrecedence';'l';'b';0.324;0.521;0.521
'Precedence(c, l)';'Precedence';'l';'c';0.430;0.691;0.691
'Precedence(d, l)';'Precedence';'l';'d';0.410;0.659;0.659
'AlternatePrecedence(d, l)';'AlternatePrecedence';'l';'d';0.354;0.569;0.569
'Precedence(e, l)';'Precedence';'l';'e';0.406;0.653;0.653
'AlternatePrecedence(e, l)';'AlternatePrecedence';'l';'e';0.346;0.556;0.556
'Precedence(f, l)';'Precedence';'l';'f';0.392;0.630;0.630
'AlternatePrecedence(f, l)';'AlternatePrecedence';'l';'f';0.326;0.524;0.524
'Precedence(g, l)';'Precedence';'l';'g';0.414;0.666;0.666
'AlternatePrecedence(g, l)';'AlternatePrecedence';'l';'g';0.364;0.585;0.585
'AlternatePrecedence(i, l)';'AlternatePrecedence';'l';'i';0.582;0.936;0.936
'CoExistence(l, a)';'CoExistence';'l';'a';0.622;0.622;0.622
'NotSuccession(l, a)';'NotSuccession';'l';'a';0.612;0.612;0.612
'CoExistence(l, b)';'CoExistence';'l';'b';0.622;0.622;0.622
'AlternateResponse(l, b)';'AlternateResponse';'l';'b';0.504;0.810;0.810
'CoExistence(l, c)';'CoExistence';'l';'c';0.566;0.610;0.610
'RespondedExistence(l, c)';'RespondedExistence';'l';'c';0.566;0.910;0.910
'NotSuccession(l, c)';'NotSuccession';'l';'c';0.782;0.843;0.843
'CoExistence(l, d)';'CoExistence';'l';'d';0.622;0.622;0.622
'Response(l, d)';'Response';'l';'d';0.356;0.572;0.572
'NotSuccession(l, d)';'NotSuccession';'l';'d';0.566;0.566;0.566
'CoExistence(l, e)';'CoExistence';'l';'e';0.564;0.606;0.606
'RespondedExistence(l, e)';'RespondedExistence';'l';'e';0.564;0.907;0.907
'NotSuccession(l, e)';'NotSuccession';'l';'e';0.564;0.606;0.606
'CoExistence(l, f)';'CoExistence';'l';'f';0.616;0.630;0.630
'RespondedExistence(l, f)';'RespondedExistence';'l';'f';0.616;0.990;0.990
'Response(l, f)';'Response';'l';'f';0.514;0.826;0.826
'AlternateResponse(l, f)';'AlternateResponse';'l';'f';0.434;0.698;0.698
'CoExistence(l, g)';'CoExistence';'l';'g';0.576;0.615;0.615
'RespondedExistence(l, g)';'RespondedExistence';'l';'g';0.576;0.926;0.926
'NotSuccession(l, g)';'NotSuccession';'l';'g';0.548;0.585;0.585
'CoExistence(l, h)';'CoExistence';'l';'h';0.430;0.505;0.505
'RespondedExistence(l, h)';'RespondedExistence';'l';'h';0.430;0.691;0.691
'NotSuccession(l, h)';'NotSuccession';'l';'h';0.530;0.622;0.622
'CoExistence(l, i)';'CoExistence';'l';'i';0.616;0.694;0.694
'NotSuccession(l, i)';'NotSuccession';'l';'i';0.496;0.559;0.559
'CoExistence(l, m)';'CoExistence';'l';'m';0.546;0.593;0.593
'RespondedExistence(l, m)';'RespondedExistence';'l';'m';0.546;0.878;0.878
'NotSuccession(l, m)';'NotSuccession';'l';'m';0.668;0.726;0.726
'CoExistence(l, n)';'CoExistence';'l';'n';0.612;0.626;0.626
'RespondedExistence(l, n)';'RespondedExistence';'l';'n';0.612;0.984;0.984
'Response(l, n)';'Response';'l';'n';0.498;0.801;0.801
'AlternateResponse(l, n)';'AlternateResponse';'l';'n';0.412;0.662;0.662
'CoExistence(l, o)';'CoExistence';'l';'o';0.578;0.602;0.602
'RespondedExistence(l, o)';'RespondedExistence';'l';'o';0.578;0.929;0.929
'Response(l, o)';'Response';'l';'o';0.316;0.508;0.508
'NotSuccession(l, o)';'NotSuccession';'l';'o';0.564;0.588;0.588
'CoExistence(l, p)';'CoExistence';'l';'p';0.622;0.631;0.631
'RespondedExistence(l, p)';'RespondedExistence';'l';'p';0.622;1.000;1.000
'Response(l, p)';'Response';'l';'p';0.438;0.704;0.704
'AlternateResponse(l, p)';'AlternateResponse';'l';'p';0.394;0.633;0.633
'CoExistence(l, q)';'CoExistence';'l';'q';0.568;0.592;0.592
'RespondedExistence(l, q)';'RespondedExistence';'l';'q';0.568;0.913;0.913
'NotSuccession(l, q)';'NotSuccession';'l';'q';0.610;0.635;0.635
'NotSuccession(l, r)';'NotSuccession';'l';'r';0.632;0.952;0.952
'NotCoExistence(l, r)';'NotCoExistence';'l';'r';0.600;0.904;0.904
'CoExistence(l, s)';'CoExistence';'l';'s';0.564;0.594;0.594
'RespondedExistence(l, s)';'RespondedExistence';'l';'s';0.564;0.907;0.907
'NotSuccession(l, s)';'NotSuccession';'l';'s';0.594;0.625;0.625
'CoExistence(l, t)';'CoExistence';'l';'t';0.612;0.622;0.622
'RespondedExistence(l, t)';'RespondedExistence';'l';'t';0.612;0.984;0.984
'Response(l, t)';'Response';'l';'t';0.314;0.505;0.505
'NotSuccession(l, t)';'NotSuccession';'l';'t';0.584;0.593;0.593
'CoExistence(l, u)';'CoExistence';'l';'u';0.548;0.583;0.583
'RespondedExistence(l, u)';'RespondedExistence';'l';'u';0.548;0.881;0.881
'Response(l, u)';'Response';'l';'u';0.316;0.508;0.508
'NotSuccession(l, u)';'NotSuccession';'l';'u';0.558;0.594;0.594
'CoExistence(l, v)';'CoExistence';'l';'v';0.544;0.582;0.582
'RespondedExistence(l, v)';'RespondedExistence';'l';'v';0.544;0.875;0.875
'NotSuccession(l, v)';'NotSuccession';'l';'v';0.572;0.612;0.612
'CoExistence(l, w)';'CoExistence';'l';'w';0.552;0.590;0.590
'RespondedExistence(l, w)';'RespondedExistence';'l';'w';0.552;0.887;0.887
'NotSuccession(l, w)';'NotSuccession';'l';'w';0.586;0.626;0.626
'CoExistence(l, z)';'CoExistence';'l';'z';0.566;0.602;0.602
'RespondedExistence(l, z)';'RespondedExistence';'l';'z';0.566;0.910;0.910
'Response(l, z)';'Response';'l';'z';0.318;0.511;0.511
'NotSuccession(l, z)';'NotSuccession';'l';'z';0.548;0.583;0.583
'Precedence(m, l)';'Precedence';'l';'m';0.414;0.666;0.666
'AlternatePrecedence(m, l)';'AlternatePrecedence';'l';'m';0.336;0.540;0.540
'Precedence(n, l)';'Precedence';'l';'n';0.414;0.666;0.666
'AlternatePrecedence(n, l)';'AlternatePrecedence';'l';'n';0.352;0.566;0.566
'Precedence(o, l)';'Precedence';'l';'o';0.394;0.633;0.633
'AlternatePrecedence(o, l)';'AlternatePrecedence';'l';'o';0.346;0.556;0.556
'Precedence(p, l)';'Precedence';'l';'p';0.534;0.859;0.859
'AlternatePrecedence(p, l)';'AlternatePrecedence';'l';'p';0.488;0.785;0.785
'Precedence(q, l)';'Precedence';'l';'q';0.434;0.698;0.698
'AlternatePrecedence(q, l)';'AlternatePrecedence';'l';'q';0.376;0.605;0.605
'Precedence(s, l)';'Precedence';'l';'s';0.408;0.656;0.656
'AlternatePrecedence(s, l)';'AlternatePrecedence';'l';'s';0.338;0.543;0.543
'Precedence(t, l)';'Precedence';'l';'t';0.418;0.672;0.672
'AlternatePrecedence(t, l)';'AlternatePrecedence';'l';'t';0.360;0.579;0.579
'Precedence(u, l)';'Precedence';'l';'u';0.394;0.633;0.633
'AlternatePrecedence(u, l)';'AlternatePrecedence';'l';'u';0.322;0.518;0.518
'Precedence(v, l)';'Precedence';'l';'v';0.384;0.617;0.617
'AlternatePrecedence(v, l)';'AlternatePrecedence';'l';'v';0.332;0.534;0.534
'Precedence(w, l)';'Precedence';'l';'w';0.422;0.678;0.678
'AlternatePrecedence(w, l)';'AlternatePrecedence';'l';'w';0.366;0.588;0.588
'Precedence(z, l)';'Precedence';'l';'z';0.398;0.640;0.640
'AlternatePrecedence(z, l)';'AlternatePrecedence';'l';'z';0.346;0.556;0.556
'AtMostOne(m)';'AtMostOne';'m';;0.488;0.578;0.578
'Participation(m)';'Participation';'m';;0.844;0.844;0.844
'AlternatePrecedence(a, m)';'AlternatePrecedence';'m';'a';0.662;0.784;0.784
'CoExistence(m, a)';'CoExistence';'m';'a';0.844;0.844;0.844
'Response(m, a)';'Response';'m';'a';0.548;0.649;0.649
'AlternateResponse(m, a)';'AlternateResponse';'m';'a';0.472;0.559;0.559
'CoExistence(m, b)';'CoExistence';'m';'b';0.844;0.844;0.844
'AlternateResponse(m, b)';'AlternateResponse';'m';'b';0.648;0.768;0.768
'CoExistence(m, c)';'CoExistence';'m';'c';0.752;0.780;0.780
'RespondedExistence(m, c)';'RespondedExistence';'m';'c';0.752;0.891;0.891
'NotSuccession(m, c)';'NotSuccession';'m';'c';0.582;0.604;0.604
'CoExistence(m, d)';'CoExistence';'m';'d';0.844;0.844;0.844
'Response(m, d)';'Response';'m';'d';0.606;0.718;0.718
'AlternateResponse(m, d)';'AlternateResponse';'m';'d';0.500;0.592;0.592
'CoExistence(m, e)';'CoExistence';'m';'e';0.760;0.795;0.795
'RespondedExistence(m, e)';'RespondedExistence';'m';'e';0.760;0.900;0.900
'Response(m, e)';'Response';'m';'e';0.496;0.588;0.588
'CoExistence(m, f)';'CoExistence';'m';'f';0.832;0.846;0.846
'RespondedExistence(m, f)';'RespondedExistence';'m';'f';0.832;0.986;0.986
'Response(m, f)';'Response';'m';'f';0.746;0.884;0.884
'AlternateResponse(m, f)';'AlternateResponse';'m';'f';0.590;0.699;0.699
'CoExistence(m, g)';'CoExistence';'m';'g';0.770;0.799;0.799
'RespondedExistence(m, g)';'RespondedExistence';'m';'g';0.770;0.912;0.912
'Response(m, g)';'Response';'m';'g';0.526;0.623;0.623
'AlternateResponse(m, g)';'AlternateResponse';'m';'g';0.446;0.528;0.528
'CoExistence(m, h)';'CoExistence';'m';'h';0.580;0.628;0.628
'RespondedExistence(m, h)';'RespondedExistence';'m';'h';0.580;0.687;0.687
'Response(m, h)';'Response';'m';'h';0.440;0.521;0.521
'CoExistence(m, i)';'CoExistence';'m';'i';0.758;0.783;0.783
'RespondedExistence(m, i)';'RespondedExistence';'m';'i';0.758;0.898;0.898
'Response(m, i)';'Response';'m';'i';0.532;0.630;0.630
'AlternateResponse(m, i)';'AlternateResponse';'m';'i';0.440;0.521;0.521
'CoExistence(m, l)';'CoExistence';'m';'l';0.546;0.593;0.593
'RespondedExistence(m, l)';'RespondedExistence';'m';'l';0.546;0.647;0.647
'CoExistence(m, n)';'CoExistence';'m';'n';0.844;0.872;0.872
'AlternateResponse(m, n)';'AlternateResponse';'m';'n';0.782;0.927;0.927
'CoExistence(m, o)';'CoExistence';'m';'o';0.788;0.811;0.811
'RespondedExistence(m, o)';'RespondedExistence';'m';'o';0.788;0.934;0.934
'Response(m, o)';'Response';'m';'o';0.524;0.621;0.621
'AlternateResponse(m, o)';'AlternateResponse';'m';'o';0.432;0.512;0.512
'CoExistence(m, p)';'CoExistence';'m';'p';0.840;0.848;0.848
'RespondedExistence(m, p)';'RespondedExistence';'m';'p';0.840;0.995;0.995
'Response(m, p)';'Response';'m';'p';0.680;0.806;0.806
'AlternateResponse(m, p)';'AlternateResponse';'m';'p';0.610;0.723;0.723
'CoExistence(m, q)';'CoExistence';'m';'q';0.778;0.800;0.800
'RespondedExistence(m, q)';'RespondedExistence';'m';'q';0.778;0.922;0.922
'Response(m, q)';'Response';'m';'q';0.496;0.588;0.588
'NotSuccession(m, r)';'NotSuccession';'m';'r';0.808;0.944;0.944
'NotCoExistence(m, r)';'NotCoExistence';'m';'r';0.762;0.890;0.890
'CoExistence(m, s)';'CoExistence';'m';'s';0.776;0.808;0.808
'RespondedExistence(m, s)';'RespondedExistence';'m';'s';0.776;0.919;0.919
'Response(m, s)';'Response';'m';'s';0.462;0.547;0.547
'CoExistence(m, t)';'CoExistence';'m';'t';0.834;0.848;0.848
'RespondedExistence(m, t)';'RespondedExistence';'m';'t';0.834;0.988;0.988
'Response(m, t)';'Response';'m';'t';0.560;0.664;0.664
'AlternateResponse(m, t)';'AlternateResponse';'m';'t';0.448;0.531;0.531
'CoExistence(m, u)';'CoExistence';'m';'u';0.748;0.778;0.778
'RespondedExistence(m, u)';'RespondedExistence';'m';'u';0.748;0.886;0.886
'Response(m, u)';'Response';'m';'u';0.522;0.618;0.618
'AlternateResponse(m, u)';'AlternateResponse';'m';'u';0.424;0.502;0.502
'CoExistence(m, v)';'CoExistence';'m';'v';0.736;0.763;0.763
'RespondedExistence(m, v)';'RespondedExistence';'m';'v';0.736;0.872;0.872
'Response(m, v)';'Response';'m';'v';0.508;0.602;0.602
'AlternateResponse(m, v)';'AlternateResponse';'m';'v';0.434;0.514;0.514
'CoExistence(m, w)';'CoExistence';'m';'w';0.742;0.767;0.767
'RespondedExistence(m, w)';'RespondedExistence';'m';'w';0.742;0.879;0.879
'Response(m, w)';'Response';'m';'w';0.514;0.609;0.609
'AlternateResponse(m, w)';'AlternateResponse';'m';'w';0.436;0.517;0.517
'CoExistence(m, z)';'CoExistence';'m';'z';0.766;0.796;0.796
'RespondedExistence(m, z)';'RespondedExistence';'m';'z';0.766;0.908;0.908
'Response(m, z)';'Response';'m';'z';0.516;0.611;0.611
'AlternateResponse(m, z)';'AlternateResponse';'m';'z';0.444;0.526;0.526
'Precedence(p, m)';'Precedence';'m';'p';0.502;0.595;0.595
'AlternatePrecedence(p, m)';'AlternatePrecedence';'m';'p';0.448;0.531;0.531
'Participation(n)';'Participation';'n';;0.968;0.968;0.968
'Precedence(b, n)';'Precedence';'n';'b';0.490;0.506;0.506
'Precedence(d, n)';'Precedence';'n';'d';0.484;0.500;0.500
'Precedence(e, n)';'Precedence';'n';'e';0.484;0.500;0.500
'CoExistence(n, a)';'CoExistence';'n';'a';0.968;0.968;0.968
'CoExistence(n, b)';'CoExistence';'n';'b';0.968;0.968;0.968
'CoExistence(n, c)';'CoExistence';'n';'c';0.854;0.866;0.866
'RespondedExistence(n, c)';'RespondedExistence';'n';'c';0.854;0.882;0.882
'NotSuccession(n, c)';'NotSuccession';'n';'c';0.596;0.604;0.604
'CoExistence(n, d)';'CoExistence';'n';'d';0.968;0.968;0.968
'CoExistence(n, e)';'CoExistence';'n';'e';0.858;0.874;0.874
'RespondedExistence(n, e)';'RespondedExistence';'n';'e';0.858;0.886;0.886
'CoExistence(n, f)';'CoExistence';'n';'f';0.948;0.956;0.956
'RespondedExistence(n, f)';'RespondedExistence';'n';'f';0.948;0.979;0.979
'CoExistence(n, g)';'CoExistence';'n';'g';0.872;0.884;0.884
'RespondedExistence(n, g)';'RespondedExistence';'n';'g';0.872;0.901;0.901
'CoExistence(n, h)';'CoExistence';'n';'h';0.652;0.668;0.668
'RespondedExistence(n, h)';'RespondedExistence';'n';'h';0.652;0.674;0.674
'CoExistence(n, i)';'CoExistence';'n';'i';0.862;0.872;0.872
'RespondedExistence(n, i)';'RespondedExistence';'n';'i';0.862;0.890;0.890
'CoExistence(n, l)';'CoExistence';'n';'l';0.612;0.626;0.626
'RespondedExistence(n, l)';'RespondedExistence';'n';'l';0.612;0.632;0.632
'NotSuccession(n, l)';'NotSuccession';'n';'l';0.502;0.513;0.513
'CoExistence(n, m)';'CoExistence';'n';'m';0.844;0.872;0.872
'RespondedExistence(n, m)';'RespondedExistence';'n';'m';0.844;0.872;0.872
'CoExistence(n, o)';'CoExistence';'n';'o';0.888;0.892;0.892
'RespondedExistence(n, o)';'RespondedExistence';'n';'o';0.888;0.917;0.917
'CoExistence(n, p)';'CoExistence';'n';'p';0.958;0.962;0.962
'RespondedExistence(n, p)';'RespondedExistence';'n';'p';0.958;0.990;0.990
'CoExistence(n, q)';'CoExistence';'n';'q';0.886;0.897;0.897
'RespondedExistence(n, q)';'RespondedExistence';'n';'q';0.886;0.915;0.915
'NotSuccession(n, r)';'NotSuccession';'n';'r';0.906;0.936;0.936
'NotCoExistence(n, r)';'NotCoExistence';'n';'r';0.862;0.890;0.890
'CoExistence(n, s)';'CoExistence';'n';'s';0.872;0.883;0.883
'RespondedExistence(n, s)';'RespondedExistence';'n';'s';0.872;0.901;0.901
'CoExistence(n, t)';'CoExistence';'n';'t';0.948;0.954;0.954
'RespondedExistence(n, t)';'RespondedExistence';'n';'t';0.948;0.979;0.979
'CoExistence(n, u)';'CoExistence';'n';'u';0.844;0.853;0.853
'RespondedExistence(n, u)';'RespondedExistence';'n';'u';0.844;0.872;0.872
'CoExistence(n, v)';'CoExistence';'n';'v';0.840;0.854;0.854
'RespondedExistence(n, v)';'RespondedExistence';'n';'v';0.840;0.868;0.868
'CoExistence(n, w)';'CoExistence';'n';'w';0.846;0.856;0.856
'RespondedExistence(n, w)';'RespondedExistence';'n';'w';0.846;0.874;0.874
'CoExistence(n, z)';'CoExistence';'n';'z';0.870;0.886;0.886
'RespondedExistence(n, z)';'RespondedExistence';'n';'z';0.870;0.899;0.899
'Precedence(p, n)';'Precedence';'n';'p';0.638;0.659;0.659
'Precedence(s, n)';'Precedence';'n';'s';0.492;0.508;0.508
'Participation(o)';'Participation';'o';;0.916;0.916;0.916
'CoExistence(o, a)';'CoExistence';'o';'a';0.916;0.916;0.916
'CoExistence(o, b)';'CoExistence';'o';'b';0.916;0.916;0.916
'CoExistence(o, c)';'CoExistence';'o';'c';0.806;0.821;0.821
'RespondedExistence(o, c)';'RespondedExistence';'o';'c';0.806;0.880;0.880
'NotSuccession(o, c)';'NotSuccession';'o';'c';0.610;0.621;0.621
'CoExistence(o, d)';'CoExistence';'o';'d';0.916;0.916;0.916
'Response(o, d)';'Response';'o';'d';0.550;0.600;0.600
'CoExistence(o, e)';'CoExistence';'o';'e';0.812;0.832;0.832
'RespondedExistence(o, e)';'RespondedExistence';'o';'e';0.812;0.886;0.886
'CoExistence(o, f)';'CoExistence';'o';'f';0.900;0.911;0.911
'RespondedExistence(o, f)';'RespondedExistence';'o';'f';0.900;0.983;0.983
'Response(o, f)';'Response';'o';'f';0.706;0.771;0.771
'CoExistence(o, g)';'CoExistence';'o';'g';0.818;0.828;0.828
'RespondedExistence(o, g)';'RespondedExistence';'o';'g';0.818;0.893;0.893
'CoExistence(o, h)';'CoExistence';'o';'h';0.612;0.635;0.635
'RespondedExistence(o, h)';'RespondedExistence';'o';'h';0.612;0.668;0.668
'CoExistence(o, i)';'CoExistence';'o';'i';0.814;0.827;0.827
'RespondedExistence(o, i)';'RespondedExistence';'o';'i';0.814;0.889;0.889
'CoExistence(o, l)';'CoExistence';'o';'l';0.578;0.602;0.602
'RespondedExistence(o, l)';'RespondedExistence';'o';'l';0.578;0.631;0.631
'NotSuccession(o, l)';'NotSuccession';'o';'l';0.498;0.519;0.519
'CoExistence(o, m)';'CoExistence';'o';'m';0.788;0.811;0.811
'RespondedExistence(o, m)';'RespondedExistence';'o';'m';0.788;0.860;0.860
'CoExistence(o, n)';'CoExistence';'o';'n';0.888;0.892;0.892
'RespondedExistence(o, n)';'RespondedExistence';'o';'n';0.888;0.969;0.969
'Response(o, n)';'Response';'o';'n';0.730;0.797;0.797
'CoExistence(o, p)';'CoExistence';'o';'p';0.914;0.925;0.925
'ChainResponse(o, p)';'ChainResponse';'o';'p';0.674;0.736;0.736
'CoExistence(o, q)';'CoExistence';'o';'q';0.838;0.852;0.852
'RespondedExistence(o, q)';'RespondedExistence';'o';'q';0.838;0.915;0.915
'NotSuccession(o, r)';'NotSuccession';'o';'r';0.858;0.931;0.931
'NotCoExistence(o, r)';'NotCoExistence';'o';'r';0.822;0.892;0.892
'CoExistence(o, s)';'CoExistence';'o';'s';0.826;0.841;0.841
'RespondedExistence(o, s)';'RespondedExistence';'o';'s';0.826;0.902;0.902
'CoExistence(o, t)';'CoExistence';'o';'t';0.896;0.901;0.901
'RespondedExistence(o, t)';'RespondedExistence';'o';'t';0.896;0.978;0.978
'Response(o, t)';'Response';'o';'t';0.488;0.533;0.533
'CoExistence(o, u)';'CoExistence';'o';'u';0.798;0.811;0.811
'RespondedExistence(o, u)';'RespondedExistence';'o';'u';0.798;0.871;0.871
'CoExistence(o, v)';'CoExistence';'o';'v';0.792;0.808;0.808
'RespondedExistence(o, v)';'RespondedExistence';'o';'v';0.792;0.865;0.865
'CoExistence(o, w)';'CoExistence';'o';'w';0.800;0.815;0.815
'RespondedExistence(o, w)';'RespondedExistence';'o';'w';0.800;0.873;0.873
'CoExistence(o, z)';'CoExistence';'o';'z';0.814;0.826;0.826
'RespondedExistence(o, z)';'RespondedExistence';'o';'z';0.814;0.889;0.889
'Precedence(p, o)';'Precedence';'o';'p';0.458;0.500;0.500
'Precedence(s, o)';'Precedence';'o';'s';0.470;0.513;0.513
'Participation(p)';'Participation';'p';;0.986;0.986;0.986
'CoExistence(p, a)';'CoExistence';'p';'a';0.986;0.986;0.986
'CoExistence(p, b)';'CoExistence';'p';'b';0.986;0.986;0.986
'Succession(p, b)';'Succession';'p';'b';0.664;0.664;0.664
'CoExistence(p, c)';'CoExistence';'p';'c';0.868;0.877;0.877
'RespondedExistence(p, c)';'RespondedExistence';'p';'c';0.868;0.880;0.880
'CoExistence(p, d)';'CoExistence';'p';'d';0.986;0.986;0.986
'CoExistence(p, e)';'CoExistence';'p';'e';0.868;0.877;0.877
'RespondedExistence(p, e)';'RespondedExistence';'p';'e';0.868;0.880;0.880
'CoExistence(p, f)';'CoExistence';'p';'f';0.964;0.970;0.970
'RespondedExistence(p, f)';'RespondedExistence';'p';'f';0.964;0.978;0.978
'Response(p, f)';'Response';'p';'f';0.674;0.684;0.684
'CoExistence(p, g)';'CoExistence';'p';'g';0.882;0.887;0.887
'RespondedExistence(p, g)';'RespondedExistence';'p';'g';0.882;0.895;0.895
'CoExistence(p, h)';'CoExistence';'p';'h';0.660;0.669;0.669
'RespondedExistence(p, h)';'RespondedExistence';'p';'h';0.660;0.669;0.669
'CoExistence(p, i)';'CoExistence';'p';'i';0.880;0.891;0.891
'RespondedExistence(p, i)';'RespondedExistence';'p';'i';0.880;0.892;0.892
'CoExistence(p, l)';'CoExistence';'p';'l';0.622;0.631;0.631
'RespondedExistence(p, l)';'RespondedExistence';'p';'l';0.622;0.631;0.631
'CoExistence(p, m)';'CoExistence';'p';'m';0.840;0.848;0.848
'RespondedExistence(p, m)';'RespondedExistence';'p';'m';0.840;0.852;0.852
'CoExistence(p, n)';'CoExistence';'p';'n';0.958;0.962;0.962
'RespondedExistence(p, n)';'RespondedExistence';'p';'n';0.958;0.972;0.972
'Response(p, n)';'Response';'p';'n';0.682;0.692;0.692
'CoExistence(p, o)';'CoExistence';'p';'o';0.914;0.925;0.925
'RespondedExistence(p, o)';'RespondedExistence';'p';'o';0.914;0.927;0.927
'CoExistence(p, q)';'CoExistence';'p';'q';0.896;0.900;0.900
'RespondedExistence(p, q)';'RespondedExistence';'p';'q';0.896;0.909;0.909
'NotSuccession(p, r)';'NotSuccession';'p';'r';0.904;0.917;0.917
'NotCoExistence(p, r)';'NotCoExistence';'p';'r';0.880;0.892;0.892
'CoExistence(p, s)';'CoExistence';'p';'s';0.886;0.893;0.893
'RespondedExistence(p, s)';'RespondedExistence';'p';'s';0.886;0.899;0.899
'CoExistence(p, t)';'CoExistence';'p';'t';0.964;0.968;0.968
'RespondedExistence(p, t)';'RespondedExistence';'p';'t';0.964;0.978;0.978
'CoExistence(p, u)';'CoExistence';'p';'u';0.860;0.867;0.867
'RespondedExistence(p, u)';'RespondedExistence';'p';'u';0.860;0.872;0.872
'CoExistence(p, v)';'CoExistence';'p';'v';0.846;0.849;0.849
'RespondedExistence(p, v)';'RespondedExistence';'p';'v';0.846;0.858;0.858
'CoExistence(p, w)';'CoExistence';'p';'w';0.858;0.863;0.863
'RespondedExistence(p, w)';'RespondedExistence';'p';'w';0.858;0.870;0.870
'CoExistence(p, z)';'CoExistence';'p';'z';0.878;0.885;0.885
'RespondedExistence(p, z)';'RespondedExistence';'p';'z';0.878;0.890;0.890
'Participation(q)';'Participation';'q';;0.906;0.906;0.906
'Precedence(p, q)';'Precedence';'q';'p';0.560;0.618;0.618
'CoExistence(q, a)';'CoExistence';'q';'a';0.906;0.906;0.906
'CoExistence(q, b)';'CoExistence';'q';'b';0.906;0.906;0.906
'Succession(q, b)';'Succession';'q';'b';0.508;0.508;0.508
'CoExistence(q, c)';'CoExistence';'q';'c';0.798;0.814;0.814
'RespondedExistence(q, c)';'RespondedExistence';'q';'c';0.798;0.881;0.881
'NotSuccession(q, c)';'NotSuccession';'q';'c';0.592;0.604;0.604
'CoExistence(q, d)';'CoExistence';'q';'d';0.906;0.906;0.906
'Response(q, d)';'Response';'q';'d';0.508;0.561;0.561
'CoExistence(q, e)';'CoExistence';'q';'e';0.806;0.829;0.829
'RespondedExistence(q, e)';'RespondedExistence';'q';'e';0.806;0.890;0.890
'CoExistence(q, f)';'CoExistence';'q';'f';0.890;0.901;0.901
'RespondedExistence(q, f)';'RespondedExistence';'q';'f';0.890;0.982;0.982
'Response(q, f)';'Response';'q';'f';0.712;0.786;0.786
'CoExistence(q, g)';'CoExistence';'q';'g';0.814;0.829;0.829
'RespondedExistence(q, g)';'RespondedExistence';'q';'g';0.814;0.898;0.898
'CoExistence(q, h)';'CoExistence';'q';'h';0.610;0.638;0.638
'RespondedExistence(q, h)';'RespondedExistence';'q';'h';0.610;0.673;0.673
'CoExistence(q, i)';'CoExistence';'q';'i';0.804;0.817;0.817
'RespondedExistence(q, i)';'RespondedExistence';'q';'i';0.804;0.887;0.887
'CoExistence(q, l)';'CoExistence';'q';'l';0.568;0.592;0.592
'RespondedExistence(q, l)';'RespondedExistence';'q';'l';0.568;0.627;0.627
'CoExistence(q, m)';'CoExistence';'q';'m';0.778;0.800;0.800
'RespondedExistence(q, m)';'RespondedExistence';'q';'m';0.778;0.859;0.859
'CoExistence(q, n)';'CoExistence';'q';'n';0.886;0.897;0.897
'RespondedExistence(q, n)';'RespondedExistence';'q';'n';0.886;0.978;0.978
'Response(q, n)';'Response';'q';'n';0.704;0.777;0.777
'CoExistence(q, o)';'CoExistence';'q';'o';0.838;0.852;0.852
'RespondedExistence(q, o)';'RespondedExistence';'q';'o';0.838;0.925;0.925
'CoExistence(q, p)';'CoExistence';'q';'p';0.896;0.900;0.900
'RespondedExistence(q, p)';'RespondedExistence';'q';'p';0.896;0.989;0.989
'Response(q, p)';'Response';'q';'p';0.592;0.653;0.653
'NotSuccession(q, r)';'NotSuccession';'q';'r';0.804;0.887;0.887
'NotCoExistence(q, r)';'NotCoExistence';'q';'r';0.800;0.883;0.883
'CoExistence(q, s)';'CoExistence';'q';'s';0.818;0.835;0.835
'RespondedExistence(q, s)';'RespondedExistence';'q';'s';0.818;0.903;0.903
'CoExistence(q, t)';'CoExistence';'q';'t';0.888;0.895;0.895
'RespondedExistence(q, t)';'RespondedExistence';'q';'t';0.888;0.980;0.980
'Response(q, t)';'Response';'q';'t';0.498;0.550;0.550
'CoExistence(q, u)';'CoExistence';'q';'u';0.784;0.794;0.794
'RespondedExistence(q, u)';'RespondedExistence';'q';'u';0.784;0.865;0.865
'CoExistence(q, v)';'CoExistence';'q';'v';0.786;0.805;0.805
'RespondedExistence(q, v)';'RespondedExistence';'q';'v';0.786;0.868;0.868
'CoExistence(q, w)';'CoExistence';'q';'w';0.792;0.808;0.808
'RespondedExistence(q, w)';'RespondedExistence';'q';'w';0.792;0.874;0.874
'CoExistence(q, z)';'CoExistence';'q';'z';0.804;0.815;0.815
'RespondedExistence(q, z)';'RespondedExistence';'q';'z';0.804;0.887;0.887
'AtMostOne(r)';'AtMostOne';'r';;0.098;0.925;0.925
'AlternatePrecedence(a, r)';'AlternatePrecedence';'r';'a';0.100;0.943;0.943
'Precedence(b, r)';'Precedence';'r';'b';0.070;0.660;0.660
'AlternatePrecedence(b, r)';'AlternatePrecedence';'r';'b';0.066;0.623;0.623
'Precedence(c, r)';'Precedence';'r';'c';0.056;0.528;0.528
'Precedence(d, r)';'Precedence';'r';'d';0.060;0.566;0.566
'AlternatePrecedence(d, r)';'AlternatePrecedence';'r';'d';0.058;0.547;0.547
'Precedence(e, r)';'Precedence';'r';'e';0.064;0.604;0.604
'AlternatePrecedence(e, r)';'AlternatePrecedence';'r';'e';0.058;0.547;0.547
'Precedence(f, r)';'Precedence';'r';'f';0.054;0.509;0.509
'AlternatePrecedence(f, r)';'AlternatePrecedence';'r';'f';0.054;0.509;0.509
'Precedence(g, r)';'Precedence';'r';'g';0.056;0.528;0.528
'Precedence(i, r)';'Precedence';'r';'i';0.054;0.509;0.509
'Precedence(n, r)';'Precedence';'r';'n';0.062;0.585;0.585
'AlternatePrecedence(n, r)';'AlternatePrecedence';'r';'n';0.058;0.547;0.547
'Precedence(o, r)';'Precedence';'r';'o';0.060;0.566;0.566
'AlternatePrecedence(o, r)';'AlternatePrecedence';'r';'o';0.058;0.547;0.547
'Precedence(p, r)';'Precedence';'r';'p';0.078;0.736;0.736
'AlternatePrecedence(p, r)';'AlternatePrecedence';'r';'p';0.074;0.698;0.698
'ChainPrecedence(q, r)';'ChainPrecedence';'r';'q';0.090;0.849;0.849
'Response(r, a)';'Response';'r';'a';0.058;0.547;0.547
'AlternateResponse(r, a)';'AlternateResponse';'r';'a';0.056;0.528;0.528
'NotSuccession(r, a)';'NotSuccession';'r';'a';0.942;0.942;0.942
'NotCoExistence(r, a)';'NotCoExistence';'r';'a';0.894;0.894;0.894
'AlternateResponse(r, b)';'AlternateResponse';'r';'b';0.098;0.925;0.925
'NotSuccession(r, b)';'NotSuccession';'r';'b';0.894;0.894;0.894
'NotCoExistence(r, b)';'NotCoExistence';'r';'b';0.894;0.894;0.894
'RespondedExistence(r, c)';'RespondedExistence';'r';'c';0.094;0.887;0.887
'NotSuccession(r, c)';'NotSuccession';'r';'c';0.846;0.957;0.957
'NotCoExistence(r, c)';'NotCoExistence';'r';'c';0.790;0.894;0.894
'Response(r, d)';'Response';'r';'d';0.082;0.774;0.774
'AlternateResponse(r, d)';'AlternateResponse';'r';'d';0.074;0.698;0.698
'NotSuccession(r, d)';'NotSuccession';'r';'d';0.918;0.918;0.918
'NotCoExistence(r, d)';'NotCoExistence';'r';'d';0.894;0.894;0.894
'RespondedExistence(r, e)';'RespondedExistence';'r';'e';0.100;0.943;0.943
'Response(r, e)';'Response';'r';'e';0.072;0.679;0.679
'AlternateResponse(r, e)';'AlternateResponse';'r';'e';0.068;0.642;0.642
'NotSuccession(r, e)';'NotSuccession';'r';'e';0.804;0.916;0.916
'NotCoExistence(r, e)';'NotCoExistence';'r';'e';0.778;0.886;0.886
'RespondedExistence(r, f)';'RespondedExistence';'r';'f';0.106;1.000;1.000
'Response(r, f)';'Response';'r';'f';0.096;0.906;0.906
'AlternateResponse(r, f)';'AlternateResponse';'r';'f';0.092;0.868;0.868
'NotSuccession(r, f)';'NotSuccession';'r';'f';0.874;0.899;0.899
'NotCoExistence(r, f)';'NotCoExistence';'r';'f';0.866;0.891;0.891
'RespondedExistence(r, g)';'RespondedExistence';'r';'g';0.098;0.925;0.925
'Response(r, g)';'Response';'r';'g';0.068;0.642;0.642
'AlternateResponse(r, g)';'AlternateResponse';'r';'g';0.068;0.642;0.642
'NotSuccession(r, g)';'NotSuccession';'r';'g';0.828;0.922;0.922
'NotCoExistence(r, g)';'NotCoExistence';'r';'g';0.800;0.891;0.891
'RespondedExistence(r, h)';'RespondedExistence';'r';'h';0.072;0.679;0.679
'Response(r, h)';'Response';'r';'h';0.058;0.547;0.547
'AlternateResponse(r, h)';'AlternateResponse';'r';'h';0.054;0.509;0.509
'NotSuccession(r, h)';'NotSuccession';'r';'h';0.634;0.914;0.914
'NotCoExistence(r, h)';'NotCoExistence';'r';'h';0.622;0.896;0.896
'RespondedExistence(r, i)';'RespondedExistence';'r';'i';0.094;0.887;0.887
'Response(r, i)';'Response';'r';'i';0.074;0.698;0.698
'AlternateResponse(r, i)';'AlternateResponse';'r';'i';0.068;0.642;0.642
'NotSuccession(r, i)';'NotSuccession';'r';'i';0.818;0.915;0.915
'NotCoExistence(r, i)';'NotCoExistence';'r';'i';0.800;0.895;0.895
'RespondedExistence(r, l)';'RespondedExistence';'r';'l';0.064;0.604;0.604
'NotSuccession(r, l)';'NotSuccession';'r';'l';0.616;0.928;0.928
'NotCoExistence(r, l)';'NotCoExistence';'r';'l';0.600;0.904;0.904
'RespondedExistence(r, m)';'RespondedExistence';'r';'m';0.094;0.887;0.887
'Response(r, m)';'Response';'r';'m';0.056;0.528;0.528
'NotSuccession(r, m)';'NotSuccession';'r';'m';0.798;0.932;0.932
'NotCoExistence(r, m)';'NotCoExistence';'r';'m';0.762;0.890;0.890
'RespondedExistence(r, n)';'RespondedExistence';'r';'n';0.106;1.000;1.000
'Response(r, n)';'Response';'r';'n';0.090;0.849;0.849
'AlternateResponse(r, n)';'AlternateResponse';'r';'n';0.082;0.774;0.774
'NotSuccession(r, n)';'NotSuccession';'r';'n';0.878;0.907;0.907
'NotCoExistence(r, n)';'NotCoExistence';'r';'n';0.862;0.890;0.890
'RespondedExistence(r, o)';'RespondedExistence';'r';'o';0.100;0.943;0.943
'Response(r, o)';'Response';'r';'o';0.062;0.585;0.585
'AlternateResponse(r, o)';'AlternateResponse';'r';'o';0.060;0.566;0.566
'NotSuccession(r, o)';'NotSuccession';'r';'o';0.858;0.931;0.931
'NotCoExistence(r, o)';'NotCoExistence';'r';'o';0.822;0.892;0.892
'RespondedExistence(r, p)';'RespondedExistence';'r';'p';0.106;1.000;1.000
'Response(r, p)';'Response';'r';'p';0.086;0.811;0.811
'AlternateResponse(r, p)';'AlternateResponse';'r';'p';0.082;0.774;0.774
'NotSuccession(r, p)';'NotSuccession';'r';'p';0.900;0.913;0.913
'NotCoExistence(r, p)';'NotCoExistence';'r';'p';0.880;0.892;0.892
'Response(r, q)';'Response';'r';'q';0.062;0.585;0.585
'AlternateResponse(r, q)';'AlternateResponse';'r';'q';0.062;0.585;0.585
'NotSuccession(r, q)';'NotSuccession';'r';'q';0.840;0.927;0.927
'NotCoExistence(r, q)';'NotCoExistence';'r';'q';0.800;0.883;0.883
'RespondedExistence(r, s)';'RespondedExistence';'r';'s';0.098;0.925;0.925
'Response(r, s)';'Response';'r';'s';0.066;0.623;0.623
'AlternateResponse(r, s)';'AlternateResponse';'r';'s';0.060;0.566;0.566
'NotSuccession(r, s)';'NotSuccession';'r';'s';0.832;0.924;0.924
'NotCoExistence(r, s)';'NotCoExistence';'r';'s';0.802;0.891;0.891
'RespondedExistence(r, t)';'RespondedExistence';'r';'t';0.106;1.000;1.000
'Response(r, t)';'Response';'r';'t';0.072;0.679;0.679
'AlternateResponse(r, t)';'AlternateResponse';'r';'t';0.070;0.660;0.660
'NotSuccession(r, t)';'NotSuccession';'r';'t';0.900;0.924;0.924
'NotCoExistence(r, t)';'NotCoExistence';'r';'t';0.868;0.891;0.891
'RespondedExistence(r, u)';'RespondedExistence';'r';'u';0.084;0.792;0.792
'Response(r, u)';'Response';'r';'u';0.056;0.528;0.528
'NotSuccession(r, u)';'NotSuccession';'r';'u';0.830;0.935;0.935
'NotCoExistence(r, u)';'NotCoExistence';'r';'u';0.804;0.905;0.905
'RespondedExistence(r, v)';'RespondedExistence';'r';'v';0.088;0.830;0.830
'Response(r, v)';'Response';'r';'v';0.072;0.679;0.679
'AlternateResponse(r, v)';'AlternateResponse';'r';'v';0.068;0.642;0.642
'NotSuccession(r, v)';'NotSuccession';'r';'v';0.802;0.918;0.918
'NotCoExistence(r, v)';'NotCoExistence';'r';'v';0.786;0.899;0.899
'RespondedExistence(r, w)';'RespondedExistence';'r';'w';0.098;0.925;0.925
'Response(r, w)';'Response';'r';'w';0.076;0.717;0.717
'AlternateResponse(r, w)';'AlternateResponse';'r';'w';0.072;0.679;0.679
'NotSuccession(r, w)';'NotSuccession';'r';'w';0.796;0.911;0.911
'NotCoExistence(r, w)';'NotCoExistence';'r';'w';0.776;0.888;0.888
'RespondedExistence(r, z)';'RespondedExistence';'r';'z';0.098;0.925;0.925
'Response(r, z)';'Response';'r';'z';0.070;0.660;0.660
'AlternateResponse(r, z)';'AlternateResponse';'r';'z';0.066;0.623;0.623
'NotSuccession(r, z)';'NotSuccession';'r';'z';0.818;0.917;0.917
'NotCoExistence(r, z)';'NotCoExistence';'r';'z';0.794;0.890;0.890
'Precedence(s, r)';'Precedence';'r';'s';0.060;0.566;0.566
'AlternatePrecedence(s, r)';'AlternatePrecedence';'r';'s';0.056;0.528;0.528
'Precedence(t, r)';'Precedence';'r';'t';0.060;0.566;0.566
'AlternatePrecedence(t, r)';'AlternatePrecedence';'r';'t';0.060;0.566;0.566
'Precedence(u, r)';'Precedence';'r';'u';0.054;0.509;0.509
'Precedence(w, r)';'Precedence';'r';'w';0.056;0.528;0.528
'AlternatePrecedence(w, r)';'AlternatePrecedence';'r';'w';0.054;0.509;0.509
'Precedence(z, r)';'Precedence';'r';'z';0.072;0.679;0.679
'AlternatePrecedence(z, r)';'AlternatePrecedence';'r';'z';0.068;0.642;0.642
'Participation(s)';'Participation';'s';;0.892;0.892;0.892
'Precedence(p, s)';'Precedence';'s';'p';0.558;0.626;0.626
'CoExistence(s, a)';'CoExistence';'s';'a';0.892;0.892;0.892
'CoExistence(s, b)';'CoExistence';'s';'b';0.892;0.892;0.892
'Succession(s, b)';'Succession';'s';'b';0.516;0.516;0.516
'CoExistence(s, c)';'CoExistence';'s';'c';0.782;0.796;0.796
'RespondedExistence(s, c)';'RespondedExistence';'s';'c';0.782;0.877;0.877
'NotSuccession(s, c)';'NotSuccession';'s';'c';0.562;0.572;0.572
'CoExistence(s, d)';'CoExistence';'s';'d';0.892;0.892;0.892
'Response(s, d)';'Response';'s';'d';0.528;0.592;0.592
'CoExistence(s, e)';'CoExistence';'s';'e';0.798;0.826;0.826
'RespondedExistence(s, e)';'RespondedExistence';'s';'e';0.798;0.895;0.895
'CoExistence(s, f)';'CoExistence';'s';'f';0.876;0.887;0.887
'RespondedExistence(s, f)';'RespondedExistence';'s';'f';0.876;0.982;0.982
'Response(s, f)';'Response';'s';'f';0.688;0.771;0.771
'CoExistence(s, g)';'CoExistence';'s';'g';0.804;0.822;0.822
'RespondedExistence(s, g)';'RespondedExistence';'s';'g';0.804;0.901;0.901
'CoExistence(s, h)';'CoExistence';'s';'h';0.598;0.627;0.627
'RespondedExistence(s, h)';'RespondedExistence';'s';'h';0.598;0.670;0.670
'CoExistence(s, i)';'CoExistence';'s';'i';0.798;0.818;0.818
'RespondedExistence(s, i)';'RespondedExistence';'s';'i';0.798;0.895;0.895
'CoExistence(s, l)';'CoExistence';'s';'l';0.564;0.594;0.594
'RespondedExistence(s, l)';'RespondedExistence';'s';'l';0.564;0.632;0.632
'NotSuccession(s, l)';'NotSuccession';'s';'l';0.478;0.503;0.503
'CoExistence(s, m)';'CoExistence';'s';'m';0.776;0.808;0.808
'RespondedExistence(s, m)';'RespondedExistence';'s';'m';0.776;0.870;0.870
'CoExistence(s, n)';'CoExistence';'s';'n';0.872;0.883;0.883
'RespondedExistence(s, n)';'RespondedExistence';'s';'n';0.872;0.978;0.978
'Response(s, n)';'Response';'s';'n';0.696;0.780;0.780
'CoExistence(s, o)';'CoExistence';'s';'o';0.826;0.841;0.841
'RespondedExistence(s, o)';'RespondedExistence';'s';'o';0.826;0.926;0.926
'CoExistence(s, p)';'CoExistence';'s';'p';0.886;0.893;0.893
'RespondedExistence(s, p)';'RespondedExistence';'s';'p';0.886;0.993;0.993
'Response(s, p)';'Response';'s';'p';0.572;0.641;0.641
'CoExistence(s, q)';'CoExistence';'s';'q';0.818;0.835;0.835
'RespondedExistence(s, q)';'RespondedExistence';'s';'q';0.818;0.917;0.917
'NotSuccession(s, r)';'NotSuccession';'s';'r';0.838;0.931;0.931
'NotCoExistence(s, r)';'NotCoExistence';'s';'r';0.802;0.891;0.891
'CoExistence(s, t)';'CoExistence';'s';'t';0.890;0.912;0.912
'RespondedExistence(s, t)';'RespondedExistence';'s';'t';0.890;0.998;0.998
'Response(s, t)';'Response';'s';'t';0.460;0.516;0.516
'CoExistence(s, u)';'CoExistence';'s';'u';0.788;0.812;0.812
'RespondedExistence(s, u)';'RespondedExistence';'s';'u';0.788;0.883;0.883
'Response(s, u)';'Response';'s';'u';0.446;0.500;0.500
'CoExistence(s, v)';'CoExistence';'s';'v';0.776;0.798;0.798
'RespondedExistence(s, v)';'RespondedExistence';'s';'v';0.776;0.870;0.870
'CoExistence(s, w)';'CoExistence';'s';'w';0.786;0.809;0.809
'RespondedExistence(s, w)';'RespondedExistence';'s';'w';0.786;0.881;0.881
'CoExistence(s, z)';'CoExistence';'s';'z';0.806;0.831;0.831
'RespondedExistence(s, z)';'RespondedExistence';'s';'z';0.806;0.904;0.904
'Participation(t)';'Participation';'t';;0.974;0.974;0.974
'Precedence(p, t)';'Precedence';'t';'p';0.644;0.661;0.661
'Precedence(q, t)';'Precedence';'t';'q';0.504;0.517;0.517
'Precedence(s, t)';'Precedence';'t';'s';0.524;0.538;0.538
'CoExistence(t, a)';'CoExistence';'t';'a';0.974;0.974;0.974
'CoExistence(t, b)';'CoExistence';'t';'b';0.974;0.974;0.974
'CoExistence(t, c)';'CoExistence';'t';'c';0.852;0.857;0.857
'RespondedExistence(t, c)';'RespondedExistence';'t';'c';0.852;0.875;0.875
'NotSuccession(t, c)';'NotSuccession';'t';'c';0.610;0.614;0.614
'CoExistence(t, d)';'CoExistence';'t';'d';0.974;0.974;0.974
'Response(t, d)';'Response';'t';'d';0.504;0.517;0.517
'CoExistence(t, e)';'CoExistence';'t';'e';0.858;0.868;0.868
'RespondedExistence(t, e)';'RespondedExistence';'t';'e';0.858;0.881;0.881
'CoExistence(t, f)';'CoExistence';'t';'f';0.950;0.954;0.954
'RespondedExistence(t, f)';'RespondedExistence';'t';'f';0.950;0.975;0.975
'Response(t, f)';'Response';'t';'f';0.722;0.741;0.741
'CoExistence(t, g)';'CoExistence';'t';'g';0.874;0.883;0.883
'RespondedExistence(t, g)';'RespondedExistence';'t';'g';0.874;0.897;0.897
'CoExistence(t, h)';'CoExistence';'t';'h';0.648;0.657;0.657
'RespondedExistence(t, h)';'RespondedExistence';'t';'h';0.648;0.665;0.665
'CoExistence(t, i)';'CoExistence';'t';'i';0.864;0.871;0.871
'RespondedExistence(t, i)';'RespondedExistence';'t';'i';0.864;0.887;0.887
'CoExistence(t, l)';'CoExistence';'t';'l';0.612;0.622;0.622
'RespondedExistence(t, l)';'RespondedExistence';'t';'l';0.612;0.628;0.628
'NotSuccession(t, l)';'NotSuccession';'t';'l';0.494;0.502;0.502
'CoExistence(t, m)';'CoExistence';'t';'m';0.834;0.848;0.848
'RespondedExistence(t, m)';'RespondedExistence';'t';'m';0.834;0.856;0.856
'CoExistence(t, n)';'CoExistence';'t';'n';0.948;0.954;0.954
'RespondedExistence(t, n)';'RespondedExistence';'t';'n';0.948;0.973;0.973
'Response(t, n)';'Response';'t';'n';0.714;0.733;0.733
'CoExistence(t, o)';'CoExistence';'t';'o';0.896;0.901;0.901
'RespondedExistence(t, o)';'RespondedExistence';'t';'o';0.896;0.920;0.920
'CoExistence(t, p)';'CoExistence';'t';'p';0.964;0.968;0.968
'RespondedExistence(t, p)';'RespondedExistence';'t';'p';0.964;0.990;0.990
'Response(t, p)';'Response';'t';'p';0.600;0.616;0.616
'CoExistence(t, q)';'CoExistence';'t';'q';0.888;0.895;0.895
'RespondedExistence(t, q)';'RespondedExistence';'t';'q';0.888;0.912;0.912
'NotSuccession(t, r)';'NotSuccession';'t';'r';0.912;0.936;0.936
'NotCoExistence(t, r)';'NotCoExistence';'t';'r';0.868;0.891;0.891
'CoExistence(t, s)';'CoExistence';'t';'s';0.890;0.912;0.912
'RespondedExistence(t, s)';'RespondedExistence';'t';'s';0.890;0.914;0.914
'CoExistence(t, u)';'CoExistence';'t';'u';0.852;0.862;0.862
'RespondedExistence(t, u)';'RespondedExistence';'t';'u';0.852;0.875;0.875
'CoExistence(t, v)';'CoExistence';'t';'v';0.838;0.845;0.845
'RespondedExistence(t, v)';'RespondedExistence';'t';'v';0.838;0.860;0.860
'CoExistence(t, w)';'CoExistence';'t';'w';0.850;0.859;0.859
'RespondedExistence(t, w)';'RespondedExistence';'t';'w';0.850;0.873;0.873
'CoExistence(t, z)';'CoExistence';'t';'z';0.866;0.873;0.873
'RespondedExistence(t, z)';'RespondedExistence';'t';'z';0.866;0.889;0.889
'Participation(u)';'Participation';'u';;0.866;0.866;0.866
'Precedence(b, u)';'Precedence';'u';'b';0.438;0.506;0.506
'Precedence(p, u)';'Precedence';'u';'p';0.550;0.635;0.635
'CoExistence(u, a)';'CoExistence';'u';'a';0.866;0.866;0.866
'CoExistence(u, b)';'CoExistence';'u';'b';0.866;0.866;0.866
'CoExistence(u, c)';'CoExistence';'u';'c';0.774;0.803;0.803
'RespondedExistence(u, c)';'RespondedExistence';'u';'c';0.774;0.894;0.894
'NotSuccession(u, c)';'NotSuccession';'u';'c';0.572;0.593;0.593
'CoExistence(u, d)';'CoExistence';'u';'d';0.866;0.866;0.866
'Response(u, d)';'Response';'u';'d';0.446;0.515;0.515
'CoExistence(u, e)';'CoExistence';'u';'e';0.766;0.788;0.788
'RespondedExistence(u, e)';'RespondedExistence';'u';'e';0.766;0.885;0.885
'CoExistence(u, f)';'CoExistence';'u';'f';0.846;0.853;0.853
'RespondedExistence(u, f)';'RespondedExistence';'u';'f';0.846;0.977;0.977
'Response(u, f)';'Response';'u';'f';0.676;0.781;0.781
'CoExistence(u, g)';'CoExistence';'u';'g';0.782;0.803;0.803
'RespondedExistence(u, g)';'RespondedExistence';'u';'g';0.782;0.903;0.903
'CoExistence(u, h)';'CoExistence';'u';'h';0.592;0.634;0.634
'RespondedExistence(u, h)';'RespondedExistence';'u';'h';0.592;0.684;0.684
'CoExistence(u, i)';'CoExistence';'u';'i';0.774;0.795;0.795
'RespondedExistence(u, i)';'RespondedExistence';'u';'i';0.774;0.894;0.894
'CoExistence(u, l)';'CoExistence';'u';'l';0.548;0.583;0.583
'RespondedExistence(u, l)';'RespondedExistence';'u';'l';0.548;0.633;0.633
'NotSuccession(u, l)';'NotSuccession';'u';'l';0.498;0.530;0.530
'CoExistence(u, m)';'CoExistence';'u';'m';0.748;0.778;0.778
'RespondedExistence(u, m)';'RespondedExistence';'u';'m';0.748;0.864;0.864
'CoExistence(u, n)';'CoExistence';'u';'n';0.844;0.853;0.853
'RespondedExistence(u, n)';'RespondedExistence';'u';'n';0.844;0.975;0.975
'Response(u, n)';'Response';'u';'n';0.656;0.758;0.758
'CoExistence(u, o)';'CoExistence';'u';'o';0.798;0.811;0.811
'RespondedExistence(u, o)';'RespondedExistence';'u';'o';0.798;0.921;0.921
'CoExistence(u, p)';'CoExistence';'u';'p';0.860;0.867;0.867
'RespondedExistence(u, p)';'RespondedExistence';'u';'p';0.860;0.993;0.993
'Response(u, p)';'Response';'u';'p';0.526;0.607;0.607
'CoExistence(u, q)';'CoExistence';'u';'q';0.784;0.794;0.794
'RespondedExistence(u, q)';'RespondedExistence';'u';'q';0.784;0.905;0.905
'NotSuccession(u, r)';'NotSuccession';'u';'r';0.832;0.937;0.937
'NotCoExistence(u, r)';'NotCoExistence';'u';'r';0.804;0.905;0.905
'CoExistence(u, s)';'CoExistence';'u';'s';0.788;0.812;0.812
'RespondedExistence(u, s)';'RespondedExistence';'u';'s';0.788;0.910;0.910
'CoExistence(u, t)';'CoExistence';'u';'t';0.852;0.862;0.862
'RespondedExistence(u, t)';'RespondedExistence';'u';'t';0.852;0.984;0.984
'CoExistence(u, v)';'CoExistence';'u';'v';0.744;0.761;0.761
'RespondedExistence(u, v)';'RespondedExistence';'u';'v';0.744;0.859;0.859
'CoExistence(u, w)';'CoExistence';'u';'w';0.762;0.786;0.786
'RespondedExistence(u, w)';'RespondedExistence';'u';'w';0.762;0.880;0.880
'CoExistence(u, z)';'CoExistence';'u';'z';0.772;0.789;0.789
'RespondedExistence(u, z)';'RespondedExistence';'u';'z';0.772;0.891;0.891
'Participation(v)';'Participation';'v';;0.856;0.856;0.856
'Precedence(p, v)';'Precedence';'v';'p';0.566;0.661;0.661
'CoExistence(v, a)';'CoExistence';'v';'a';0.856;0.856;0.856
'CoExistence(v, b)';'CoExistence';'v';'b';0.856;0.856;0.856
'CoExistence(v, c)';'CoExistence';'v';'c';0.762;0.789;0.789
'RespondedExistence(v, c)';'RespondedExistence';'v';'c';0.762;0.890;0.890
'NotSuccession(v, c)';'NotSuccession';'v';'c';0.610;0.631;0.631
'CoExistence(v, d)';'CoExistence';'v';'d';0.856;0.856;0.856
'Response(v, d)';'Response';'v';'d';0.458;0.535;0.535
'CoExistence(v, e)';'CoExistence';'v';'e';0.768;0.800;0.800
'RespondedExistence(v, e)';'RespondedExistence';'v';'e';0.768;0.897;0.897
'CoExistence(v, f)';'CoExistence';'v';'f';0.844;0.858;0.858
'RespondedExistence(v, f)';'RespondedExistence';'v';'f';0.844;0.986;0.986
'Response(v, f)';'Response';'v';'f';0.668;0.780;0.780
'CoExistence(v, g)';'CoExistence';'v';'g';0.774;0.796;0.796
'RespondedExistence(v, g)';'RespondedExistence';'v';'g';0.774;0.904;0.904
'CoExistence(v, h)';'CoExistence';'v';'h';0.570;0.603;0.603
'RespondedExistence(v, h)';'RespondedExistence';'v';'h';0.570;0.666;0.666
'CoExistence(v, i)';'CoExistence';'v';'i';0.760;0.777;0.777
'RespondedExistence(v, i)';'RespondedExistence';'v';'i';0.760;0.888;0.888
'CoExistence(v, l)';'CoExistence';'v';'l';0.544;0.582;0.582
'RespondedExistence(v, l)';'RespondedExistence';'v';'l';0.544;0.636;0.636
'NotSuccession(v, l)';'NotSuccession';'v';'l';0.494;0.529;0.529
'CoExistence(v, m)';'CoExistence';'v';'m';0.736;0.763;0.763
'RespondedExistence(v, m)';'RespondedExistence';'v';'m';0.736;0.860;0.860
'NotSuccession(v, m)';'NotSuccession';'v';'m';0.484;0.502;0.502
'CoExistence(v, n)';'CoExistence';'v';'n';0.840;0.854;0.854
'RespondedExistence(v, n)';'RespondedExistence';'v';'n';0.840;0.981;0.981
'Response(v, n)';'Response';'v';'n';0.678;0.792;0.792
'CoExistence(v, o)';'CoExistence';'v';'o';0.792;0.808;0.808
'RespondedExistence(v, o)';'RespondedExistence';'v';'o';0.792;0.925;0.925
'CoExistence(v, p)';'CoExistence';'v';'p';0.846;0.849;0.849
'RespondedExistence(v, p)';'RespondedExistence';'v';'p';0.846;0.988;0.988
'Response(v, p)';'Response';'v';'p';0.562;0.657;0.657
'CoExistence(v, q)';'CoExistence';'v';'q';0.786;0.805;0.805
'RespondedExistence(v, q)';'RespondedExistence';'v';'q';0.786;0.918;0.918
'NotSuccession(v, r)';'NotSuccession';'v';'r';0.838;0.959;0.959
'NotCoExistence(v, r)';'NotCoExistence';'v';'r';0.786;0.899;0.899
'CoExistence(v, s)';'CoExistence';'v';'s';0.776;0.798;0.798
'RespondedExistence(v, s)';'RespondedExistence';'v';'s';0.776;0.907;0.907
'CoExistence(v, t)';'CoExistence';'v';'t';0.838;0.845;0.845
'RespondedExistence(v, t)';'RespondedExistence';'v';'t';0.838;0.979;0.979
'Response(v, t)';'Response';'v';'t';0.442;0.516;0.516
'CoExistence(v, u)';'CoExistence';'v';'u';0.744;0.761;0.761
'RespondedExistence(v, u)';'RespondedExistence';'v';'u';0.744;0.869;0.869
'CoExistence(v, w)';'CoExistence';'v';'w';0.746;0.764;0.764
'RespondedExistence(v, w)';'RespondedExistence';'v';'w';0.746;0.871;0.871
'CoExistence(v, z)';'CoExistence';'v';'z';0.768;0.790;0.790
'RespondedExistence(v, z)';'RespondedExistence';'v';'z';0.768;0.897;0.897
'Participation(w)';'Participation';'w';;0.866;0.866;0.866
'Precedence(p, w)';'Precedence';'w';'p';0.538;0.621;0.621
'CoExistence(w, a)';'CoExistence';'w';'a';0.866;0.866;0.866
'CoExistence(w, b)';'CoExistence';'w';'b';0.866;0.866;0.866
'CoExistence(w, c)';'CoExistence';'w';'c';0.764;0.784;0.784
'RespondedExistence(w, c)';'RespondedExistence';'w';'c';0.764;0.882;0.882
'NotSuccession(w, c)';'NotSuccession';'w';'c';0.612;0.628;0.628
'CoExistence(w, d)';'CoExistence';'w';'d';0.866;0.866;0.866
'Response(w, d)';'Response';'w';'d';0.472;0.545;0.545
'CoExistence(w, e)';'CoExistence';'w';'e';0.774;0.803;0.803
'RespondedExistence(w, e)';'RespondedExistence';'w';'e';0.774;0.894;0.894
'CoExistence(w, f)';'CoExistence';'w';'f';0.854;0.868;0.868
'RespondedExistence(w, f)';'RespondedExistence';'w';'f';0.854;0.986;0.986
'Response(w, f)';'Response';'w';'f';0.664;0.767;0.767
'CoExistence(w, g)';'CoExistence';'w';'g';0.778;0.796;0.796
'RespondedExistence(w, g)';'RespondedExistence';'w';'g';0.778;0.898;0.898
'CoExistence(w, h)';'CoExistence';'w';'h';0.582;0.617;0.617
'RespondedExistence(w, h)';'RespondedExistence';'w';'h';0.582;0.672;0.672
'CoExistence(w, i)';'CoExistence';'w';'i';0.776;0.798;0.798
'RespondedExistence(w, i)';'RespondedExistence';'w';'i';0.776;0.896;0.896
'CoExistence(w, l)';'CoExistence';'w';'l';0.552;0.590;0.590
'RespondedExistence(w, l)';'RespondedExistence';'w';'l';0.552;0.637;0.637
'CoExistence(w, m)';'CoExistence';'w';'m';0.742;0.767;0.767
'RespondedExistence(w, m)';'RespondedExistence';'w';'m';0.742;0.857;0.857
'CoExistence(w, n)';'CoExistence';'w';'n';0.846;0.856;0.856
'RespondedExistence(w, n)';'RespondedExistence';'w';'n';0.846;0.977;0.977
'Response(w, n)';'Response';'w';'n';0.660;0.762;0.762
'CoExistence(w, o)';'CoExistence';'w';'o';0.800;0.815;0.815
'RespondedExistence(w, o)';'RespondedExistence';'w';'o';0.800;0.924;0.924
'CoExistence(w, p)';'CoExistence';'w';'p';0.858;0.863;0.863
'RespondedExistence(w, p)';'RespondedExistence';'w';'p';0.858;0.991;0.991
'Response(w, p)';'Response';'w';'p';0.542;0.626;0.626
'CoExistence(w, q)';'CoExistence';'w';'q';0.792;0.808;0.808
'RespondedExistence(w, q)';'RespondedExistence';'w';'q';0.792;0.915;0.915
'NotSuccession(w, r)';'NotSuccession';'w';'r';0.816;0.934;0.934
'NotCoExistence(w, r)';'NotCoExistence';'w';'r';0.776;0.888;0.888
'CoExistence(w, s)';'CoExistence';'w';'s';0.786;0.809;0.809
'RespondedExistence(w, s)';'RespondedExistence';'w';'s';0.786;0.908;0.908
'CoExistence(w, t)';'CoExistence';'w';'t';0.850;0.859;0.859
'RespondedExistence(w, t)';'RespondedExistence';'w';'t';0.850;0.982;0.982
'Response(w, t)';'Response';'w';'t';0.456;0.527;0.527
'CoExistence(w, u)';'CoExistence';'w';'u';0.762;0.786;0.786
'RespondedExistence(w, u)';'RespondedExistence';'w';'u';0.762;0.880;0.880
'CoExistence(w, v)';'CoExistence';'w';'v';0.746;0.764;0.764
'RespondedExistence(w, v)';'RespondedExistence';'w';'v';0.746;0.861;0.861
'CoExistence(w, z)';'CoExistence';'w';'z';0.778;0.800;0.800
'RespondedExistence(w, z)';'RespondedExistence';'w';'z';0.778;0.898;0.898
'Participation(z)';'Participation';'z';;0.884;0.884;0.884
'Precedence(p, z)';'Precedence';'z';'p';0.564;0.638;0.638
'CoExistence(z, a)';'CoExistence';'z';'a';0.884;0.884;0.884
'CoExistence(z, b)';'CoExistence';'z';'b';0.884;0.884;0.884
'Succession(z, b)';'Succession';'z';'b';0.504;0.504;0.504
'CoExistence(z, c)';'CoExistence';'z';'c';0.782;0.803;0.803
'RespondedExistence(z, c)';'RespondedExistence';'z';'c';0.782;0.885;0.885
'NotSuccession(z, c)';'NotSuccession';'z';'c';0.616;0.632;0.632
'CoExistence(z, d)';'CoExistence';'z';'d';0.884;0.884;0.884
'Response(z, d)';'Response';'z';'d';0.498;0.563;0.563
'CoExistence(z, e)';'CoExistence';'z';'e';0.788;0.814;0.814
'RespondedExistence(z, e)';'RespondedExistence';'z';'e';0.788;0.891;0.891
'CoExistence(z, f)';'CoExistence';'z';'f';0.872;0.886;0.886
'RespondedExistence(z, f)';'RespondedExistence';'z';'f';0.872;0.986;0.986
'Response(z, f)';'Response';'z';'f';0.688;0.778;0.778
'CoExistence(z, g)';'CoExistence';'z';'g';0.794;0.810;0.810
'RespondedExistence(z, g)';'RespondedExistence';'z';'g';0.794;0.898;0.898
'CoExistence(z, h)';'CoExistence';'z';'h';0.590;0.618;0.618
'RespondedExistence(z, h)';'RespondedExistence';'z';'h';0.590;0.667;0.667
'CoExistence(z, i)';'CoExistence';'z';'i';0.790;0.809;0.809
'RespondedExistence(z, i)';'RespondedExistence';'z';'i';0.790;0.894;0.894
'CoExistence(z, l)';'CoExistence';'z';'l';0.566;0.602;0.602
'RespondedExistence(z, l)';'RespondedExistence';'z';'l';0.566;0.640;0.640
'NotSuccession(z, l)';'NotSuccession';'z';'l';0.478;0.509;0.509
'CoExistence(z, m)';'CoExistence';'z';'m';0.766;0.796;0.796
'RespondedExistence(z, m)';'RespondedExistence';'z';'m';0.766;0.867;0.867
'CoExistence(z, n)';'CoExistence';'z';'n';0.870;0.886;0.886
'RespondedExistence(z, n)';'RespondedExistence';'z';'n';0.870;0.984;0.984
'Response(z, n)';'Response';'z';'n';0.698;0.790;0.790
'CoExistence(z, o)';'CoExistence';'z';'o';0.814;0.826;0.826
'RespondedExistence(z, o)';'RespondedExistence';'z';'o';0.814;0.921;0.921
'CoExistence(z, p)';'CoExistence';'z';'p';0.878;0.885;0.885
'RespondedExistence(z, p)';'RespondedExistence';'z';'p';0.878;0.993;0.993
'Response(z, p)';'Response';'z';'p';0.566;0.640;0.640
'CoExistence(z, q)';'CoExistence';'z';'q';0.804;0.815;0.815
'RespondedExistence(z, q)';'RespondedExistence';'z';'q';0.804;0.910;0.910
'NotSuccession(z, r)';'NotSuccession';'z';'r';0.820;0.919;0.919
'NotCoExistence(z, r)';'NotCoExistence';'z';'r';0.794;0.890;0.890
'CoExistence(z, s)';'CoExistence';'z';'s';0.806;0.831;0.831
'RespondedExistence(z, s)';'RespondedExistence';'z';'s';0.806;0.912;0.912
'CoExistence(z, t)';'CoExistence';'z';'t';0.866;0.873;0.873
'RespondedExistence(z, t)';'RespondedExistence';'z';'t';0.866;0.980;0.980
'Response(z, t)';'Response';'z';'t';0.458;0.518;0.518
'CoExistence(z, u)';'CoExistence';'z';'u';0.772;0.789;0.789
'RespondedExistence(z, u)';'RespondedExistence';'z';'u';0.772;0.873;0.873
'Response(z, u)';'Response';'z';'u';0.442;0.500;0.500
'CoExistence(z, v)';'CoExistence';'z';'v';0.768;0.790;0.790
'RespondedExistence(z, v)';'RespondedExistence';'z';'v';0.768;0.869;0.869
'CoExistence(z, w)';'CoExistence';'z';'w';0.778;0.800;0.800
'RespondedExistence(z, w)';'RespondedExistence';'z';'w';0.778;0.880;0.880
