Rank-10-true;Rank-10-TOT;Measure
11;1296;ORIGINAL-MODEL
3;681;Recall
3;11;Odd Multiplier
3;11;Lift
3;11;Conviction
2;20;Example and Counterexample Rate
2;20;Confidence
2;20;Compliance
1;443;Ylue Y
1;443;Ylue Q
1;437;Specificity
1;20;Sebag-Schoenauer
1;14;Support
1;14;Prevalence
1;14;Least Contradiction
1;14;Laplace Correction
1;14;Jaccard
1;14;Cosine
1;14;Accuracy
1;11;One-way Support
1;11;Information Gain
0;443;Odds Ratio
0;437;Relative Risk
0;20;Linear Correlation Coefficient
0;16;Leverage
0;14;Piatetsky-Shapiro
0;13;Coverage
0;13;Added Value
0;12;Lovinger
0;11;Zhang
0;11;Two-way Support Variation
0;11;Two-way Support
0;11;Klosgen
0;11;J Measure
0;11;Interestingness Weighting Dependency
0;11;Gini Index
0;11;Collective Strength
0;11;Certainty factor
