Rank-500-true;Rank-500-TOT;Measure
11;1296;ORIGINAL-MODEL
10;508;Compliance
10;501;Lovinger
10;501;Laplace Correction
10;501;Example and Counterexample Rate
10;501;Confidence
10;501;Accuracy
8;512;Support
8;508;Least Contradiction
8;501;Leverage
8;501;Jaccard
8;501;Cosine
7;515;Prevalence
7;508;Information Gain
7;502;Two-way Support
7;502;Piatetsky-Shapiro
7;502;Odd Multiplier
7;502;Lift
7;502;Interestingness Weighting Dependency
7;501;Zhang
7;501;Ylue Y
7;501;Ylue Q
7;501;Two-way Support Variation
7;501;One-way Support
7;501;Linear Correlation Coefficient
7;501;Klosgen
7;501;J Measure
7;501;Conviction
7;501;Certainty factor
7;501;Added Value
6;501;Relative Risk
6;501;Gini Index
4;503;Sebag-Schoenauer
4;501;Specificity
4;501;Collective Strength
3;681;Recall
3;501;Coverage
2;501;Odds Ratio
