Rank-1500-true;Rank-1500-TOT;Measure
11;1296;ORIGINAL-MODEL
11;1296;Two-way Support
11;1296;Support
11;1296;Sebag-Schoenauer
11;1296;Recall
11;1296;Prevalence
11;1296;Piatetsky-Shapiro
11;1296;One-way Support
11;1296;Lift
11;1296;Leverage
11;1296;Least Contradiction
11;1296;Laplace Correction
11;1296;Klosgen
11;1296;Jaccard
11;1296;Interestingness Weighting Dependency
11;1296;Information Gain
11;1296;Example and Counterexample Rate
11;1296;Coverage
11;1296;Cosine
11;1296;Confidence
11;1296;Compliance
11;1296;Added Value
11;1296;Accuracy
10;1283;Zhang
10;1283;Odd Multiplier
10;1283;Lovinger
10;1283;Conviction
10;1283;Certainty factor
10;1277;J Measure
8;1083;Linear Correlation Coefficient
8;1052;Ylue Y
8;1052;Ylue Q
8;1052;Specificity
8;1052;Relative Risk
8;1052;Odds Ratio
8;1052;Gini Index
8;1052;Collective Strength
7;606;Two-way Support Variation
