Rank-25-true;Rank-25-TOT;Measure
11;1296;ORIGINAL-MODEL
6;26;Two-way Support Variation
4;26;Odd Multiplier
4;26;Conviction
3;681;Recall
3;226;Coverage
3;26;Lift
2;27;Compliance
2;26;Laplace Correction
2;26;Example and Counterexample Rate
2;26;Confidence
1;443;Ylue Y
1;443;Ylue Q
1;437;Specificity
1;38;Prevalence
1;35;Accuracy
1;34;Support
1;34;Least Contradiction
1;34;Jaccard
1;34;Cosine
1;27;Sebag-Schoenauer
1;27;Certainty factor
1;26;One-way Support
1;26;Leverage
1;26;Information Gain
1;26;Added Value
0;443;Odds Ratio
0;437;Relative Risk
0;26;Zhang
0;26;Two-way Support
0;26;Piatetsky-Shapiro
0;26;Lovinger
0;26;Linear Correlation Coefficient
0;26;Klosgen
0;26;J Measure
0;26;Interestingness Weighting Dependency
0;26;Gini Index
0;26;Collective Strength
