Rank-100-true;Rank-100-TOT;Measure
11;1330;ORIGINAL-MODEL
11;109;Example and Counterexample Rate
11;109;Confidence
11;107;Compliance
11;106;Laplace Correction
11;104;Sebag-Schoenauer
7;451;Ylue Y
7;451;Ylue Q
7;451;Odds Ratio
7;101;Zhang
7;101;Odd Multiplier
7;101;Conviction
7;101;Certainty factor
6;101;Linear Correlation Coefficient
5;101;Lift
5;101;Accuracy
4;709;Recall
4;106;Prevalence
4;103;Two-way Support
4;103;Piatetsky-Shapiro
4;101;One-way Support
4;101;Least Contradiction
4;101;Klosgen
4;101;Jaccard
4;101;Interestingness Weighting Dependency
4;101;Information Gain
4;101;Cosine
4;101;Added Value
3;236;Coverage
3;101;Support
1;442;Specificity
1;442;Relative Risk
1;101;Leverage
1;101;Gini Index
0;102;Two-way Support Variation
0;101;Lovinger
0;101;J Measure
0;101;Collective Strength
