Rank-5-true;Rank-5-TOT;Measure
11;1330;ORIGINAL-MODEL
11;31;Sebag-Schoenauer
11;31;Example and Counterexample Rate
11;31;Confidence
11;31;Compliance
7;451;Ylue Y
7;451;Ylue Q
7;451;Odds Ratio
7;10;Odd Multiplier
7;10;Conviction
4;709;Recall
4;22;Prevalence
4;21;Least Contradiction
4;21;Laplace Correction
4;21;Jaccard
4;21;Cosine
4;21;Accuracy
3;21;Support
1;442;Specificity
1;442;Relative Risk
1;33;Linear Correlation Coefficient
1;6;Lift
0;13;Piatetsky-Shapiro
0;13;Added Value
0;12;Leverage
0;12;Coverage
0;10;Lovinger
0;10;Information Gain
0;6;Zhang
0;6;Two-way Support Variation
0;6;Two-way Support
0;6;One-way Support
0;6;Klosgen
0;6;J Measure
0;6;Interestingness Weighting Dependency
0;6;Gini Index
0;6;Collective Strength
0;6;Certainty factor
