Rank-25-true;Rank-25-TOT;Measure
11;1330;ORIGINAL-MODEL
11;31;Sebag-Schoenauer
11;31;Example and Counterexample Rate
11;31;Confidence
11;31;Compliance
9;26;Laplace Correction
7;451;Ylue Y
7;451;Ylue Q
7;451;Odds Ratio
7;26;Odd Multiplier
7;26;Conviction
4;709;Recall
4;42;Prevalence
4;32;Least Contradiction
4;32;Jaccard
4;32;Cosine
4;32;Accuracy
3;236;Coverage
3;31;Support
3;29;Lift
1;442;Specificity
1;442;Relative Risk
1;35;Information Gain
1;33;Linear Correlation Coefficient
1;33;Leverage
1;26;One-way Support
0;30;Piatetsky-Shapiro
0;30;Added Value
0;26;Zhang
0;26;Two-way Support Variation
0;26;Two-way Support
0;26;Lovinger
0;26;Klosgen
0;26;J Measure
0;26;Interestingness Weighting Dependency
0;26;Gini Index
0;26;Collective Strength
0;26;Certainty factor
