Rank-1000-true;Rank-1000-TOT;Measure
11;1330;ORIGINAL-MODEL
11;1005;Sebag-Schoenauer
11;1002;Cosine
11;1001;Least Contradiction
11;1001;Laplace Correction
11;1001;Jaccard
11;1001;Example and Counterexample Rate
11;1001;Confidence
11;1001;Compliance
11;1001;Accuracy
10;1004;Support
10;1001;Prevalence
8;1003;Collective Strength
8;1001;Relative Risk
8;1001;Leverage
8;1001;Gini Index
7;1238;Odd Multiplier
7;1008;Lift
7;1002;Two-way Support
7;1002;Piatetsky-Shapiro
7;1002;Linear Correlation Coefficient
7;1002;Information Gain
7;1002;Conviction
7;1001;Zhang
7;1001;Ylue Y
7;1001;Ylue Q
7;1001;Specificity
7;1001;Recall
7;1001;One-way Support
7;1001;Odds Ratio
7;1001;Lovinger
7;1001;Klosgen
7;1001;Interestingness Weighting Dependency
7;1001;Certainty factor
7;1001;Added Value
5;1013;Coverage
0;1001;J Measure
0;605;Two-way Support Variation
