Rank-50-true;Rank-50-TOT;Measure
11;1330;ORIGINAL-MODEL
11;58;Compliance
11;52;Sebag-Schoenauer
11;51;Example and Counterexample Rate
11;51;Confidence
10;51;Laplace Correction
7;451;Ylue Y
7;451;Ylue Q
7;451;Odds Ratio
7;52;Odd Multiplier
7;51;Zhang
7;51;Conviction
7;51;Certainty factor
4;709;Recall
4;54;Accuracy
4;52;Least Contradiction
4;52;Jaccard
4;52;Cosine
4;51;Prevalence
3;236;Coverage
3;52;Information Gain
3;51;Two-way Support
3;51;Support
3;51;One-way Support
3;51;Lift
3;51;Klosgen
3;51;Added Value
2;52;Interestingness Weighting Dependency
2;51;Piatetsky-Shapiro
2;51;Linear Correlation Coefficient
1;442;Specificity
1;442;Relative Risk
1;51;Leverage
0;52;Two-way Support Variation
0;51;Lovinger
0;51;J Measure
0;51;Gini Index
0;51;Collective Strength
