Rank-1500-true;Rank-1500-TOT;Measure
11;1330;ORIGINAL-MODEL
11;1330;Two-way Support
11;1330;Support
11;1330;Sebag-Schoenauer
11;1330;Recall
11;1330;Prevalence
11;1330;Piatetsky-Shapiro
11;1330;One-way Support
11;1330;Lift
11;1330;Leverage
11;1330;Least Contradiction
11;1330;Laplace Correction
11;1330;Klosgen
11;1330;Jaccard
11;1330;Interestingness Weighting Dependency
11;1330;Information Gain
11;1330;Example and Counterexample Rate
11;1330;Coverage
11;1330;Cosine
11;1330;Confidence
11;1330;Compliance
11;1330;Added Value
11;1330;Accuracy
8;1063;Specificity
8;1063;Relative Risk
8;1063;Gini Index
8;1063;Collective Strength
7;1309;Zhang
7;1309;Odd Multiplier
7;1309;Lovinger
7;1309;Conviction
7;1309;Certainty factor
7;1105;Linear Correlation Coefficient
7;1062;Ylue Y
7;1062;Ylue Q
7;1062;Odds Ratio
0;1300;J Measure
0;605;Two-way Support Variation
