Rank-200-true;Rank-200-TOT;Measure
11;1330;ORIGINAL-MODEL
11;202;Sebag-Schoenauer
11;202;Compliance
11;201;Laplace Correction
11;201;Example and Counterexample Rate
11;201;Confidence
8;209;Prevalence
8;209;Accuracy
7;451;Ylue Y
7;451;Ylue Q
7;451;Odds Ratio
7;202;Two-way Support
7;202;Piatetsky-Shapiro
7;202;Linear Correlation Coefficient
7;202;Least Contradiction
7;201;Zhang
7;201;Odd Multiplier
7;201;Interestingness Weighting Dependency
7;201;Conviction
7;201;Certainty factor
6;204;Lift
6;202;Jaccard
6;202;Cosine
6;201;One-way Support
6;201;Klosgen
6;201;Information Gain
6;201;Gini Index
6;201;Added Value
5;207;Support
4;709;Recall
3;236;Coverage
3;201;Leverage
1;442;Specificity
1;442;Relative Risk
1;309;Lovinger
0;201;Two-way Support Variation
0;201;J Measure
0;201;Collective Strength
