Rank-500-true;Rank-500-TOT;Measure
11;1330;ORIGINAL-MODEL
11;512;Compliance
11;505;Example and Counterexample Rate
11;505;Confidence
11;504;Sebag-Schoenauer
11;503;Laplace Correction
11;502;Accuracy
10;501;Least Contradiction
8;508;Prevalence
8;503;Jaccard
8;501;Support
8;501;Leverage
8;501;Cosine
7;513;Lift
7;503;Odd Multiplier
7;502;Two-way Support
7;502;One-way Support
7;502;Odds Ratio
7;502;Interestingness Weighting Dependency
7;502;Information Gain
7;502;Added Value
7;501;Zhang
7;501;Ylue Y
7;501;Ylue Q
7;501;Piatetsky-Shapiro
7;501;Lovinger
7;501;Linear Correlation Coefficient
7;501;Klosgen
7;501;Gini Index
7;501;Conviction
7;501;Certainty factor
6;501;Relative Risk
4;709;Recall
4;501;Specificity
4;501;Collective Strength
3;514;Coverage
0;502;Two-way Support Variation
0;501;J Measure
