Rank-10-true;Rank-10-TOT;Measure
11;1330;ORIGINAL-MODEL
11;31;Sebag-Schoenauer
11;31;Example and Counterexample Rate
11;31;Confidence
11;31;Compliance
7;451;Ylue Y
7;451;Ylue Q
7;451;Odds Ratio
7;11;Odd Multiplier
7;11;Conviction
4;709;Recall
4;22;Prevalence
4;21;Least Contradiction
4;21;Laplace Correction
4;21;Jaccard
4;21;Cosine
4;21;Accuracy
3;21;Support
3;11;Lift
1;442;Specificity
1;442;Relative Risk
1;33;Linear Correlation Coefficient
1;19;Information Gain
0;17;Lovinger
0;13;Piatetsky-Shapiro
0;13;Added Value
0;12;Leverage
0;12;Coverage
0;11;Zhang
0;11;Two-way Support Variation
0;11;Two-way Support
0;11;One-way Support
0;11;Klosgen
0;11;J Measure
0;11;Interestingness Weighting Dependency
0;11;Gini Index
0;11;Collective Strength
0;11;Certainty factor
