'Constraint';'Template';'Activation';'Target';'Support';'Confidence level';'Interest factor'
'Init(a)';'Init';'a';;1.000;1.000;1.000
'CoExistence(a, b)';'CoExistence';'a';'b';1.000;1.000;1.000
'Succession(a, b)';'Succession';'a';'b';1.000;1.000;1.000
'RespondedExistence(a, b)';'RespondedExistence';'a';'b';1.000;1.000;1.000
'Response(a, b)';'Response';'a';'b';1.000;1.000;1.000
'CoExistence(a, c)';'CoExistence';'a';'c';0.874;0.874;0.874
'RespondedExistence(a, c)';'RespondedExistence';'a';'c';0.874;0.874;0.874
'CoExistence(a, d)';'CoExistence';'a';'d';1.000;1.000;1.000
'Succession(a, d)';'Succession';'a';'d';0.598;0.598;0.598
'RespondedExistence(a, d)';'RespondedExistence';'a';'d';1.000;1.000;1.000
'Response(a, d)';'Response';'a';'d';0.598;0.598;0.598
'CoExistence(a, e)';'CoExistence';'a';'e';0.858;0.858;0.858
'RespondedExistence(a, e)';'RespondedExistence';'a';'e';0.858;0.858;0.858
'CoExistence(a, f)';'CoExistence';'a';'f';0.974;0.974;0.974
'Succession(a, f)';'Succession';'a';'f';0.820;0.820;0.820
'RespondedExistence(a, f)';'RespondedExistence';'a';'f';0.974;0.974;0.974
'Response(a, f)';'Response';'a';'f';0.820;0.820;0.820
'CoExistence(a, g)';'CoExistence';'a';'g';0.894;0.894;0.894
'RespondedExistence(a, g)';'RespondedExistence';'a';'g';0.894;0.894;0.894
'CoExistence(a, h)';'CoExistence';'a';'h';0.652;0.652;0.652
'RespondedExistence(a, h)';'RespondedExistence';'a';'h';0.652;0.652;0.652
'CoExistence(a, i)';'CoExistence';'a';'i';0.878;0.878;0.878
'Succession(a, i)';'Succession';'a';'i';0.508;0.508;0.508
'RespondedExistence(a, i)';'RespondedExistence';'a';'i';0.878;0.878;0.878
'Response(a, i)';'Response';'a';'i';0.508;0.508;0.508
'CoExistence(a, l)';'CoExistence';'a';'l';0.630;0.630;0.630
'RespondedExistence(a, l)';'RespondedExistence';'a';'l';0.630;0.630;0.630
'CoExistence(a, m)';'CoExistence';'a';'m';0.890;0.890;0.890
'RespondedExistence(a, m)';'RespondedExistence';'a';'m';0.890;0.890;0.890
'CoExistence(a, n)';'CoExistence';'a';'n';0.976;0.976;0.976
'Succession(a, n)';'Succession';'a';'n';0.826;0.826;0.826
'RespondedExistence(a, n)';'RespondedExistence';'a';'n';0.976;0.976;0.976
'Response(a, n)';'Response';'a';'n';0.826;0.826;0.826
'CoExistence(a, o)';'CoExistence';'a';'o';0.896;0.896;0.896
'RespondedExistence(a, o)';'RespondedExistence';'a';'o';0.896;0.896;0.896
'CoExistence(a, p)';'CoExistence';'a';'p';0.984;0.984;0.984
'Succession(a, p)';'Succession';'a';'p';0.654;0.654;0.654
'RespondedExistence(a, p)';'RespondedExistence';'a';'p';0.984;0.984;0.984
'Response(a, p)';'Response';'a';'p';0.654;0.654;0.654
'CoExistence(a, q)';'CoExistence';'a';'q';0.892;0.892;0.892
'RespondedExistence(a, q)';'RespondedExistence';'a';'q';0.892;0.892;0.892
'NotSuccession(a, r)';'NotSuccession';'a';'r';0.904;0.904;0.904
'NotCoExistence(a, r)';'NotCoExistence';'a';'r';0.904;0.904;0.904
'CoExistence(a, s)';'CoExistence';'a';'s';0.870;0.870;0.870
'RespondedExistence(a, s)';'RespondedExistence';'a';'s';0.870;0.870;0.870
'CoExistence(a, t)';'CoExistence';'a';'t';0.972;0.972;0.972
'Succession(a, t)';'Succession';'a';'t';0.584;0.584;0.584
'RespondedExistence(a, t)';'RespondedExistence';'a';'t';0.972;0.972;0.972
'Response(a, t)';'Response';'a';'t';0.584;0.584;0.584
'CoExistence(a, u)';'CoExistence';'a';'u';0.880;0.880;0.880
'Succession(a, u)';'Succession';'a';'u';0.502;0.502;0.502
'RespondedExistence(a, u)';'RespondedExistence';'a';'u';0.880;0.880;0.880
'Response(a, u)';'Response';'a';'u';0.502;0.502;0.502
'CoExistence(a, v)';'CoExistence';'a';'v';0.884;0.884;0.884
'Succession(a, v)';'Succession';'a';'v';0.508;0.508;0.508
'RespondedExistence(a, v)';'RespondedExistence';'a';'v';0.884;0.884;0.884
'Response(a, v)';'Response';'a';'v';0.508;0.508;0.508
'CoExistence(a, w)';'CoExistence';'a';'w';0.898;0.898;0.898
'Succession(a, w)';'Succession';'a';'w';0.504;0.504;0.504
'RespondedExistence(a, w)';'RespondedExistence';'a';'w';0.898;0.898;0.898
'Response(a, w)';'Response';'a';'w';0.504;0.504;0.504
'CoExistence(a, z)';'CoExistence';'a';'z';0.890;0.890;0.890
'RespondedExistence(a, z)';'RespondedExistence';'a';'z';0.890;0.890;0.890
'End(b)';'End';'b';;1.000;1.000;1.000
'Precedence(a, b)';'Precedence';'b';'a';1.000;1.000;1.000
'CoExistence(b, a)';'CoExistence';'b';'a';1.000;1.000;1.000
'RespondedExistence(b, a)';'RespondedExistence';'b';'a';1.000;1.000;1.000
'CoExistence(b, c)';'CoExistence';'b';'c';0.874;0.874;0.874
'RespondedExistence(b, c)';'RespondedExistence';'b';'c';0.874;0.874;0.874
'NotSuccession(b, c)';'NotSuccession';'b';'c';0.592;0.592;0.592
'CoExistence(b, d)';'CoExistence';'b';'d';1.000;1.000;1.000
'RespondedExistence(b, d)';'RespondedExistence';'b';'d';1.000;1.000;1.000
'CoExistence(b, e)';'CoExistence';'b';'e';0.858;0.858;0.858
'RespondedExistence(b, e)';'RespondedExistence';'b';'e';0.858;0.858;0.858
'CoExistence(b, f)';'CoExistence';'b';'f';0.974;0.974;0.974
'RespondedExistence(b, f)';'RespondedExistence';'b';'f';0.974;0.974;0.974
'CoExistence(b, g)';'CoExistence';'b';'g';0.894;0.894;0.894
'RespondedExistence(b, g)';'RespondedExistence';'b';'g';0.894;0.894;0.894
'CoExistence(b, h)';'CoExistence';'b';'h';0.652;0.652;0.652
'RespondedExistence(b, h)';'RespondedExistence';'b';'h';0.652;0.652;0.652
'CoExistence(b, i)';'CoExistence';'b';'i';0.878;0.878;0.878
'RespondedExistence(b, i)';'RespondedExistence';'b';'i';0.878;0.878;0.878
'CoExistence(b, l)';'CoExistence';'b';'l';0.630;0.630;0.630
'RespondedExistence(b, l)';'RespondedExistence';'b';'l';0.630;0.630;0.630
'NotSuccession(b, l)';'NotSuccession';'b';'l';0.534;0.534;0.534
'CoExistence(b, m)';'CoExistence';'b';'m';0.890;0.890;0.890
'RespondedExistence(b, m)';'RespondedExistence';'b';'m';0.890;0.890;0.890
'CoExistence(b, n)';'CoExistence';'b';'n';0.976;0.976;0.976
'RespondedExistence(b, n)';'RespondedExistence';'b';'n';0.976;0.976;0.976
'CoExistence(b, o)';'CoExistence';'b';'o';0.896;0.896;0.896
'RespondedExistence(b, o)';'RespondedExistence';'b';'o';0.896;0.896;0.896
'CoExistence(b, p)';'CoExistence';'b';'p';0.984;0.984;0.984
'RespondedExistence(b, p)';'RespondedExistence';'b';'p';0.984;0.984;0.984
'CoExistence(b, q)';'CoExistence';'b';'q';0.892;0.892;0.892
'RespondedExistence(b, q)';'RespondedExistence';'b';'q';0.892;0.892;0.892
'NotSuccession(b, r)';'NotSuccession';'b';'r';0.940;0.940;0.940
'NotCoExistence(b, r)';'NotCoExistence';'b';'r';0.904;0.904;0.904
'CoExistence(b, s)';'CoExistence';'b';'s';0.870;0.870;0.870
'RespondedExistence(b, s)';'RespondedExistence';'b';'s';0.870;0.870;0.870
'CoExistence(b, t)';'CoExistence';'b';'t';0.972;0.972;0.972
'RespondedExistence(b, t)';'RespondedExistence';'b';'t';0.972;0.972;0.972
'CoExistence(b, u)';'CoExistence';'b';'u';0.880;0.880;0.880
'RespondedExistence(b, u)';'RespondedExistence';'b';'u';0.880;0.880;0.880
'CoExistence(b, v)';'CoExistence';'b';'v';0.884;0.884;0.884
'RespondedExistence(b, v)';'RespondedExistence';'b';'v';0.884;0.884;0.884
'CoExistence(b, w)';'CoExistence';'b';'w';0.898;0.898;0.898
'RespondedExistence(b, w)';'RespondedExistence';'b';'w';0.898;0.898;0.898
'CoExistence(b, z)';'CoExistence';'b';'z';0.890;0.890;0.890
'RespondedExistence(b, z)';'RespondedExistence';'b';'z';0.890;0.890;0.890
'Precedence(i, b)';'Precedence';'b';'i';0.500;0.500;0.500
'Precedence(m, b)';'Precedence';'b';'m';0.500;0.500;0.500
'Precedence(p, b)';'Precedence';'b';'p';0.640;0.640;0.640
'Precedence(u, b)';'Precedence';'b';'u';0.522;0.522;0.522
'AtMostOne(c)';'AtMostOne';'c';;0.874;1.000;1.000
'Participation(c)';'Participation';'c';;0.874;0.874;0.874
'CoExistence(c, a)';'CoExistence';'c';'a';0.874;0.874;0.874
'Response(c, a)';'Response';'c';'a';0.630;0.721;0.721
'AlternateResponse(c, a)';'AlternateResponse';'c';'a';0.630;0.721;0.721
'CoExistence(c, b)';'CoExistence';'c';'b';0.874;0.874;0.874
'CoExistence(c, d)';'CoExistence';'c';'d';0.874;0.874;0.874
'Response(c, d)';'Response';'c';'d';0.712;0.815;0.815
'AlternateResponse(c, d)';'AlternateResponse';'c';'d';0.712;0.815;0.815
'CoExistence(c, e)';'CoExistence';'c';'e';0.750;0.764;0.764
'RespondedExistence(c, e)';'RespondedExistence';'c';'e';0.750;0.858;0.858
'Response(c, e)';'Response';'c';'e';0.600;0.686;0.686
'AlternateResponse(c, e)';'AlternateResponse';'c';'e';0.600;0.686;0.686
'CoExistence(c, f)';'CoExistence';'c';'f';0.854;0.859;0.859
'RespondedExistence(c, f)';'RespondedExistence';'c';'f';0.854;0.977;0.977
'Response(c, f)';'Response';'c';'f';0.786;0.899;0.899
'AlternateResponse(c, f)';'AlternateResponse';'c';'f';0.786;0.899;0.899
'CoExistence(c, g)';'CoExistence';'c';'g';0.790;0.808;0.808
'RespondedExistence(c, g)';'RespondedExistence';'c';'g';0.790;0.904;0.904
'Response(c, g)';'Response';'c';'g';0.646;0.739;0.739
'AlternateResponse(c, g)';'AlternateResponse';'c';'g';0.646;0.739;0.739
'CoExistence(c, h)';'CoExistence';'c';'h';0.580;0.613;0.613
'RespondedExistence(c, h)';'RespondedExistence';'c';'h';0.580;0.664;0.664
'Response(c, h)';'Response';'c';'h';0.500;0.572;0.572
'AlternateResponse(c, h)';'AlternateResponse';'c';'h';0.500;0.572;0.572
'CoExistence(c, i)';'CoExistence';'c';'i';0.774;0.791;0.791
'RespondedExistence(c, i)';'RespondedExistence';'c';'i';0.774;0.886;0.886
'Response(c, i)';'Response';'c';'i';0.624;0.714;0.714
'AlternateResponse(c, i)';'AlternateResponse';'c';'i';0.624;0.714;0.714
'CoExistence(c, l)';'CoExistence';'c';'l';0.560;0.593;0.593
'RespondedExistence(c, l)';'RespondedExistence';'c';'l';0.560;0.641;0.641
'Response(c, l)';'Response';'c';'l';0.442;0.506;0.506
'AlternateResponse(c, l)';'AlternateResponse';'c';'l';0.442;0.506;0.506
'NotSuccession(c, l)';'NotSuccession';'c';'l';0.502;0.532;0.532
'CoExistence(c, m)';'CoExistence';'c';'m';0.788;0.807;0.807
'RespondedExistence(c, m)';'RespondedExistence';'c';'m';0.788;0.902;0.902
'Response(c, m)';'Response';'c';'m';0.532;0.609;0.609
'AlternateResponse(c, m)';'AlternateResponse';'c';'m';0.532;0.609;0.609
'CoExistence(c, n)';'CoExistence';'c';'n';0.858;0.865;0.865
'RespondedExistence(c, n)';'RespondedExistence';'c';'n';0.858;0.982;0.982
'Response(c, n)';'Response';'c';'n';0.806;0.922;0.922
'AlternateResponse(c, n)';'AlternateResponse';'c';'n';0.806;0.922;0.922
'CoExistence(c, o)';'CoExistence';'c';'o';0.788;0.802;0.802
'RespondedExistence(c, o)';'RespondedExistence';'c';'o';0.788;0.902;0.902
'Response(c, o)';'Response';'c';'o';0.648;0.741;0.741
'AlternateResponse(c, o)';'AlternateResponse';'c';'o';0.648;0.741;0.741
'CoExistence(c, p)';'CoExistence';'c';'p';0.864;0.869;0.869
'RespondedExistence(c, p)';'RespondedExistence';'c';'p';0.864;0.989;0.989
'Response(c, p)';'Response';'c';'p';0.780;0.892;0.892
'AlternateResponse(c, p)';'AlternateResponse';'c';'p';0.780;0.892;0.892
'CoExistence(c, q)';'CoExistence';'c';'q';0.786;0.802;0.802
'RespondedExistence(c, q)';'RespondedExistence';'c';'q';0.786;0.899;0.899
'Response(c, q)';'Response';'c';'q';0.628;0.719;0.719
'AlternateResponse(c, q)';'AlternateResponse';'c';'q';0.628;0.719;0.719
'NotSuccession(c, r)';'NotSuccession';'c';'r';0.816;0.927;0.927
'NotCoExistence(c, r)';'NotCoExistence';'c';'r';0.790;0.898;0.898
'CoExistence(c, s)';'CoExistence';'c';'s';0.768;0.787;0.787
'RespondedExistence(c, s)';'RespondedExistence';'c';'s';0.768;0.879;0.879
'Response(c, s)';'Response';'c';'s';0.624;0.714;0.714
'AlternateResponse(c, s)';'AlternateResponse';'c';'s';0.624;0.714;0.714
'CoExistence(c, t)';'CoExistence';'c';'t';0.858;0.868;0.868
'RespondedExistence(c, t)';'RespondedExistence';'c';'t';0.858;0.982;0.982
'Response(c, t)';'Response';'c';'t';0.708;0.810;0.810
'AlternateResponse(c, t)';'AlternateResponse';'c';'t';0.708;0.810;0.810
'CoExistence(c, u)';'CoExistence';'c';'u';0.776;0.793;0.793
'RespondedExistence(c, u)';'RespondedExistence';'c';'u';0.776;0.888;0.888
'Response(c, u)';'Response';'c';'u';0.624;0.714;0.714
'AlternateResponse(c, u)';'AlternateResponse';'c';'u';0.624;0.714;0.714
'CoExistence(c, v)';'CoExistence';'c';'v';0.778;0.794;0.794
'RespondedExistence(c, v)';'RespondedExistence';'c';'v';0.778;0.890;0.890
'Response(c, v)';'Response';'c';'v';0.620;0.709;0.709
'AlternateResponse(c, v)';'AlternateResponse';'c';'v';0.620;0.709;0.709
'CoExistence(c, w)';'CoExistence';'c';'w';0.790;0.804;0.804
'RespondedExistence(c, w)';'RespondedExistence';'c';'w';0.790;0.904;0.904
'Response(c, w)';'Response';'c';'w';0.644;0.737;0.737
'AlternateResponse(c, w)';'AlternateResponse';'c';'w';0.644;0.737;0.737
'CoExistence(c, z)';'CoExistence';'c';'z';0.784;0.800;0.800
'RespondedExistence(c, z)';'RespondedExistence';'c';'z';0.784;0.897;0.897
'Response(c, z)';'Response';'c';'z';0.620;0.709;0.709
'AlternateResponse(c, z)';'AlternateResponse';'c';'z';0.620;0.709;0.709
'Precedence(p, c)';'Precedence';'c';'p';0.520;0.595;0.595
'AlternatePrecedence(p, c)';'AlternatePrecedence';'c';'p';0.520;0.595;0.595
'Participation(d)';'Participation';'d';;1.000;1.000;1.000
'Precedence(a, d)';'Precedence';'d';'a';1.000;1.000;1.000
'Precedence(b, d)';'Precedence';'d';'b';0.520;0.520;0.520
'CoExistence(d, a)';'CoExistence';'d';'a';1.000;1.000;1.000
'RespondedExistence(d, a)';'RespondedExistence';'d';'a';1.000;1.000;1.000
'CoExistence(d, b)';'CoExistence';'d';'b';1.000;1.000;1.000
'RespondedExistence(d, b)';'RespondedExistence';'d';'b';1.000;1.000;1.000
'Response(d, b)';'Response';'d';'b';1.000;1.000;1.000
'CoExistence(d, c)';'CoExistence';'d';'c';0.874;0.874;0.874
'RespondedExistence(d, c)';'RespondedExistence';'d';'c';0.874;0.874;0.874
'NotSuccession(d, c)';'NotSuccession';'d';'c';0.610;0.610;0.610
'CoExistence(d, e)';'CoExistence';'d';'e';0.858;0.858;0.858
'RespondedExistence(d, e)';'RespondedExistence';'d';'e';0.858;0.858;0.858
'CoExistence(d, f)';'CoExistence';'d';'f';0.974;0.974;0.974
'RespondedExistence(d, f)';'RespondedExistence';'d';'f';0.974;0.974;0.974
'Response(d, f)';'Response';'d';'f';0.706;0.706;0.706
'CoExistence(d, g)';'CoExistence';'d';'g';0.894;0.894;0.894
'RespondedExistence(d, g)';'RespondedExistence';'d';'g';0.894;0.894;0.894
'CoExistence(d, h)';'CoExistence';'d';'h';0.652;0.652;0.652
'RespondedExistence(d, h)';'RespondedExistence';'d';'h';0.652;0.652;0.652
'CoExistence(d, i)';'CoExistence';'d';'i';0.878;0.878;0.878
'RespondedExistence(d, i)';'RespondedExistence';'d';'i';0.878;0.878;0.878
'CoExistence(d, l)';'CoExistence';'d';'l';0.630;0.630;0.630
'RespondedExistence(d, l)';'RespondedExistence';'d';'l';0.630;0.630;0.630
'NotSuccession(d, l)';'NotSuccession';'d';'l';0.546;0.546;0.546
'CoExistence(d, m)';'CoExistence';'d';'m';0.890;0.890;0.890
'RespondedExistence(d, m)';'RespondedExistence';'d';'m';0.890;0.890;0.890
'CoExistence(d, n)';'CoExistence';'d';'n';0.976;0.976;0.976
'RespondedExistence(d, n)';'RespondedExistence';'d';'n';0.976;0.976;0.976
'Response(d, n)';'Response';'d';'n';0.742;0.742;0.742
'CoExistence(d, o)';'CoExistence';'d';'o';0.896;0.896;0.896
'RespondedExistence(d, o)';'RespondedExistence';'d';'o';0.896;0.896;0.896
'CoExistence(d, p)';'CoExistence';'d';'p';0.984;0.984;0.984
'RespondedExistence(d, p)';'RespondedExistence';'d';'p';0.984;0.984;0.984
'Response(d, p)';'Response';'d';'p';0.560;0.560;0.560
'CoExistence(d, q)';'CoExistence';'d';'q';0.892;0.892;0.892
'RespondedExistence(d, q)';'RespondedExistence';'d';'q';0.892;0.892;0.892
'NotSuccession(d, r)';'NotSuccession';'d';'r';0.940;0.940;0.940
'NotCoExistence(d, r)';'NotCoExistence';'d';'r';0.904;0.904;0.904
'CoExistence(d, s)';'CoExistence';'d';'s';0.870;0.870;0.870
'RespondedExistence(d, s)';'RespondedExistence';'d';'s';0.870;0.870;0.870
'CoExistence(d, t)';'CoExistence';'d';'t';0.972;0.972;0.972
'RespondedExistence(d, t)';'RespondedExistence';'d';'t';0.972;0.972;0.972
'Response(d, t)';'Response';'d';'t';0.506;0.506;0.506
'CoExistence(d, u)';'CoExistence';'d';'u';0.880;0.880;0.880
'RespondedExistence(d, u)';'RespondedExistence';'d';'u';0.880;0.880;0.880
'CoExistence(d, v)';'CoExistence';'d';'v';0.884;0.884;0.884
'RespondedExistence(d, v)';'RespondedExistence';'d';'v';0.884;0.884;0.884
'CoExistence(d, w)';'CoExistence';'d';'w';0.898;0.898;0.898
'RespondedExistence(d, w)';'RespondedExistence';'d';'w';0.898;0.898;0.898
'CoExistence(d, z)';'CoExistence';'d';'z';0.890;0.890;0.890
'RespondedExistence(d, z)';'RespondedExistence';'d';'z';0.890;0.890;0.890
'Precedence(g, d)';'Precedence';'d';'g';0.516;0.516;0.516
'Precedence(i, d)';'Precedence';'d';'i';0.514;0.514;0.514
'Precedence(m, d)';'Precedence';'d';'m';0.504;0.504;0.504
'Precedence(n, d)';'Precedence';'d';'n';0.514;0.514;0.514
'Precedence(o, d)';'Precedence';'d';'o';0.516;0.516;0.516
'Precedence(p, d)';'Precedence';'d';'p';0.656;0.656;0.656
'Precedence(q, d)';'Precedence';'d';'q';0.514;0.514;0.514
'Precedence(s, d)';'Precedence';'d';'s';0.514;0.514;0.514
'Precedence(t, d)';'Precedence';'d';'t';0.504;0.504;0.504
'Precedence(u, d)';'Precedence';'d';'u';0.524;0.524;0.524
'Precedence(w, d)';'Precedence';'d';'w';0.502;0.502;0.502
'Precedence(z, d)';'Precedence';'d';'z';0.520;0.520;0.520
'Participation(e)';'Participation';'e';;0.858;0.858;0.858
'CoExistence(e, a)';'CoExistence';'e';'a';0.858;0.858;0.858
'CoExistence(e, b)';'CoExistence';'e';'b';0.858;0.858;0.858
'CoExistence(e, c)';'CoExistence';'e';'c';0.750;0.764;0.764
'RespondedExistence(e, c)';'RespondedExistence';'e';'c';0.750;0.874;0.874
'NotSuccession(e, c)';'NotSuccession';'e';'c';0.618;0.629;0.629
'CoExistence(e, d)';'CoExistence';'e';'d';0.858;0.858;0.858
'Response(e, d)';'Response';'e';'d';0.450;0.524;0.524
'CoExistence(e, f)';'CoExistence';'e';'f';0.858;0.881;0.881
'Response(e, f)';'Response';'e';'f';0.858;1.000;1.000
'CoExistence(e, g)';'CoExistence';'e';'g';0.780;0.802;0.802
'RespondedExistence(e, g)';'RespondedExistence';'e';'g';0.780;0.909;0.909
'CoExistence(e, h)';'CoExistence';'e';'h';0.566;0.600;0.600
'RespondedExistence(e, h)';'RespondedExistence';'e';'h';0.566;0.660;0.660
'CoExistence(e, i)';'CoExistence';'e';'i';0.754;0.768;0.768
'RespondedExistence(e, i)';'RespondedExistence';'e';'i';0.754;0.879;0.879
'CoExistence(e, l)';'CoExistence';'e';'l';0.544;0.576;0.576
'RespondedExistence(e, l)';'RespondedExistence';'e';'l';0.544;0.634;0.634
'NotSuccession(e, l)';'NotSuccession';'e';'l';0.518;0.549;0.549
'CoExistence(e, m)';'CoExistence';'e';'m';0.782;0.810;0.810
'RespondedExistence(e, m)';'RespondedExistence';'e';'m';0.782;0.911;0.911
'CoExistence(e, n)';'CoExistence';'e';'n';0.844;0.853;0.853
'RespondedExistence(e, n)';'RespondedExistence';'e';'n';0.844;0.984;0.984
'Response(e, n)';'Response';'e';'n';0.690;0.804;0.804
'CoExistence(e, o)';'CoExistence';'e';'o';0.778;0.797;0.797
'RespondedExistence(e, o)';'RespondedExistence';'e';'o';0.778;0.907;0.907
'CoExistence(e, p)';'CoExistence';'e';'p';0.852;0.861;0.861
'RespondedExistence(e, p)';'RespondedExistence';'e';'p';0.852;0.993;0.993
'Response(e, p)';'Response';'e';'p';0.560;0.653;0.653
'CoExistence(e, q)';'CoExistence';'e';'q';0.778;0.800;0.800
'RespondedExistence(e, q)';'RespondedExistence';'e';'q';0.778;0.907;0.907
'NotSuccession(e, r)';'NotSuccession';'e';'r';0.812;0.929;0.929
'NotCoExistence(e, r)';'NotCoExistence';'e';'r';0.794;0.908;0.908
'CoExistence(e, s)';'CoExistence';'e';'s';0.760;0.785;0.785
'RespondedExistence(e, s)';'RespondedExistence';'e';'s';0.760;0.886;0.886
'CoExistence(e, t)';'CoExistence';'e';'t';0.844;0.856;0.856
'RespondedExistence(e, t)';'RespondedExistence';'e';'t';0.844;0.984;0.984
'Response(e, t)';'Response';'e';'t';0.456;0.531;0.531
'CoExistence(e, u)';'CoExistence';'e';'u';0.768;0.792;0.792
'RespondedExistence(e, u)';'RespondedExistence';'e';'u';0.768;0.895;0.895
'CoExistence(e, v)';'CoExistence';'e';'v';0.768;0.789;0.789
'RespondedExistence(e, v)';'RespondedExistence';'e';'v';0.768;0.895;0.895
'CoExistence(e, w)';'CoExistence';'e';'w';0.780;0.799;0.799
'RespondedExistence(e, w)';'RespondedExistence';'e';'w';0.780;0.909;0.909
'CoExistence(e, z)';'CoExistence';'e';'z';0.778;0.802;0.802
'RespondedExistence(e, z)';'RespondedExistence';'e';'z';0.778;0.907;0.907
'Precedence(p, e)';'Precedence';'e';'p';0.526;0.613;0.613
'Participation(f)';'Participation';'f';;0.974;0.974;0.974
'Precedence(b, f)';'Precedence';'f';'b';0.500;0.513;0.513
'Precedence(d, f)';'Precedence';'f';'d';0.490;0.503;0.503
'CoExistence(f, a)';'CoExistence';'f';'a';0.974;0.974;0.974
'CoExistence(f, b)';'CoExistence';'f';'b';0.974;0.974;0.974
'CoExistence(f, c)';'CoExistence';'f';'c';0.854;0.859;0.859
'RespondedExistence(f, c)';'RespondedExistence';'f';'c';0.854;0.877;0.877
'NotSuccession(f, c)';'NotSuccession';'f';'c';0.618;0.622;0.622
'CoExistence(f, d)';'CoExistence';'f';'d';0.974;0.974;0.974
'CoExistence(f, e)';'CoExistence';'f';'e';0.858;0.881;0.881
'RespondedExistence(f, e)';'RespondedExistence';'f';'e';0.858;0.881;0.881
'CoExistence(f, g)';'CoExistence';'f';'g';0.878;0.887;0.887
'RespondedExistence(f, g)';'RespondedExistence';'f';'g';0.878;0.901;0.901
'CoExistence(f, h)';'CoExistence';'f';'h';0.642;0.652;0.652
'RespondedExistence(f, h)';'RespondedExistence';'f';'h';0.642;0.659;0.659
'CoExistence(f, i)';'CoExistence';'f';'i';0.856;0.859;0.859
'RespondedExistence(f, i)';'RespondedExistence';'f';'i';0.856;0.879;0.879
'CoExistence(f, l)';'CoExistence';'f';'l';0.614;0.620;0.620
'RespondedExistence(f, l)';'RespondedExistence';'f';'l';0.614;0.630;0.630
'NotSuccession(f, l)';'NotSuccession';'f';'l';0.564;0.570;0.570
'CoExistence(f, m)';'CoExistence';'f';'m';0.870;0.875;0.875
'RespondedExistence(f, m)';'RespondedExistence';'f';'m';0.870;0.893;0.893
'CoExistence(f, n)';'CoExistence';'f';'n';0.950;0.950;0.950
'RespondedExistence(f, n)';'RespondedExistence';'f';'n';0.950;0.975;0.975
'CoExistence(f, o)';'CoExistence';'f';'o';0.880;0.889;0.889
'RespondedExistence(f, o)';'RespondedExistence';'f';'o';0.880;0.903;0.903
'CoExistence(f, p)';'CoExistence';'f';'p';0.964;0.970;0.970
'RespondedExistence(f, p)';'RespondedExistence';'f';'p';0.964;0.990;0.990
'CoExistence(f, q)';'CoExistence';'f';'q';0.878;0.889;0.889
'RespondedExistence(f, q)';'RespondedExistence';'f';'q';0.878;0.901;0.901
'NotSuccession(f, r)';'NotSuccession';'f';'r';0.910;0.930;0.930
'NotCoExistence(f, r)';'NotCoExistence';'f';'r';0.886;0.906;0.906
'CoExistence(f, s)';'CoExistence';'f';'s';0.852;0.859;0.859
'RespondedExistence(f, s)';'RespondedExistence';'f';'s';0.852;0.875;0.875
'CoExistence(f, t)';'CoExistence';'f';'t';0.948;0.950;0.950
'RespondedExistence(f, t)';'RespondedExistence';'f';'t';0.948;0.973;0.973
'CoExistence(f, u)';'CoExistence';'f';'u';0.860;0.865;0.865
'RespondedExistence(f, u)';'RespondedExistence';'f';'u';0.860;0.883;0.883
'CoExistence(f, v)';'CoExistence';'f';'v';0.870;0.881;0.881
'RespondedExistence(f, v)';'RespondedExistence';'f';'v';0.870;0.893;0.893
'CoExistence(f, w)';'CoExistence';'f';'w';0.880;0.887;0.887
'RespondedExistence(f, w)';'RespondedExistence';'f';'w';0.880;0.903;0.903
'CoExistence(f, z)';'CoExistence';'f';'z';0.872;0.879;0.879
'RespondedExistence(f, z)';'RespondedExistence';'f';'z';0.872;0.895;0.895
'Precedence(g, f)';'Precedence';'f';'g';0.508;0.522;0.522
'Precedence(i, f)';'Precedence';'f';'i';0.492;0.505;0.505
'Precedence(m, f)';'Precedence';'f';'m';0.516;0.530;0.530
'Precedence(n, f)';'Precedence';'f';'n';0.502;0.515;0.515
'Precedence(p, f)';'Precedence';'f';'p';0.652;0.669;0.669
'Precedence(s, f)';'Precedence';'f';'s';0.498;0.511;0.511
'Precedence(t, f)';'Precedence';'f';'t';0.490;0.503;0.503
'Precedence(u, f)';'Precedence';'f';'u';0.528;0.542;0.542
'Precedence(v, f)';'Precedence';'f';'v';0.490;0.503;0.503
'Precedence(w, f)';'Precedence';'f';'w';0.498;0.511;0.511
'Precedence(z, f)';'Precedence';'f';'z';0.496;0.509;0.509
'Participation(g)';'Participation';'g';;0.894;0.894;0.894
'CoExistence(g, a)';'CoExistence';'g';'a';0.894;0.894;0.894
'CoExistence(g, b)';'CoExistence';'g';'b';0.894;0.894;0.894
'CoExistence(g, c)';'CoExistence';'g';'c';0.790;0.808;0.808
'RespondedExistence(g, c)';'RespondedExistence';'g';'c';0.790;0.884;0.884
'NotSuccession(g, c)';'NotSuccession';'g';'c';0.576;0.589;0.589
'CoExistence(g, d)';'CoExistence';'g';'d';0.894;0.894;0.894
'Response(g, d)';'Response';'g';'d';0.500;0.559;0.559
'CoExistence(g, e)';'CoExistence';'g';'e';0.780;0.802;0.802
'RespondedExistence(g, e)';'RespondedExistence';'g';'e';0.780;0.872;0.872
'CoExistence(g, f)';'CoExistence';'g';'f';0.878;0.887;0.887
'RespondedExistence(g, f)';'RespondedExistence';'g';'f';0.878;0.982;0.982
'Response(g, f)';'Response';'g';'f';0.702;0.785;0.785
'CoExistence(g, h)';'CoExistence';'g';'h';0.652;0.729;0.729
'RespondedExistence(g, h)';'RespondedExistence';'g';'h';0.652;0.729;0.729
'CoExistence(g, i)';'CoExistence';'g';'i';0.790;0.804;0.804
'RespondedExistence(g, i)';'RespondedExistence';'g';'i';0.790;0.884;0.884
'CoExistence(g, l)';'CoExistence';'g';'l';0.572;0.601;0.601
'RespondedExistence(g, l)';'RespondedExistence';'g';'l';0.572;0.640;0.640
'NotSuccession(g, l)';'NotSuccession';'g';'l';0.486;0.511;0.511
'CoExistence(g, m)';'CoExistence';'g';'m';0.812;0.835;0.835
'RespondedExistence(g, m)';'RespondedExistence';'g';'m';0.812;0.908;0.908
'CoExistence(g, n)';'CoExistence';'g';'n';0.880;0.889;0.889
'RespondedExistence(g, n)';'RespondedExistence';'g';'n';0.880;0.984;0.984
'Response(g, n)';'Response';'g';'n';0.724;0.810;0.810
'CoExistence(g, o)';'CoExistence';'g';'o';0.804;0.815;0.815
'RespondedExistence(g, o)';'RespondedExistence';'g';'o';0.804;0.899;0.899
'CoExistence(g, p)';'CoExistence';'g';'p';0.884;0.889;0.889
'RespondedExistence(g, p)';'RespondedExistence';'g';'p';0.884;0.989;0.989
'Response(g, p)';'Response';'g';'p';0.556;0.622;0.622
'CoExistence(g, q)';'CoExistence';'g';'q';0.804;0.819;0.819
'RespondedExistence(g, q)';'RespondedExistence';'g';'q';0.804;0.899;0.899
'NotSuccession(g, r)';'NotSuccession';'g';'r';0.842;0.929;0.929
'NotCoExistence(g, r)';'NotCoExistence';'g';'r';0.822;0.907;0.907
'CoExistence(g, s)';'CoExistence';'g';'s';0.784;0.800;0.800
'RespondedExistence(g, s)';'RespondedExistence';'g';'s';0.784;0.877;0.877
'CoExistence(g, t)';'CoExistence';'g';'t';0.876;0.885;0.885
'RespondedExistence(g, t)';'RespondedExistence';'g';'t';0.876;0.980;0.980
'Response(g, t)';'Response';'g';'t';0.502;0.562;0.562
'CoExistence(g, u)';'CoExistence';'g';'u';0.796;0.814;0.814
'RespondedExistence(g, u)';'RespondedExistence';'g';'u';0.796;0.890;0.890
'CoExistence(g, v)';'CoExistence';'g';'v';0.792;0.803;0.803
'RespondedExistence(g, v)';'RespondedExistence';'g';'v';0.792;0.886;0.886
'CoExistence(g, w)';'CoExistence';'g';'w';0.816;0.836;0.836
'RespondedExistence(g, w)';'RespondedExistence';'g';'w';0.816;0.913;0.913
'CoExistence(g, z)';'CoExistence';'g';'z';0.796;0.806;0.806
'RespondedExistence(g, z)';'RespondedExistence';'g';'z';0.796;0.890;0.890
'Precedence(p, g)';'Precedence';'g';'p';0.542;0.606;0.606
'Participation(h)';'Participation';'h';;0.652;0.652;0.652
'AlternatePrecedence(a, h)';'AlternatePrecedence';'h';'a';0.338;0.518;0.518
'Precedence(b, h)';'Precedence';'h';'b';0.432;0.663;0.663
'Precedence(c, h)';'Precedence';'h';'c';0.402;0.617;0.617
'Precedence(d, h)';'Precedence';'h';'d';0.408;0.626;0.626
'Precedence(e, h)';'Precedence';'h';'e';0.396;0.607;0.607
'Precedence(f, h)';'Precedence';'h';'f';0.394;0.604;0.604
'Precedence(g, h)';'Precedence';'h';'g';0.652;1.000;1.000
'CoExistence(h, a)';'CoExistence';'h';'a';0.652;0.652;0.652
'NotSuccession(h, a)';'NotSuccession';'h';'a';0.610;0.610;0.610
'CoExistence(h, b)';'CoExistence';'h';'b';0.652;0.652;0.652
'CoExistence(h, c)';'CoExistence';'h';'c';0.580;0.613;0.613
'RespondedExistence(h, c)';'RespondedExistence';'h';'c';0.580;0.890;0.890
'NotSuccession(h, c)';'NotSuccession';'h';'c';0.768;0.812;0.812
'CoExistence(h, d)';'CoExistence';'h';'d';0.652;0.652;0.652
'Response(h, d)';'Response';'h';'d';0.332;0.509;0.509
'NotSuccession(h, d)';'NotSuccession';'h';'d';0.526;0.526;0.526
'CoExistence(h, e)';'CoExistence';'h';'e';0.566;0.600;0.600
'RespondedExistence(h, e)';'RespondedExistence';'h';'e';0.566;0.868;0.868
'NotSuccession(h, e)';'NotSuccession';'h';'e';0.562;0.595;0.595
'CoExistence(h, f)';'CoExistence';'h';'f';0.642;0.652;0.652
'RespondedExistence(h, f)';'RespondedExistence';'h';'f';0.642;0.985;0.985
'Response(h, f)';'Response';'h';'f';0.478;0.733;0.733
'CoExistence(h, g)';'CoExistence';'h';'g';0.652;0.729;0.729
'NotSuccession(h, g)';'NotSuccession';'h';'g';0.500;0.559;0.559
'CoExistence(h, i)';'CoExistence';'h';'i';0.572;0.597;0.597
'RespondedExistence(h, i)';'RespondedExistence';'h';'i';0.572;0.877;0.877
'NotSuccession(h, i)';'NotSuccession';'h';'i';0.582;0.608;0.608
'RespondedExistence(h, l)';'RespondedExistence';'h';'l';0.418;0.641;0.641
'NotSuccession(h, l)';'NotSuccession';'h';'l';0.606;0.701;0.701
'NotCoExistence(h, l)';'NotCoExistence';'h';'l';0.446;0.516;0.516
'CoExistence(h, m)';'CoExistence';'h';'m';0.590;0.620;0.620
'RespondedExistence(h, m)';'RespondedExistence';'h';'m';0.590;0.905;0.905
'NotSuccession(h, m)';'NotSuccession';'h';'m';0.640;0.672;0.672
'CoExistence(h, n)';'CoExistence';'h';'n';0.644;0.654;0.654
'RespondedExistence(h, n)';'RespondedExistence';'h';'n';0.644;0.988;0.988
'Response(h, n)';'Response';'h';'n';0.494;0.758;0.758
'CoExistence(h, o)';'CoExistence';'h';'o';0.588;0.613;0.613
'RespondedExistence(h, o)';'RespondedExistence';'h';'o';0.588;0.902;0.902
'NotSuccession(h, o)';'NotSuccession';'h';'o';0.548;0.571;0.571
'CoExistence(h, p)';'CoExistence';'h';'p';0.646;0.653;0.653
'RespondedExistence(h, p)';'RespondedExistence';'h';'p';0.646;0.991;0.991
'Response(h, p)';'Response';'h';'p';0.394;0.604;0.604
'CoExistence(h, q)';'CoExistence';'h';'q';0.582;0.605;0.605
'RespondedExistence(h, q)';'RespondedExistence';'h';'q';0.582;0.893;0.893
'NotSuccession(h, q)';'NotSuccession';'h';'q';0.578;0.601;0.601
'NotSuccession(h, r)';'NotSuccession';'h';'r';0.654;0.951;0.951
'NotCoExistence(h, r)';'NotCoExistence';'h';'r';0.628;0.913;0.913
'CoExistence(h, s)';'CoExistence';'h';'s';0.574;0.605;0.605
'RespondedExistence(h, s)';'RespondedExistence';'h';'s';0.574;0.880;0.880
'NotSuccession(h, s)';'NotSuccession';'h';'s';0.534;0.563;0.563
'CoExistence(h, t)';'CoExistence';'h';'t';0.638;0.647;0.647
'RespondedExistence(h, t)';'RespondedExistence';'h';'t';0.638;0.979;0.979
'Response(h, t)';'Response';'h';'t';0.326;0.500;0.500
'NotSuccession(h, t)';'NotSuccession';'h';'t';0.526;0.533;0.533
'CoExistence(h, u)';'CoExistence';'h';'u';0.580;0.609;0.609
'RespondedExistence(h, u)';'RespondedExistence';'h';'u';0.580;0.890;0.890
'NotSuccession(h, u)';'NotSuccession';'h';'u';0.550;0.578;0.578
'CoExistence(h, v)';'CoExistence';'h';'v';0.568;0.587;0.587
'RespondedExistence(h, v)';'RespondedExistence';'h';'v';0.568;0.871;0.871
'NotSuccession(h, v)';'NotSuccession';'h';'v';0.582;0.601;0.601
'CoExistence(h, w)';'CoExistence';'h';'w';0.592;0.618;0.618
'RespondedExistence(h, w)';'RespondedExistence';'h';'w';0.592;0.908;0.908
'NotSuccession(h, w)';'NotSuccession';'h';'w';0.554;0.578;0.578
'CoExistence(h, z)';'CoExistence';'h';'z';0.586;0.613;0.613
'RespondedExistence(h, z)';'RespondedExistence';'h';'z';0.586;0.899;0.899
'NotSuccession(h, z)';'NotSuccession';'h';'z';0.554;0.579;0.579
'Precedence(i, h)';'Precedence';'h';'i';0.410;0.629;0.629
'Precedence(m, h)';'Precedence';'h';'m';0.420;0.644;0.644
'Precedence(n, h)';'Precedence';'h';'n';0.418;0.641;0.641
'Precedence(o, h)';'Precedence';'h';'o';0.402;0.617;0.617
'Precedence(p, h)';'Precedence';'h';'p';0.522;0.801;0.801
'AlternatePrecedence(p, h)';'AlternatePrecedence';'h';'p';0.330;0.506;0.506
'Precedence(q, h)';'Precedence';'h';'q';0.406;0.623;0.623
'Precedence(s, h)';'Precedence';'h';'s';0.414;0.635;0.635
'Precedence(t, h)';'Precedence';'h';'t';0.404;0.620;0.620
'Precedence(u, h)';'Precedence';'h';'u';0.412;0.632;0.632
'Precedence(v, h)';'Precedence';'h';'v';0.382;0.586;0.586
'Precedence(w, h)';'Precedence';'h';'w';0.400;0.613;0.613
'Precedence(z, h)';'Precedence';'h';'z';0.432;0.663;0.663
'Participation(i)';'Participation';'i';;0.878;0.878;0.878
'CoExistence(i, a)';'CoExistence';'i';'a';0.878;0.878;0.878
'CoExistence(i, b)';'CoExistence';'i';'b';0.878;0.878;0.878
'Succession(i, b)';'Succession';'i';'b';0.500;0.500;0.500
'CoExistence(i, c)';'CoExistence';'i';'c';0.774;0.791;0.791
'RespondedExistence(i, c)';'RespondedExistence';'i';'c';0.774;0.882;0.882
'NotSuccession(i, c)';'NotSuccession';'i';'c';0.572;0.585;0.585
'CoExistence(i, d)';'CoExistence';'i';'d';0.878;0.878;0.878
'Response(i, d)';'Response';'i';'d';0.468;0.533;0.533
'CoExistence(i, e)';'CoExistence';'i';'e';0.754;0.768;0.768
'RespondedExistence(i, e)';'RespondedExistence';'i';'e';0.754;0.859;0.859
'CoExistence(i, f)';'CoExistence';'i';'f';0.856;0.859;0.859
'RespondedExistence(i, f)';'RespondedExistence';'i';'f';0.856;0.975;0.975
'Response(i, f)';'Response';'i';'f';0.662;0.754;0.754
'CoExistence(i, g)';'CoExistence';'i';'g';0.790;0.804;0.804
'RespondedExistence(i, g)';'RespondedExistence';'i';'g';0.790;0.900;0.900
'CoExistence(i, h)';'CoExistence';'i';'h';0.572;0.597;0.597
'RespondedExistence(i, h)';'RespondedExistence';'i';'h';0.572;0.651;0.651
'CoExistence(i, l)';'CoExistence';'i';'l';0.630;0.718;0.718
'RespondedExistence(i, l)';'RespondedExistence';'i';'l';0.630;0.718;0.718
'CoExistence(i, m)';'CoExistence';'i';'m';0.786;0.800;0.800
'RespondedExistence(i, m)';'RespondedExistence';'i';'m';0.786;0.895;0.895
'CoExistence(i, n)';'CoExistence';'i';'n';0.860;0.865;0.865
'RespondedExistence(i, n)';'RespondedExistence';'i';'n';0.860;0.979;0.979
'Response(i, n)';'Response';'i';'n';0.678;0.772;0.772
'CoExistence(i, o)';'CoExistence';'i';'o';0.788;0.799;0.799
'RespondedExistence(i, o)';'RespondedExistence';'i';'o';0.788;0.897;0.897
'CoExistence(i, p)';'CoExistence';'i';'p';0.870;0.877;0.877
'RespondedExistence(i, p)';'RespondedExistence';'i';'p';0.870;0.991;0.991
'Response(i, p)';'Response';'i';'p';0.512;0.583;0.583
'CoExistence(i, q)';'CoExistence';'i';'q';0.784;0.795;0.795
'RespondedExistence(i, q)';'RespondedExistence';'i';'q';0.784;0.893;0.893
'NotSuccession(i, r)';'NotSuccession';'i';'r';0.828;0.932;0.932
'NotCoExistence(i, r)';'NotCoExistence';'i';'r';0.802;0.903;0.903
'CoExistence(i, s)';'CoExistence';'i';'s';0.768;0.784;0.784
'RespondedExistence(i, s)';'RespondedExistence';'i';'s';0.768;0.875;0.875
'CoExistence(i, t)';'CoExistence';'i';'t';0.858;0.865;0.865
'RespondedExistence(i, t)';'RespondedExistence';'i';'t';0.858;0.977;0.977
'Response(i, t)';'Response';'i';'t';0.470;0.535;0.535
'CoExistence(i, u)';'CoExistence';'i';'u';0.774;0.787;0.787
'RespondedExistence(i, u)';'RespondedExistence';'i';'u';0.774;0.882;0.882
'CoExistence(i, v)';'CoExistence';'i';'v';0.774;0.783;0.783
'RespondedExistence(i, v)';'RespondedExistence';'i';'v';0.774;0.882;0.882
'CoExistence(i, w)';'CoExistence';'i';'w';0.788;0.798;0.798
'RespondedExistence(i, w)';'RespondedExistence';'i';'w';0.788;0.897;0.897
'CoExistence(i, z)';'CoExistence';'i';'z';0.786;0.800;0.800
'RespondedExistence(i, z)';'RespondedExistence';'i';'z';0.786;0.895;0.895
'Precedence(p, i)';'Precedence';'i';'p';0.522;0.595;0.595
'AtMostOne(l)';'AtMostOne';'l';;0.474;0.752;0.752
'Participation(l)';'Participation';'l';;0.630;0.630;0.630
'AlternatePrecedence(a, l)';'AlternatePrecedence';'l';'a';0.550;0.873;0.873
'Precedence(b, l)';'Precedence';'l';'b';0.420;0.667;0.667
'AlternatePrecedence(b, l)';'AlternatePrecedence';'l';'b';0.362;0.575;0.575
'Precedence(c, l)';'Precedence';'l';'c';0.392;0.622;0.622
'AlternatePrecedence(c, l)';'AlternatePrecedence';'l';'c';0.320;0.508;0.508
'Precedence(d, l)';'Precedence';'l';'d';0.396;0.629;0.629
'AlternatePrecedence(d, l)';'AlternatePrecedence';'l';'d';0.348;0.552;0.552
'Precedence(e, l)';'Precedence';'l';'e';0.382;0.606;0.606
'AlternatePrecedence(e, l)';'AlternatePrecedence';'l';'e';0.340;0.540;0.540
'Precedence(f, l)';'Precedence';'l';'f';0.376;0.597;0.597
'AlternatePrecedence(f, l)';'AlternatePrecedence';'l';'f';0.332;0.527;0.527
'Precedence(g, l)';'Precedence';'l';'g';0.422;0.670;0.670
'AlternatePrecedence(g, l)';'AlternatePrecedence';'l';'g';0.374;0.594;0.594
'AlternatePrecedence(i, l)';'AlternatePrecedence';'l';'i';0.630;1.000;1.000
'CoExistence(l, a)';'CoExistence';'l';'a';0.630;0.630;0.630
'Response(l, a)';'Response';'l';'a';0.342;0.543;0.543
'NotSuccession(l, a)';'NotSuccession';'l';'a';0.592;0.592;0.592
'CoExistence(l, b)';'CoExistence';'l';'b';0.630;0.630;0.630
'AlternateResponse(l, b)';'AlternateResponse';'l';'b';0.528;0.838;0.838
'CoExistence(l, c)';'CoExistence';'l';'c';0.560;0.593;0.593
'RespondedExistence(l, c)';'RespondedExistence';'l';'c';0.560;0.889;0.889
'NotSuccession(l, c)';'NotSuccession';'l';'c';0.776;0.822;0.822
'CoExistence(l, d)';'CoExistence';'l';'d';0.630;0.630;0.630
'Response(l, d)';'Response';'l';'d';0.406;0.644;0.644
'AlternateResponse(l, d)';'AlternateResponse';'l';'d';0.358;0.568;0.568
'NotSuccession(l, d)';'NotSuccession';'l';'d';0.534;0.534;0.534
'CoExistence(l, e)';'CoExistence';'l';'e';0.544;0.576;0.576
'RespondedExistence(l, e)';'RespondedExistence';'l';'e';0.544;0.863;0.863
'NotSuccession(l, e)';'NotSuccession';'l';'e';0.596;0.631;0.631
'CoExistence(l, f)';'CoExistence';'l';'f';0.614;0.620;0.620
'RespondedExistence(l, f)';'RespondedExistence';'l';'f';0.614;0.975;0.975
'Response(l, f)';'Response';'l';'f';0.514;0.816;0.816
'AlternateResponse(l, f)';'AlternateResponse';'l';'f';0.436;0.692;0.692
'CoExistence(l, g)';'CoExistence';'l';'g';0.572;0.601;0.601
'RespondedExistence(l, g)';'RespondedExistence';'l';'g';0.572;0.908;0.908
'Response(l, g)';'Response';'l';'g';0.334;0.530;0.530
'NotSuccession(l, g)';'NotSuccession';'l';'g';0.562;0.590;0.590
'RespondedExistence(l, h)';'RespondedExistence';'l';'h';0.418;0.663;0.663
'NotSuccession(l, h)';'NotSuccession';'l';'h';0.542;0.627;0.627
'NotCoExistence(l, h)';'NotCoExistence';'l';'h';0.446;0.516;0.516
'CoExistence(l, i)';'CoExistence';'l';'i';0.630;0.718;0.718
'NotSuccession(l, i)';'NotSuccession';'l';'i';0.482;0.549;0.549
'CoExistence(l, m)';'CoExistence';'l';'m';0.572;0.603;0.603
'RespondedExistence(l, m)';'RespondedExistence';'l';'m';0.572;0.908;0.908
'NotSuccession(l, m)';'NotSuccession';'l';'m';0.636;0.671;0.671
'CoExistence(l, n)';'CoExistence';'l';'n';0.620;0.629;0.629
'RespondedExistence(l, n)';'RespondedExistence';'l';'n';0.620;0.984;0.984
'Response(l, n)';'Response';'l';'n';0.548;0.870;0.870
'AlternateResponse(l, n)';'AlternateResponse';'l';'n';0.480;0.762;0.762
'CoExistence(l, o)';'CoExistence';'l';'o';0.566;0.590;0.590
'RespondedExistence(l, o)';'RespondedExistence';'l';'o';0.566;0.898;0.898
'Response(l, o)';'Response';'l';'o';0.328;0.521;0.521
'NotSuccession(l, o)';'NotSuccession';'l';'o';0.578;0.602;0.602
'CoExistence(l, p)';'CoExistence';'l';'p';0.626;0.634;0.634
'RespondedExistence(l, p)';'RespondedExistence';'l';'p';0.626;0.994;0.994
'Response(l, p)';'Response';'l';'p';0.452;0.717;0.717
'AlternateResponse(l, p)';'AlternateResponse';'l';'p';0.406;0.644;0.644
'CoExistence(l, q)';'CoExistence';'l';'q';0.568;0.595;0.595
'RespondedExistence(l, q)';'RespondedExistence';'l';'q';0.568;0.902;0.902
'NotSuccession(l, q)';'NotSuccession';'l';'q';0.592;0.621;0.621
'NotSuccession(l, r)';'NotSuccession';'l';'r';0.634;0.958;0.958
'NotCoExistence(l, r)';'NotCoExistence';'l';'r';0.598;0.903;0.903
'CoExistence(l, s)';'CoExistence';'l';'s';0.560;0.596;0.596
'RespondedExistence(l, s)';'RespondedExistence';'l';'s';0.560;0.889;0.889
'Response(l, s)';'Response';'l';'s';0.324;0.514;0.514
'NotSuccession(l, s)';'NotSuccession';'l';'s';0.546;0.581;0.581
'CoExistence(l, t)';'CoExistence';'l';'t';0.622;0.635;0.635
'RespondedExistence(l, t)';'RespondedExistence';'l';'t';0.622;0.987;0.987
'Response(l, t)';'Response';'l';'t';0.398;0.632;0.632
'AlternateResponse(l, t)';'AlternateResponse';'l';'t';0.334;0.530;0.530
'NotSuccession(l, t)';'NotSuccession';'l';'t';0.536;0.547;0.547
'CoExistence(l, u)';'CoExistence';'l';'u';0.556;0.583;0.583
'RespondedExistence(l, u)';'RespondedExistence';'l';'u';0.556;0.883;0.883
'Response(l, u)';'Response';'l';'u';0.342;0.543;0.543
'NotSuccession(l, u)';'NotSuccession';'l';'u';0.558;0.585;0.585
'CoExistence(l, v)';'CoExistence';'l';'v';0.558;0.584;0.584
'RespondedExistence(l, v)';'RespondedExistence';'l';'v';0.558;0.886;0.886
'Response(l, v)';'Response';'l';'v';0.326;0.517;0.517
'NotSuccession(l, v)';'NotSuccession';'l';'v';0.578;0.605;0.605
'CoExistence(l, w)';'CoExistence';'l';'w';0.574;0.602;0.602
'RespondedExistence(l, w)';'RespondedExistence';'l';'w';0.574;0.911;0.911
'Response(l, w)';'Response';'l';'w';0.342;0.543;0.543
'NotSuccession(l, w)';'NotSuccession';'l';'w';0.568;0.595;0.595
'CoExistence(l, z)';'CoExistence';'l';'z';0.562;0.587;0.587
'RespondedExistence(l, z)';'RespondedExistence';'l';'z';0.562;0.892;0.892
'NotSuccession(l, z)';'NotSuccession';'l';'z';0.584;0.610;0.610
'Precedence(m, l)';'Precedence';'l';'m';0.406;0.644;0.644
'AlternatePrecedence(m, l)';'AlternatePrecedence';'l';'m';0.342;0.543;0.543
'Precedence(n, l)';'Precedence';'l';'n';0.408;0.648;0.648
'AlternatePrecedence(n, l)';'AlternatePrecedence';'l';'n';0.366;0.581;0.581
'Precedence(o, l)';'Precedence';'l';'o';0.408;0.648;0.648
'AlternatePrecedence(o, l)';'AlternatePrecedence';'l';'o';0.370;0.587;0.587
'Precedence(p, l)';'Precedence';'l';'p';0.518;0.822;0.822
'AlternatePrecedence(p, l)';'AlternatePrecedence';'l';'p';0.472;0.749;0.749
'Precedence(q, l)';'Precedence';'l';'q';0.416;0.660;0.660
'AlternatePrecedence(q, l)';'AlternatePrecedence';'l';'q';0.356;0.565;0.565
'Precedence(s, l)';'Precedence';'l';'s';0.394;0.625;0.625
'AlternatePrecedence(s, l)';'AlternatePrecedence';'l';'s';0.354;0.562;0.562
'Precedence(t, l)';'Precedence';'l';'t';0.396;0.629;0.629
'AlternatePrecedence(t, l)';'AlternatePrecedence';'l';'t';0.370;0.587;0.587
'Precedence(u, l)';'Precedence';'l';'u';0.408;0.648;0.648
'AlternatePrecedence(u, l)';'AlternatePrecedence';'l';'u';0.358;0.568;0.568
'Precedence(v, l)';'Precedence';'l';'v';0.396;0.629;0.629
'AlternatePrecedence(v, l)';'AlternatePrecedence';'l';'v';0.354;0.562;0.562
'Precedence(w, l)';'Precedence';'l';'w';0.400;0.635;0.635
'AlternatePrecedence(w, l)';'AlternatePrecedence';'l';'w';0.364;0.578;0.578
'Precedence(z, l)';'Precedence';'l';'z';0.434;0.689;0.689
'AlternatePrecedence(z, l)';'AlternatePrecedence';'l';'z';0.392;0.622;0.622
'AtMostOne(m)';'AtMostOne';'m';;0.526;0.591;0.591
'Participation(m)';'Participation';'m';;0.890;0.890;0.890
'AlternatePrecedence(a, m)';'AlternatePrecedence';'m';'a';0.728;0.818;0.818
'CoExistence(m, a)';'CoExistence';'m';'a';0.890;0.890;0.890
'Response(m, a)';'Response';'m';'a';0.522;0.587;0.587
'AlternateResponse(m, a)';'AlternateResponse';'m';'a';0.454;0.510;0.510
'CoExistence(m, b)';'CoExistence';'m';'b';0.890;0.890;0.890
'Succession(m, b)';'Succession';'m';'b';0.500;0.500;0.500
'AlternateResponse(m, b)';'AlternateResponse';'m';'b';0.736;0.827;0.827
'CoExistence(m, c)';'CoExistence';'m';'c';0.788;0.807;0.807
'RespondedExistence(m, c)';'RespondedExistence';'m';'c';0.788;0.885;0.885
'NotSuccession(m, c)';'NotSuccession';'m';'c';0.572;0.586;0.586
'CoExistence(m, d)';'CoExistence';'m';'d';0.890;0.890;0.890
'Response(m, d)';'Response';'m';'d';0.626;0.703;0.703
'AlternateResponse(m, d)';'AlternateResponse';'m';'d';0.512;0.575;0.575
'CoExistence(m, e)';'CoExistence';'m';'e';0.782;0.810;0.810
'RespondedExistence(m, e)';'RespondedExistence';'m';'e';0.782;0.879;0.879
'Response(m, e)';'Response';'m';'e';0.502;0.564;0.564
'CoExistence(m, f)';'CoExistence';'m';'f';0.870;0.875;0.875
'RespondedExistence(m, f)';'RespondedExistence';'m';'f';0.870;0.978;0.978
'Response(m, f)';'Response';'m';'f';0.780;0.876;0.876
'AlternateResponse(m, f)';'AlternateResponse';'m';'f';0.644;0.724;0.724
'CoExistence(m, g)';'CoExistence';'m';'g';0.812;0.835;0.835
'RespondedExistence(m, g)';'RespondedExistence';'m';'g';0.812;0.912;0.912
'Response(m, g)';'Response';'m';'g';0.504;0.566;0.566
'CoExistence(m, h)';'CoExistence';'m';'h';0.590;0.620;0.620
'RespondedExistence(m, h)';'RespondedExistence';'m';'h';0.590;0.663;0.663
'CoExistence(m, i)';'CoExistence';'m';'i';0.786;0.800;0.800
'RespondedExistence(m, i)';'RespondedExistence';'m';'i';0.786;0.883;0.883
'Response(m, i)';'Response';'m';'i';0.526;0.591;0.591
'AlternateResponse(m, i)';'AlternateResponse';'m';'i';0.454;0.510;0.510
'CoExistence(m, l)';'CoExistence';'m';'l';0.572;0.603;0.603
'RespondedExistence(m, l)';'RespondedExistence';'m';'l';0.572;0.643;0.643
'NotSuccession(m, l)';'NotSuccession';'m';'l';0.496;0.523;0.523
'CoExistence(m, n)';'CoExistence';'m';'n';0.890;0.912;0.912
'Succession(m, n)';'Succession';'m';'n';0.500;0.512;0.512
'AlternateResponse(m, n)';'AlternateResponse';'m';'n';0.890;1.000;1.000
'CoExistence(m, o)';'CoExistence';'m';'o';0.804;0.819;0.819
'RespondedExistence(m, o)';'RespondedExistence';'m';'o';0.804;0.903;0.903
'Response(m, o)';'Response';'m';'o';0.550;0.618;0.618
'AlternateResponse(m, o)';'AlternateResponse';'m';'o';0.448;0.503;0.503
'CoExistence(m, p)';'CoExistence';'m';'p';0.876;0.878;0.878
'RespondedExistence(m, p)';'RespondedExistence';'m';'p';0.876;0.984;0.984
'Response(m, p)';'Response';'m';'p';0.682;0.766;0.766
'AlternateResponse(m, p)';'AlternateResponse';'m';'p';0.626;0.703;0.703
'CoExistence(m, q)';'CoExistence';'m';'q';0.798;0.811;0.811
'RespondedExistence(m, q)';'RespondedExistence';'m';'q';0.798;0.897;0.897
'Response(m, q)';'Response';'m';'q';0.506;0.569;0.569
'NotSuccession(m, r)';'NotSuccession';'m';'r';0.840;0.929;0.929
'NotCoExistence(m, r)';'NotCoExistence';'m';'r';0.822;0.909;0.909
'CoExistence(m, s)';'CoExistence';'m';'s';0.792;0.818;0.818
'RespondedExistence(m, s)';'RespondedExistence';'m';'s';0.792;0.890;0.890
'Response(m, s)';'Response';'m';'s';0.506;0.569;0.569
'CoExistence(m, t)';'CoExistence';'m';'t';0.878;0.892;0.892
'RespondedExistence(m, t)';'RespondedExistence';'m';'t';0.878;0.987;0.987
'Response(m, t)';'Response';'m';'t';0.622;0.699;0.699
'AlternateResponse(m, t)';'AlternateResponse';'m';'t';0.506;0.569;0.569
'CoExistence(m, u)';'CoExistence';'m';'u';0.798;0.821;0.821
'RespondedExistence(m, u)';'RespondedExistence';'m';'u';0.798;0.897;0.897
'Response(m, u)';'Response';'m';'u';0.530;0.596;0.596
'AlternateResponse(m, u)';'AlternateResponse';'m';'u';0.448;0.503;0.503
'CoExistence(m, v)';'CoExistence';'m';'v';0.802;0.825;0.825
'RespondedExistence(m, v)';'RespondedExistence';'m';'v';0.802;0.901;0.901
'Response(m, v)';'Response';'m';'v';0.506;0.569;0.569
'CoExistence(m, w)';'CoExistence';'m';'w';0.816;0.840;0.840
'RespondedExistence(m, w)';'RespondedExistence';'m';'w';0.816;0.917;0.917
'Response(m, w)';'Response';'m';'w';0.534;0.600;0.600
'AlternateResponse(m, w)';'AlternateResponse';'m';'w';0.452;0.508;0.508
'CoExistence(m, z)';'CoExistence';'m';'z';0.802;0.820;0.820
'RespondedExistence(m, z)';'RespondedExistence';'m';'z';0.802;0.901;0.901
'Response(m, z)';'Response';'m';'z';0.520;0.584;0.584
'Precedence(p, m)';'Precedence';'m';'p';0.542;0.609;0.609
'AlternatePrecedence(p, m)';'AlternatePrecedence';'m';'p';0.500;0.562;0.562
'Participation(n)';'Participation';'n';;0.976;0.976;0.976
'Precedence(b, n)';'Precedence';'n';'b';0.512;0.525;0.525
'Precedence(e, n)';'Precedence';'n';'e';0.488;0.500;0.500
'Precedence(g, n)';'Precedence';'n';'g';0.500;0.512;0.512
'Precedence(m, n)';'Precedence';'n';'m';0.500;0.512;0.512
'CoExistence(n, a)';'CoExistence';'n';'a';0.976;0.976;0.976
'CoExistence(n, b)';'CoExistence';'n';'b';0.976;0.976;0.976
'CoExistence(n, c)';'CoExistence';'n';'c';0.858;0.865;0.865
'RespondedExistence(n, c)';'RespondedExistence';'n';'c';0.858;0.879;0.879
'NotSuccession(n, c)';'NotSuccession';'n';'c';0.592;0.597;0.597
'CoExistence(n, d)';'CoExistence';'n';'d';0.976;0.976;0.976
'CoExistence(n, e)';'CoExistence';'n';'e';0.844;0.853;0.853
'RespondedExistence(n, e)';'RespondedExistence';'n';'e';0.844;0.865;0.865
'CoExistence(n, f)';'CoExistence';'n';'f';0.950;0.950;0.950
'RespondedExistence(n, f)';'RespondedExistence';'n';'f';0.950;0.973;0.973
'CoExistence(n, g)';'CoExistence';'n';'g';0.880;0.889;0.889
'RespondedExistence(n, g)';'RespondedExistence';'n';'g';0.880;0.902;0.902
'CoExistence(n, h)';'CoExistence';'n';'h';0.644;0.654;0.654
'RespondedExistence(n, h)';'RespondedExistence';'n';'h';0.644;0.660;0.660
'CoExistence(n, i)';'CoExistence';'n';'i';0.860;0.865;0.865
'RespondedExistence(n, i)';'RespondedExistence';'n';'i';0.860;0.881;0.881
'CoExistence(n, l)';'CoExistence';'n';'l';0.620;0.629;0.629
'RespondedExistence(n, l)';'RespondedExistence';'n';'l';0.620;0.635;0.635
'NotSuccession(n, l)';'NotSuccession';'n';'l';0.522;0.529;0.529
'CoExistence(n, m)';'CoExistence';'n';'m';0.890;0.912;0.912
'RespondedExistence(n, m)';'RespondedExistence';'n';'m';0.890;0.912;0.912
'CoExistence(n, o)';'CoExistence';'n';'o';0.880;0.887;0.887
'RespondedExistence(n, o)';'RespondedExistence';'n';'o';0.880;0.902;0.902
'CoExistence(n, p)';'CoExistence';'n';'p';0.960;0.960;0.960
'RespondedExistence(n, p)';'RespondedExistence';'n';'p';0.960;0.984;0.984
'CoExistence(n, q)';'CoExistence';'n';'q';0.876;0.883;0.883
'RespondedExistence(n, q)';'RespondedExistence';'n';'q';0.876;0.898;0.898
'NotSuccession(n, r)';'NotSuccession';'n';'r';0.920;0.941;0.941
'NotCoExistence(n, r)';'NotCoExistence';'n';'r';0.884;0.904;0.904
'CoExistence(n, s)';'CoExistence';'n';'s';0.860;0.872;0.872
'RespondedExistence(n, s)';'RespondedExistence';'n';'s';0.860;0.881;0.881
'CoExistence(n, t)';'CoExistence';'n';'t';0.956;0.964;0.964
'RespondedExistence(n, t)';'RespondedExistence';'n';'t';0.956;0.980;0.980
'CoExistence(n, u)';'CoExistence';'n';'u';0.872;0.886;0.886
'RespondedExistence(n, u)';'RespondedExistence';'n';'u';0.872;0.893;0.893
'CoExistence(n, v)';'CoExistence';'n';'v';0.864;0.867;0.867
'RespondedExistence(n, v)';'RespondedExistence';'n';'v';0.864;0.885;0.885
'CoExistence(n, w)';'CoExistence';'n';'w';0.880;0.885;0.885
'RespondedExistence(n, w)';'RespondedExistence';'n';'w';0.880;0.902;0.902
'CoExistence(n, z)';'CoExistence';'n';'z';0.878;0.889;0.889
'RespondedExistence(n, z)';'RespondedExistence';'n';'z';0.878;0.900;0.900
'Precedence(p, n)';'Precedence';'n';'p';0.632;0.648;0.648
'Precedence(q, n)';'Precedence';'n';'q';0.492;0.504;0.504
'Precedence(z, n)';'Precedence';'n';'z';0.506;0.518;0.518
'Participation(o)';'Participation';'o';;0.896;0.896;0.896
'CoExistence(o, a)';'CoExistence';'o';'a';0.896;0.896;0.896
'CoExistence(o, b)';'CoExistence';'o';'b';0.896;0.896;0.896
'CoExistence(o, c)';'CoExistence';'o';'c';0.788;0.802;0.802
'RespondedExistence(o, c)';'RespondedExistence';'o';'c';0.788;0.879;0.879
'NotSuccession(o, c)';'NotSuccession';'o';'c';0.610;0.621;0.621
'CoExistence(o, d)';'CoExistence';'o';'d';0.896;0.896;0.896
'Response(o, d)';'Response';'o';'d';0.486;0.542;0.542
'CoExistence(o, e)';'CoExistence';'o';'e';0.778;0.797;0.797
'RespondedExistence(o, e)';'RespondedExistence';'o';'e';0.778;0.868;0.868
'CoExistence(o, f)';'CoExistence';'o';'f';0.880;0.889;0.889
'RespondedExistence(o, f)';'RespondedExistence';'o';'f';0.880;0.982;0.982
'Response(o, f)';'Response';'o';'f';0.714;0.797;0.797
'CoExistence(o, g)';'CoExistence';'o';'g';0.804;0.815;0.815
'RespondedExistence(o, g)';'RespondedExistence';'o';'g';0.804;0.897;0.897
'CoExistence(o, h)';'CoExistence';'o';'h';0.588;0.613;0.613
'RespondedExistence(o, h)';'RespondedExistence';'o';'h';0.588;0.656;0.656
'CoExistence(o, i)';'CoExistence';'o';'i';0.788;0.799;0.799
'RespondedExistence(o, i)';'RespondedExistence';'o';'i';0.788;0.879;0.879
'CoExistence(o, l)';'CoExistence';'o';'l';0.566;0.590;0.590
'RespondedExistence(o, l)';'RespondedExistence';'o';'l';0.566;0.632;0.632
'NotSuccession(o, l)';'NotSuccession';'o';'l';0.506;0.527;0.527
'CoExistence(o, m)';'CoExistence';'o';'m';0.804;0.819;0.819
'RespondedExistence(o, m)';'RespondedExistence';'o';'m';0.804;0.897;0.897
'CoExistence(o, n)';'CoExistence';'o';'n';0.880;0.887;0.887
'RespondedExistence(o, n)';'RespondedExistence';'o';'n';0.880;0.982;0.982
'Response(o, n)';'Response';'o';'n';0.722;0.806;0.806
'CoExistence(o, p)';'CoExistence';'o';'p';0.896;0.911;0.911
'Succession(o, p)';'Succession';'o';'p';0.508;0.516;0.516
'ChainResponse(o, p)';'ChainResponse';'o';'p';0.896;1.000;1.000
'CoExistence(o, q)';'CoExistence';'o';'q';0.810;0.828;0.828
'RespondedExistence(o, q)';'RespondedExistence';'o';'q';0.810;0.904;0.904
'NotSuccession(o, r)';'NotSuccession';'o';'r';0.842;0.933;0.933
'NotCoExistence(o, r)';'NotCoExistence';'o';'r';0.812;0.900;0.900
'CoExistence(o, s)';'CoExistence';'o';'s';0.786;0.802;0.802
'RespondedExistence(o, s)';'RespondedExistence';'o';'s';0.786;0.877;0.877
'CoExistence(o, t)';'CoExistence';'o';'t';0.876;0.883;0.883
'RespondedExistence(o, t)';'RespondedExistence';'o';'t';0.876;0.978;0.978
'Response(o, t)';'Response';'o';'t';0.504;0.563;0.563
'CoExistence(o, u)';'CoExistence';'o';'u';0.796;0.812;0.812
'RespondedExistence(o, u)';'RespondedExistence';'o';'u';0.796;0.888;0.888
'CoExistence(o, v)';'CoExistence';'o';'v';0.796;0.809;0.809
'RespondedExistence(o, v)';'RespondedExistence';'o';'v';0.796;0.888;0.888
'CoExistence(o, w)';'CoExistence';'o';'w';0.804;0.812;0.812
'RespondedExistence(o, w)';'RespondedExistence';'o';'w';0.804;0.897;0.897
'CoExistence(o, z)';'CoExistence';'o';'z';0.816;0.841;0.841
'RespondedExistence(o, z)';'RespondedExistence';'o';'z';0.816;0.911;0.911
'Precedence(z, o)';'Precedence';'o';'z';0.456;0.509;0.509
'Participation(p)';'Participation';'p';;0.984;0.984;0.984
'Precedence(o, p)';'Precedence';'p';'o';0.508;0.516;0.516
'CoExistence(p, a)';'CoExistence';'p';'a';0.984;0.984;0.984
'CoExistence(p, b)';'CoExistence';'p';'b';0.984;0.984;0.984
'Succession(p, b)';'Succession';'p';'b';0.640;0.640;0.640
'CoExistence(p, c)';'CoExistence';'p';'c';0.864;0.869;0.869
'RespondedExistence(p, c)';'RespondedExistence';'p';'c';0.864;0.878;0.878
'CoExistence(p, d)';'CoExistence';'p';'d';0.984;0.984;0.984
'CoExistence(p, e)';'CoExistence';'p';'e';0.852;0.861;0.861
'RespondedExistence(p, e)';'RespondedExistence';'p';'e';0.852;0.866;0.866
'CoExistence(p, f)';'CoExistence';'p';'f';0.964;0.970;0.970
'RespondedExistence(p, f)';'RespondedExistence';'p';'f';0.964;0.980;0.980
'Response(p, f)';'Response';'p';'f';0.730;0.742;0.742
'CoExistence(p, g)';'CoExistence';'p';'g';0.884;0.889;0.889
'RespondedExistence(p, g)';'RespondedExistence';'p';'g';0.884;0.898;0.898
'CoExistence(p, h)';'CoExistence';'p';'h';0.646;0.653;0.653
'RespondedExistence(p, h)';'RespondedExistence';'p';'h';0.646;0.657;0.657
'CoExistence(p, i)';'CoExistence';'p';'i';0.870;0.877;0.877
'RespondedExistence(p, i)';'RespondedExistence';'p';'i';0.870;0.884;0.884
'CoExistence(p, l)';'CoExistence';'p';'l';0.626;0.634;0.634
'RespondedExistence(p, l)';'RespondedExistence';'p';'l';0.626;0.636;0.636
'CoExistence(p, m)';'CoExistence';'p';'m';0.876;0.878;0.878
'RespondedExistence(p, m)';'RespondedExistence';'p';'m';0.876;0.890;0.890
'CoExistence(p, n)';'CoExistence';'p';'n';0.960;0.960;0.960
'RespondedExistence(p, n)';'RespondedExistence';'p';'n';0.960;0.976;0.976
'Response(p, n)';'Response';'p';'n';0.708;0.720;0.720
'CoExistence(p, o)';'CoExistence';'p';'o';0.896;0.911;0.911
'RespondedExistence(p, o)';'RespondedExistence';'p';'o';0.896;0.911;0.911
'CoExistence(p, q)';'CoExistence';'p';'q';0.880;0.884;0.884
'RespondedExistence(p, q)';'RespondedExistence';'p';'q';0.880;0.894;0.894
'NotSuccession(p, r)';'NotSuccession';'p';'r';0.908;0.923;0.923
'NotCoExistence(p, r)';'NotCoExistence';'p';'r';0.888;0.902;0.902
'CoExistence(p, s)';'CoExistence';'p';'s';0.860;0.865;0.865
'RespondedExistence(p, s)';'RespondedExistence';'p';'s';0.860;0.874;0.874
'CoExistence(p, t)';'CoExistence';'p';'t';0.960;0.964;0.964
'RespondedExistence(p, t)';'RespondedExistence';'p';'t';0.960;0.976;0.976
'CoExistence(p, u)';'CoExistence';'p';'u';0.872;0.879;0.879
'RespondedExistence(p, u)';'RespondedExistence';'p';'u';0.872;0.886;0.886
'CoExistence(p, v)';'CoExistence';'p';'v';0.874;0.879;0.879
'RespondedExistence(p, v)';'RespondedExistence';'p';'v';0.874;0.888;0.888
'CoExistence(p, w)';'CoExistence';'p';'w';0.884;0.886;0.886
'RespondedExistence(p, w)';'RespondedExistence';'p';'w';0.884;0.898;0.898
'CoExistence(p, z)';'CoExistence';'p';'z';0.884;0.893;0.893
'RespondedExistence(p, z)';'RespondedExistence';'p';'z';0.884;0.898;0.898
'Participation(q)';'Participation';'q';;0.892;0.892;0.892
'Precedence(m, q)';'Precedence';'q';'m';0.446;0.500;0.500
'Precedence(p, q)';'Precedence';'q';'p';0.570;0.639;0.639
'CoExistence(q, a)';'CoExistence';'q';'a';0.892;0.892;0.892
'CoExistence(q, b)';'CoExistence';'q';'b';0.892;0.892;0.892
'CoExistence(q, c)';'CoExistence';'q';'c';0.786;0.802;0.802
'RespondedExistence(q, c)';'RespondedExistence';'q';'c';0.786;0.881;0.881
'NotSuccession(q, c)';'NotSuccession';'q';'c';0.578;0.590;0.590
'CoExistence(q, d)';'CoExistence';'q';'d';0.892;0.892;0.892
'Response(q, d)';'Response';'q';'d';0.500;0.561;0.561
'CoExistence(q, e)';'CoExistence';'q';'e';0.778;0.800;0.800
'RespondedExistence(q, e)';'RespondedExistence';'q';'e';0.778;0.872;0.872
'CoExistence(q, f)';'CoExistence';'q';'f';0.878;0.889;0.889
'RespondedExistence(q, f)';'RespondedExistence';'q';'f';0.878;0.984;0.984
'Response(q, f)';'Response';'q';'f';0.702;0.787;0.787
'CoExistence(q, g)';'CoExistence';'q';'g';0.804;0.819;0.819
'RespondedExistence(q, g)';'RespondedExistence';'q';'g';0.804;0.901;0.901
'CoExistence(q, h)';'CoExistence';'q';'h';0.582;0.605;0.605
'RespondedExistence(q, h)';'RespondedExistence';'q';'h';0.582;0.652;0.652
'CoExistence(q, i)';'CoExistence';'q';'i';0.784;0.795;0.795
'RespondedExistence(q, i)';'RespondedExistence';'q';'i';0.784;0.879;0.879
'CoExistence(q, l)';'CoExistence';'q';'l';0.568;0.595;0.595
'RespondedExistence(q, l)';'RespondedExistence';'q';'l';0.568;0.637;0.637
'NotSuccession(q, l)';'NotSuccession';'q';'l';0.490;0.514;0.514
'CoExistence(q, m)';'CoExistence';'q';'m';0.798;0.811;0.811
'RespondedExistence(q, m)';'RespondedExistence';'q';'m';0.798;0.895;0.895
'CoExistence(q, n)';'CoExistence';'q';'n';0.876;0.883;0.883
'RespondedExistence(q, n)';'RespondedExistence';'q';'n';0.876;0.982;0.982
'Response(q, n)';'Response';'q';'n';0.716;0.803;0.803
'CoExistence(q, o)';'CoExistence';'q';'o';0.810;0.828;0.828
'RespondedExistence(q, o)';'RespondedExistence';'q';'o';0.810;0.908;0.908
'CoExistence(q, p)';'CoExistence';'q';'p';0.880;0.884;0.884
'RespondedExistence(q, p)';'RespondedExistence';'q';'p';0.880;0.987;0.987
'Response(q, p)';'Response';'q';'p';0.578;0.648;0.648
'NotSuccession(q, r)';'NotSuccession';'q';'r';0.796;0.892;0.892
'NotCoExistence(q, r)';'NotCoExistence';'q';'r';0.796;0.892;0.892
'CoExistence(q, s)';'CoExistence';'q';'s';0.788;0.809;0.809
'RespondedExistence(q, s)';'RespondedExistence';'q';'s';0.788;0.883;0.883
'CoExistence(q, t)';'CoExistence';'q';'t';0.872;0.879;0.879
'RespondedExistence(q, t)';'RespondedExistence';'q';'t';0.872;0.978;0.978
'Response(q, t)';'Response';'q';'t';0.494;0.554;0.554
'CoExistence(q, u)';'CoExistence';'q';'u';0.790;0.804;0.804
'RespondedExistence(q, u)';'RespondedExistence';'q';'u';0.790;0.886;0.886
'CoExistence(q, v)';'CoExistence';'q';'v';0.794;0.809;0.809
'RespondedExistence(q, v)';'RespondedExistence';'q';'v';0.794;0.890;0.890
'CoExistence(q, w)';'CoExistence';'q';'w';0.808;0.823;0.823
'RespondedExistence(q, w)';'RespondedExistence';'q';'w';0.808;0.906;0.906
'Response(q, w)';'Response';'q';'w';0.452;0.507;0.507
'CoExistence(q, z)';'CoExistence';'q';'z';0.802;0.818;0.818
'RespondedExistence(q, z)';'RespondedExistence';'q';'z';0.802;0.899;0.899
'AtMostOne(r)';'AtMostOne';'r';;0.090;0.938;0.938
'AlternatePrecedence(a, r)';'AlternatePrecedence';'r';'a';0.094;0.979;0.979
'Precedence(b, r)';'Precedence';'r';'b';0.060;0.625;0.625
'AlternatePrecedence(b, r)';'AlternatePrecedence';'r';'b';0.056;0.583;0.583
'Precedence(c, r)';'Precedence';'r';'c';0.064;0.667;0.667
'AlternatePrecedence(c, r)';'AlternatePrecedence';'r';'c';0.058;0.604;0.604
'Precedence(d, r)';'Precedence';'r';'d';0.056;0.583;0.583
'AlternatePrecedence(d, r)';'AlternatePrecedence';'r';'d';0.056;0.583;0.583
'Precedence(e, r)';'Precedence';'r';'e';0.062;0.646;0.646
'AlternatePrecedence(e, r)';'AlternatePrecedence';'r';'e';0.058;0.604;0.604
'Precedence(f, r)';'Precedence';'r';'f';0.068;0.708;0.708
'AlternatePrecedence(f, r)';'AlternatePrecedence';'r';'f';0.064;0.667;0.667
'Precedence(g, r)';'Precedence';'r';'g';0.064;0.667;0.667
'AlternatePrecedence(g, r)';'AlternatePrecedence';'r';'g';0.064;0.667;0.667
'Precedence(i, r)';'Precedence';'r';'i';0.060;0.625;0.625
'AlternatePrecedence(i, r)';'AlternatePrecedence';'r';'i';0.054;0.563;0.563
'Precedence(m, r)';'Precedence';'r';'m';0.064;0.667;0.667
'AlternatePrecedence(m, r)';'AlternatePrecedence';'r';'m';0.060;0.625;0.625
'Precedence(n, r)';'Precedence';'r';'n';0.058;0.604;0.604
'AlternatePrecedence(n, r)';'AlternatePrecedence';'r';'n';0.056;0.583;0.583
'Precedence(o, r)';'Precedence';'r';'o';0.060;0.625;0.625
'AlternatePrecedence(o, r)';'AlternatePrecedence';'r';'o';0.056;0.583;0.583
'Precedence(p, r)';'Precedence';'r';'p';0.076;0.792;0.792
'AlternatePrecedence(p, r)';'AlternatePrecedence';'r';'p';0.072;0.750;0.750
'ChainPrecedence(q, r)';'ChainPrecedence';'r';'q';0.096;1.000;1.000
'Response(r, a)';'Response';'r';'a';0.058;0.604;0.604
'AlternateResponse(r, a)';'AlternateResponse';'r';'a';0.056;0.583;0.583
'NotSuccession(r, a)';'NotSuccession';'r';'a';0.938;0.938;0.938
'NotCoExistence(r, a)';'NotCoExistence';'r';'a';0.904;0.904;0.904
'AlternateResponse(r, b)';'AlternateResponse';'r';'b';0.092;0.958;0.958
'NotSuccession(r, b)';'NotSuccession';'r';'b';0.904;0.904;0.904
'NotCoExistence(r, b)';'NotCoExistence';'r';'b';0.904;0.904;0.904
'RespondedExistence(r, c)';'RespondedExistence';'r';'c';0.090;0.938;0.938
'NotSuccession(r, c)';'NotSuccession';'r';'c';0.854;0.970;0.970
'NotCoExistence(r, c)';'NotCoExistence';'r';'c';0.790;0.898;0.898
'Response(r, d)';'Response';'r';'d';0.074;0.771;0.771
'AlternateResponse(r, d)';'AlternateResponse';'r';'d';0.072;0.750;0.750
'NotSuccession(r, d)';'NotSuccession';'r';'d';0.924;0.924;0.924
'NotCoExistence(r, d)';'NotCoExistence';'r';'d';0.904;0.904;0.904
'RespondedExistence(r, e)';'RespondedExistence';'r';'e';0.080;0.833;0.833
'Response(r, e)';'Response';'r';'e';0.050;0.521;0.521
'NotSuccession(r, e)';'NotSuccession';'r';'e';0.824;0.943;0.943
'NotCoExistence(r, e)';'NotCoExistence';'r';'e';0.794;0.908;0.908
'RespondedExistence(r, f)';'RespondedExistence';'r';'f';0.092;0.958;0.958
'Response(r, f)';'Response';'r';'f';0.080;0.833;0.833
'AlternateResponse(r, f)';'AlternateResponse';'r';'f';0.078;0.813;0.813
'NotSuccession(r, f)';'NotSuccession';'r';'f';0.898;0.918;0.918
'NotCoExistence(r, f)';'NotCoExistence';'r';'f';0.886;0.906;0.906
'RespondedExistence(r, g)';'RespondedExistence';'r';'g';0.084;0.875;0.875
'NotSuccession(r, g)';'NotSuccession';'r';'g';0.862;0.951;0.951
'NotCoExistence(r, g)';'NotCoExistence';'r';'g';0.822;0.907;0.907
'RespondedExistence(r, h)';'RespondedExistence';'r';'h';0.060;0.625;0.625
'NotSuccession(r, h)';'NotSuccession';'r';'h';0.640;0.930;0.930
'NotCoExistence(r, h)';'NotCoExistence';'r';'h';0.628;0.913;0.913
'RespondedExistence(r, i)';'RespondedExistence';'r';'i';0.086;0.896;0.896
'Response(r, i)';'Response';'r';'i';0.062;0.646;0.646
'AlternateResponse(r, i)';'AlternateResponse';'r';'i';0.058;0.604;0.604
'NotSuccession(r, i)';'NotSuccession';'r';'i';0.826;0.930;0.930
'NotCoExistence(r, i)';'NotCoExistence';'r';'i';0.802;0.903;0.903
'RespondedExistence(r, l)';'RespondedExistence';'r';'l';0.064;0.667;0.667
'NotSuccession(r, l)';'NotSuccession';'r';'l';0.618;0.934;0.934
'NotCoExistence(r, l)';'NotCoExistence';'r';'l';0.598;0.903;0.903
'RespondedExistence(r, m)';'RespondedExistence';'r';'m';0.082;0.854;0.854
'NotSuccession(r, m)';'NotSuccession';'r';'m';0.872;0.965;0.965
'NotCoExistence(r, m)';'NotCoExistence';'r';'m';0.822;0.909;0.909
'RespondedExistence(r, n)';'RespondedExistence';'r';'n';0.094;0.979;0.979
'Response(r, n)';'Response';'r';'n';0.084;0.875;0.875
'AlternateResponse(r, n)';'AlternateResponse';'r';'n';0.078;0.813;0.813
'NotSuccession(r, n)';'NotSuccession';'r';'n';0.894;0.914;0.914
'NotCoExistence(r, n)';'NotCoExistence';'r';'n';0.884;0.904;0.904
'RespondedExistence(r, o)';'RespondedExistence';'r';'o';0.090;0.938;0.938
'Response(r, o)';'Response';'r';'o';0.052;0.542;0.542
'AlternateResponse(r, o)';'AlternateResponse';'r';'o';0.052;0.542;0.542
'NotSuccession(r, o)';'NotSuccession';'r';'o';0.848;0.940;0.940
'NotCoExistence(r, o)';'NotCoExistence';'r';'o';0.812;0.900;0.900
'RespondedExistence(r, p)';'RespondedExistence';'r';'p';0.096;1.000;1.000
'Response(r, p)';'Response';'r';'p';0.072;0.750;0.750
'AlternateResponse(r, p)';'AlternateResponse';'r';'p';0.072;0.750;0.750
'NotSuccession(r, p)';'NotSuccession';'r';'p';0.910;0.925;0.925
'NotCoExistence(r, p)';'NotCoExistence';'r';'p';0.888;0.902;0.902
'NotSuccession(r, q)';'NotSuccession';'r';'q';0.842;0.944;0.944
'NotCoExistence(r, q)';'NotCoExistence';'r';'q';0.796;0.892;0.892
'RespondedExistence(r, s)';'RespondedExistence';'r';'s';0.084;0.875;0.875
'Response(r, s)';'Response';'r';'s';0.060;0.625;0.625
'AlternateResponse(r, s)';'AlternateResponse';'r';'s';0.058;0.604;0.604
'NotSuccession(r, s)';'NotSuccession';'r';'s';0.820;0.930;0.930
'NotCoExistence(r, s)';'NotCoExistence';'r';'s';0.798;0.905;0.905
'RespondedExistence(r, t)';'RespondedExistence';'r';'t';0.096;1.000;1.000
'Response(r, t)';'Response';'r';'t';0.066;0.688;0.688
'AlternateResponse(r, t)';'AlternateResponse';'r';'t';0.064;0.667;0.667
'NotSuccession(r, t)';'NotSuccession';'r';'t';0.904;0.930;0.930
'NotCoExistence(r, t)';'NotCoExistence';'r';'t';0.876;0.901;0.901
'RespondedExistence(r, u)';'RespondedExistence';'r';'u';0.088;0.917;0.917
'Response(r, u)';'Response';'r';'u';0.056;0.583;0.583
'AlternateResponse(r, u)';'AlternateResponse';'r';'u';0.056;0.583;0.583
'NotSuccession(r, u)';'NotSuccession';'r';'u';0.828;0.932;0.932
'NotCoExistence(r, u)';'NotCoExistence';'r';'u';0.800;0.901;0.901
'RespondedExistence(r, v)';'RespondedExistence';'r';'v';0.078;0.813;0.813
'Response(r, v)';'Response';'r';'v';0.052;0.542;0.542
'NotSuccession(r, v)';'NotSuccession';'r';'v';0.848;0.940;0.940
'NotCoExistence(r, v)';'NotCoExistence';'r';'v';0.824;0.914;0.914
'RespondedExistence(r, w)';'RespondedExistence';'r';'w';0.088;0.917;0.917
'Response(r, w)';'Response';'r';'w';0.068;0.708;0.708
'AlternateResponse(r, w)';'AlternateResponse';'r';'w';0.066;0.688;0.688
'NotSuccession(r, w)';'NotSuccession';'r';'w';0.838;0.925;0.925
'NotCoExistence(r, w)';'NotCoExistence';'r';'w';0.818;0.903;0.903
'RespondedExistence(r, z)';'RespondedExistence';'r';'z';0.084;0.875;0.875
'Response(r, z)';'Response';'r';'z';0.054;0.563;0.563
'AlternateResponse(r, z)';'AlternateResponse';'r';'z';0.054;0.563;0.563
'NotSuccession(r, z)';'NotSuccession';'r';'z';0.848;0.940;0.940
'NotCoExistence(r, z)';'NotCoExistence';'r';'z';0.818;0.907;0.907
'Precedence(s, r)';'Precedence';'r';'s';0.056;0.583;0.583
'AlternatePrecedence(s, r)';'AlternatePrecedence';'r';'s';0.054;0.563;0.563
'Precedence(t, r)';'Precedence';'r';'t';0.058;0.604;0.604
'AlternatePrecedence(t, r)';'AlternatePrecedence';'r';'t';0.054;0.563;0.563
'Precedence(u, r)';'Precedence';'r';'u';0.062;0.646;0.646
'AlternatePrecedence(u, r)';'AlternatePrecedence';'r';'u';0.058;0.604;0.604
'Precedence(v, r)';'Precedence';'r';'v';0.056;0.583;0.583
'AlternatePrecedence(v, r)';'AlternatePrecedence';'r';'v';0.052;0.542;0.542
'Precedence(w, r)';'Precedence';'r';'w';0.060;0.625;0.625
'AlternatePrecedence(w, r)';'AlternatePrecedence';'r';'w';0.056;0.583;0.583
'Precedence(z, r)';'Precedence';'r';'z';0.062;0.646;0.646
'AlternatePrecedence(z, r)';'AlternatePrecedence';'r';'z';0.058;0.604;0.604
'Participation(s)';'Participation';'s';;0.870;0.870;0.870
'Precedence(p, s)';'Precedence';'s';'p';0.512;0.589;0.589
'CoExistence(s, a)';'CoExistence';'s';'a';0.870;0.870;0.870
'CoExistence(s, b)';'CoExistence';'s';'b';0.870;0.870;0.870
'CoExistence(s, c)';'CoExistence';'s';'c';0.768;0.787;0.787
'RespondedExistence(s, c)';'RespondedExistence';'s';'c';0.768;0.883;0.883
'NotSuccession(s, c)';'NotSuccession';'s';'c';0.576;0.590;0.590
'CoExistence(s, d)';'CoExistence';'s';'d';0.870;0.870;0.870
'Response(s, d)';'Response';'s';'d';0.494;0.568;0.568
'CoExistence(s, e)';'CoExistence';'s';'e';0.760;0.785;0.785
'RespondedExistence(s, e)';'RespondedExistence';'s';'e';0.760;0.874;0.874
'CoExistence(s, f)';'CoExistence';'s';'f';0.852;0.859;0.859
'RespondedExistence(s, f)';'RespondedExistence';'s';'f';0.852;0.979;0.979
'Response(s, f)';'Response';'s';'f';0.686;0.789;0.789
'CoExistence(s, g)';'CoExistence';'s';'g';0.784;0.800;0.800
'RespondedExistence(s, g)';'RespondedExistence';'s';'g';0.784;0.901;0.901
'CoExistence(s, h)';'CoExistence';'s';'h';0.574;0.605;0.605
'RespondedExistence(s, h)';'RespondedExistence';'s';'h';0.574;0.660;0.660
'CoExistence(s, i)';'CoExistence';'s';'i';0.768;0.784;0.784
'RespondedExistence(s, i)';'RespondedExistence';'s';'i';0.768;0.883;0.883
'CoExistence(s, l)';'CoExistence';'s';'l';0.560;0.596;0.596
'RespondedExistence(s, l)';'RespondedExistence';'s';'l';0.560;0.644;0.644
'NotSuccession(s, l)';'NotSuccession';'s';'l';0.504;0.536;0.536
'CoExistence(s, m)';'CoExistence';'s';'m';0.792;0.818;0.818
'RespondedExistence(s, m)';'RespondedExistence';'s';'m';0.792;0.910;0.910
'CoExistence(s, n)';'CoExistence';'s';'n';0.860;0.872;0.872
'RespondedExistence(s, n)';'RespondedExistence';'s';'n';0.860;0.989;0.989
'Response(s, n)';'Response';'s';'n';0.690;0.793;0.793
'CoExistence(s, o)';'CoExistence';'s';'o';0.786;0.802;0.802
'RespondedExistence(s, o)';'RespondedExistence';'s';'o';0.786;0.903;0.903
'CoExistence(s, p)';'CoExistence';'s';'p';0.860;0.865;0.865
'RespondedExistence(s, p)';'RespondedExistence';'s';'p';0.860;0.989;0.989
'Response(s, p)';'Response';'s';'p';0.572;0.657;0.657
'CoExistence(s, q)';'CoExistence';'s';'q';0.788;0.809;0.809
'RespondedExistence(s, q)';'RespondedExistence';'s';'q';0.788;0.906;0.906
'NotSuccession(s, r)';'NotSuccession';'s';'r';0.824;0.934;0.934
'NotCoExistence(s, r)';'NotCoExistence';'s';'r';0.798;0.905;0.905
'CoExistence(s, t)';'CoExistence';'s';'t';0.870;0.895;0.895
'RespondedExistence(s, t)';'RespondedExistence';'s';'t';0.870;1.000;1.000
'Response(s, t)';'Response';'s';'t';0.498;0.572;0.572
'CoExistence(s, u)';'CoExistence';'s';'u';0.778;0.800;0.800
'RespondedExistence(s, u)';'RespondedExistence';'s';'u';0.778;0.894;0.894
'CoExistence(s, v)';'CoExistence';'s';'v';0.776;0.793;0.793
'RespondedExistence(s, v)';'RespondedExistence';'s';'v';0.776;0.892;0.892
'CoExistence(s, w)';'CoExistence';'s';'w';0.792;0.811;0.811
'RespondedExistence(s, w)';'RespondedExistence';'s';'w';0.792;0.910;0.910
'Response(s, w)';'Response';'s';'w';0.438;0.503;0.503
'CoExistence(s, z)';'CoExistence';'s';'z';0.786;0.807;0.807
'RespondedExistence(s, z)';'RespondedExistence';'s';'z';0.786;0.903;0.903
'Participation(t)';'Participation';'t';;0.972;0.972;0.972
'AlternatePrecedence(a, t)';'AlternatePrecedence';'t';'a';0.498;0.512;0.512
'Precedence(b, t)';'Precedence';'t';'b';0.490;0.504;0.504
'Precedence(g, t)';'Precedence';'t';'g';0.502;0.516;0.516
'Precedence(p, t)';'Precedence';'t';'p';0.630;0.648;0.648
'Precedence(q, t)';'Precedence';'t';'q';0.490;0.504;0.504
'Precedence(s, t)';'Precedence';'t';'s';0.500;0.514;0.514
'CoExistence(t, a)';'CoExistence';'t';'a';0.972;0.972;0.972
'CoExistence(t, b)';'CoExistence';'t';'b';0.972;0.972;0.972
'AlternateResponse(t, b)';'AlternateResponse';'t';'b';0.488;0.502;0.502
'CoExistence(t, c)';'CoExistence';'t';'c';0.858;0.868;0.868
'RespondedExistence(t, c)';'RespondedExistence';'t';'c';0.858;0.883;0.883
'NotSuccession(t, c)';'NotSuccession';'t';'c';0.614;0.621;0.621
'CoExistence(t, d)';'CoExistence';'t';'d';0.972;0.972;0.972
'CoExistence(t, e)';'CoExistence';'t';'e';0.844;0.856;0.856
'RespondedExistence(t, e)';'RespondedExistence';'t';'e';0.844;0.868;0.868
'CoExistence(t, f)';'CoExistence';'t';'f';0.948;0.950;0.950
'RespondedExistence(t, f)';'RespondedExistence';'t';'f';0.948;0.975;0.975
'Response(t, f)';'Response';'t';'f';0.704;0.724;0.724
'CoExistence(t, g)';'CoExistence';'t';'g';0.876;0.885;0.885
'RespondedExistence(t, g)';'RespondedExistence';'t';'g';0.876;0.901;0.901
'CoExistence(t, h)';'CoExistence';'t';'h';0.638;0.647;0.647
'RespondedExistence(t, h)';'RespondedExistence';'t';'h';0.638;0.656;0.656
'CoExistence(t, i)';'CoExistence';'t';'i';0.858;0.865;0.865
'RespondedExistence(t, i)';'RespondedExistence';'t';'i';0.858;0.883;0.883
'CoExistence(t, l)';'CoExistence';'t';'l';0.622;0.635;0.635
'RespondedExistence(t, l)';'RespondedExistence';'t';'l';0.622;0.640;0.640
'NotSuccession(t, l)';'NotSuccession';'t';'l';0.534;0.545;0.545
'CoExistence(t, m)';'CoExistence';'t';'m';0.878;0.892;0.892
'RespondedExistence(t, m)';'RespondedExistence';'t';'m';0.878;0.903;0.903
'CoExistence(t, n)';'CoExistence';'t';'n';0.956;0.964;0.964
'RespondedExistence(t, n)';'RespondedExistence';'t';'n';0.956;0.984;0.984
'Response(t, n)';'Response';'t';'n';0.700;0.720;0.720
'CoExistence(t, o)';'CoExistence';'t';'o';0.876;0.883;0.883
'RespondedExistence(t, o)';'RespondedExistence';'t';'o';0.876;0.901;0.901
'CoExistence(t, p)';'CoExistence';'t';'p';0.960;0.964;0.964
'RespondedExistence(t, p)';'RespondedExistence';'t';'p';0.960;0.988;0.988
'Response(t, p)';'Response';'t';'p';0.534;0.549;0.549
'CoExistence(t, q)';'CoExistence';'t';'q';0.872;0.879;0.879
'RespondedExistence(t, q)';'RespondedExistence';'t';'q';0.872;0.897;0.897
'NotSuccession(t, r)';'NotSuccession';'t';'r';0.914;0.940;0.940
'NotCoExistence(t, r)';'NotCoExistence';'t';'r';0.876;0.901;0.901
'CoExistence(t, s)';'CoExistence';'t';'s';0.870;0.895;0.895
'RespondedExistence(t, s)';'RespondedExistence';'t';'s';0.870;0.895;0.895
'CoExistence(t, u)';'CoExistence';'t';'u';0.866;0.878;0.878
'RespondedExistence(t, u)';'RespondedExistence';'t';'u';0.866;0.891;0.891
'CoExistence(t, v)';'CoExistence';'t';'v';0.864;0.871;0.871
'RespondedExistence(t, v)';'RespondedExistence';'t';'v';0.864;0.889;0.889
'CoExistence(t, w)';'CoExistence';'t';'w';0.874;0.878;0.878
'RespondedExistence(t, w)';'RespondedExistence';'t';'w';0.874;0.899;0.899
'CoExistence(t, z)';'CoExistence';'t';'z';0.872;0.881;0.881
'RespondedExistence(t, z)';'RespondedExistence';'t';'z';0.872;0.897;0.897
'Precedence(u, t)';'Precedence';'t';'u';0.494;0.508;0.508
'Precedence(z, t)';'Precedence';'t';'z';0.522;0.537;0.537
'Participation(u)';'Participation';'u';;0.880;0.880;0.880
'Precedence(p, u)';'Precedence';'u';'p';0.526;0.598;0.598
'CoExistence(u, a)';'CoExistence';'u';'a';0.880;0.880;0.880
'CoExistence(u, b)';'CoExistence';'u';'b';0.880;0.880;0.880
'Succession(u, b)';'Succession';'u';'b';0.522;0.522;0.522
'CoExistence(u, c)';'CoExistence';'u';'c';0.776;0.793;0.793
'RespondedExistence(u, c)';'RespondedExistence';'u';'c';0.776;0.882;0.882
'NotSuccession(u, c)';'NotSuccession';'u';'c';0.566;0.579;0.579
'CoExistence(u, d)';'CoExistence';'u';'d';0.880;0.880;0.880
'Response(u, d)';'Response';'u';'d';0.480;0.545;0.545
'CoExistence(u, e)';'CoExistence';'u';'e';0.768;0.792;0.792
'RespondedExistence(u, e)';'RespondedExistence';'u';'e';0.768;0.873;0.873
'CoExistence(u, f)';'CoExistence';'u';'f';0.860;0.865;0.865
'RespondedExistence(u, f)';'RespondedExistence';'u';'f';0.860;0.977;0.977
'Response(u, f)';'Response';'u';'f';0.672;0.764;0.764
'CoExistence(u, g)';'CoExistence';'u';'g';0.796;0.814;0.814
'RespondedExistence(u, g)';'RespondedExistence';'u';'g';0.796;0.905;0.905
'CoExistence(u, h)';'CoExistence';'u';'h';0.580;0.609;0.609
'RespondedExistence(u, h)';'RespondedExistence';'u';'h';0.580;0.659;0.659
'CoExistence(u, i)';'CoExistence';'u';'i';0.774;0.787;0.787
'RespondedExistence(u, i)';'RespondedExistence';'u';'i';0.774;0.880;0.880
'CoExistence(u, l)';'CoExistence';'u';'l';0.556;0.583;0.583
'RespondedExistence(u, l)';'RespondedExistence';'u';'l';0.556;0.632;0.632
'NotSuccession(u, l)';'NotSuccession';'u';'l';0.508;0.532;0.532
'CoExistence(u, m)';'CoExistence';'u';'m';0.798;0.821;0.821
'RespondedExistence(u, m)';'RespondedExistence';'u';'m';0.798;0.907;0.907
'CoExistence(u, n)';'CoExistence';'u';'n';0.872;0.886;0.886
'RespondedExistence(u, n)';'RespondedExistence';'u';'n';0.872;0.991;0.991
'Response(u, n)';'Response';'u';'n';0.704;0.800;0.800
'CoExistence(u, o)';'CoExistence';'u';'o';0.796;0.812;0.812
'RespondedExistence(u, o)';'RespondedExistence';'u';'o';0.796;0.905;0.905
'CoExistence(u, p)';'CoExistence';'u';'p';0.872;0.879;0.879
'RespondedExistence(u, p)';'RespondedExistence';'u';'p';0.872;0.991;0.991
'Response(u, p)';'Response';'u';'p';0.542;0.616;0.616
'CoExistence(u, q)';'CoExistence';'u';'q';0.790;0.804;0.804
'RespondedExistence(u, q)';'RespondedExistence';'u';'q';0.790;0.898;0.898
'NotSuccession(u, r)';'NotSuccession';'u';'r';0.826;0.930;0.930
'NotCoExistence(u, r)';'NotCoExistence';'u';'r';0.800;0.901;0.901
'CoExistence(u, s)';'CoExistence';'u';'s';0.778;0.800;0.800
'RespondedExistence(u, s)';'RespondedExistence';'u';'s';0.778;0.884;0.884
'CoExistence(u, t)';'CoExistence';'u';'t';0.866;0.878;0.878
'RespondedExistence(u, t)';'RespondedExistence';'u';'t';0.866;0.984;0.984
'Response(u, t)';'Response';'u';'t';0.470;0.534;0.534
'CoExistence(u, v)';'CoExistence';'u';'v';0.788;0.807;0.807
'RespondedExistence(u, v)';'RespondedExistence';'u';'v';0.788;0.895;0.895
'CoExistence(u, w)';'CoExistence';'u';'w';0.794;0.807;0.807
'RespondedExistence(u, w)';'RespondedExistence';'u';'w';0.794;0.902;0.902
'CoExistence(u, z)';'CoExistence';'u';'z';0.794;0.814;0.814
'RespondedExistence(u, z)';'RespondedExistence';'u';'z';0.794;0.902;0.902
'Participation(v)';'Participation';'v';;0.884;0.884;0.884
'Precedence(p, v)';'Precedence';'v';'p';0.554;0.627;0.627
'CoExistence(v, a)';'CoExistence';'v';'a';0.884;0.884;0.884
'CoExistence(v, b)';'CoExistence';'v';'b';0.884;0.884;0.884
'CoExistence(v, c)';'CoExistence';'v';'c';0.778;0.794;0.794
'RespondedExistence(v, c)';'RespondedExistence';'v';'c';0.778;0.880;0.880
'NotSuccession(v, c)';'NotSuccession';'v';'c';0.590;0.602;0.602
'CoExistence(v, d)';'CoExistence';'v';'d';0.884;0.884;0.884
'Response(v, d)';'Response';'v';'d';0.486;0.550;0.550
'CoExistence(v, e)';'CoExistence';'v';'e';0.768;0.789;0.789
'RespondedExistence(v, e)';'RespondedExistence';'v';'e';0.768;0.869;0.869
'CoExistence(v, f)';'CoExistence';'v';'f';0.870;0.881;0.881
'RespondedExistence(v, f)';'RespondedExistence';'v';'f';0.870;0.984;0.984
'Response(v, f)';'Response';'v';'f';0.682;0.771;0.771
'CoExistence(v, g)';'CoExistence';'v';'g';0.792;0.803;0.803
'RespondedExistence(v, g)';'RespondedExistence';'v';'g';0.792;0.896;0.896
'CoExistence(v, h)';'CoExistence';'v';'h';0.568;0.587;0.587
'RespondedExistence(v, h)';'RespondedExistence';'v';'h';0.568;0.643;0.643
'CoExistence(v, i)';'CoExistence';'v';'i';0.774;0.783;0.783
'RespondedExistence(v, i)';'RespondedExistence';'v';'i';0.774;0.876;0.876
'CoExistence(v, l)';'CoExistence';'v';'l';0.558;0.584;0.584
'RespondedExistence(v, l)';'RespondedExistence';'v';'l';0.558;0.631;0.631
'NotSuccession(v, l)';'NotSuccession';'v';'l';0.514;0.538;0.538
'CoExistence(v, m)';'CoExistence';'v';'m';0.802;0.825;0.825
'RespondedExistence(v, m)';'RespondedExistence';'v';'m';0.802;0.907;0.907
'CoExistence(v, n)';'CoExistence';'v';'n';0.864;0.867;0.867
'RespondedExistence(v, n)';'RespondedExistence';'v';'n';0.864;0.977;0.977
'Response(v, n)';'Response';'v';'n';0.708;0.801;0.801
'CoExistence(v, o)';'CoExistence';'v';'o';0.796;0.809;0.809
'RespondedExistence(v, o)';'RespondedExistence';'v';'o';0.796;0.900;0.900
'CoExistence(v, p)';'CoExistence';'v';'p';0.874;0.879;0.879
'RespondedExistence(v, p)';'RespondedExistence';'v';'p';0.874;0.989;0.989
'Response(v, p)';'Response';'v';'p';0.516;0.584;0.584
'CoExistence(v, q)';'CoExistence';'v';'q';0.794;0.809;0.809
'RespondedExistence(v, q)';'RespondedExistence';'v';'q';0.794;0.898;0.898
'NotSuccession(v, r)';'NotSuccession';'v';'r';0.846;0.938;0.938
'NotCoExistence(v, r)';'NotCoExistence';'v';'r';0.824;0.914;0.914
'CoExistence(v, s)';'CoExistence';'v';'s';0.776;0.793;0.793
'RespondedExistence(v, s)';'RespondedExistence';'v';'s';0.776;0.878;0.878
'CoExistence(v, t)';'CoExistence';'v';'t';0.864;0.871;0.871
'RespondedExistence(v, t)';'RespondedExistence';'v';'t';0.864;0.977;0.977
'Response(v, t)';'Response';'v';'t';0.470;0.532;0.532
'CoExistence(v, u)';'CoExistence';'v';'u';0.788;0.807;0.807
'RespondedExistence(v, u)';'RespondedExistence';'v';'u';0.788;0.891;0.891
'CoExistence(v, w)';'CoExistence';'v';'w';0.798;0.811;0.811
'RespondedExistence(v, w)';'RespondedExistence';'v';'w';0.798;0.903;0.903
'CoExistence(v, z)';'CoExistence';'v';'z';0.794;0.810;0.810
'RespondedExistence(v, z)';'RespondedExistence';'v';'z';0.794;0.898;0.898
'Participation(w)';'Participation';'w';;0.898;0.898;0.898
'Precedence(p, w)';'Precedence';'w';'p';0.544;0.606;0.606
'CoExistence(w, a)';'CoExistence';'w';'a';0.898;0.898;0.898
'CoExistence(w, b)';'CoExistence';'w';'b';0.898;0.898;0.898
'CoExistence(w, c)';'CoExistence';'w';'c';0.790;0.804;0.804
'RespondedExistence(w, c)';'RespondedExistence';'w';'c';0.790;0.880;0.880
'NotSuccession(w, c)';'NotSuccession';'w';'c';0.608;0.619;0.619
'CoExistence(w, d)';'CoExistence';'w';'d';0.898;0.898;0.898
'Response(w, d)';'Response';'w';'d';0.512;0.570;0.570
'CoExistence(w, e)';'CoExistence';'w';'e';0.780;0.799;0.799
'RespondedExistence(w, e)';'RespondedExistence';'w';'e';0.780;0.869;0.869
'CoExistence(w, f)';'CoExistence';'w';'f';0.880;0.887;0.887
'RespondedExistence(w, f)';'RespondedExistence';'w';'f';0.880;0.980;0.980
'Response(w, f)';'Response';'w';'f';0.698;0.777;0.777
'CoExistence(w, g)';'CoExistence';'w';'g';0.816;0.836;0.836
'RespondedExistence(w, g)';'RespondedExistence';'w';'g';0.816;0.909;0.909
'CoExistence(w, h)';'CoExistence';'w';'h';0.592;0.618;0.618
'RespondedExistence(w, h)';'RespondedExistence';'w';'h';0.592;0.659;0.659
'CoExistence(w, i)';'CoExistence';'w';'i';0.788;0.798;0.798
'RespondedExistence(w, i)';'RespondedExistence';'w';'i';0.788;0.878;0.878
'CoExistence(w, l)';'CoExistence';'w';'l';0.574;0.602;0.602
'RespondedExistence(w, l)';'RespondedExistence';'w';'l';0.574;0.639;0.639
'NotSuccession(w, l)';'NotSuccession';'w';'l';0.504;0.528;0.528
'CoExistence(w, m)';'CoExistence';'w';'m';0.816;0.840;0.840
'RespondedExistence(w, m)';'RespondedExistence';'w';'m';0.816;0.909;0.909
'CoExistence(w, n)';'CoExistence';'w';'n';0.880;0.885;0.885
'RespondedExistence(w, n)';'RespondedExistence';'w';'n';0.880;0.980;0.980
'Response(w, n)';'Response';'w';'n';0.716;0.797;0.797
'CoExistence(w, o)';'CoExistence';'w';'o';0.804;0.812;0.812
'RespondedExistence(w, o)';'RespondedExistence';'w';'o';0.804;0.895;0.895
'CoExistence(w, p)';'CoExistence';'w';'p';0.884;0.886;0.886
'RespondedExistence(w, p)';'RespondedExistence';'w';'p';0.884;0.984;0.984
'Response(w, p)';'Response';'w';'p';0.552;0.615;0.615
'CoExistence(w, q)';'CoExistence';'w';'q';0.808;0.823;0.823
'RespondedExistence(w, q)';'RespondedExistence';'w';'q';0.808;0.900;0.900
'NotSuccession(w, r)';'NotSuccession';'w';'r';0.844;0.932;0.932
'NotCoExistence(w, r)';'NotCoExistence';'w';'r';0.818;0.903;0.903
'CoExistence(w, s)';'CoExistence';'w';'s';0.792;0.811;0.811
'RespondedExistence(w, s)';'RespondedExistence';'w';'s';0.792;0.882;0.882
'CoExistence(w, t)';'CoExistence';'w';'t';0.874;0.878;0.878
'RespondedExistence(w, t)';'RespondedExistence';'w';'t';0.874;0.973;0.973
'Response(w, t)';'Response';'w';'t';0.462;0.514;0.514
'CoExistence(w, u)';'CoExistence';'w';'u';0.794;0.807;0.807
'RespondedExistence(w, u)';'RespondedExistence';'w';'u';0.794;0.884;0.884
'CoExistence(w, v)';'CoExistence';'w';'v';0.798;0.811;0.811
'RespondedExistence(w, v)';'RespondedExistence';'w';'v';0.798;0.889;0.889
'CoExistence(w, z)';'CoExistence';'w';'z';0.806;0.821;0.821
'RespondedExistence(w, z)';'RespondedExistence';'w';'z';0.806;0.898;0.898
'Participation(z)';'Participation';'z';;0.890;0.890;0.890
'Precedence(p, z)';'Precedence';'z';'p';0.506;0.569;0.569
'CoExistence(z, a)';'CoExistence';'z';'a';0.890;0.890;0.890
'CoExistence(z, b)';'CoExistence';'z';'b';0.890;0.890;0.890
'CoExistence(z, c)';'CoExistence';'z';'c';0.784;0.800;0.800
'RespondedExistence(z, c)';'RespondedExistence';'z';'c';0.784;0.881;0.881
'NotSuccession(z, c)';'NotSuccession';'z';'c';0.560;0.571;0.571
'CoExistence(z, d)';'CoExistence';'z';'d';0.890;0.890;0.890
'Response(z, d)';'Response';'z';'d';0.498;0.560;0.560
'CoExistence(z, e)';'CoExistence';'z';'e';0.778;0.802;0.802
'RespondedExistence(z, e)';'RespondedExistence';'z';'e';0.778;0.874;0.874
'CoExistence(z, f)';'CoExistence';'z';'f';0.872;0.879;0.879
'RespondedExistence(z, f)';'RespondedExistence';'z';'f';0.872;0.980;0.980
'Response(z, f)';'Response';'z';'f';0.694;0.780;0.780
'CoExistence(z, g)';'CoExistence';'z';'g';0.796;0.806;0.806
'RespondedExistence(z, g)';'RespondedExistence';'z';'g';0.796;0.894;0.894
'CoExistence(z, h)';'CoExistence';'z';'h';0.586;0.613;0.613
'RespondedExistence(z, h)';'RespondedExistence';'z';'h';0.586;0.658;0.658
'CoExistence(z, i)';'CoExistence';'z';'i';0.786;0.800;0.800
'RespondedExistence(z, i)';'RespondedExistence';'z';'i';0.786;0.883;0.883
'CoExistence(z, l)';'CoExistence';'z';'l';0.562;0.587;0.587
'RespondedExistence(z, l)';'RespondedExistence';'z';'l';0.562;0.631;0.631
'NotSuccession(z, l)';'NotSuccession';'z';'l';0.482;0.503;0.503
'CoExistence(z, m)';'CoExistence';'z';'m';0.802;0.820;0.820
'RespondedExistence(z, m)';'RespondedExistence';'z';'m';0.802;0.901;0.901
'CoExistence(z, n)';'CoExistence';'z';'n';0.878;0.889;0.889
'RespondedExistence(z, n)';'RespondedExistence';'z';'n';0.878;0.987;0.987
'Response(z, n)';'Response';'z';'n';0.694;0.780;0.780
'CoExistence(z, o)';'CoExistence';'z';'o';0.816;0.841;0.841
'RespondedExistence(z, o)';'RespondedExistence';'z';'o';0.816;0.917;0.917
'CoExistence(z, p)';'CoExistence';'z';'p';0.884;0.893;0.893
'RespondedExistence(z, p)';'RespondedExistence';'z';'p';0.884;0.993;0.993
'Response(z, p)';'Response';'z';'p';0.554;0.622;0.622
'CoExistence(z, q)';'CoExistence';'z';'q';0.802;0.818;0.818
'RespondedExistence(z, q)';'RespondedExistence';'z';'q';0.802;0.901;0.901
'NotSuccession(z, r)';'NotSuccession';'z';'r';0.838;0.929;0.929
'NotCoExistence(z, r)';'NotCoExistence';'z';'r';0.818;0.907;0.907
'CoExistence(z, s)';'CoExistence';'z';'s';0.786;0.807;0.807
'RespondedExistence(z, s)';'RespondedExistence';'z';'s';0.786;0.883;0.883
'CoExistence(z, t)';'CoExistence';'z';'t';0.872;0.881;0.881
'RespondedExistence(z, t)';'RespondedExistence';'z';'t';0.872;0.980;0.980
'Response(z, t)';'Response';'z';'t';0.478;0.537;0.537
'CoExistence(z, u)';'CoExistence';'z';'u';0.794;0.814;0.814
'RespondedExistence(z, u)';'RespondedExistence';'z';'u';0.794;0.892;0.892
'CoExistence(z, v)';'CoExistence';'z';'v';0.794;0.810;0.810
'RespondedExistence(z, v)';'RespondedExistence';'z';'v';0.794;0.892;0.892
'CoExistence(z, w)';'CoExistence';'z';'w';0.806;0.821;0.821
'RespondedExistence(z, w)';'RespondedExistence';'z';'w';0.806;0.906;0.906
