Rank-100-true;Rank-100-TOT;Measure
11;1295;ORIGINAL-MODEL
7;102;Two-way Support Variation
7;101;Zhang
7;101;Odd Multiplier
7;101;Conviction
7;101;Certainty factor
6;111;Compliance
6;102;Interestingness Weighting Dependency
6;101;Linear Correlation Coefficient
5;109;Laplace Correction
5;102;Example and Counterexample Rate
5;102;Confidence
5;101;Two-way Support
4;101;Piatetsky-Shapiro
4;101;One-way Support
4;101;Lift
4;101;Klosgen
4;101;Information Gain
4;101;Added Value
3;684;Recall
3;283;Lovinger
3;231;Coverage
3;103;Support
3;102;Prevalence
3;101;Gini Index
2;109;Sebag-Schoenauer
2;101;Accuracy
1;432;Ylue Y
1;432;Ylue Q
1;430;Specificity
1;102;Leverage
1;101;Least Contradiction
1;101;Jaccard
1;101;Cosine
0;432;Odds Ratio
0;430;Relative Risk
0;101;J Measure
0;101;Collective Strength
