Rank-200-true;Rank-200-TOT;Measure
11;1295;ORIGINAL-MODEL
8;201;Laplace Correction
8;201;Example and Counterexample Rate
8;201;Confidence
7;219;Accuracy
7;202;Zhang
7;202;Two-way Support Variation
7;202;Linear Correlation Coefficient
7;202;Interestingness Weighting Dependency
7;201;Odd Multiplier
7;201;Conviction
7;201;Compliance
7;201;Certainty factor
6;215;Prevalence
6;202;Gini Index
6;201;Two-way Support
6;201;Piatetsky-Shapiro
6;201;One-way Support
6;201;Lift
6;201;Klosgen
6;201;Information Gain
6;201;Added Value
5;201;Least Contradiction
5;201;Jaccard
5;201;J Measure
5;201;Cosine
3;684;Recall
3;283;Lovinger
3;231;Coverage
3;205;Support
3;201;Leverage
2;207;Sebag-Schoenauer
1;432;Ylue Y
1;432;Ylue Q
1;430;Specificity
0;432;Odds Ratio
0;430;Relative Risk
0;201;Collective Strength
