Rank-500-true;Rank-500-TOT;Measure
11;1295;ORIGINAL-MODEL
11;516;Compliance
10;501;Lovinger
10;501;Laplace Correction
10;501;Example and Counterexample Rate
10;501;Confidence
9;515;Accuracy
9;503;Jaccard
9;502;Least Contradiction
9;502;Cosine
8;501;Leverage
8;501;Gini Index
7;507;Lift
7;504;Ylue Y
7;504;Ylue Q
7;502;Piatetsky-Shapiro
7;502;Odd Multiplier
7;501;Zhang
7;501;Two-way Support Variation
7;501;Two-way Support
7;501;Prevalence
7;501;One-way Support
7;501;Linear Correlation Coefficient
7;501;Klosgen
7;501;J Measure
7;501;Interestingness Weighting Dependency
7;501;Information Gain
7;501;Conviction
7;501;Certainty factor
7;501;Added Value
6;510;Support
6;501;Relative Risk
5;502;Specificity
4;502;Sebag-Schoenauer
3;684;Recall
3;502;Coverage
3;501;Odds Ratio
3;501;Collective Strength
