'Constraint';'Template';'Activation';'Target';'Support';'Confidence level';'Interest factor'
'Init(a)';'Init';'a';;0.922;0.922;0.922
'CoExistence(a, b)';'CoExistence';'a';'b';1.000;1.000;1.000
'RespondedExistence(a, b)';'RespondedExistence';'a';'b';1.000;1.000;1.000
'CoExistence(a, c)';'CoExistence';'a';'c';0.858;0.858;0.858
'RespondedExistence(a, c)';'RespondedExistence';'a';'c';0.858;0.858;0.858
'CoExistence(a, d)';'CoExistence';'a';'d';1.000;1.000;1.000
'Succession(a, d)';'Succession';'a';'d';0.622;0.622;0.622
'RespondedExistence(a, d)';'RespondedExistence';'a';'d';1.000;1.000;1.000
'Response(a, d)';'Response';'a';'d';0.630;0.630;0.630
'CoExistence(a, e)';'CoExistence';'a';'e';0.868;0.868;0.868
'RespondedExistence(a, e)';'RespondedExistence';'a';'e';0.868;0.868;0.868
'CoExistence(a, f)';'CoExistence';'a';'f';0.964;0.964;0.964
'Succession(a, f)';'Succession';'a';'f';0.758;0.758;0.758
'RespondedExistence(a, f)';'RespondedExistence';'a';'f';0.964;0.964;0.964
'Response(a, f)';'Response';'a';'f';0.770;0.770;0.770
'CoExistence(a, g)';'CoExistence';'a';'g';0.902;0.902;0.902
'RespondedExistence(a, g)';'RespondedExistence';'a';'g';0.902;0.902;0.902
'CoExistence(a, h)';'CoExistence';'a';'h';0.736;0.736;0.736
'RespondedExistence(a, h)';'RespondedExistence';'a';'h';0.736;0.736;0.736
'CoExistence(a, i)';'CoExistence';'a';'i';0.892;0.892;0.892
'RespondedExistence(a, i)';'RespondedExistence';'a';'i';0.892;0.892;0.892
'Response(a, i)';'Response';'a';'i';0.504;0.504;0.504
'CoExistence(a, l)';'CoExistence';'a';'l';0.628;0.628;0.628
'RespondedExistence(a, l)';'RespondedExistence';'a';'l';0.628;0.628;0.628
'CoExistence(a, m)';'CoExistence';'a';'m';0.856;0.856;0.856
'RespondedExistence(a, m)';'RespondedExistence';'a';'m';0.856;0.856;0.856
'CoExistence(a, n)';'CoExistence';'a';'n';0.980;0.980;0.980
'Succession(a, n)';'Succession';'a';'n';0.788;0.788;0.788
'RespondedExistence(a, n)';'RespondedExistence';'a';'n';0.980;0.980;0.980
'Response(a, n)';'Response';'a';'n';0.800;0.800;0.800
'CoExistence(a, o)';'CoExistence';'a';'o';0.896;0.896;0.896
'RespondedExistence(a, o)';'RespondedExistence';'a';'o';0.896;0.896;0.896
'CoExistence(a, p)';'CoExistence';'a';'p';0.986;0.986;0.986
'Succession(a, p)';'Succession';'a';'p';0.642;0.642;0.642
'RespondedExistence(a, p)';'RespondedExistence';'a';'p';0.986;0.986;0.986
'Response(a, p)';'Response';'a';'p';0.660;0.660;0.660
'CoExistence(a, q)';'CoExistence';'a';'q';0.858;0.858;0.858
'RespondedExistence(a, q)';'RespondedExistence';'a';'q';0.858;0.858;0.858
'NotSuccession(a, r)';'NotSuccession';'a';'r';0.900;0.900;0.900
'NotCoExistence(a, r)';'NotCoExistence';'a';'r';0.900;0.900;0.900
'CoExistence(a, s)';'CoExistence';'a';'s';0.880;0.880;0.880
'RespondedExistence(a, s)';'RespondedExistence';'a';'s';0.880;0.880;0.880
'CoExistence(a, t)';'CoExistence';'a';'t';0.970;0.970;0.970
'Succession(a, t)';'Succession';'a';'t';0.570;0.570;0.570
'RespondedExistence(a, t)';'RespondedExistence';'a';'t';0.970;0.970;0.970
'Response(a, t)';'Response';'a';'t';0.578;0.578;0.578
'CoExistence(a, u)';'CoExistence';'a';'u';0.896;0.896;0.896
'RespondedExistence(a, u)';'RespondedExistence';'a';'u';0.896;0.896;0.896
'Response(a, u)';'Response';'a';'u';0.508;0.508;0.508
'CoExistence(a, v)';'CoExistence';'a';'v';0.916;0.916;0.916
'RespondedExistence(a, v)';'RespondedExistence';'a';'v';0.916;0.916;0.916
'CoExistence(a, w)';'CoExistence';'a';'w';0.914;0.914;0.914
'Succession(a, w)';'Succession';'a';'w';0.520;0.520;0.520
'RespondedExistence(a, w)';'RespondedExistence';'a';'w';0.914;0.914;0.914
'Response(a, w)';'Response';'a';'w';0.526;0.526;0.526
'CoExistence(a, z)';'CoExistence';'a';'z';0.888;0.888;0.888
'RespondedExistence(a, z)';'RespondedExistence';'a';'z';0.888;0.888;0.888
'End(b)';'End';'b';;0.936;0.936;0.936
'CoExistence(b, a)';'CoExistence';'b';'a';1.000;1.000;1.000
'RespondedExistence(b, a)';'RespondedExistence';'b';'a';1.000;1.000;1.000
'CoExistence(b, c)';'CoExistence';'b';'c';0.858;0.858;0.858
'RespondedExistence(b, c)';'RespondedExistence';'b';'c';0.858;0.858;0.858
'NotSuccession(b, c)';'NotSuccession';'b';'c';0.590;0.590;0.590
'CoExistence(b, d)';'CoExistence';'b';'d';1.000;1.000;1.000
'RespondedExistence(b, d)';'RespondedExistence';'b';'d';1.000;1.000;1.000
'CoExistence(b, e)';'CoExistence';'b';'e';0.868;0.868;0.868
'RespondedExistence(b, e)';'RespondedExistence';'b';'e';0.868;0.868;0.868
'CoExistence(b, f)';'CoExistence';'b';'f';0.964;0.964;0.964
'RespondedExistence(b, f)';'RespondedExistence';'b';'f';0.964;0.964;0.964
'CoExistence(b, g)';'CoExistence';'b';'g';0.902;0.902;0.902
'RespondedExistence(b, g)';'RespondedExistence';'b';'g';0.902;0.902;0.902
'CoExistence(b, h)';'CoExistence';'b';'h';0.736;0.736;0.736
'RespondedExistence(b, h)';'RespondedExistence';'b';'h';0.736;0.736;0.736
'CoExistence(b, i)';'CoExistence';'b';'i';0.892;0.892;0.892
'RespondedExistence(b, i)';'RespondedExistence';'b';'i';0.892;0.892;0.892
'CoExistence(b, l)';'CoExistence';'b';'l';0.628;0.628;0.628
'RespondedExistence(b, l)';'RespondedExistence';'b';'l';0.628;0.628;0.628
'NotSuccession(b, l)';'NotSuccession';'b';'l';0.536;0.536;0.536
'CoExistence(b, m)';'CoExistence';'b';'m';0.856;0.856;0.856
'RespondedExistence(b, m)';'RespondedExistence';'b';'m';0.856;0.856;0.856
'CoExistence(b, n)';'CoExistence';'b';'n';0.980;0.980;0.980
'RespondedExistence(b, n)';'RespondedExistence';'b';'n';0.980;0.980;0.980
'CoExistence(b, o)';'CoExistence';'b';'o';0.896;0.896;0.896
'RespondedExistence(b, o)';'RespondedExistence';'b';'o';0.896;0.896;0.896
'CoExistence(b, p)';'CoExistence';'b';'p';0.986;0.986;0.986
'RespondedExistence(b, p)';'RespondedExistence';'b';'p';0.986;0.986;0.986
'CoExistence(b, q)';'CoExistence';'b';'q';0.858;0.858;0.858
'RespondedExistence(b, q)';'RespondedExistence';'b';'q';0.858;0.858;0.858
'NotSuccession(b, r)';'NotSuccession';'b';'r';0.932;0.932;0.932
'NotCoExistence(b, r)';'NotCoExistence';'b';'r';0.900;0.900;0.900
'CoExistence(b, s)';'CoExistence';'b';'s';0.880;0.880;0.880
'RespondedExistence(b, s)';'RespondedExistence';'b';'s';0.880;0.880;0.880
'CoExistence(b, t)';'CoExistence';'b';'t';0.970;0.970;0.970
'RespondedExistence(b, t)';'RespondedExistence';'b';'t';0.970;0.970;0.970
'CoExistence(b, u)';'CoExistence';'b';'u';0.896;0.896;0.896
'RespondedExistence(b, u)';'RespondedExistence';'b';'u';0.896;0.896;0.896
'CoExistence(b, v)';'CoExistence';'b';'v';0.916;0.916;0.916
'RespondedExistence(b, v)';'RespondedExistence';'b';'v';0.916;0.916;0.916
'CoExistence(b, w)';'CoExistence';'b';'w';0.914;0.914;0.914
'RespondedExistence(b, w)';'RespondedExistence';'b';'w';0.914;0.914;0.914
'CoExistence(b, z)';'CoExistence';'b';'z';0.888;0.888;0.888
'RespondedExistence(b, z)';'RespondedExistence';'b';'z';0.888;0.888;0.888
'Precedence(n, b)';'Precedence';'b';'n';0.502;0.502;0.502
'Precedence(p, b)';'Precedence';'b';'p';0.660;0.660;0.660
'AtMostOne(c)';'AtMostOne';'c';;0.846;0.986;0.986
'Participation(c)';'Participation';'c';;0.858;0.858;0.858
'CoExistence(c, a)';'CoExistence';'c';'a';0.858;0.858;0.858
'Response(c, a)';'Response';'c';'a';0.628;0.732;0.732
'AlternateResponse(c, a)';'AlternateResponse';'c';'a';0.626;0.730;0.730
'CoExistence(c, b)';'CoExistence';'c';'b';0.858;0.858;0.858
'CoExistence(c, d)';'CoExistence';'c';'d';0.858;0.858;0.858
'Response(c, d)';'Response';'c';'d';0.718;0.837;0.837
'AlternateResponse(c, d)';'AlternateResponse';'c';'d';0.710;0.828;0.828
'CoExistence(c, e)';'CoExistence';'c';'e';0.754;0.776;0.776
'RespondedExistence(c, e)';'RespondedExistence';'c';'e';0.754;0.879;0.879
'Response(c, e)';'Response';'c';'e';0.622;0.725;0.725
'AlternateResponse(c, e)';'AlternateResponse';'c';'e';0.614;0.716;0.716
'CoExistence(c, f)';'CoExistence';'c';'f';0.832;0.840;0.840
'RespondedExistence(c, f)';'RespondedExistence';'c';'f';0.832;0.970;0.970
'Response(c, f)';'Response';'c';'f';0.780;0.909;0.909
'AlternateResponse(c, f)';'AlternateResponse';'c';'f';0.770;0.897;0.897
'CoExistence(c, g)';'CoExistence';'c';'g';0.792;0.818;0.818
'RespondedExistence(c, g)';'RespondedExistence';'c';'g';0.792;0.923;0.923
'Response(c, g)';'Response';'c';'g';0.656;0.765;0.765
'AlternateResponse(c, g)';'AlternateResponse';'c';'g';0.652;0.760;0.760
'CoExistence(c, h)';'CoExistence';'c';'h';0.644;0.678;0.678
'RespondedExistence(c, h)';'RespondedExistence';'c';'h';0.644;0.751;0.751
'Response(c, h)';'Response';'c';'h';0.564;0.657;0.657
'AlternateResponse(c, h)';'AlternateResponse';'c';'h';0.556;0.648;0.648
'CoExistence(c, i)';'CoExistence';'c';'i';0.772;0.789;0.789
'RespondedExistence(c, i)';'RespondedExistence';'c';'i';0.772;0.900;0.900
'Response(c, i)';'Response';'c';'i';0.618;0.720;0.720
'AlternateResponse(c, i)';'AlternateResponse';'c';'i';0.614;0.716;0.716
'CoExistence(c, l)';'CoExistence';'c';'l';0.554;0.594;0.594
'RespondedExistence(c, l)';'RespondedExistence';'c';'l';0.554;0.646;0.646
'Response(c, l)';'Response';'c';'l';0.460;0.536;0.536
'AlternateResponse(c, l)';'AlternateResponse';'c';'l';0.456;0.531;0.531
'NotSuccession(c, l)';'NotSuccession';'c';'l';0.470;0.504;0.504
'CoExistence(c, m)';'CoExistence';'c';'m';0.752;0.782;0.782
'RespondedExistence(c, m)';'RespondedExistence';'c';'m';0.752;0.876;0.876
'Response(c, m)';'Response';'c';'m';0.560;0.653;0.653
'AlternateResponse(c, m)';'AlternateResponse';'c';'m';0.552;0.643;0.643
'CoExistence(c, n)';'CoExistence';'c';'n';0.846;0.853;0.853
'RespondedExistence(c, n)';'RespondedExistence';'c';'n';0.846;0.986;0.986
'Response(c, n)';'Response';'c';'n';0.780;0.909;0.909
'AlternateResponse(c, n)';'AlternateResponse';'c';'n';0.774;0.902;0.902
'CoExistence(c, o)';'CoExistence';'c';'o';0.784;0.808;0.808
'RespondedExistence(c, o)';'RespondedExistence';'c';'o';0.784;0.914;0.914
'Response(c, o)';'Response';'c';'o';0.620;0.723;0.723
'AlternateResponse(c, o)';'AlternateResponse';'c';'o';0.614;0.716;0.716
'CoExistence(c, p)';'CoExistence';'c';'p';0.852;0.859;0.859
'RespondedExistence(c, p)';'RespondedExistence';'c';'p';0.852;0.993;0.993
'Response(c, p)';'Response';'c';'p';0.772;0.900;0.900
'AlternateResponse(c, p)';'AlternateResponse';'c';'p';0.770;0.897;0.897
'CoExistence(c, q)';'CoExistence';'c';'q';0.746;0.769;0.769
'RespondedExistence(c, q)';'RespondedExistence';'c';'q';0.746;0.869;0.869
'Response(c, q)';'Response';'c';'q';0.600;0.699;0.699
'AlternateResponse(c, q)';'AlternateResponse';'c';'q';0.594;0.692;0.692
'NotSuccession(c, r)';'NotSuccession';'c';'r';0.800;0.920;0.920
'NotCoExistence(c, r)';'NotCoExistence';'c';'r';0.782;0.899;0.899
'CoExistence(c, s)';'CoExistence';'c';'s';0.762;0.781;0.781
'RespondedExistence(c, s)';'RespondedExistence';'c';'s';0.762;0.888;0.888
'Response(c, s)';'Response';'c';'s';0.630;0.734;0.734
'AlternateResponse(c, s)';'AlternateResponse';'c';'s';0.624;0.727;0.727
'CoExistence(c, t)';'CoExistence';'c';'t';0.836;0.843;0.843
'RespondedExistence(c, t)';'RespondedExistence';'c';'t';0.836;0.974;0.974
'Response(c, t)';'Response';'c';'t';0.682;0.795;0.795
'AlternateResponse(c, t)';'AlternateResponse';'c';'t';0.678;0.790;0.790
'CoExistence(c, u)';'CoExistence';'c';'u';0.774;0.790;0.790
'RespondedExistence(c, u)';'RespondedExistence';'c';'u';0.774;0.902;0.902
'Response(c, u)';'Response';'c';'u';0.630;0.734;0.734
'AlternateResponse(c, u)';'AlternateResponse';'c';'u';0.622;0.725;0.725
'CoExistence(c, v)';'CoExistence';'c';'v';0.788;0.799;0.799
'RespondedExistence(c, v)';'RespondedExistence';'c';'v';0.788;0.918;0.918
'Response(c, v)';'Response';'c';'v';0.642;0.748;0.748
'AlternateResponse(c, v)';'AlternateResponse';'c';'v';0.636;0.741;0.741
'CoExistence(c, w)';'CoExistence';'c';'w';0.794;0.812;0.812
'RespondedExistence(c, w)';'RespondedExistence';'c';'w';0.794;0.925;0.925
'Response(c, w)';'Response';'c';'w';0.628;0.732;0.732
'AlternateResponse(c, w)';'AlternateResponse';'c';'w';0.622;0.725;0.725
'CoExistence(c, z)';'CoExistence';'c';'z';0.776;0.800;0.800
'RespondedExistence(c, z)';'RespondedExistence';'c';'z';0.776;0.904;0.904
'Response(c, z)';'Response';'c';'z';0.602;0.702;0.702
'AlternateResponse(c, z)';'AlternateResponse';'c';'z';0.594;0.692;0.692
'Precedence(p, c)';'Precedence';'c';'p';0.550;0.641;0.641
'AlternatePrecedence(p, c)';'AlternatePrecedence';'c';'p';0.548;0.639;0.639
'Participation(d)';'Participation';'d';;1.000;1.000;1.000
'Precedence(b, d)';'Precedence';'d';'b';0.520;0.520;0.520
'CoExistence(d, a)';'CoExistence';'d';'a';1.000;1.000;1.000
'RespondedExistence(d, a)';'RespondedExistence';'d';'a';1.000;1.000;1.000
'CoExistence(d, b)';'CoExistence';'d';'b';1.000;1.000;1.000
'RespondedExistence(d, b)';'RespondedExistence';'d';'b';1.000;1.000;1.000
'AlternateResponse(d, b)';'AlternateResponse';'d';'b';0.518;0.518;0.518
'CoExistence(d, c)';'CoExistence';'d';'c';0.858;0.858;0.858
'RespondedExistence(d, c)';'RespondedExistence';'d';'c';0.858;0.858;0.858
'NotSuccession(d, c)';'NotSuccession';'d';'c';0.632;0.632;0.632
'CoExistence(d, e)';'CoExistence';'d';'e';0.868;0.868;0.868
'RespondedExistence(d, e)';'RespondedExistence';'d';'e';0.868;0.868;0.868
'CoExistence(d, f)';'CoExistence';'d';'f';0.964;0.964;0.964
'RespondedExistence(d, f)';'RespondedExistence';'d';'f';0.964;0.964;0.964
'Response(d, f)';'Response';'d';'f';0.686;0.686;0.686
'CoExistence(d, g)';'CoExistence';'d';'g';0.902;0.902;0.902
'RespondedExistence(d, g)';'RespondedExistence';'d';'g';0.902;0.902;0.902
'CoExistence(d, h)';'CoExistence';'d';'h';0.736;0.736;0.736
'RespondedExistence(d, h)';'RespondedExistence';'d';'h';0.736;0.736;0.736
'CoExistence(d, i)';'CoExistence';'d';'i';0.892;0.892;0.892
'RespondedExistence(d, i)';'RespondedExistence';'d';'i';0.892;0.892;0.892
'CoExistence(d, l)';'CoExistence';'d';'l';0.628;0.628;0.628
'RespondedExistence(d, l)';'RespondedExistence';'d';'l';0.628;0.628;0.628
'NotSuccession(d, l)';'NotSuccession';'d';'l';0.554;0.554;0.554
'CoExistence(d, m)';'CoExistence';'d';'m';0.856;0.856;0.856
'RespondedExistence(d, m)';'RespondedExistence';'d';'m';0.856;0.856;0.856
'NotSuccession(d, m)';'NotSuccession';'d';'m';0.500;0.500;0.500
'CoExistence(d, n)';'CoExistence';'d';'n';0.980;0.980;0.980
'RespondedExistence(d, n)';'RespondedExistence';'d';'n';0.980;0.980;0.980
'Response(d, n)';'Response';'d';'n';0.686;0.686;0.686
'CoExistence(d, o)';'CoExistence';'d';'o';0.896;0.896;0.896
'RespondedExistence(d, o)';'RespondedExistence';'d';'o';0.896;0.896;0.896
'CoExistence(d, p)';'CoExistence';'d';'p';0.986;0.986;0.986
'RespondedExistence(d, p)';'RespondedExistence';'d';'p';0.986;0.986;0.986
'Response(d, p)';'Response';'d';'p';0.540;0.540;0.540
'CoExistence(d, q)';'CoExistence';'d';'q';0.858;0.858;0.858
'RespondedExistence(d, q)';'RespondedExistence';'d';'q';0.858;0.858;0.858
'NotSuccession(d, r)';'NotSuccession';'d';'r';0.940;0.940;0.940
'NotCoExistence(d, r)';'NotCoExistence';'d';'r';0.900;0.900;0.900
'CoExistence(d, s)';'CoExistence';'d';'s';0.880;0.880;0.880
'RespondedExistence(d, s)';'RespondedExistence';'d';'s';0.880;0.880;0.880
'CoExistence(d, t)';'CoExistence';'d';'t';0.970;0.970;0.970
'RespondedExistence(d, t)';'RespondedExistence';'d';'t';0.970;0.970;0.970
'CoExistence(d, u)';'CoExistence';'d';'u';0.896;0.896;0.896
'RespondedExistence(d, u)';'RespondedExistence';'d';'u';0.896;0.896;0.896
'CoExistence(d, v)';'CoExistence';'d';'v';0.916;0.916;0.916
'RespondedExistence(d, v)';'RespondedExistence';'d';'v';0.916;0.916;0.916
'CoExistence(d, w)';'CoExistence';'d';'w';0.914;0.914;0.914
'RespondedExistence(d, w)';'RespondedExistence';'d';'w';0.914;0.914;0.914
'CoExistence(d, z)';'CoExistence';'d';'z';0.888;0.888;0.888
'RespondedExistence(d, z)';'RespondedExistence';'d';'z';0.888;0.888;0.888
'Precedence(e, d)';'Precedence';'d';'e';0.528;0.528;0.528
'Precedence(f, d)';'Precedence';'d';'f';0.512;0.512;0.512
'Precedence(g, d)';'Precedence';'d';'g';0.532;0.532;0.532
'Precedence(m, d)';'Precedence';'d';'m';0.540;0.540;0.540
'Precedence(n, d)';'Precedence';'d';'n';0.532;0.532;0.532
'Precedence(o, d)';'Precedence';'d';'o';0.536;0.536;0.536
'Precedence(p, d)';'Precedence';'d';'p';0.710;0.710;0.710
'Precedence(q, d)';'Precedence';'d';'q';0.512;0.512;0.512
'Precedence(t, d)';'Precedence';'d';'t';0.544;0.544;0.544
'Precedence(u, d)';'Precedence';'d';'u';0.510;0.510;0.510
'Precedence(v, d)';'Precedence';'d';'v';0.540;0.540;0.540
'Precedence(w, d)';'Precedence';'d';'w';0.520;0.520;0.520
'Precedence(z, d)';'Precedence';'d';'z';0.516;0.516;0.516
'Participation(e)';'Participation';'e';;0.868;0.868;0.868
'CoExistence(e, a)';'CoExistence';'e';'a';0.868;0.868;0.868
'CoExistence(e, b)';'CoExistence';'e';'b';0.868;0.868;0.868
'CoExistence(e, c)';'CoExistence';'e';'c';0.754;0.776;0.776
'RespondedExistence(e, c)';'RespondedExistence';'e';'c';0.754;0.869;0.869
'NotSuccession(e, c)';'NotSuccession';'e';'c';0.584;0.601;0.601
'CoExistence(e, d)';'CoExistence';'e';'d';0.868;0.868;0.868
'Response(e, d)';'Response';'e';'d';0.534;0.615;0.615
'CoExistence(e, f)';'CoExistence';'e';'f';0.866;0.896;0.896
'Response(e, f)';'Response';'e';'f';0.838;0.965;0.965
'CoExistence(e, g)';'CoExistence';'e';'g';0.802;0.829;0.829
'RespondedExistence(e, g)';'RespondedExistence';'e';'g';0.802;0.924;0.924
'CoExistence(e, h)';'CoExistence';'e';'h';0.662;0.703;0.703
'RespondedExistence(e, h)';'RespondedExistence';'e';'h';0.662;0.763;0.763
'CoExistence(e, i)';'CoExistence';'e';'i';0.788;0.811;0.811
'RespondedExistence(e, i)';'RespondedExistence';'e';'i';0.788;0.908;0.908
'CoExistence(e, l)';'CoExistence';'e';'l';0.556;0.591;0.591
'RespondedExistence(e, l)';'RespondedExistence';'e';'l';0.556;0.641;0.641
'NotSuccession(e, l)';'NotSuccession';'e';'l';0.498;0.530;0.530
'CoExistence(e, m)';'CoExistence';'e';'m';0.766;0.800;0.800
'RespondedExistence(e, m)';'RespondedExistence';'e';'m';0.766;0.882;0.882
'CoExistence(e, n)';'CoExistence';'e';'n';0.862;0.874;0.874
'RespondedExistence(e, n)';'RespondedExistence';'e';'n';0.862;0.993;0.993
'Response(e, n)';'Response';'e';'n';0.668;0.770;0.770
'CoExistence(e, o)';'CoExistence';'e';'o';0.786;0.804;0.804
'RespondedExistence(e, o)';'RespondedExistence';'e';'o';0.786;0.906;0.906
'CoExistence(e, p)';'CoExistence';'e';'p';0.860;0.865;0.865
'RespondedExistence(e, p)';'RespondedExistence';'e';'p';0.860;0.991;0.991
'Response(e, p)';'Response';'e';'p';0.560;0.645;0.645
'CoExistence(e, q)';'CoExistence';'e';'q';0.768;0.802;0.802
'RespondedExistence(e, q)';'RespondedExistence';'e';'q';0.768;0.885;0.885
'NotSuccession(e, r)';'NotSuccession';'e';'r';0.818;0.925;0.925
'NotCoExistence(e, r)';'NotCoExistence';'e';'r';0.800;0.905;0.905
'CoExistence(e, s)';'CoExistence';'e';'s';0.784;0.813;0.813
'RespondedExistence(e, s)';'RespondedExistence';'e';'s';0.784;0.903;0.903
'CoExistence(e, t)';'CoExistence';'e';'t';0.852;0.864;0.864
'RespondedExistence(e, t)';'RespondedExistence';'e';'t';0.852;0.982;0.982
'Response(e, t)';'Response';'e';'t';0.492;0.567;0.567
'CoExistence(e, u)';'CoExistence';'e';'u';0.790;0.811;0.811
'RespondedExistence(e, u)';'RespondedExistence';'e';'u';0.790;0.910;0.910
'CoExistence(e, v)';'CoExistence';'e';'v';0.806;0.824;0.824
'RespondedExistence(e, v)';'RespondedExistence';'e';'v';0.806;0.929;0.929
'CoExistence(e, w)';'CoExistence';'e';'w';0.816;0.845;0.845
'RespondedExistence(e, w)';'RespondedExistence';'e';'w';0.816;0.940;0.940
'Response(e, w)';'Response';'e';'w';0.442;0.509;0.509
'CoExistence(e, z)';'CoExistence';'e';'z';0.782;0.803;0.803
'RespondedExistence(e, z)';'RespondedExistence';'e';'z';0.782;0.901;0.901
'Precedence(p, e)';'Precedence';'e';'p';0.532;0.613;0.613
'Participation(f)';'Participation';'f';;0.964;0.964;0.964
'Precedence(b, f)';'Precedence';'f';'b';0.488;0.506;0.506
'CoExistence(f, a)';'CoExistence';'f';'a';0.964;0.964;0.964
'CoExistence(f, b)';'CoExistence';'f';'b';0.964;0.964;0.964
'CoExistence(f, c)';'CoExistence';'f';'c';0.832;0.840;0.840
'RespondedExistence(f, c)';'RespondedExistence';'f';'c';0.832;0.863;0.863
'NotSuccession(f, c)';'NotSuccession';'f';'c';0.596;0.602;0.602
'CoExistence(f, d)';'CoExistence';'f';'d';0.964;0.964;0.964
'CoExistence(f, e)';'CoExistence';'f';'e';0.866;0.896;0.896
'RespondedExistence(f, e)';'RespondedExistence';'f';'e';0.866;0.898;0.898
'CoExistence(f, g)';'CoExistence';'f';'g';0.874;0.881;0.881
'RespondedExistence(f, g)';'RespondedExistence';'f';'g';0.874;0.907;0.907
'CoExistence(f, h)';'CoExistence';'f';'h';0.722;0.738;0.738
'RespondedExistence(f, h)';'RespondedExistence';'f';'h';0.722;0.749;0.749
'CoExistence(f, i)';'CoExistence';'f';'i';0.870;0.882;0.882
'RespondedExistence(f, i)';'RespondedExistence';'f';'i';0.870;0.902;0.902
'CoExistence(f, l)';'CoExistence';'f';'l';0.614;0.628;0.628
'RespondedExistence(f, l)';'RespondedExistence';'f';'l';0.614;0.637;0.637
'NotSuccession(f, l)';'NotSuccession';'f';'l';0.506;0.517;0.517
'CoExistence(f, m)';'CoExistence';'f';'m';0.844;0.865;0.865
'RespondedExistence(f, m)';'RespondedExistence';'f';'m';0.844;0.876;0.876
'CoExistence(f, n)';'CoExistence';'f';'n';0.952;0.960;0.960
'RespondedExistence(f, n)';'RespondedExistence';'f';'n';0.952;0.988;0.988
'CoExistence(f, o)';'CoExistence';'f';'o';0.870;0.879;0.879
'RespondedExistence(f, o)';'RespondedExistence';'f';'o';0.870;0.902;0.902
'CoExistence(f, p)';'CoExistence';'f';'p';0.952;0.954;0.954
'RespondedExistence(f, p)';'RespondedExistence';'f';'p';0.952;0.988;0.988
'CoExistence(f, q)';'CoExistence';'f';'q';0.836;0.848;0.848
'RespondedExistence(f, q)';'RespondedExistence';'f';'q';0.836;0.867;0.867
'NotSuccession(f, r)';'NotSuccession';'f';'r';0.900;0.932;0.932
'NotCoExistence(f, r)';'NotCoExistence';'f';'r';0.868;0.899;0.899
'CoExistence(f, s)';'CoExistence';'f';'s';0.856;0.866;0.866
'RespondedExistence(f, s)';'RespondedExistence';'f';'s';0.856;0.888;0.888
'CoExistence(f, t)';'CoExistence';'f';'t';0.934;0.934;0.934
'RespondedExistence(f, t)';'RespondedExistence';'f';'t';0.934;0.969;0.969
'CoExistence(f, u)';'CoExistence';'f';'u';0.870;0.879;0.879
'RespondedExistence(f, u)';'RespondedExistence';'f';'u';0.870;0.902;0.902
'CoExistence(f, v)';'CoExistence';'f';'v';0.888;0.895;0.895
'RespondedExistence(f, v)';'RespondedExistence';'f';'v';0.888;0.921;0.921
'CoExistence(f, w)';'CoExistence';'f';'w';0.888;0.897;0.897
'RespondedExistence(f, w)';'RespondedExistence';'f';'w';0.888;0.921;0.921
'CoExistence(f, z)';'CoExistence';'f';'z';0.858;0.863;0.863
'RespondedExistence(f, z)';'RespondedExistence';'f';'z';0.858;0.890;0.890
'Precedence(n, f)';'Precedence';'f';'n';0.506;0.525;0.525
'Precedence(p, f)';'Precedence';'f';'p';0.628;0.651;0.651
'Precedence(v, f)';'Precedence';'f';'v';0.518;0.537;0.537
'Precedence(z, f)';'Precedence';'f';'z';0.482;0.500;0.500
'Participation(g)';'Participation';'g';;0.902;0.902;0.902
'CoExistence(g, a)';'CoExistence';'g';'a';0.902;0.902;0.902
'CoExistence(g, b)';'CoExistence';'g';'b';0.902;0.902;0.902
'CoExistence(g, c)';'CoExistence';'g';'c';0.792;0.818;0.818
'RespondedExistence(g, c)';'RespondedExistence';'g';'c';0.792;0.878;0.878
'NotSuccession(g, c)';'NotSuccession';'g';'c';0.574;0.593;0.593
'CoExistence(g, d)';'CoExistence';'g';'d';0.902;0.902;0.902
'Response(g, d)';'Response';'g';'d';0.506;0.561;0.561
'CoExistence(g, e)';'CoExistence';'g';'e';0.802;0.829;0.829
'RespondedExistence(g, e)';'RespondedExistence';'g';'e';0.802;0.889;0.889
'CoExistence(g, f)';'CoExistence';'g';'f';0.874;0.881;0.881
'RespondedExistence(g, f)';'RespondedExistence';'g';'f';0.874;0.969;0.969
'Response(g, f)';'Response';'g';'f';0.696;0.772;0.772
'CoExistence(g, h)';'CoExistence';'g';'h';0.728;0.800;0.800
'RespondedExistence(g, h)';'RespondedExistence';'g';'h';0.728;0.807;0.807
'CoExistence(g, i)';'CoExistence';'g';'i';0.820;0.842;0.842
'RespondedExistence(g, i)';'RespondedExistence';'g';'i';0.820;0.909;0.909
'CoExistence(g, l)';'CoExistence';'g';'l';0.582;0.614;0.614
'RespondedExistence(g, l)';'RespondedExistence';'g';'l';0.582;0.645;0.645
'CoExistence(g, m)';'CoExistence';'g';'m';0.788;0.812;0.812
'RespondedExistence(g, m)';'RespondedExistence';'g';'m';0.788;0.874;0.874
'CoExistence(g, n)';'CoExistence';'g';'n';0.892;0.901;0.901
'RespondedExistence(g, n)';'RespondedExistence';'g';'n';0.892;0.989;0.989
'Response(g, n)';'Response';'g';'n';0.684;0.758;0.758
'CoExistence(g, o)';'CoExistence';'g';'o';0.822;0.842;0.842
'RespondedExistence(g, o)';'RespondedExistence';'g';'o';0.822;0.911;0.911
'CoExistence(g, p)';'CoExistence';'g';'p';0.896;0.903;0.903
'RespondedExistence(g, p)';'RespondedExistence';'g';'p';0.896;0.993;0.993
'Response(g, p)';'Response';'g';'p';0.538;0.596;0.596
'CoExistence(g, q)';'CoExistence';'g';'q';0.784;0.803;0.803
'RespondedExistence(g, q)';'RespondedExistence';'g';'q';0.784;0.869;0.869
'NotSuccession(g, r)';'NotSuccession';'g';'r';0.844;0.923;0.923
'NotCoExistence(g, r)';'NotCoExistence';'g';'r';0.826;0.904;0.904
'CoExistence(g, s)';'CoExistence';'g';'s';0.808;0.830;0.830
'RespondedExistence(g, s)';'RespondedExistence';'g';'s';0.808;0.896;0.896
'CoExistence(g, t)';'CoExistence';'g';'t';0.884;0.895;0.895
'RespondedExistence(g, t)';'RespondedExistence';'g';'t';0.884;0.980;0.980
'Response(g, t)';'Response';'g';'t';0.468;0.519;0.519
'CoExistence(g, u)';'CoExistence';'g';'u';0.818;0.835;0.835
'RespondedExistence(g, u)';'RespondedExistence';'g';'u';0.818;0.907;0.907
'CoExistence(g, v)';'CoExistence';'g';'v';0.828;0.836;0.836
'RespondedExistence(g, v)';'RespondedExistence';'g';'v';0.828;0.918;0.918
'CoExistence(g, w)';'CoExistence';'g';'w';0.832;0.846;0.846
'RespondedExistence(g, w)';'RespondedExistence';'g';'w';0.832;0.922;0.922
'CoExistence(g, z)';'CoExistence';'g';'z';0.810;0.827;0.827
'RespondedExistence(g, z)';'RespondedExistence';'g';'z';0.810;0.898;0.898
'Precedence(p, g)';'Precedence';'g';'p';0.570;0.632;0.632
'Participation(h)';'Participation';'h';;0.736;0.736;0.736
'AlternatePrecedence(a, h)';'AlternatePrecedence';'h';'a';0.410;0.557;0.557
'Precedence(b, h)';'Precedence';'h';'b';0.506;0.688;0.688
'Precedence(c, h)';'Precedence';'h';'c';0.468;0.636;0.636
'Precedence(d, h)';'Precedence';'h';'d';0.456;0.620;0.620
'Precedence(e, h)';'Precedence';'h';'e';0.490;0.666;0.666
'Precedence(f, h)';'Precedence';'h';'f';0.462;0.628;0.628
'Precedence(g, h)';'Precedence';'h';'g';0.710;0.965;0.965
'AlternatePrecedence(g, h)';'AlternatePrecedence';'h';'g';0.406;0.552;0.552
'CoExistence(h, a)';'CoExistence';'h';'a';0.736;0.736;0.736
'NotSuccession(h, a)';'NotSuccession';'h';'a';0.550;0.550;0.550
'CoExistence(h, b)';'CoExistence';'h';'b';0.736;0.736;0.736
'AlternateResponse(h, b)';'AlternateResponse';'h';'b';0.404;0.549;0.549
'CoExistence(h, c)';'CoExistence';'h';'c';0.644;0.678;0.678
'RespondedExistence(h, c)';'RespondedExistence';'h';'c';0.644;0.875;0.875
'NotSuccession(h, c)';'NotSuccession';'h';'c';0.772;0.813;0.813
'CoExistence(h, d)';'CoExistence';'h';'d';0.736;0.736;0.736
'Response(h, d)';'Response';'h';'d';0.374;0.508;0.508
'CoExistence(h, e)';'CoExistence';'h';'e';0.662;0.703;0.703
'RespondedExistence(h, e)';'RespondedExistence';'h';'e';0.662;0.899;0.899
'NotSuccession(h, e)';'NotSuccession';'h';'e';0.520;0.552;0.552
'CoExistence(h, f)';'CoExistence';'h';'f';0.722;0.738;0.738
'RespondedExistence(h, f)';'RespondedExistence';'h';'f';0.722;0.981;0.981
'Response(h, f)';'Response';'h';'f';0.558;0.758;0.758
'CoExistence(h, g)';'CoExistence';'h';'g';0.728;0.800;0.800
'NotSuccession(h, g)';'NotSuccession';'h';'g';0.458;0.503;0.503
'CoExistence(h, i)';'CoExistence';'h';'i';0.680;0.717;0.717
'RespondedExistence(h, i)';'RespondedExistence';'h';'i';0.680;0.924;0.924
'NotSuccession(h, i)';'NotSuccession';'h';'i';0.500;0.527;0.527
'CoExistence(h, l)';'CoExistence';'h';'l';0.488;0.557;0.557
'RespondedExistence(h, l)';'RespondedExistence';'h';'l';0.488;0.663;0.663
'NotSuccession(h, l)';'NotSuccession';'h';'l';0.540;0.616;0.616
'CoExistence(h, m)';'CoExistence';'h';'m';0.648;0.686;0.686
'RespondedExistence(h, m)';'RespondedExistence';'h';'m';0.648;0.880;0.880
'NotSuccession(h, m)';'NotSuccession';'h';'m';0.608;0.644;0.644
'CoExistence(h, n)';'CoExistence';'h';'n';0.726;0.733;0.733
'RespondedExistence(h, n)';'RespondedExistence';'h';'n';0.726;0.986;0.986
'Response(h, n)';'Response';'h';'n';0.548;0.745;0.745
'CoExistence(h, o)';'CoExistence';'h';'o';0.674;0.704;0.704
'RespondedExistence(h, o)';'RespondedExistence';'h';'o';0.674;0.916;0.916
'NotSuccession(h, o)';'NotSuccession';'h';'o';0.540;0.564;0.564
'CoExistence(h, p)';'CoExistence';'h';'p';0.728;0.732;0.732
'RespondedExistence(h, p)';'RespondedExistence';'h';'p';0.728;0.989;0.989
'Response(h, p)';'Response';'h';'p';0.424;0.576;0.576
'CoExistence(h, q)';'CoExistence';'h';'q';0.650;0.689;0.689
'RespondedExistence(h, q)';'RespondedExistence';'h';'q';0.650;0.883;0.883
'NotSuccession(h, q)';'NotSuccession';'h';'q';0.534;0.566;0.566
'NotSuccession(h, r)';'NotSuccession';'h';'r';0.720;0.952;0.952
'NotCoExistence(h, r)';'NotCoExistence';'h';'r';0.676;0.894;0.894
'CoExistence(h, s)';'CoExistence';'h';'s';0.658;0.687;0.687
'RespondedExistence(h, s)';'RespondedExistence';'h';'s';0.658;0.894;0.894
'NotSuccession(h, s)';'NotSuccession';'h';'s';0.504;0.526;0.526
'CoExistence(h, t)';'CoExistence';'h';'t';0.720;0.730;0.730
'RespondedExistence(h, t)';'RespondedExistence';'h';'t';0.720;0.978;0.978
'CoExistence(h, u)';'CoExistence';'h';'u';0.670;0.696;0.696
'RespondedExistence(h, u)';'RespondedExistence';'h';'u';0.670;0.910;0.910
'NotSuccession(h, u)';'NotSuccession';'h';'u';0.520;0.541;0.541
'CoExistence(h, v)';'CoExistence';'h';'v';0.676;0.693;0.693
'RespondedExistence(h, v)';'RespondedExistence';'h';'v';0.676;0.918;0.918
'NotSuccession(h, v)';'NotSuccession';'h';'v';0.538;0.551;0.551
'CoExistence(h, w)';'CoExistence';'h';'w';0.678;0.698;0.698
'RespondedExistence(h, w)';'RespondedExistence';'h';'w';0.678;0.921;0.921
'NotSuccession(h, w)';'NotSuccession';'h';'w';0.520;0.535;0.535
'CoExistence(h, z)';'CoExistence';'h';'z';0.658;0.681;0.681
'RespondedExistence(h, z)';'RespondedExistence';'h';'z';0.658;0.894;0.894
'NotSuccession(h, z)';'NotSuccession';'h';'z';0.546;0.565;0.565
'Precedence(i, h)';'Precedence';'h';'i';0.480;0.652;0.652
'Precedence(m, h)';'Precedence';'h';'m';0.480;0.652;0.652
'Precedence(n, h)';'Precedence';'h';'n';0.488;0.663;0.663
'Precedence(o, h)';'Precedence';'h';'o';0.460;0.625;0.625
'Precedence(p, h)';'Precedence';'h';'p';0.608;0.826;0.826
'AlternatePrecedence(p, h)';'AlternatePrecedence';'h';'p';0.410;0.557;0.557
'Precedence(q, h)';'Precedence';'h';'q';0.472;0.641;0.641
'Precedence(s, h)';'Precedence';'h';'s';0.478;0.649;0.649
'Precedence(t, h)';'Precedence';'h';'t';0.476;0.647;0.647
'Precedence(u, h)';'Precedence';'h';'u';0.474;0.644;0.644
'Precedence(v, h)';'Precedence';'h';'v';0.498;0.677;0.677
'Precedence(w, h)';'Precedence';'h';'w';0.500;0.679;0.679
'Precedence(z, h)';'Precedence';'h';'z';0.490;0.666;0.666
'Participation(i)';'Participation';'i';;0.892;0.892;0.892
'CoExistence(i, a)';'CoExistence';'i';'a';0.892;0.892;0.892
'CoExistence(i, b)';'CoExistence';'i';'b';0.892;0.892;0.892
'CoExistence(i, c)';'CoExistence';'i';'c';0.772;0.789;0.789
'RespondedExistence(i, c)';'RespondedExistence';'i';'c';0.772;0.865;0.865
'NotSuccession(i, c)';'NotSuccession';'i';'c';0.598;0.611;0.611
'CoExistence(i, d)';'CoExistence';'i';'d';0.892;0.892;0.892
'Response(i, d)';'Response';'i';'d';0.490;0.549;0.549
'CoExistence(i, e)';'CoExistence';'i';'e';0.788;0.811;0.811
'RespondedExistence(i, e)';'RespondedExistence';'i';'e';0.788;0.883;0.883
'CoExistence(i, f)';'CoExistence';'i';'f';0.870;0.882;0.882
'RespondedExistence(i, f)';'RespondedExistence';'i';'f';0.870;0.975;0.975
'Response(i, f)';'Response';'i';'f';0.682;0.765;0.765
'CoExistence(i, g)';'CoExistence';'i';'g';0.820;0.842;0.842
'RespondedExistence(i, g)';'RespondedExistence';'i';'g';0.820;0.919;0.919
'CoExistence(i, h)';'CoExistence';'i';'h';0.680;0.717;0.717
'RespondedExistence(i, h)';'RespondedExistence';'i';'h';0.680;0.762;0.762
'CoExistence(i, l)';'CoExistence';'i';'l';0.618;0.685;0.685
'RespondedExistence(i, l)';'RespondedExistence';'i';'l';0.618;0.693;0.693
'CoExistence(i, m)';'CoExistence';'i';'m';0.780;0.806;0.806
'RespondedExistence(i, m)';'RespondedExistence';'i';'m';0.780;0.874;0.874
'CoExistence(i, n)';'CoExistence';'i';'n';0.880;0.887;0.887
'RespondedExistence(i, n)';'RespondedExistence';'i';'n';0.880;0.987;0.987
'Response(i, n)';'Response';'i';'n';0.674;0.756;0.756
'CoExistence(i, o)';'CoExistence';'i';'o';0.818;0.843;0.843
'RespondedExistence(i, o)';'RespondedExistence';'i';'o';0.818;0.917;0.917
'CoExistence(i, p)';'CoExistence';'i';'p';0.886;0.893;0.893
'RespondedExistence(i, p)';'RespondedExistence';'i';'p';0.886;0.993;0.993
'Response(i, p)';'Response';'i';'p';0.556;0.623;0.623
'CoExistence(i, q)';'CoExistence';'i';'q';0.784;0.812;0.812
'RespondedExistence(i, q)';'RespondedExistence';'i';'q';0.784;0.879;0.879
'NotSuccession(i, r)';'NotSuccession';'i';'r';0.852;0.945;0.945
'NotCoExistence(i, r)';'NotCoExistence';'i';'r';0.812;0.900;0.900
'CoExistence(i, s)';'CoExistence';'i';'s';0.802;0.827;0.827
'RespondedExistence(i, s)';'RespondedExistence';'i';'s';0.802;0.899;0.899
'CoExistence(i, t)';'CoExistence';'i';'t';0.866;0.869;0.869
'RespondedExistence(i, t)';'RespondedExistence';'i';'t';0.866;0.971;0.971
'Response(i, t)';'Response';'i';'t';0.482;0.540;0.540
'CoExistence(i, u)';'CoExistence';'i';'u';0.808;0.824;0.824
'RespondedExistence(i, u)';'RespondedExistence';'i';'u';0.808;0.906;0.906
'CoExistence(i, v)';'CoExistence';'i';'v';0.820;0.830;0.830
'RespondedExistence(i, v)';'RespondedExistence';'i';'v';0.820;0.919;0.919
'CoExistence(i, w)';'CoExistence';'i';'w';0.820;0.832;0.832
'RespondedExistence(i, w)';'RespondedExistence';'i';'w';0.820;0.919;0.919
'CoExistence(i, z)';'CoExistence';'i';'z';0.806;0.828;0.828
'RespondedExistence(i, z)';'RespondedExistence';'i';'z';0.806;0.904;0.904
'Precedence(o, i)';'Precedence';'i';'o';0.448;0.502;0.502
'Precedence(p, i)';'Precedence';'i';'p';0.618;0.693;0.693
'Precedence(v, i)';'Precedence';'i';'v';0.450;0.504;0.504
'AtMostOne(l)';'AtMostOne';'l';;0.460;0.732;0.732
'Participation(l)';'Participation';'l';;0.628;0.628;0.628
'AlternatePrecedence(a, l)';'AlternatePrecedence';'l';'a';0.542;0.863;0.863
'Precedence(b, l)';'Precedence';'l';'b';0.416;0.662;0.662
'AlternatePrecedence(b, l)';'AlternatePrecedence';'l';'b';0.360;0.573;0.573
'Precedence(c, l)';'Precedence';'l';'c';0.408;0.650;0.650
'AlternatePrecedence(c, l)';'AlternatePrecedence';'l';'c';0.330;0.525;0.525
'Precedence(d, l)';'Precedence';'l';'d';0.402;0.640;0.640
'AlternatePrecedence(d, l)';'AlternatePrecedence';'l';'d';0.370;0.589;0.589
'Precedence(e, l)';'Precedence';'l';'e';0.396;0.631;0.631
'AlternatePrecedence(e, l)';'AlternatePrecedence';'l';'e';0.344;0.548;0.548
'Precedence(f, l)';'Precedence';'l';'f';0.420;0.669;0.669
'AlternatePrecedence(f, l)';'AlternatePrecedence';'l';'f';0.380;0.605;0.605
'Precedence(g, l)';'Precedence';'l';'g';0.444;0.707;0.707
'AlternatePrecedence(g, l)';'AlternatePrecedence';'l';'g';0.396;0.631;0.631
'AlternatePrecedence(i, l)';'AlternatePrecedence';'l';'i';0.588;0.936;0.936
'CoExistence(l, a)';'CoExistence';'l';'a';0.628;0.628;0.628
'NotSuccession(l, a)';'NotSuccession';'l';'a';0.612;0.612;0.612
'CoExistence(l, b)';'CoExistence';'l';'b';0.628;0.628;0.628
'AlternateResponse(l, b)';'AlternateResponse';'l';'b';0.526;0.838;0.838
'CoExistence(l, c)';'CoExistence';'l';'c';0.554;0.594;0.594
'RespondedExistence(l, c)';'RespondedExistence';'l';'c';0.554;0.882;0.882
'NotSuccession(l, c)';'NotSuccession';'l';'c';0.782;0.839;0.839
'CoExistence(l, d)';'CoExistence';'l';'d';0.628;0.628;0.628
'Response(l, d)';'Response';'l';'d';0.356;0.567;0.567
'AlternateResponse(l, d)';'AlternateResponse';'l';'d';0.314;0.500;0.500
'NotSuccession(l, d)';'NotSuccession';'l';'d';0.566;0.566;0.566
'CoExistence(l, e)';'CoExistence';'l';'e';0.556;0.591;0.591
'RespondedExistence(l, e)';'RespondedExistence';'l';'e';0.556;0.885;0.885
'NotSuccession(l, e)';'NotSuccession';'l';'e';0.590;0.628;0.628
'CoExistence(l, f)';'CoExistence';'l';'f';0.614;0.628;0.628
'RespondedExistence(l, f)';'RespondedExistence';'l';'f';0.614;0.978;0.978
'Response(l, f)';'Response';'l';'f';0.506;0.806;0.806
'AlternateResponse(l, f)';'AlternateResponse';'l';'f';0.438;0.697;0.697
'CoExistence(l, g)';'CoExistence';'l';'g';0.582;0.614;0.614
'RespondedExistence(l, g)';'RespondedExistence';'l';'g';0.582;0.927;0.927
'Response(l, g)';'Response';'l';'g';0.320;0.510;0.510
'NotSuccession(l, g)';'NotSuccession';'l';'g';0.556;0.586;0.586
'CoExistence(l, h)';'CoExistence';'l';'h';0.488;0.557;0.557
'RespondedExistence(l, h)';'RespondedExistence';'l';'h';0.488;0.777;0.777
'NotSuccession(l, h)';'NotSuccession';'l';'h';0.538;0.614;0.614
'CoExistence(l, i)';'CoExistence';'l';'i';0.618;0.685;0.685
'NotSuccession(l, i)';'NotSuccession';'l';'i';0.544;0.603;0.603
'CoExistence(l, m)';'CoExistence';'l';'m';0.564;0.613;0.613
'RespondedExistence(l, m)';'RespondedExistence';'l';'m';0.564;0.898;0.898
'NotSuccession(l, m)';'NotSuccession';'l';'m';0.634;0.689;0.689
'CoExistence(l, n)';'CoExistence';'l';'n';0.626;0.637;0.637
'RespondedExistence(l, n)';'RespondedExistence';'l';'n';0.626;0.997;0.997
'Response(l, n)';'Response';'l';'n';0.492;0.783;0.783
'AlternateResponse(l, n)';'AlternateResponse';'l';'n';0.432;0.688;0.688
'CoExistence(l, o)';'CoExistence';'l';'o';0.568;0.594;0.594
'RespondedExistence(l, o)';'RespondedExistence';'l';'o';0.568;0.904;0.904
'NotSuccession(l, o)';'NotSuccession';'l';'o';0.614;0.642;0.642
'CoExistence(l, p)';'CoExistence';'l';'p';0.626;0.634;0.634
'RespondedExistence(l, p)';'RespondedExistence';'l';'p';0.626;0.997;0.997
'Response(l, p)';'Response';'l';'p';0.420;0.669;0.669
'AlternateResponse(l, p)';'AlternateResponse';'l';'p';0.382;0.608;0.608
'NotSuccession(l, p)';'NotSuccession';'l';'p';0.502;0.508;0.508
'CoExistence(l, q)';'CoExistence';'l';'q';0.554;0.594;0.594
'RespondedExistence(l, q)';'RespondedExistence';'l';'q';0.554;0.882;0.882
'NotSuccession(l, q)';'NotSuccession';'l';'q';0.604;0.648;0.648
'NotSuccession(l, r)';'NotSuccession';'l';'r';0.632;0.958;0.958
'NotCoExistence(l, r)';'NotCoExistence';'l';'r';0.592;0.897;0.897
'CoExistence(l, s)';'CoExistence';'l';'s';0.572;0.611;0.611
'RespondedExistence(l, s)';'RespondedExistence';'l';'s';0.572;0.911;0.911
'Response(l, s)';'Response';'l';'s';0.336;0.535;0.535
'NotSuccession(l, s)';'NotSuccession';'l';'s';0.540;0.577;0.577
'CoExistence(l, t)';'CoExistence';'l';'t';0.616;0.627;0.627
'RespondedExistence(l, t)';'RespondedExistence';'l';'t';0.616;0.981;0.981
'Response(l, t)';'Response';'l';'t';0.346;0.551;0.551
'NotSuccession(l, t)';'NotSuccession';'l';'t';0.572;0.582;0.582
'CoExistence(l, u)';'CoExistence';'l';'u';0.566;0.591;0.591
'RespondedExistence(l, u)';'RespondedExistence';'l';'u';0.566;0.901;0.901
'NotSuccession(l, u)';'NotSuccession';'l';'u';0.594;0.620;0.620
'CoExistence(l, v)';'CoExistence';'l';'v';0.574;0.592;0.592
'RespondedExistence(l, v)';'RespondedExistence';'l';'v';0.574;0.914;0.914
'NotSuccession(l, v)';'NotSuccession';'l';'v';0.588;0.606;0.606
'CoExistence(l, w)';'CoExistence';'l';'w';0.572;0.590;0.590
'RespondedExistence(l, w)';'RespondedExistence';'l';'w';0.572;0.911;0.911
'NotSuccession(l, w)';'NotSuccession';'l';'w';0.594;0.612;0.612
'CoExistence(l, z)';'CoExistence';'l';'z';0.576;0.613;0.613
'RespondedExistence(l, z)';'RespondedExistence';'l';'z';0.576;0.917;0.917
'NotSuccession(l, z)';'NotSuccession';'l';'z';0.584;0.621;0.621
'Precedence(m, l)';'Precedence';'l';'m';0.428;0.682;0.682
'AlternatePrecedence(m, l)';'AlternatePrecedence';'l';'m';0.366;0.583;0.583
'Precedence(n, l)';'Precedence';'l';'n';0.446;0.710;0.710
'AlternatePrecedence(n, l)';'AlternatePrecedence';'l';'n';0.396;0.631;0.631
'Precedence(o, l)';'Precedence';'l';'o';0.432;0.688;0.688
'AlternatePrecedence(o, l)';'AlternatePrecedence';'l';'o';0.388;0.618;0.618
'Precedence(p, l)';'Precedence';'l';'p';0.544;0.866;0.866
'AlternatePrecedence(p, l)';'AlternatePrecedence';'l';'p';0.506;0.806;0.806
'Precedence(q, l)';'Precedence';'l';'q';0.422;0.672;0.672
'AlternatePrecedence(q, l)';'AlternatePrecedence';'l';'q';0.376;0.599;0.599
'Precedence(s, l)';'Precedence';'l';'s';0.424;0.675;0.675
'AlternatePrecedence(s, l)';'AlternatePrecedence';'l';'s';0.384;0.611;0.611
'Precedence(t, l)';'Precedence';'l';'t';0.420;0.669;0.669
'AlternatePrecedence(t, l)';'AlternatePrecedence';'l';'t';0.362;0.576;0.576
'Precedence(u, l)';'Precedence';'l';'u';0.406;0.646;0.646
'AlternatePrecedence(u, l)';'AlternatePrecedence';'l';'u';0.362;0.576;0.576
'Precedence(v, l)';'Precedence';'l';'v';0.408;0.650;0.650
'AlternatePrecedence(v, l)';'AlternatePrecedence';'l';'v';0.354;0.564;0.564
'Precedence(w, l)';'Precedence';'l';'w';0.408;0.650;0.650
'AlternatePrecedence(w, l)';'AlternatePrecedence';'l';'w';0.354;0.564;0.564
'Precedence(z, l)';'Precedence';'l';'z';0.426;0.678;0.678
'AlternatePrecedence(z, l)';'AlternatePrecedence';'l';'z';0.368;0.586;0.586
'AtMostOne(m)';'AtMostOne';'m';;0.454;0.530;0.530
'Participation(m)';'Participation';'m';;0.856;0.856;0.856
'AlternatePrecedence(a, m)';'AlternatePrecedence';'m';'a';0.646;0.755;0.755
'CoExistence(m, a)';'CoExistence';'m';'a';0.856;0.856;0.856
'Response(m, a)';'Response';'m';'a';0.494;0.577;0.577
'CoExistence(m, b)';'CoExistence';'m';'b';0.856;0.856;0.856
'AlternateResponse(m, b)';'AlternateResponse';'m';'b';0.658;0.769;0.769
'CoExistence(m, c)';'CoExistence';'m';'c';0.752;0.782;0.782
'RespondedExistence(m, c)';'RespondedExistence';'m';'c';0.752;0.879;0.879
'NotSuccession(m, c)';'NotSuccession';'m';'c';0.574;0.597;0.597
'CoExistence(m, d)';'CoExistence';'m';'d';0.856;0.856;0.856
'Response(m, d)';'Response';'m';'d';0.602;0.703;0.703
'AlternateResponse(m, d)';'AlternateResponse';'m';'d';0.448;0.523;0.523
'CoExistence(m, e)';'CoExistence';'m';'e';0.766;0.800;0.800
'RespondedExistence(m, e)';'RespondedExistence';'m';'e';0.766;0.895;0.895
'Response(m, e)';'Response';'m';'e';0.476;0.556;0.556
'CoExistence(m, f)';'CoExistence';'m';'f';0.844;0.865;0.865
'RespondedExistence(m, f)';'RespondedExistence';'m';'f';0.844;0.986;0.986
'Response(m, f)';'Response';'m';'f';0.738;0.862;0.862
'AlternateResponse(m, f)';'AlternateResponse';'m';'f';0.558;0.652;0.652
'CoExistence(m, g)';'CoExistence';'m';'g';0.788;0.812;0.812
'RespondedExistence(m, g)';'RespondedExistence';'m';'g';0.788;0.921;0.921
'Response(m, g)';'Response';'m';'g';0.510;0.596;0.596
'CoExistence(m, h)';'CoExistence';'m';'h';0.648;0.686;0.686
'RespondedExistence(m, h)';'RespondedExistence';'m';'h';0.648;0.757;0.757
'Response(m, h)';'Response';'m';'h';0.442;0.516;0.516
'CoExistence(m, i)';'CoExistence';'m';'i';0.780;0.806;0.806
'RespondedExistence(m, i)';'RespondedExistence';'m';'i';0.780;0.911;0.911
'Response(m, i)';'Response';'m';'i';0.504;0.589;0.589
'CoExistence(m, l)';'CoExistence';'m';'l';0.564;0.613;0.613
'RespondedExistence(m, l)';'RespondedExistence';'m';'l';0.564;0.659;0.659
'CoExistence(m, n)';'CoExistence';'m';'n';0.856;0.873;0.873
'AlternateResponse(m, n)';'AlternateResponse';'m';'n';0.782;0.914;0.914
'CoExistence(m, o)';'CoExistence';'m';'o';0.782;0.806;0.806
'RespondedExistence(m, o)';'RespondedExistence';'m';'o';0.782;0.914;0.914
'Response(m, o)';'Response';'m';'o';0.486;0.568;0.568
'CoExistence(m, p)';'CoExistence';'m';'p';0.852;0.861;0.861
'RespondedExistence(m, p)';'RespondedExistence';'m';'p';0.852;0.995;0.995
'Response(m, p)';'Response';'m';'p';0.640;0.748;0.748
'AlternateResponse(m, p)';'AlternateResponse';'m';'p';0.568;0.664;0.664
'CoExistence(m, q)';'CoExistence';'m';'q';0.752;0.782;0.782
'RespondedExistence(m, q)';'RespondedExistence';'m';'q';0.752;0.879;0.879
'Response(m, q)';'Response';'m';'q';0.450;0.526;0.526
'NotSuccession(m, r)';'NotSuccession';'m';'r';0.814;0.936;0.936
'NotCoExistence(m, r)';'NotCoExistence';'m';'r';0.784;0.901;0.901
'CoExistence(m, s)';'CoExistence';'m';'s';0.774;0.805;0.805
'RespondedExistence(m, s)';'RespondedExistence';'m';'s';0.774;0.904;0.904
'Response(m, s)';'Response';'m';'s';0.502;0.586;0.586
'CoExistence(m, t)';'CoExistence';'m';'t';0.842;0.856;0.856
'RespondedExistence(m, t)';'RespondedExistence';'m';'t';0.842;0.984;0.984
'Response(m, t)';'Response';'m';'t';0.568;0.664;0.664
'AlternateResponse(m, t)';'AlternateResponse';'m';'t';0.436;0.509;0.509
'CoExistence(m, u)';'CoExistence';'m';'u';0.782;0.806;0.806
'RespondedExistence(m, u)';'RespondedExistence';'m';'u';0.782;0.914;0.914
'Response(m, u)';'Response';'m';'u';0.498;0.582;0.582
'CoExistence(m, v)';'CoExistence';'m';'v';0.788;0.801;0.801
'RespondedExistence(m, v)';'RespondedExistence';'m';'v';0.788;0.921;0.921
'Response(m, v)';'Response';'m';'v';0.520;0.607;0.607
'CoExistence(m, w)';'CoExistence';'m';'w';0.796;0.817;0.817
'RespondedExistence(m, w)';'RespondedExistence';'m';'w';0.796;0.930;0.930
'Response(m, w)';'Response';'m';'w';0.500;0.584;0.584
'CoExistence(m, z)';'CoExistence';'m';'z';0.774;0.798;0.798
'RespondedExistence(m, z)';'RespondedExistence';'m';'z';0.774;0.904;0.904
'Response(m, z)';'Response';'m';'z';0.496;0.579;0.579
'Precedence(p, m)';'Precedence';'m';'p';0.548;0.640;0.640
'AlternatePrecedence(p, m)';'AlternatePrecedence';'m';'p';0.490;0.572;0.572
'Participation(n)';'Participation';'n';;0.980;0.980;0.980
'CoExistence(n, a)';'CoExistence';'n';'a';0.980;0.980;0.980
'CoExistence(n, b)';'CoExistence';'n';'b';0.980;0.980;0.980
'CoExistence(n, c)';'CoExistence';'n';'c';0.846;0.853;0.853
'RespondedExistence(n, c)';'RespondedExistence';'n';'c';0.846;0.863;0.863
'NotSuccession(n, c)';'NotSuccession';'n';'c';0.586;0.591;0.591
'CoExistence(n, d)';'CoExistence';'n';'d';0.980;0.980;0.980
'CoExistence(n, e)';'CoExistence';'n';'e';0.862;0.874;0.874
'RespondedExistence(n, e)';'RespondedExistence';'n';'e';0.862;0.880;0.880
'CoExistence(n, f)';'CoExistence';'n';'f';0.952;0.960;0.960
'RespondedExistence(n, f)';'RespondedExistence';'n';'f';0.952;0.971;0.971
'CoExistence(n, g)';'CoExistence';'n';'g';0.892;0.901;0.901
'RespondedExistence(n, g)';'RespondedExistence';'n';'g';0.892;0.910;0.910
'CoExistence(n, h)';'CoExistence';'n';'h';0.726;0.733;0.733
'RespondedExistence(n, h)';'RespondedExistence';'n';'h';0.726;0.741;0.741
'CoExistence(n, i)';'CoExistence';'n';'i';0.880;0.887;0.887
'RespondedExistence(n, i)';'RespondedExistence';'n';'i';0.880;0.898;0.898
'CoExistence(n, l)';'CoExistence';'n';'l';0.626;0.637;0.637
'RespondedExistence(n, l)';'RespondedExistence';'n';'l';0.626;0.639;0.639
'NotSuccession(n, l)';'NotSuccession';'n';'l';0.492;0.501;0.501
'CoExistence(n, m)';'CoExistence';'n';'m';0.856;0.873;0.873
'RespondedExistence(n, m)';'RespondedExistence';'n';'m';0.856;0.873;0.873
'CoExistence(n, o)';'CoExistence';'n';'o';0.886;0.895;0.895
'RespondedExistence(n, o)';'RespondedExistence';'n';'o';0.886;0.904;0.904
'CoExistence(n, p)';'CoExistence';'n';'p';0.968;0.970;0.970
'RespondedExistence(n, p)';'RespondedExistence';'n';'p';0.968;0.988;0.988
'CoExistence(n, q)';'CoExistence';'n';'q';0.844;0.849;0.849
'RespondedExistence(n, q)';'RespondedExistence';'n';'q';0.844;0.861;0.861
'NotSuccession(n, r)';'NotSuccession';'n';'r';0.918;0.935;0.935
'NotCoExistence(n, r)';'NotCoExistence';'n';'r';0.884;0.900;0.900
'CoExistence(n, s)';'CoExistence';'n';'s';0.872;0.883;0.883
'RespondedExistence(n, s)';'RespondedExistence';'n';'s';0.872;0.890;0.890
'CoExistence(n, t)';'CoExistence';'n';'t';0.954;0.958;0.958
'RespondedExistence(n, t)';'RespondedExistence';'n';'t';0.954;0.973;0.973
'CoExistence(n, u)';'CoExistence';'n';'u';0.882;0.887;0.887
'RespondedExistence(n, u)';'RespondedExistence';'n';'u';0.882;0.900;0.900
'CoExistence(n, v)';'CoExistence';'n';'v';0.898;0.900;0.900
'RespondedExistence(n, v)';'RespondedExistence';'n';'v';0.898;0.916;0.916
'CoExistence(n, w)';'CoExistence';'n';'w';0.898;0.902;0.902
'RespondedExistence(n, w)';'RespondedExistence';'n';'w';0.898;0.916;0.916
'CoExistence(n, z)';'CoExistence';'n';'z';0.874;0.879;0.879
'RespondedExistence(n, z)';'RespondedExistence';'n';'z';0.874;0.892;0.892
'Precedence(p, n)';'Precedence';'n';'p';0.628;0.641;0.641
'Participation(o)';'Participation';'o';;0.896;0.896;0.896
'CoExistence(o, a)';'CoExistence';'o';'a';0.896;0.896;0.896
'CoExistence(o, b)';'CoExistence';'o';'b';0.896;0.896;0.896
'CoExistence(o, c)';'CoExistence';'o';'c';0.784;0.808;0.808
'RespondedExistence(o, c)';'RespondedExistence';'o';'c';0.784;0.875;0.875
'NotSuccession(o, c)';'NotSuccession';'o';'c';0.572;0.590;0.590
'CoExistence(o, d)';'CoExistence';'o';'d';0.896;0.896;0.896
'Response(o, d)';'Response';'o';'d';0.532;0.594;0.594
'CoExistence(o, e)';'CoExistence';'o';'e';0.786;0.804;0.804
'RespondedExistence(o, e)';'RespondedExistence';'o';'e';0.786;0.877;0.877
'CoExistence(o, f)';'CoExistence';'o';'f';0.870;0.879;0.879
'RespondedExistence(o, f)';'RespondedExistence';'o';'f';0.870;0.971;0.971
'Response(o, f)';'Response';'o';'f';0.680;0.759;0.759
'CoExistence(o, g)';'CoExistence';'o';'g';0.822;0.842;0.842
'RespondedExistence(o, g)';'RespondedExistence';'o';'g';0.822;0.917;0.917
'Response(o, g)';'Response';'o';'g';0.456;0.509;0.509
'CoExistence(o, h)';'CoExistence';'o';'h';0.674;0.704;0.704
'RespondedExistence(o, h)';'RespondedExistence';'o';'h';0.674;0.752;0.752
'CoExistence(o, i)';'CoExistence';'o';'i';0.818;0.843;0.843
'RespondedExistence(o, i)';'RespondedExistence';'o';'i';0.818;0.913;0.913
'Response(o, i)';'Response';'o';'i';0.452;0.504;0.504
'CoExistence(o, l)';'CoExistence';'o';'l';0.568;0.594;0.594
'RespondedExistence(o, l)';'RespondedExistence';'o';'l';0.568;0.634;0.634
'NotSuccession(o, l)';'NotSuccession';'o';'l';0.480;0.502;0.502
'CoExistence(o, m)';'CoExistence';'o';'m';0.782;0.806;0.806
'RespondedExistence(o, m)';'RespondedExistence';'o';'m';0.782;0.873;0.873
'CoExistence(o, n)';'CoExistence';'o';'n';0.886;0.895;0.895
'RespondedExistence(o, n)';'RespondedExistence';'o';'n';0.886;0.989;0.989
'Response(o, n)';'Response';'o';'n';0.696;0.777;0.777
'CoExistence(o, p)';'CoExistence';'o';'p';0.896;0.909;0.909
'ChainResponse(o, p)';'ChainResponse';'o';'p';0.700;0.781;0.781
'CoExistence(o, q)';'CoExistence';'o';'q';0.772;0.786;0.786
'RespondedExistence(o, q)';'RespondedExistence';'o';'q';0.772;0.862;0.862
'NotSuccession(o, r)';'NotSuccession';'o';'r';0.836;0.927;0.927
'NotCoExistence(o, r)';'NotCoExistence';'o';'r';0.808;0.896;0.896
'CoExistence(o, s)';'CoExistence';'o';'s';0.802;0.823;0.823
'RespondedExistence(o, s)';'RespondedExistence';'o';'s';0.802;0.895;0.895
'CoExistence(o, t)';'CoExistence';'o';'t';0.876;0.885;0.885
'RespondedExistence(o, t)';'RespondedExistence';'o';'t';0.876;0.978;0.978
'Response(o, t)';'Response';'o';'t';0.526;0.587;0.587
'CoExistence(o, u)';'CoExistence';'o';'u';0.820;0.844;0.844
'RespondedExistence(o, u)';'RespondedExistence';'o';'u';0.820;0.915;0.915
'Response(o, u)';'Response';'o';'u';0.450;0.502;0.502
'CoExistence(o, v)';'CoExistence';'o';'v';0.830;0.845;0.845
'RespondedExistence(o, v)';'RespondedExistence';'o';'v';0.830;0.926;0.926
'Response(o, v)';'Response';'o';'v';0.462;0.516;0.516
'CoExistence(o, w)';'CoExistence';'o';'w';0.830;0.847;0.847
'RespondedExistence(o, w)';'RespondedExistence';'o';'w';0.830;0.926;0.926
'CoExistence(o, z)';'CoExistence';'o';'z';0.804;0.820;0.820
'RespondedExistence(o, z)';'RespondedExistence';'o';'z';0.804;0.897;0.897
'Participation(p)';'Participation';'p';;0.986;0.986;0.986
'CoExistence(p, a)';'CoExistence';'p';'a';0.986;0.986;0.986
'CoExistence(p, b)';'CoExistence';'p';'b';0.986;0.986;0.986
'Succession(p, b)';'Succession';'p';'b';0.646;0.646;0.646
'CoExistence(p, c)';'CoExistence';'p';'c';0.852;0.859;0.859
'RespondedExistence(p, c)';'RespondedExistence';'p';'c';0.852;0.864;0.864
'CoExistence(p, d)';'CoExistence';'p';'d';0.986;0.986;0.986
'CoExistence(p, e)';'CoExistence';'p';'e';0.860;0.865;0.865
'RespondedExistence(p, e)';'RespondedExistence';'p';'e';0.860;0.872;0.872
'CoExistence(p, f)';'CoExistence';'p';'f';0.952;0.954;0.954
'RespondedExistence(p, f)';'RespondedExistence';'p';'f';0.952;0.966;0.966
'Response(p, f)';'Response';'p';'f';0.662;0.671;0.671
'CoExistence(p, g)';'CoExistence';'p';'g';0.896;0.903;0.903
'RespondedExistence(p, g)';'RespondedExistence';'p';'g';0.896;0.909;0.909
'CoExistence(p, h)';'CoExistence';'p';'h';0.728;0.732;0.732
'RespondedExistence(p, h)';'RespondedExistence';'p';'h';0.728;0.738;0.738
'CoExistence(p, i)';'CoExistence';'p';'i';0.886;0.893;0.893
'RespondedExistence(p, i)';'RespondedExistence';'p';'i';0.886;0.899;0.899
'CoExistence(p, l)';'CoExistence';'p';'l';0.626;0.634;0.634
'RespondedExistence(p, l)';'RespondedExistence';'p';'l';0.626;0.635;0.635
'CoExistence(p, m)';'CoExistence';'p';'m';0.852;0.861;0.861
'RespondedExistence(p, m)';'RespondedExistence';'p';'m';0.852;0.864;0.864
'CoExistence(p, n)';'CoExistence';'p';'n';0.968;0.970;0.970
'RespondedExistence(p, n)';'RespondedExistence';'p';'n';0.968;0.982;0.982
'Response(p, n)';'Response';'p';'n';0.674;0.684;0.684
'CoExistence(p, o)';'CoExistence';'p';'o';0.896;0.909;0.909
'RespondedExistence(p, o)';'RespondedExistence';'p';'o';0.896;0.909;0.909
'CoExistence(p, q)';'CoExistence';'p';'q';0.850;0.855;0.855
'RespondedExistence(p, q)';'RespondedExistence';'p';'q';0.850;0.862;0.862
'NotSuccession(p, r)';'NotSuccession';'p';'r';0.898;0.911;0.911
'NotCoExistence(p, r)';'NotCoExistence';'p';'r';0.886;0.899;0.899
'CoExistence(p, s)';'CoExistence';'p';'s';0.872;0.877;0.877
'RespondedExistence(p, s)';'RespondedExistence';'p';'s';0.872;0.884;0.884
'CoExistence(p, t)';'CoExistence';'p';'t';0.958;0.960;0.960
'RespondedExistence(p, t)';'RespondedExistence';'p';'t';0.958;0.972;0.972
'CoExistence(p, u)';'CoExistence';'p';'u';0.890;0.897;0.897
'RespondedExistence(p, u)';'RespondedExistence';'p';'u';0.890;0.903;0.903
'CoExistence(p, v)';'CoExistence';'p';'v';0.906;0.910;0.910
'RespondedExistence(p, v)';'RespondedExistence';'p';'v';0.906;0.919;0.919
'CoExistence(p, w)';'CoExistence';'p';'w';0.900;0.900;0.900
'RespondedExistence(p, w)';'RespondedExistence';'p';'w';0.900;0.913;0.913
'CoExistence(p, z)';'CoExistence';'p';'z';0.876;0.878;0.878
'RespondedExistence(p, z)';'RespondedExistence';'p';'z';0.876;0.888;0.888
'Participation(q)';'Participation';'q';;0.858;0.858;0.858
'Precedence(b, q)';'Precedence';'q';'b';0.430;0.501;0.501
'Precedence(p, q)';'Precedence';'q';'p';0.544;0.634;0.634
'CoExistence(q, a)';'CoExistence';'q';'a';0.858;0.858;0.858
'Response(q, a)';'Response';'q';'a';0.430;0.501;0.501
'CoExistence(q, b)';'CoExistence';'q';'b';0.858;0.858;0.858
'CoExistence(q, c)';'CoExistence';'q';'c';0.746;0.769;0.769
'RespondedExistence(q, c)';'RespondedExistence';'q';'c';0.746;0.869;0.869
'NotSuccession(q, c)';'NotSuccession';'q';'c';0.602;0.621;0.621
'CoExistence(q, d)';'CoExistence';'q';'d';0.858;0.858;0.858
'Response(q, d)';'Response';'q';'d';0.530;0.618;0.618
'CoExistence(q, e)';'CoExistence';'q';'e';0.768;0.802;0.802
'RespondedExistence(q, e)';'RespondedExistence';'q';'e';0.768;0.895;0.895
'CoExistence(q, f)';'CoExistence';'q';'f';0.836;0.848;0.848
'RespondedExistence(q, f)';'RespondedExistence';'q';'f';0.836;0.974;0.974
'Response(q, f)';'Response';'q';'f';0.686;0.800;0.800
'CoExistence(q, g)';'CoExistence';'q';'g';0.784;0.803;0.803
'RespondedExistence(q, g)';'RespondedExistence';'q';'g';0.784;0.914;0.914
'Response(q, g)';'Response';'q';'g';0.432;0.503;0.503
'CoExistence(q, h)';'CoExistence';'q';'h';0.650;0.689;0.689
'RespondedExistence(q, h)';'RespondedExistence';'q';'h';0.650;0.758;0.758
'CoExistence(q, i)';'CoExistence';'q';'i';0.784;0.812;0.812
'RespondedExistence(q, i)';'RespondedExistence';'q';'i';0.784;0.914;0.914
'CoExistence(q, l)';'CoExistence';'q';'l';0.554;0.594;0.594
'RespondedExistence(q, l)';'RespondedExistence';'q';'l';0.554;0.646;0.646
'NotSuccession(q, l)';'NotSuccession';'q';'l';0.468;0.502;0.502
'CoExistence(q, m)';'CoExistence';'q';'m';0.752;0.782;0.782
'RespondedExistence(q, m)';'RespondedExistence';'q';'m';0.752;0.876;0.876
'CoExistence(q, n)';'CoExistence';'q';'n';0.844;0.849;0.849
'RespondedExistence(q, n)';'RespondedExistence';'q';'n';0.844;0.984;0.984
'Response(q, n)';'Response';'q';'n';0.688;0.802;0.802
'CoExistence(q, o)';'CoExistence';'q';'o';0.772;0.786;0.786
'RespondedExistence(q, o)';'RespondedExistence';'q';'o';0.772;0.900;0.900
'CoExistence(q, p)';'CoExistence';'q';'p';0.850;0.855;0.855
'RespondedExistence(q, p)';'RespondedExistence';'q';'p';0.850;0.991;0.991
'Response(q, p)';'Response';'q';'p';0.578;0.674;0.674
'NotSuccession(q, r)';'NotSuccession';'q';'r';0.766;0.891;0.891
'NotCoExistence(q, r)';'NotCoExistence';'q';'r';0.762;0.886;0.886
'CoExistence(q, s)';'CoExistence';'q';'s';0.780;0.814;0.814
'RespondedExistence(q, s)';'RespondedExistence';'q';'s';0.780;0.909;0.909
'CoExistence(q, t)';'CoExistence';'q';'t';0.838;0.846;0.846
'RespondedExistence(q, t)';'RespondedExistence';'q';'t';0.838;0.977;0.977
'Response(q, t)';'Response';'q';'t';0.488;0.569;0.569
'CoExistence(q, u)';'CoExistence';'q';'u';0.782;0.805;0.805
'RespondedExistence(q, u)';'RespondedExistence';'q';'u';0.782;0.911;0.911
'CoExistence(q, v)';'CoExistence';'q';'v';0.792;0.807;0.807
'RespondedExistence(q, v)';'RespondedExistence';'q';'v';0.792;0.923;0.923
'CoExistence(q, w)';'CoExistence';'q';'w';0.790;0.804;0.804
'RespondedExistence(q, w)';'RespondedExistence';'q';'w';0.790;0.921;0.921
'CoExistence(q, z)';'CoExistence';'q';'z';0.762;0.774;0.774
'RespondedExistence(q, z)';'RespondedExistence';'q';'z';0.762;0.888;0.888
'AtMostOne(r)';'AtMostOne';'r';;0.098;0.980;0.980
'AlternatePrecedence(a, r)';'AlternatePrecedence';'r';'a';0.098;0.980;0.980
'Precedence(b, r)';'Precedence';'r';'b';0.068;0.680;0.680
'AlternatePrecedence(b, r)';'AlternatePrecedence';'r';'b';0.068;0.680;0.680
'Precedence(c, r)';'Precedence';'r';'c';0.070;0.700;0.700
'AlternatePrecedence(c, r)';'AlternatePrecedence';'r';'c';0.068;0.680;0.680
'Precedence(d, r)';'Precedence';'r';'d';0.060;0.600;0.600
'AlternatePrecedence(d, r)';'AlternatePrecedence';'r';'d';0.058;0.580;0.580
'Precedence(e, r)';'Precedence';'r';'e';0.066;0.660;0.660
'AlternatePrecedence(e, r)';'AlternatePrecedence';'r';'e';0.066;0.660;0.660
'Precedence(f, r)';'Precedence';'r';'f';0.066;0.660;0.660
'AlternatePrecedence(f, r)';'AlternatePrecedence';'r';'f';0.064;0.640;0.640
'Precedence(g, r)';'Precedence';'r';'g';0.070;0.700;0.700
'AlternatePrecedence(g, r)';'AlternatePrecedence';'r';'g';0.068;0.680;0.680
'Precedence(m, r)';'Precedence';'r';'m';0.056;0.560;0.560
'AlternatePrecedence(m, r)';'AlternatePrecedence';'r';'m';0.054;0.540;0.540
'Precedence(n, r)';'Precedence';'r';'n';0.064;0.640;0.640
'AlternatePrecedence(n, r)';'AlternatePrecedence';'r';'n';0.064;0.640;0.640
'Precedence(o, r)';'Precedence';'r';'o';0.066;0.660;0.660
'AlternatePrecedence(o, r)';'AlternatePrecedence';'r';'o';0.064;0.640;0.640
'Precedence(p, r)';'Precedence';'r';'p';0.088;0.880;0.880
'AlternatePrecedence(p, r)';'AlternatePrecedence';'r';'p';0.088;0.880;0.880
'ChainPrecedence(q, r)';'ChainPrecedence';'r';'q';0.084;0.840;0.840
'Response(r, a)';'Response';'r';'a';0.056;0.560;0.560
'AlternateResponse(r, a)';'AlternateResponse';'r';'a';0.056;0.560;0.560
'NotSuccession(r, a)';'NotSuccession';'r';'a';0.944;0.944;0.944
'NotCoExistence(r, a)';'NotCoExistence';'r';'a';0.900;0.900;0.900
'AlternateResponse(r, b)';'AlternateResponse';'r';'b';0.100;1.000;1.000
'NotSuccession(r, b)';'NotSuccession';'r';'b';0.900;0.900;0.900
'NotCoExistence(r, b)';'NotCoExistence';'r';'b';0.900;0.900;0.900
'RespondedExistence(r, c)';'RespondedExistence';'r';'c';0.088;0.880;0.880
'NotSuccession(r, c)';'NotSuccession';'r';'c';0.852;0.979;0.979
'NotCoExistence(r, c)';'NotCoExistence';'r';'c';0.782;0.899;0.899
'Response(r, d)';'Response';'r';'d';0.078;0.780;0.780
'AlternateResponse(r, d)';'AlternateResponse';'r';'d';0.076;0.760;0.760
'NotSuccession(r, d)';'NotSuccession';'r';'d';0.922;0.922;0.922
'NotCoExistence(r, d)';'NotCoExistence';'r';'d';0.900;0.900;0.900
'RespondedExistence(r, e)';'RespondedExistence';'r';'e';0.084;0.840;0.840
'Response(r, e)';'Response';'r';'e';0.052;0.520;0.520
'AlternateResponse(r, e)';'AlternateResponse';'r';'e';0.052;0.520;0.520
'NotSuccession(r, e)';'NotSuccession';'r';'e';0.832;0.941;0.941
'NotCoExistence(r, e)';'NotCoExistence';'r';'e';0.800;0.905;0.905
'RespondedExistence(r, f)';'RespondedExistence';'r';'f';0.098;0.980;0.980
'Response(r, f)';'Response';'r';'f';0.088;0.880;0.880
'AlternateResponse(r, f)';'AlternateResponse';'r';'f';0.086;0.860;0.860
'NotSuccession(r, f)';'NotSuccession';'r';'f';0.878;0.909;0.909
'NotCoExistence(r, f)';'NotCoExistence';'r';'f';0.868;0.899;0.899
'RespondedExistence(r, g)';'RespondedExistence';'r';'g';0.088;0.880;0.880
'Response(r, g)';'Response';'r';'g';0.068;0.680;0.680
'AlternateResponse(r, g)';'AlternateResponse';'r';'g';0.066;0.660;0.660
'NotSuccession(r, g)';'NotSuccession';'r';'g';0.846;0.926;0.926
'NotCoExistence(r, g)';'NotCoExistence';'r';'g';0.826;0.904;0.904
'RespondedExistence(r, h)';'RespondedExistence';'r';'h';0.080;0.800;0.800
'Response(r, h)';'Response';'r';'h';0.062;0.620;0.620
'AlternateResponse(r, h)';'AlternateResponse';'r';'h';0.062;0.620;0.620
'NotSuccession(r, h)';'NotSuccession';'r';'h';0.694;0.918;0.918
'NotCoExistence(r, h)';'NotCoExistence';'r';'h';0.676;0.894;0.894
'RespondedExistence(r, i)';'RespondedExistence';'r';'i';0.090;0.900;0.900
'Response(r, i)';'Response';'r';'i';0.064;0.640;0.640
'AlternateResponse(r, i)';'AlternateResponse';'r';'i';0.064;0.640;0.640
'NotSuccession(r, i)';'NotSuccession';'r';'i';0.838;0.929;0.929
'NotCoExistence(r, i)';'NotCoExistence';'r';'i';0.812;0.900;0.900
'RespondedExistence(r, l)';'RespondedExistence';'r';'l';0.068;0.680;0.680
'NotSuccession(r, l)';'NotSuccession';'r';'l';0.612;0.927;0.927
'NotCoExistence(r, l)';'NotCoExistence';'r';'l';0.592;0.897;0.897
'RespondedExistence(r, m)';'RespondedExistence';'r';'m';0.086;0.860;0.860
'NotSuccession(r, m)';'NotSuccession';'r';'m';0.826;0.949;0.949
'NotCoExistence(r, m)';'NotCoExistence';'r';'m';0.784;0.901;0.901
'RespondedExistence(r, n)';'RespondedExistence';'r';'n';0.098;0.980;0.980
'Response(r, n)';'Response';'r';'n';0.092;0.920;0.920
'AlternateResponse(r, n)';'AlternateResponse';'r';'n';0.092;0.920;0.920
'NotSuccession(r, n)';'NotSuccession';'r';'n';0.890;0.906;0.906
'NotCoExistence(r, n)';'NotCoExistence';'r';'n';0.884;0.900;0.900
'RespondedExistence(r, o)';'RespondedExistence';'r';'o';0.094;0.940;0.940
'Response(r, o)';'Response';'r';'o';0.062;0.620;0.620
'AlternateResponse(r, o)';'AlternateResponse';'r';'o';0.062;0.620;0.620
'NotSuccession(r, o)';'NotSuccession';'r';'o';0.840;0.931;0.931
'NotCoExistence(r, o)';'NotCoExistence';'r';'o';0.808;0.896;0.896
'RespondedExistence(r, p)';'RespondedExistence';'r';'p';0.100;1.000;1.000
'Response(r, p)';'Response';'r';'p';0.080;0.800;0.800
'AlternateResponse(r, p)';'AlternateResponse';'r';'p';0.080;0.800;0.800
'NotSuccession(r, p)';'NotSuccession';'r';'p';0.906;0.919;0.919
'NotCoExistence(r, p)';'NotCoExistence';'r';'p';0.886;0.899;0.899
'NotSuccession(r, q)';'NotSuccession';'r';'q';0.810;0.942;0.942
'NotCoExistence(r, q)';'NotCoExistence';'r';'q';0.762;0.886;0.886
'RespondedExistence(r, s)';'RespondedExistence';'r';'s';0.086;0.860;0.860
'Response(r, s)';'Response';'r';'s';0.058;0.580;0.580
'AlternateResponse(r, s)';'AlternateResponse';'r';'s';0.056;0.560;0.560
'NotSuccession(r, s)';'NotSuccession';'r';'s';0.836;0.935;0.935
'NotCoExistence(r, s)';'NotCoExistence';'r';'s';0.808;0.904;0.904
'RespondedExistence(r, t)';'RespondedExistence';'r';'t';0.098;0.980;0.980
'Response(r, t)';'Response';'r';'t';0.070;0.700;0.700
'AlternateResponse(r, t)';'AlternateResponse';'r';'t';0.070;0.700;0.700
'NotSuccession(r, t)';'NotSuccession';'r';'t';0.900;0.926;0.926
'NotCoExistence(r, t)';'NotCoExistence';'r';'t';0.874;0.899;0.899
'RespondedExistence(r, u)';'RespondedExistence';'r';'u';0.086;0.860;0.860
'Response(r, u)';'Response';'r';'u';0.054;0.540;0.540
'AlternateResponse(r, u)';'AlternateResponse';'r';'u';0.052;0.520;0.520
'NotSuccession(r, u)';'NotSuccession';'r';'u';0.856;0.941;0.941
'NotCoExistence(r, u)';'NotCoExistence';'r';'u';0.824;0.905;0.905
'RespondedExistence(r, v)';'RespondedExistence';'r';'v';0.090;0.900;0.900
'Response(r, v)';'Response';'r';'v';0.056;0.560;0.560
'AlternateResponse(r, v)';'AlternateResponse';'r';'v';0.056;0.560;0.560
'NotSuccession(r, v)';'NotSuccession';'r';'v';0.870;0.940;0.940
'NotCoExistence(r, v)';'NotCoExistence';'r';'v';0.836;0.903;0.903
'RespondedExistence(r, w)';'RespondedExistence';'r';'w';0.096;0.960;0.960
'Response(r, w)';'Response';'r';'w';0.066;0.660;0.660
'AlternateResponse(r, w)';'AlternateResponse';'r';'w';0.066;0.660;0.660
'NotSuccession(r, w)';'NotSuccession';'r';'w';0.852;0.928;0.928
'NotCoExistence(r, w)';'NotCoExistence';'r';'w';0.822;0.895;0.895
'RespondedExistence(r, z)';'RespondedExistence';'r';'z';0.092;0.920;0.920
'Response(r, z)';'Response';'r';'z';0.062;0.620;0.620
'AlternateResponse(r, z)';'AlternateResponse';'r';'z';0.062;0.620;0.620
'NotSuccession(r, z)';'NotSuccession';'r';'z';0.834;0.931;0.931
'NotCoExistence(r, z)';'NotCoExistence';'r';'z';0.804;0.897;0.897
'Precedence(s, r)';'Precedence';'r';'s';0.054;0.540;0.540
'AlternatePrecedence(s, r)';'AlternatePrecedence';'r';'s';0.054;0.540;0.540
'Precedence(t, r)';'Precedence';'r';'t';0.064;0.640;0.640
'AlternatePrecedence(t, r)';'AlternatePrecedence';'r';'t';0.064;0.640;0.640
'Precedence(u, r)';'Precedence';'r';'u';0.062;0.620;0.620
'AlternatePrecedence(u, r)';'AlternatePrecedence';'r';'u';0.060;0.600;0.600
'Precedence(v, r)';'Precedence';'r';'v';0.070;0.700;0.700
'AlternatePrecedence(v, r)';'AlternatePrecedence';'r';'v';0.068;0.680;0.680
'Precedence(w, r)';'Precedence';'r';'w';0.064;0.640;0.640
'AlternatePrecedence(w, r)';'AlternatePrecedence';'r';'w';0.062;0.620;0.620
'Precedence(z, r)';'Precedence';'r';'z';0.062;0.620;0.620
'AlternatePrecedence(z, r)';'AlternatePrecedence';'r';'z';0.060;0.600;0.600
'Participation(s)';'Participation';'s';;0.880;0.880;0.880
'Precedence(p, s)';'Precedence';'s';'p';0.572;0.650;0.650
'CoExistence(s, a)';'CoExistence';'s';'a';0.880;0.880;0.880
'CoExistence(s, b)';'CoExistence';'s';'b';0.880;0.880;0.880
'CoExistence(s, c)';'CoExistence';'s';'c';0.762;0.781;0.781
'RespondedExistence(s, c)';'RespondedExistence';'s';'c';0.762;0.866;0.866
'NotSuccession(s, c)';'NotSuccession';'s';'c';0.576;0.590;0.590
'CoExistence(s, d)';'CoExistence';'s';'d';0.880;0.880;0.880
'Response(s, d)';'Response';'s';'d';0.472;0.536;0.536
'CoExistence(s, e)';'CoExistence';'s';'e';0.784;0.813;0.813
'RespondedExistence(s, e)';'RespondedExistence';'s';'e';0.784;0.891;0.891
'CoExistence(s, f)';'CoExistence';'s';'f';0.856;0.866;0.866
'RespondedExistence(s, f)';'RespondedExistence';'s';'f';0.856;0.973;0.973
'Response(s, f)';'Response';'s';'f';0.654;0.743;0.743
'CoExistence(s, g)';'CoExistence';'s';'g';0.808;0.830;0.830
'RespondedExistence(s, g)';'RespondedExistence';'s';'g';0.808;0.918;0.918
'CoExistence(s, h)';'CoExistence';'s';'h';0.658;0.687;0.687
'RespondedExistence(s, h)';'RespondedExistence';'s';'h';0.658;0.748;0.748
'CoExistence(s, i)';'CoExistence';'s';'i';0.802;0.827;0.827
'RespondedExistence(s, i)';'RespondedExistence';'s';'i';0.802;0.911;0.911
'CoExistence(s, l)';'CoExistence';'s';'l';0.572;0.611;0.611
'RespondedExistence(s, l)';'RespondedExistence';'s';'l';0.572;0.650;0.650
'CoExistence(s, m)';'CoExistence';'s';'m';0.774;0.805;0.805
'RespondedExistence(s, m)';'RespondedExistence';'s';'m';0.774;0.880;0.880
'CoExistence(s, n)';'CoExistence';'s';'n';0.872;0.883;0.883
'RespondedExistence(s, n)';'RespondedExistence';'s';'n';0.872;0.991;0.991
'Response(s, n)';'Response';'s';'n';0.658;0.748;0.748
'CoExistence(s, o)';'CoExistence';'s';'o';0.802;0.823;0.823
'RespondedExistence(s, o)';'RespondedExistence';'s';'o';0.802;0.911;0.911
'CoExistence(s, p)';'CoExistence';'s';'p';0.872;0.877;0.877
'RespondedExistence(s, p)';'RespondedExistence';'s';'p';0.872;0.991;0.991
'Response(s, p)';'Response';'s';'p';0.540;0.614;0.614
'CoExistence(s, q)';'CoExistence';'s';'q';0.780;0.814;0.814
'RespondedExistence(s, q)';'RespondedExistence';'s';'q';0.780;0.886;0.886
'NotSuccession(s, r)';'NotSuccession';'s';'r';0.840;0.940;0.940
'NotCoExistence(s, r)';'NotCoExistence';'s';'r';0.808;0.904;0.904
'CoExistence(s, t)';'CoExistence';'s';'t';0.878;0.903;0.903
'RespondedExistence(s, t)';'RespondedExistence';'s';'t';0.878;0.998;0.998
'Response(s, t)';'Response';'s';'t';0.460;0.523;0.523
'CoExistence(s, u)';'CoExistence';'s';'u';0.804;0.827;0.827
'RespondedExistence(s, u)';'RespondedExistence';'s';'u';0.804;0.914;0.914
'CoExistence(s, v)';'CoExistence';'s';'v';0.808;0.818;0.818
'RespondedExistence(s, v)';'RespondedExistence';'s';'v';0.808;0.918;0.918
'CoExistence(s, w)';'CoExistence';'s';'w';0.818;0.838;0.838
'RespondedExistence(s, w)';'RespondedExistence';'s';'w';0.818;0.930;0.930
'CoExistence(s, z)';'CoExistence';'s';'z';0.792;0.811;0.811
'RespondedExistence(s, z)';'RespondedExistence';'s';'z';0.792;0.900;0.900
'Participation(t)';'Participation';'t';;0.970;0.970;0.970
'Precedence(b, t)';'Precedence';'t';'b';0.500;0.515;0.515
'Precedence(p, t)';'Precedence';'t';'p';0.656;0.676;0.676
'CoExistence(t, a)';'CoExistence';'t';'a';0.970;0.970;0.970
'CoExistence(t, b)';'CoExistence';'t';'b';0.970;0.970;0.970
'CoExistence(t, c)';'CoExistence';'t';'c';0.836;0.843;0.843
'RespondedExistence(t, c)';'RespondedExistence';'t';'c';0.836;0.862;0.862
'NotSuccession(t, c)';'NotSuccession';'t';'c';0.604;0.609;0.609
'CoExistence(t, d)';'CoExistence';'t';'d';0.970;0.970;0.970
'Response(t, d)';'Response';'t';'d';0.518;0.534;0.534
'CoExistence(t, e)';'CoExistence';'t';'e';0.852;0.864;0.864
'RespondedExistence(t, e)';'RespondedExistence';'t';'e';0.852;0.878;0.878
'CoExistence(t, f)';'CoExistence';'t';'f';0.934;0.934;0.934
'RespondedExistence(t, f)';'RespondedExistence';'t';'f';0.934;0.963;0.963
'Response(t, f)';'Response';'t';'f';0.700;0.722;0.722
'CoExistence(t, g)';'CoExistence';'t';'g';0.884;0.895;0.895
'RespondedExistence(t, g)';'RespondedExistence';'t';'g';0.884;0.911;0.911
'CoExistence(t, h)';'CoExistence';'t';'h';0.720;0.730;0.730
'RespondedExistence(t, h)';'RespondedExistence';'t';'h';0.720;0.742;0.742
'CoExistence(t, i)';'CoExistence';'t';'i';0.866;0.869;0.869
'RespondedExistence(t, i)';'RespondedExistence';'t';'i';0.866;0.893;0.893
'CoExistence(t, l)';'CoExistence';'t';'l';0.616;0.627;0.627
'RespondedExistence(t, l)';'RespondedExistence';'t';'l';0.616;0.635;0.635
'NotSuccession(t, l)';'NotSuccession';'t';'l';0.500;0.509;0.509
'CoExistence(t, m)';'CoExistence';'t';'m';0.842;0.856;0.856
'RespondedExistence(t, m)';'RespondedExistence';'t';'m';0.842;0.868;0.868
'CoExistence(t, n)';'CoExistence';'t';'n';0.954;0.958;0.958
'RespondedExistence(t, n)';'RespondedExistence';'t';'n';0.954;0.984;0.984
'Response(t, n)';'Response';'t';'n';0.724;0.746;0.746
'CoExistence(t, o)';'CoExistence';'t';'o';0.876;0.885;0.885
'RespondedExistence(t, o)';'RespondedExistence';'t';'o';0.876;0.903;0.903
'CoExistence(t, p)';'CoExistence';'t';'p';0.958;0.960;0.960
'RespondedExistence(t, p)';'RespondedExistence';'t';'p';0.958;0.988;0.988
'Response(t, p)';'Response';'t';'p';0.534;0.551;0.551
'CoExistence(t, q)';'CoExistence';'t';'q';0.838;0.846;0.846
'RespondedExistence(t, q)';'RespondedExistence';'t';'q';0.838;0.864;0.864
'NotSuccession(t, r)';'NotSuccession';'t';'r';0.906;0.932;0.932
'NotCoExistence(t, r)';'NotCoExistence';'t';'r';0.874;0.899;0.899
'CoExistence(t, s)';'CoExistence';'t';'s';0.878;0.903;0.903
'RespondedExistence(t, s)';'RespondedExistence';'t';'s';0.878;0.905;0.905
'CoExistence(t, u)';'CoExistence';'t';'u';0.876;0.885;0.885
'RespondedExistence(t, u)';'RespondedExistence';'t';'u';0.876;0.903;0.903
'CoExistence(t, v)';'CoExistence';'t';'v';0.890;0.894;0.894
'RespondedExistence(t, v)';'RespondedExistence';'t';'v';0.890;0.918;0.918
'CoExistence(t, w)';'CoExistence';'t';'w';0.896;0.907;0.907
'RespondedExistence(t, w)';'RespondedExistence';'t';'w';0.896;0.924;0.924
'CoExistence(t, z)';'CoExistence';'t';'z';0.868;0.877;0.877
'RespondedExistence(t, z)';'RespondedExistence';'t';'z';0.868;0.895;0.895
'Precedence(v, t)';'Precedence';'t';'v';0.490;0.505;0.505
'Precedence(z, t)';'Precedence';'t';'z';0.490;0.505;0.505
'Participation(u)';'Participation';'u';;0.896;0.896;0.896
'Precedence(p, u)';'Precedence';'u';'p';0.558;0.623;0.623
'CoExistence(u, a)';'CoExistence';'u';'a';0.896;0.896;0.896
'CoExistence(u, b)';'CoExistence';'u';'b';0.896;0.896;0.896
'CoExistence(u, c)';'CoExistence';'u';'c';0.774;0.790;0.790
'RespondedExistence(u, c)';'RespondedExistence';'u';'c';0.774;0.864;0.864
'NotSuccession(u, c)';'NotSuccession';'u';'c';0.586;0.598;0.598
'CoExistence(u, d)';'CoExistence';'u';'d';0.896;0.896;0.896
'Response(u, d)';'Response';'u';'d';0.498;0.556;0.556
'CoExistence(u, e)';'CoExistence';'u';'e';0.790;0.811;0.811
'RespondedExistence(u, e)';'RespondedExistence';'u';'e';0.790;0.882;0.882
'CoExistence(u, f)';'CoExistence';'u';'f';0.870;0.879;0.879
'RespondedExistence(u, f)';'RespondedExistence';'u';'f';0.870;0.971;0.971
'Response(u, f)';'Response';'u';'f';0.694;0.775;0.775
'CoExistence(u, g)';'CoExistence';'u';'g';0.818;0.835;0.835
'RespondedExistence(u, g)';'RespondedExistence';'u';'g';0.818;0.913;0.913
'CoExistence(u, h)';'CoExistence';'u';'h';0.670;0.696;0.696
'RespondedExistence(u, h)';'RespondedExistence';'u';'h';0.670;0.748;0.748
'CoExistence(u, i)';'CoExistence';'u';'i';0.808;0.824;0.824
'RespondedExistence(u, i)';'RespondedExistence';'u';'i';0.808;0.902;0.902
'CoExistence(u, l)';'CoExistence';'u';'l';0.566;0.591;0.591
'RespondedExistence(u, l)';'RespondedExistence';'u';'l';0.566;0.632;0.632
'NotSuccession(u, l)';'NotSuccession';'u';'l';0.504;0.526;0.526
'CoExistence(u, m)';'CoExistence';'u';'m';0.782;0.806;0.806
'RespondedExistence(u, m)';'RespondedExistence';'u';'m';0.782;0.873;0.873
'CoExistence(u, n)';'CoExistence';'u';'n';0.882;0.887;0.887
'RespondedExistence(u, n)';'RespondedExistence';'u';'n';0.882;0.984;0.984
'Response(u, n)';'Response';'u';'n';0.682;0.761;0.761
'CoExistence(u, o)';'CoExistence';'u';'o';0.820;0.844;0.844
'RespondedExistence(u, o)';'RespondedExistence';'u';'o';0.820;0.915;0.915
'CoExistence(u, p)';'CoExistence';'u';'p';0.890;0.897;0.897
'RespondedExistence(u, p)';'RespondedExistence';'u';'p';0.890;0.993;0.993
'Response(u, p)';'Response';'u';'p';0.560;0.625;0.625
'CoExistence(u, q)';'CoExistence';'u';'q';0.782;0.805;0.805
'RespondedExistence(u, q)';'RespondedExistence';'u';'q';0.782;0.873;0.873
'NotSuccession(u, r)';'NotSuccession';'u';'r';0.848;0.932;0.932
'NotCoExistence(u, r)';'NotCoExistence';'u';'r';0.824;0.905;0.905
'CoExistence(u, s)';'CoExistence';'u';'s';0.804;0.827;0.827
'RespondedExistence(u, s)';'RespondedExistence';'u';'s';0.804;0.897;0.897
'CoExistence(u, t)';'CoExistence';'u';'t';0.876;0.885;0.885
'RespondedExistence(u, t)';'RespondedExistence';'u';'t';0.876;0.978;0.978
'Response(u, t)';'Response';'u';'t';0.496;0.554;0.554
'CoExistence(u, v)';'CoExistence';'u';'v';0.828;0.841;0.841
'RespondedExistence(u, v)';'RespondedExistence';'u';'v';0.828;0.924;0.924
'CoExistence(u, w)';'CoExistence';'u';'w';0.830;0.847;0.847
'RespondedExistence(u, w)';'RespondedExistence';'u';'w';0.830;0.926;0.926
'CoExistence(u, z)';'CoExistence';'u';'z';0.800;0.813;0.813
'RespondedExistence(u, z)';'RespondedExistence';'u';'z';0.800;0.893;0.893
'Participation(v)';'Participation';'v';;0.916;0.916;0.916
'Precedence(p, v)';'Precedence';'v';'p';0.578;0.631;0.631
'CoExistence(v, a)';'CoExistence';'v';'a';0.916;0.916;0.916
'CoExistence(v, b)';'CoExistence';'v';'b';0.916;0.916;0.916
'CoExistence(v, c)';'CoExistence';'v';'c';0.788;0.799;0.799
'RespondedExistence(v, c)';'RespondedExistence';'v';'c';0.788;0.860;0.860
'NotSuccession(v, c)';'NotSuccession';'v';'c';0.564;0.572;0.572
'CoExistence(v, d)';'CoExistence';'v';'d';0.916;0.916;0.916
'Response(v, d)';'Response';'v';'d';0.534;0.583;0.583
'CoExistence(v, e)';'CoExistence';'v';'e';0.806;0.824;0.824
'RespondedExistence(v, e)';'RespondedExistence';'v';'e';0.806;0.880;0.880
'CoExistence(v, f)';'CoExistence';'v';'f';0.888;0.895;0.895
'RespondedExistence(v, f)';'RespondedExistence';'v';'f';0.888;0.969;0.969
'Response(v, f)';'Response';'v';'f';0.720;0.786;0.786
'CoExistence(v, g)';'CoExistence';'v';'g';0.828;0.836;0.836
'RespondedExistence(v, g)';'RespondedExistence';'v';'g';0.828;0.904;0.904
'CoExistence(v, h)';'CoExistence';'v';'h';0.676;0.693;0.693
'RespondedExistence(v, h)';'RespondedExistence';'v';'h';0.676;0.738;0.738
'CoExistence(v, i)';'CoExistence';'v';'i';0.820;0.830;0.830
'RespondedExistence(v, i)';'RespondedExistence';'v';'i';0.820;0.895;0.895
'CoExistence(v, l)';'CoExistence';'v';'l';0.574;0.592;0.592
'RespondedExistence(v, l)';'RespondedExistence';'v';'l';0.574;0.627;0.627
'NotSuccession(v, l)';'NotSuccession';'v';'l';0.496;0.511;0.511
'CoExistence(v, m)';'CoExistence';'v';'m';0.788;0.801;0.801
'RespondedExistence(v, m)';'RespondedExistence';'v';'m';0.788;0.860;0.860
'CoExistence(v, n)';'CoExistence';'v';'n';0.898;0.900;0.900
'RespondedExistence(v, n)';'RespondedExistence';'v';'n';0.898;0.980;0.980
'Response(v, n)';'Response';'v';'n';0.720;0.786;0.786
'CoExistence(v, o)';'CoExistence';'v';'o';0.830;0.845;0.845
'RespondedExistence(v, o)';'RespondedExistence';'v';'o';0.830;0.906;0.906
'CoExistence(v, p)';'CoExistence';'v';'p';0.906;0.910;0.910
'RespondedExistence(v, p)';'RespondedExistence';'v';'p';0.906;0.989;0.989
'Response(v, p)';'Response';'v';'p';0.564;0.616;0.616
'CoExistence(v, q)';'CoExistence';'v';'q';0.792;0.807;0.807
'RespondedExistence(v, q)';'RespondedExistence';'v';'q';0.792;0.865;0.865
'NotSuccession(v, r)';'NotSuccession';'v';'r';0.856;0.924;0.924
'NotCoExistence(v, r)';'NotCoExistence';'v';'r';0.836;0.903;0.903
'CoExistence(v, s)';'CoExistence';'v';'s';0.808;0.818;0.818
'RespondedExistence(v, s)';'RespondedExistence';'v';'s';0.808;0.882;0.882
'CoExistence(v, t)';'CoExistence';'v';'t';0.890;0.894;0.894
'RespondedExistence(v, t)';'RespondedExistence';'v';'t';0.890;0.972;0.972
'Response(v, t)';'Response';'v';'t';0.502;0.548;0.548
'CoExistence(v, u)';'CoExistence';'v';'u';0.828;0.841;0.841
'RespondedExistence(v, u)';'RespondedExistence';'v';'u';0.828;0.904;0.904
'CoExistence(v, w)';'CoExistence';'v';'w';0.846;0.860;0.860
'RespondedExistence(v, w)';'RespondedExistence';'v';'w';0.846;0.924;0.924
'CoExistence(v, z)';'CoExistence';'v';'z';0.814;0.822;0.822
'RespondedExistence(v, z)';'RespondedExistence';'v';'z';0.814;0.889;0.889
'Participation(w)';'Participation';'w';;0.914;0.914;0.914
'Precedence(p, w)';'Precedence';'w';'p';0.580;0.635;0.635
'CoExistence(w, a)';'CoExistence';'w';'a';0.914;0.914;0.914
'CoExistence(w, b)';'CoExistence';'w';'b';0.914;0.914;0.914
'CoExistence(w, c)';'CoExistence';'w';'c';0.794;0.812;0.812
'RespondedExistence(w, c)';'RespondedExistence';'w';'c';0.794;0.869;0.869
'NotSuccession(w, c)';'NotSuccession';'w';'c';0.572;0.585;0.585
'CoExistence(w, d)';'CoExistence';'w';'d';0.914;0.914;0.914
'Response(w, d)';'Response';'w';'d';0.556;0.608;0.608
'CoExistence(w, e)';'CoExistence';'w';'e';0.816;0.845;0.845
'RespondedExistence(w, e)';'RespondedExistence';'w';'e';0.816;0.893;0.893
'CoExistence(w, f)';'CoExistence';'w';'f';0.888;0.897;0.897
'RespondedExistence(w, f)';'RespondedExistence';'w';'f';0.888;0.972;0.972
'Response(w, f)';'Response';'w';'f';0.682;0.746;0.746
'CoExistence(w, g)';'CoExistence';'w';'g';0.832;0.846;0.846
'RespondedExistence(w, g)';'RespondedExistence';'w';'g';0.832;0.910;0.910
'Response(w, g)';'Response';'w';'g';0.458;0.501;0.501
'CoExistence(w, h)';'CoExistence';'w';'h';0.678;0.698;0.698
'RespondedExistence(w, h)';'RespondedExistence';'w';'h';0.678;0.742;0.742
'CoExistence(w, i)';'CoExistence';'w';'i';0.820;0.832;0.832
'RespondedExistence(w, i)';'RespondedExistence';'w';'i';0.820;0.897;0.897
'CoExistence(w, l)';'CoExistence';'w';'l';0.572;0.590;0.590
'RespondedExistence(w, l)';'RespondedExistence';'w';'l';0.572;0.626;0.626
'NotSuccession(w, l)';'NotSuccession';'w';'l';0.510;0.526;0.526
'CoExistence(w, m)';'CoExistence';'w';'m';0.796;0.817;0.817
'RespondedExistence(w, m)';'RespondedExistence';'w';'m';0.796;0.871;0.871
'CoExistence(w, n)';'CoExistence';'w';'n';0.898;0.902;0.902
'RespondedExistence(w, n)';'RespondedExistence';'w';'n';0.898;0.982;0.982
'Response(w, n)';'Response';'w';'n';0.702;0.768;0.768
'CoExistence(w, o)';'CoExistence';'w';'o';0.830;0.847;0.847
'RespondedExistence(w, o)';'RespondedExistence';'w';'o';0.830;0.908;0.908
'CoExistence(w, p)';'CoExistence';'w';'p';0.900;0.900;0.900
'RespondedExistence(w, p)';'RespondedExistence';'w';'p';0.900;0.985;0.985
'Response(w, p)';'Response';'w';'p';0.568;0.621;0.621
'CoExistence(w, q)';'CoExistence';'w';'q';0.790;0.804;0.804
'RespondedExistence(w, q)';'RespondedExistence';'w';'q';0.790;0.864;0.864
'NotSuccession(w, r)';'NotSuccession';'w';'r';0.854;0.930;0.930
'NotCoExistence(w, r)';'NotCoExistence';'w';'r';0.822;0.895;0.895
'CoExistence(w, s)';'CoExistence';'w';'s';0.818;0.838;0.838
'RespondedExistence(w, s)';'RespondedExistence';'w';'s';0.818;0.895;0.895
'CoExistence(w, t)';'CoExistence';'w';'t';0.896;0.907;0.907
'RespondedExistence(w, t)';'RespondedExistence';'w';'t';0.896;0.980;0.980
'Response(w, t)';'Response';'w';'t';0.500;0.547;0.547
'CoExistence(w, u)';'CoExistence';'w';'u';0.830;0.847;0.847
'RespondedExistence(w, u)';'RespondedExistence';'w';'u';0.830;0.908;0.908
'CoExistence(w, v)';'CoExistence';'w';'v';0.846;0.860;0.860
'RespondedExistence(w, v)';'RespondedExistence';'w';'v';0.846;0.926;0.926
'CoExistence(w, z)';'CoExistence';'w';'z';0.818;0.831;0.831
'RespondedExistence(w, z)';'RespondedExistence';'w';'z';0.818;0.895;0.895
'Participation(z)';'Participation';'z';;0.888;0.888;0.888
'Precedence(p, z)';'Precedence';'z';'p';0.556;0.626;0.626
'CoExistence(z, a)';'CoExistence';'z';'a';0.888;0.888;0.888
'CoExistence(z, b)';'CoExistence';'z';'b';0.888;0.888;0.888
'CoExistence(z, c)';'CoExistence';'z';'c';0.776;0.800;0.800
'RespondedExistence(z, c)';'RespondedExistence';'z';'c';0.776;0.874;0.874
'NotSuccession(z, c)';'NotSuccession';'z';'c';0.556;0.573;0.573
'CoExistence(z, d)';'CoExistence';'z';'d';0.888;0.888;0.888
'Response(z, d)';'Response';'z';'d';0.496;0.559;0.559
'CoExistence(z, e)';'CoExistence';'z';'e';0.782;0.803;0.803
'RespondedExistence(z, e)';'RespondedExistence';'z';'e';0.782;0.881;0.881
'CoExistence(z, f)';'CoExistence';'z';'f';0.858;0.863;0.863
'RespondedExistence(z, f)';'RespondedExistence';'z';'f';0.858;0.966;0.966
'Response(z, f)';'Response';'z';'f';0.684;0.770;0.770
'CoExistence(z, g)';'CoExistence';'z';'g';0.810;0.827;0.827
'RespondedExistence(z, g)';'RespondedExistence';'z';'g';0.810;0.912;0.912
'CoExistence(z, h)';'CoExistence';'z';'h';0.658;0.681;0.681
'RespondedExistence(z, h)';'RespondedExistence';'z';'h';0.658;0.741;0.741
'CoExistence(z, i)';'CoExistence';'z';'i';0.806;0.828;0.828
'RespondedExistence(z, i)';'RespondedExistence';'z';'i';0.806;0.908;0.908
'CoExistence(z, l)';'CoExistence';'z';'l';0.576;0.613;0.613
'RespondedExistence(z, l)';'RespondedExistence';'z';'l';0.576;0.649;0.649
'NotSuccession(z, l)';'NotSuccession';'z';'l';0.472;0.502;0.502
'CoExistence(z, m)';'CoExistence';'z';'m';0.774;0.798;0.798
'RespondedExistence(z, m)';'RespondedExistence';'z';'m';0.774;0.872;0.872
'CoExistence(z, n)';'CoExistence';'z';'n';0.874;0.879;0.879
'RespondedExistence(z, n)';'RespondedExistence';'z';'n';0.874;0.984;0.984
'Response(z, n)';'Response';'z';'n';0.668;0.752;0.752
'CoExistence(z, o)';'CoExistence';'z';'o';0.804;0.820;0.820
'RespondedExistence(z, o)';'RespondedExistence';'z';'o';0.804;0.905;0.905
'CoExistence(z, p)';'CoExistence';'z';'p';0.876;0.878;0.878
'RespondedExistence(z, p)';'RespondedExistence';'z';'p';0.876;0.986;0.986
'Response(z, p)';'Response';'z';'p';0.558;0.628;0.628
'CoExistence(z, q)';'CoExistence';'z';'q';0.762;0.774;0.774
'RespondedExistence(z, q)';'RespondedExistence';'z';'q';0.762;0.858;0.858
'NotSuccession(z, r)';'NotSuccession';'z';'r';0.834;0.931;0.931
'NotCoExistence(z, r)';'NotCoExistence';'z';'r';0.804;0.897;0.897
'CoExistence(z, s)';'CoExistence';'z';'s';0.792;0.811;0.811
'RespondedExistence(z, s)';'RespondedExistence';'z';'s';0.792;0.892;0.892
'CoExistence(z, t)';'CoExistence';'z';'t';0.868;0.877;0.877
'RespondedExistence(z, t)';'RespondedExistence';'z';'t';0.868;0.977;0.977
'Response(z, t)';'Response';'z';'t';0.502;0.565;0.565
'CoExistence(z, u)';'CoExistence';'z';'u';0.800;0.813;0.813
'RespondedExistence(z, u)';'RespondedExistence';'z';'u';0.800;0.901;0.901
'CoExistence(z, v)';'CoExistence';'z';'v';0.814;0.822;0.822
'RespondedExistence(z, v)';'RespondedExistence';'z';'v';0.814;0.917;0.917
'CoExistence(z, w)';'CoExistence';'z';'w';0.818;0.831;0.831
'RespondedExistence(z, w)';'RespondedExistence';'z';'w';0.818;0.921;0.921
