Rank-1-true;Rank-1-TOT;Measure
11;1295;ORIGINAL-MODEL
3;684;Recall
2;16;Example and Counterexample Rate
2;16;Confidence
2;14;Laplace Correction
1;432;Ylue Y
1;432;Ylue Q
1;430;Specificity
1;16;Sebag-Schoenauer
1;16;Compliance
1;14;Support
1;14;Prevalence
1;14;Least Contradiction
1;14;Jaccard
1;14;Cosine
1;14;Accuracy
1;2;Lift
0;432;Odds Ratio
0;430;Relative Risk
0;25;Linear Correlation Coefficient
0;14;Added Value
0;11;Lovinger
0;3;Two-way Support Variation
0;3;Piatetsky-Shapiro
0;3;Odd Multiplier
0;3;Conviction
0;2;Zhang
0;2;Two-way Support
0;2;One-way Support
0;2;Leverage
0;2;Klosgen
0;2;J Measure
0;2;Interestingness Weighting Dependency
0;2;Information Gain
0;2;Gini Index
0;2;Coverage
0;2;Collective Strength
0;2;Certainty factor
