Rank-5-true;Rank-5-TOT;Measure
11;1295;ORIGINAL-MODEL
3;684;Recall
2;16;Example and Counterexample Rate
2;16;Confidence
2;14;Laplace Correction
1;432;Ylue Y
1;432;Ylue Q
1;430;Specificity
1;16;Sebag-Schoenauer
1;16;Compliance
1;14;Support
1;14;Prevalence
1;14;Least Contradiction
1;14;Jaccard
1;14;Cosine
1;14;Accuracy
1;9;Information Gain
1;6;Odd Multiplier
1;6;Lift
1;6;Conviction
0;432;Odds Ratio
0;430;Relative Risk
0;25;Linear Correlation Coefficient
0;18;Piatetsky-Shapiro
0;14;Added Value
0;11;Lovinger
0;8;Coverage
0;6;Zhang
0;6;Two-way Support Variation
0;6;Two-way Support
0;6;One-way Support
0;6;Leverage
0;6;Klosgen
0;6;J Measure
0;6;Interestingness Weighting Dependency
0;6;Gini Index
0;6;Collective Strength
0;6;Certainty factor
