Rank-50-true;Rank-50-TOT;Measure
11;1295;ORIGINAL-MODEL
7;51;Two-way Support Variation
5;52;Odd Multiplier
5;51;Zhang
5;51;Conviction
5;51;Certainty factor
3;684;Recall
3;231;Coverage
3;61;Compliance
3;53;Information Gain
3;53;Example and Counterexample Rate
3;53;Confidence
3;51;Two-way Support
3;51;One-way Support
3;51;Lift
3;51;Laplace Correction
3;51;Klosgen
3;51;Interestingness Weighting Dependency
3;51;Added Value
2;68;Prevalence
2;51;Piatetsky-Shapiro
1;432;Ylue Y
1;432;Ylue Q
1;430;Specificity
1;60;Least Contradiction
1;60;Jaccard
1;60;Cosine
1;59;Support
1;51;Sebag-Schoenauer
1;51;Lovinger
1;51;Leverage
1;51;Gini Index
1;51;Accuracy
0;432;Odds Ratio
0;430;Relative Risk
0;51;Linear Correlation Coefficient
0;51;J Measure
0;51;Collective Strength
