Rank-1000-true;Rank-1000-TOT;Measure
11;1295;ORIGINAL-MODEL
11;1001;Least Contradiction
11;1001;Laplace Correction
11;1001;Example and Counterexample Rate
11;1001;Confidence
11;1001;Compliance
11;1001;Accuracy
10;1002;Lovinger
10;1001;Prevalence
10;1001;Jaccard
10;1001;Cosine
9;1232;Odd Multiplier
9;1008;Support
9;1001;Sebag-Schoenauer
8;1002;Leverage
8;1001;Ylue Y
8;1001;Ylue Q
8;1001;Relative Risk
8;1001;Recall
8;1001;Gini Index
8;1001;Collective Strength
7;1015;Lift
7;1010;Coverage
7;1003;Specificity
7;1002;Two-way Support
7;1001;Zhang
7;1001;Piatetsky-Shapiro
7;1001;One-way Support
7;1001;Odds Ratio
7;1001;Linear Correlation Coefficient
7;1001;Klosgen
7;1001;J Measure
7;1001;Interestingness Weighting Dependency
7;1001;Information Gain
7;1001;Conviction
7;1001;Certainty factor
7;1001;Added Value
7;602;Two-way Support Variation
