Rank-25-true;Rank-25-TOT;Measure
11;1295;ORIGINAL-MODEL
4;26;Odd Multiplier
4;26;Conviction
3;684;Recall
3;231;Coverage
3;29;Lift
2;42;Prevalence
2;27;Example and Counterexample Rate
2;27;Confidence
2;26;Laplace Correction
2;26;Compliance
1;432;Ylue Y
1;432;Ylue Q
1;430;Specificity
1;35;Accuracy
1;34;Support
1;34;Least Contradiction
1;34;Jaccard
1;34;Cosine
1;27;Certainty factor
1;26;Two-way Support Variation
1;26;Sebag-Schoenauer
1;26;One-way Support
1;26;Information Gain
1;26;Added Value
0;432;Odds Ratio
0;430;Relative Risk
0;29;Piatetsky-Shapiro
0;26;Zhang
0;26;Two-way Support
0;26;Lovinger
0;26;Linear Correlation Coefficient
0;26;Leverage
0;26;Klosgen
0;26;J Measure
0;26;Interestingness Weighting Dependency
0;26;Gini Index
0;26;Collective Strength
