Rank-10-true;Rank-10-TOT;Measure
11;1295;ORIGINAL-MODEL
3;684;Recall
3;11;Conviction
2;16;Example and Counterexample Rate
2;16;Confidence
2;14;Laplace Correction
2;11;Odd Multiplier
2;11;Lift
1;432;Ylue Y
1;432;Ylue Q
1;430;Specificity
1;26;Information Gain
1;16;Sebag-Schoenauer
1;16;Compliance
1;14;Support
1;14;Prevalence
1;14;Least Contradiction
1;14;Jaccard
1;14;Cosine
1;14;Accuracy
1;11;One-way Support
0;432;Odds Ratio
0;430;Relative Risk
0;25;Linear Correlation Coefficient
0;18;Piatetsky-Shapiro
0;14;Added Value
0;12;Leverage
0;11;Zhang
0;11;Two-way Support Variation
0;11;Two-way Support
0;11;Lovinger
0;11;Klosgen
0;11;J Measure
0;11;Interestingness Weighting Dependency
0;11;Gini Index
0;11;Coverage
0;11;Collective Strength
0;11;Certainty factor
