Rank-1500-true;Rank-1500-TOT;Measure
11;1295;ORIGINAL-MODEL
11;1295;Two-way Support
11;1295;Support
11;1295;Sebag-Schoenauer
11;1295;Recall
11;1295;Prevalence
11;1295;Piatetsky-Shapiro
11;1295;One-way Support
11;1295;Lift
11;1295;Leverage
11;1295;Least Contradiction
11;1295;Laplace Correction
11;1295;Klosgen
11;1295;Jaccard
11;1295;Interestingness Weighting Dependency
11;1295;Information Gain
11;1295;Example and Counterexample Rate
11;1295;Coverage
11;1295;Cosine
11;1295;Confidence
11;1295;Compliance
11;1295;Added Value
11;1295;Accuracy
10;1282;Zhang
10;1282;Odd Multiplier
10;1282;Lovinger
10;1282;Conviction
10;1282;Certainty factor
10;1280;J Measure
8;1075;Linear Correlation Coefficient
8;1041;Ylue Y
8;1041;Ylue Q
8;1041;Specificity
8;1041;Relative Risk
8;1041;Odds Ratio
8;1041;Gini Index
8;1041;Collective Strength
7;602;Two-way Support Variation
