'Constraint';'Template';'Activation';'Target';'Support';'Confidence level';'Interest factor'
'Init(a)';'Init';'a';;0.938;0.938;0.938
'Participation(a)';'Participation';'a';;1.000;1.000;1.000
'CoExistence(a, b)';'CoExistence';'a';'b';0.998;0.998;0.998
'Succession(a, b)';'Succession';'a';'b';0.990;0.990;0.990
'RespondedExistence(a, b)';'RespondedExistence';'a';'b';0.998;0.998;0.998
'Response(a, b)';'Response';'a';'b';0.992;0.992;0.992
'CoExistence(a, c)';'CoExistence';'a';'c';0.870;0.870;0.870
'RespondedExistence(a, c)';'RespondedExistence';'a';'c';0.870;0.870;0.870
'CoExistence(a, d)';'CoExistence';'a';'d';0.996;0.996;0.996
'Succession(a, d)';'Succession';'a';'d';0.576;0.576;0.576
'RespondedExistence(a, d)';'RespondedExistence';'a';'d';0.996;0.996;0.996
'Response(a, d)';'Response';'a';'d';0.582;0.582;0.582
'CoExistence(a, e)';'CoExistence';'a';'e';0.872;0.872;0.872
'RespondedExistence(a, e)';'RespondedExistence';'a';'e';0.872;0.872;0.872
'CoExistence(a, f)';'CoExistence';'a';'f';0.974;0.974;0.974
'Succession(a, f)';'Succession';'a';'f';0.792;0.792;0.792
'RespondedExistence(a, f)';'RespondedExistence';'a';'f';0.974;0.974;0.974
'Response(a, f)';'Response';'a';'f';0.796;0.796;0.796
'CoExistence(a, g)';'CoExistence';'a';'g';0.898;0.898;0.898
'Succession(a, g)';'Succession';'a';'g';0.502;0.502;0.502
'RespondedExistence(a, g)';'RespondedExistence';'a';'g';0.898;0.898;0.898
'Response(a, g)';'Response';'a';'g';0.506;0.506;0.506
'CoExistence(a, h)';'CoExistence';'a';'h';0.654;0.654;0.654
'RespondedExistence(a, h)';'RespondedExistence';'a';'h';0.654;0.654;0.654
'CoExistence(a, i)';'CoExistence';'a';'i';0.894;0.894;0.894
'RespondedExistence(a, i)';'RespondedExistence';'a';'i';0.894;0.894;0.894
'CoExistence(a, l)';'CoExistence';'a';'l';0.662;0.662;0.662
'RespondedExistence(a, l)';'RespondedExistence';'a';'l';0.662;0.662;0.662
'CoExistence(a, m)';'CoExistence';'a';'m';0.850;0.850;0.850
'RespondedExistence(a, m)';'RespondedExistence';'a';'m';0.850;0.850;0.850
'CoExistence(a, n)';'CoExistence';'a';'n';0.954;0.954;0.954
'Succession(a, n)';'Succession';'a';'n';0.744;0.744;0.744
'RespondedExistence(a, n)';'RespondedExistence';'a';'n';0.954;0.954;0.954
'Response(a, n)';'Response';'a';'n';0.750;0.750;0.750
'CoExistence(a, o)';'CoExistence';'a';'o';0.910;0.910;0.910
'RespondedExistence(a, o)';'RespondedExistence';'a';'o';0.910;0.910;0.910
'CoExistence(a, p)';'CoExistence';'a';'p';0.992;0.992;0.992
'Succession(a, p)';'Succession';'a';'p';0.630;0.630;0.630
'RespondedExistence(a, p)';'RespondedExistence';'a';'p';0.992;0.992;0.992
'Response(a, p)';'Response';'a';'p';0.634;0.634;0.634
'CoExistence(a, q)';'CoExistence';'a';'q';0.868;0.868;0.868
'RespondedExistence(a, q)';'RespondedExistence';'a';'q';0.868;0.868;0.868
'NotSuccession(a, r)';'NotSuccession';'a';'r';0.916;0.916;0.916
'NotCoExistence(a, r)';'NotCoExistence';'a';'r';0.916;0.916;0.916
'CoExistence(a, s)';'CoExistence';'a';'s';0.888;0.888;0.888
'RespondedExistence(a, s)';'RespondedExistence';'a';'s';0.888;0.888;0.888
'CoExistence(a, t)';'CoExistence';'a';'t';0.978;0.978;0.978
'Succession(a, t)';'Succession';'a';'t';0.536;0.536;0.536
'RespondedExistence(a, t)';'RespondedExistence';'a';'t';0.978;0.978;0.978
'Response(a, t)';'Response';'a';'t';0.548;0.548;0.548
'CoExistence(a, u)';'CoExistence';'a';'u';0.898;0.898;0.898
'RespondedExistence(a, u)';'RespondedExistence';'a';'u';0.898;0.898;0.898
'CoExistence(a, v)';'CoExistence';'a';'v';0.876;0.876;0.876
'RespondedExistence(a, v)';'RespondedExistence';'a';'v';0.876;0.876;0.876
'CoExistence(a, w)';'CoExistence';'a';'w';0.878;0.878;0.878
'RespondedExistence(a, w)';'RespondedExistence';'a';'w';0.878;0.878;0.878
'CoExistence(a, z)';'CoExistence';'a';'z';0.888;0.888;0.888
'RespondedExistence(a, z)';'RespondedExistence';'a';'z';0.888;0.888;0.888
'End(b)';'End';'b';;0.944;0.944;0.944
'Participation(b)';'Participation';'b';;0.998;0.998;0.998
'Precedence(a, b)';'Precedence';'b';'a';0.996;0.998;0.998
'CoExistence(b, a)';'CoExistence';'b';'a';0.998;0.998;0.998
'RespondedExistence(b, a)';'RespondedExistence';'b';'a';0.998;1.000;1.000
'CoExistence(b, c)';'CoExistence';'b';'c';0.868;0.868;0.868
'RespondedExistence(b, c)';'RespondedExistence';'b';'c';0.868;0.870;0.870
'NotSuccession(b, c)';'NotSuccession';'b';'c';0.634;0.634;0.634
'CoExistence(b, d)';'CoExistence';'b';'d';0.994;0.994;0.994
'RespondedExistence(b, d)';'RespondedExistence';'b';'d';0.994;0.996;0.996
'CoExistence(b, e)';'CoExistence';'b';'e';0.872;0.874;0.874
'RespondedExistence(b, e)';'RespondedExistence';'b';'e';0.872;0.874;0.874
'CoExistence(b, f)';'CoExistence';'b';'f';0.972;0.972;0.972
'RespondedExistence(b, f)';'RespondedExistence';'b';'f';0.972;0.974;0.974
'CoExistence(b, g)';'CoExistence';'b';'g';0.896;0.896;0.896
'RespondedExistence(b, g)';'RespondedExistence';'b';'g';0.896;0.898;0.898
'CoExistence(b, h)';'CoExistence';'b';'h';0.652;0.652;0.652
'RespondedExistence(b, h)';'RespondedExistence';'b';'h';0.652;0.653;0.653
'CoExistence(b, i)';'CoExistence';'b';'i';0.892;0.892;0.892
'RespondedExistence(b, i)';'RespondedExistence';'b';'i';0.892;0.894;0.894
'CoExistence(b, l)';'CoExistence';'b';'l';0.660;0.660;0.660
'RespondedExistence(b, l)';'RespondedExistence';'b';'l';0.660;0.661;0.661
'CoExistence(b, m)';'CoExistence';'b';'m';0.850;0.852;0.852
'RespondedExistence(b, m)';'RespondedExistence';'b';'m';0.850;0.852;0.852
'CoExistence(b, n)';'CoExistence';'b';'n';0.952;0.952;0.952
'RespondedExistence(b, n)';'RespondedExistence';'b';'n';0.952;0.954;0.954
'CoExistence(b, o)';'CoExistence';'b';'o';0.908;0.908;0.908
'RespondedExistence(b, o)';'RespondedExistence';'b';'o';0.908;0.910;0.910
'CoExistence(b, p)';'CoExistence';'b';'p';0.990;0.990;0.990
'RespondedExistence(b, p)';'RespondedExistence';'b';'p';0.990;0.992;0.992
'CoExistence(b, q)';'CoExistence';'b';'q';0.866;0.866;0.866
'RespondedExistence(b, q)';'RespondedExistence';'b';'q';0.866;0.868;0.868
'NotSuccession(b, r)';'NotSuccession';'b';'r';0.940;0.942;0.942
'NotCoExistence(b, r)';'NotCoExistence';'b';'r';0.914;0.916;0.916
'CoExistence(b, s)';'CoExistence';'b';'s';0.886;0.886;0.886
'RespondedExistence(b, s)';'RespondedExistence';'b';'s';0.886;0.888;0.888
'CoExistence(b, t)';'CoExistence';'b';'t';0.976;0.976;0.976
'RespondedExistence(b, t)';'RespondedExistence';'b';'t';0.976;0.978;0.978
'CoExistence(b, u)';'CoExistence';'b';'u';0.896;0.896;0.896
'RespondedExistence(b, u)';'RespondedExistence';'b';'u';0.896;0.898;0.898
'CoExistence(b, v)';'CoExistence';'b';'v';0.874;0.874;0.874
'RespondedExistence(b, v)';'RespondedExistence';'b';'v';0.874;0.876;0.876
'CoExistence(b, w)';'CoExistence';'b';'w';0.876;0.876;0.876
'RespondedExistence(b, w)';'RespondedExistence';'b';'w';0.876;0.878;0.878
'CoExistence(b, z)';'CoExistence';'b';'z';0.886;0.886;0.886
'RespondedExistence(b, z)';'RespondedExistence';'b';'z';0.886;0.888;0.888
'Precedence(c, b)';'Precedence';'b';'c';0.510;0.511;0.511
'Precedence(f, b)';'Precedence';'b';'f';0.510;0.511;0.511
'Precedence(p, b)';'Precedence';'b';'p';0.652;0.653;0.653
'Precedence(u, b)';'Precedence';'b';'u';0.514;0.515;0.515
'AtMostOne(c)';'AtMostOne';'c';;0.848;0.975;0.975
'Participation(c)';'Participation';'c';;0.870;0.870;0.870
'Precedence(a, c)';'Precedence';'c';'a';0.868;0.998;0.998
'AlternatePrecedence(a, c)';'AlternatePrecedence';'c';'a';0.858;0.986;0.986
'CoExistence(c, a)';'CoExistence';'c';'a';0.870;0.870;0.870
'RespondedExistence(c, a)';'RespondedExistence';'c';'a';0.870;1.000;1.000
'Response(c, a)';'Response';'c';'a';0.654;0.752;0.752
'AlternateResponse(c, a)';'AlternateResponse';'c';'a';0.646;0.743;0.743
'CoExistence(c, b)';'CoExistence';'c';'b';0.868;0.868;0.868
'Succession(c, b)';'Succession';'c';'b';0.510;0.510;0.510
'RespondedExistence(c, b)';'RespondedExistence';'c';'b';0.868;0.998;0.998
'Response(c, b)';'Response';'c';'b';0.868;0.998;0.998
'AlternateResponse(c, b)';'AlternateResponse';'c';'b';0.858;0.986;0.986
'CoExistence(c, d)';'CoExistence';'c';'d';0.866;0.866;0.866
'Succession(c, d)';'Succession';'c';'d';0.514;0.514;0.514
'RespondedExistence(c, d)';'RespondedExistence';'c';'d';0.866;0.995;0.995
'Response(c, d)';'Response';'c';'d';0.708;0.814;0.814
'AlternateResponse(c, d)';'AlternateResponse';'c';'d';0.698;0.802;0.802
'CoExistence(c, e)';'CoExistence';'c';'e';0.772;0.796;0.796
'RespondedExistence(c, e)';'RespondedExistence';'c';'e';0.772;0.887;0.887
'Response(c, e)';'Response';'c';'e';0.626;0.720;0.720
'AlternateResponse(c, e)';'AlternateResponse';'c';'e';0.622;0.715;0.715
'CoExistence(c, f)';'CoExistence';'c';'f';0.854;0.863;0.863
'RespondedExistence(c, f)';'RespondedExistence';'c';'f';0.854;0.982;0.982
'Response(c, f)';'Response';'c';'f';0.816;0.938;0.938
'AlternateResponse(c, f)';'AlternateResponse';'c';'f';0.810;0.931;0.931
'CoExistence(c, g)';'CoExistence';'c';'g';0.784;0.797;0.797
'RespondedExistence(c, g)';'RespondedExistence';'c';'g';0.784;0.901;0.901
'Response(c, g)';'Response';'c';'g';0.660;0.759;0.759
'AlternateResponse(c, g)';'AlternateResponse';'c';'g';0.654;0.752;0.752
'CoExistence(c, h)';'CoExistence';'c';'h';0.584;0.621;0.621
'RespondedExistence(c, h)';'RespondedExistence';'c';'h';0.584;0.671;0.671
'Response(c, h)';'Response';'c';'h';0.504;0.579;0.579
'AlternateResponse(c, h)';'AlternateResponse';'c';'h';0.496;0.570;0.570
'CoExistence(c, i)';'CoExistence';'c';'i';0.782;0.796;0.796
'RespondedExistence(c, i)';'RespondedExistence';'c';'i';0.782;0.899;0.899
'Response(c, i)';'Response';'c';'i';0.686;0.789;0.789
'AlternateResponse(c, i)';'AlternateResponse';'c';'i';0.680;0.782;0.782
'CoExistence(c, l)';'CoExistence';'c';'l';0.590;0.626;0.626
'RespondedExistence(c, l)';'RespondedExistence';'c';'l';0.590;0.678;0.678
'Response(c, l)';'Response';'c';'l';0.486;0.559;0.559
'AlternateResponse(c, l)';'AlternateResponse';'c';'l';0.482;0.554;0.554
'CoExistence(c, m)';'CoExistence';'c';'m';0.756;0.784;0.784
'RespondedExistence(c, m)';'RespondedExistence';'c';'m';0.756;0.869;0.869
'Response(c, m)';'Response';'c';'m';0.526;0.605;0.605
'AlternateResponse(c, m)';'AlternateResponse';'c';'m';0.520;0.598;0.598
'CoExistence(c, n)';'CoExistence';'c';'n';0.842;0.857;0.857
'RespondedExistence(c, n)';'RespondedExistence';'c';'n';0.842;0.968;0.968
'Response(c, n)';'Response';'c';'n';0.808;0.929;0.929
'AlternateResponse(c, n)';'AlternateResponse';'c';'n';0.796;0.915;0.915
'CoExistence(c, o)';'CoExistence';'c';'o';0.798;0.813;0.813
'RespondedExistence(c, o)';'RespondedExistence';'c';'o';0.798;0.917;0.917
'Response(c, o)';'Response';'c';'o';0.666;0.766;0.766
'AlternateResponse(c, o)';'AlternateResponse';'c';'o';0.658;0.756;0.756
'CoExistence(c, p)';'CoExistence';'c';'p';0.868;0.873;0.873
'RespondedExistence(c, p)';'RespondedExistence';'c';'p';0.868;0.998;0.998
'Response(c, p)';'Response';'c';'p';0.782;0.899;0.899
'AlternateResponse(c, p)';'AlternateResponse';'c';'p';0.774;0.890;0.890
'CoExistence(c, q)';'CoExistence';'c';'q';0.766;0.788;0.788
'RespondedExistence(c, q)';'RespondedExistence';'c';'q';0.766;0.880;0.880
'Response(c, q)';'Response';'c';'q';0.648;0.745;0.745
'AlternateResponse(c, q)';'AlternateResponse';'c';'q';0.642;0.738;0.738
'NotSuccession(c, r)';'NotSuccession';'c';'r';0.820;0.930;0.930
'NotCoExistence(c, r)';'NotCoExistence';'c';'r';0.810;0.918;0.918
'CoExistence(c, s)';'CoExistence';'c';'s';0.782;0.801;0.801
'RespondedExistence(c, s)';'RespondedExistence';'c';'s';0.782;0.899;0.899
'Response(c, s)';'Response';'c';'s';0.636;0.731;0.731
'AlternateResponse(c, s)';'AlternateResponse';'c';'s';0.628;0.722;0.722
'CoExistence(c, t)';'CoExistence';'c';'t';0.856;0.863;0.863
'RespondedExistence(c, t)';'RespondedExistence';'c';'t';0.856;0.984;0.984
'Response(c, t)';'Response';'c';'t';0.712;0.818;0.818
'AlternateResponse(c, t)';'AlternateResponse';'c';'t';0.702;0.807;0.807
'CoExistence(c, u)';'CoExistence';'c';'u';0.786;0.800;0.800
'RespondedExistence(c, u)';'RespondedExistence';'c';'u';0.786;0.903;0.903
'Response(c, u)';'Response';'c';'u';0.648;0.745;0.745
'AlternateResponse(c, u)';'AlternateResponse';'c';'u';0.642;0.738;0.738
'CoExistence(c, v)';'CoExistence';'c';'v';0.776;0.800;0.800
'RespondedExistence(c, v)';'RespondedExistence';'c';'v';0.776;0.892;0.892
'Response(c, v)';'Response';'c';'v';0.654;0.752;0.752
'AlternateResponse(c, v)';'AlternateResponse';'c';'v';0.648;0.745;0.745
'CoExistence(c, w)';'CoExistence';'c';'w';0.768;0.784;0.784
'RespondedExistence(c, w)';'RespondedExistence';'c';'w';0.768;0.883;0.883
'Response(c, w)';'Response';'c';'w';0.638;0.733;0.733
'AlternateResponse(c, w)';'AlternateResponse';'c';'w';0.630;0.724;0.724
'CoExistence(c, z)';'CoExistence';'c';'z';0.782;0.801;0.801
'RespondedExistence(c, z)';'RespondedExistence';'c';'z';0.782;0.899;0.899
'Response(c, z)';'Response';'c';'z';0.646;0.743;0.743
'AlternateResponse(c, z)';'AlternateResponse';'c';'z';0.640;0.736;0.736
'Precedence(p, c)';'Precedence';'c';'p';0.526;0.605;0.605
'AlternatePrecedence(p, c)';'AlternatePrecedence';'c';'p';0.520;0.598;0.598
'Participation(d)';'Participation';'d';;0.996;0.996;0.996
'Precedence(a, d)';'Precedence';'d';'a';0.990;0.994;0.994
'AlternatePrecedence(a, d)';'AlternatePrecedence';'d';'a';0.508;0.510;0.510
'Precedence(b, d)';'Precedence';'d';'b';0.526;0.528;0.528
'Precedence(c, d)';'Precedence';'d';'c';0.518;0.520;0.520
'CoExistence(d, a)';'CoExistence';'d';'a';0.996;0.996;0.996
'RespondedExistence(d, a)';'RespondedExistence';'d';'a';0.996;1.000;1.000
'CoExistence(d, b)';'CoExistence';'d';'b';0.994;0.994;0.994
'RespondedExistence(d, b)';'RespondedExistence';'d';'b';0.994;0.998;0.998
'Response(d, b)';'Response';'d';'b';0.988;0.992;0.992
'CoExistence(d, c)';'CoExistence';'d';'c';0.866;0.866;0.866
'RespondedExistence(d, c)';'RespondedExistence';'d';'c';0.866;0.869;0.869
'NotSuccession(d, c)';'NotSuccession';'d';'c';0.644;0.644;0.644
'CoExistence(d, e)';'CoExistence';'d';'e';0.868;0.868;0.868
'RespondedExistence(d, e)';'RespondedExistence';'d';'e';0.868;0.871;0.871
'CoExistence(d, f)';'CoExistence';'d';'f';0.970;0.970;0.970
'RespondedExistence(d, f)';'RespondedExistence';'d';'f';0.970;0.974;0.974
'Response(d, f)';'Response';'d';'f';0.744;0.747;0.747
'CoExistence(d, g)';'CoExistence';'d';'g';0.894;0.894;0.894
'RespondedExistence(d, g)';'RespondedExistence';'d';'g';0.894;0.898;0.898
'CoExistence(d, h)';'CoExistence';'d';'h';0.650;0.650;0.650
'RespondedExistence(d, h)';'RespondedExistence';'d';'h';0.650;0.653;0.653
'CoExistence(d, i)';'CoExistence';'d';'i';0.890;0.890;0.890
'RespondedExistence(d, i)';'RespondedExistence';'d';'i';0.890;0.894;0.894
'CoExistence(d, l)';'CoExistence';'d';'l';0.658;0.658;0.658
'RespondedExistence(d, l)';'RespondedExistence';'d';'l';0.658;0.661;0.661
'NotSuccession(d, l)';'NotSuccession';'d';'l';0.516;0.516;0.516
'CoExistence(d, m)';'CoExistence';'d';'m';0.846;0.846;0.846
'RespondedExistence(d, m)';'RespondedExistence';'d';'m';0.846;0.849;0.849
'CoExistence(d, n)';'CoExistence';'d';'n';0.950;0.950;0.950
'RespondedExistence(d, n)';'RespondedExistence';'d';'n';0.950;0.954;0.954
'Response(d, n)';'Response';'d';'n';0.688;0.691;0.691
'CoExistence(d, o)';'CoExistence';'d';'o';0.908;0.910;0.910
'RespondedExistence(d, o)';'RespondedExistence';'d';'o';0.908;0.912;0.912
'CoExistence(d, p)';'CoExistence';'d';'p';0.988;0.988;0.988
'RespondedExistence(d, p)';'RespondedExistence';'d';'p';0.988;0.992;0.992
'Response(d, p)';'Response';'d';'p';0.546;0.548;0.548
'CoExistence(d, q)';'CoExistence';'d';'q';0.864;0.864;0.864
'RespondedExistence(d, q)';'RespondedExistence';'d';'q';0.864;0.867;0.867
'NotSuccession(d, r)';'NotSuccession';'d';'r';0.956;0.960;0.960
'NotCoExistence(d, r)';'NotCoExistence';'d';'r';0.912;0.916;0.916
'CoExistence(d, s)';'CoExistence';'d';'s';0.886;0.888;0.888
'RespondedExistence(d, s)';'RespondedExistence';'d';'s';0.886;0.890;0.890
'CoExistence(d, t)';'CoExistence';'d';'t';0.974;0.974;0.974
'RespondedExistence(d, t)';'RespondedExistence';'d';'t';0.974;0.978;0.978
'CoExistence(d, u)';'CoExistence';'d';'u';0.894;0.894;0.894
'RespondedExistence(d, u)';'RespondedExistence';'d';'u';0.894;0.898;0.898
'CoExistence(d, v)';'CoExistence';'d';'v';0.874;0.876;0.876
'RespondedExistence(d, v)';'RespondedExistence';'d';'v';0.874;0.878;0.878
'CoExistence(d, w)';'CoExistence';'d';'w';0.874;0.874;0.874
'RespondedExistence(d, w)';'RespondedExistence';'d';'w';0.874;0.878;0.878
'CoExistence(d, z)';'CoExistence';'d';'z';0.884;0.884;0.884
'RespondedExistence(d, z)';'RespondedExistence';'d';'z';0.884;0.888;0.888
'Precedence(e, d)';'Precedence';'d';'e';0.522;0.524;0.524
'Precedence(f, d)';'Precedence';'d';'f';0.514;0.516;0.516
'Precedence(i, d)';'Precedence';'d';'i';0.498;0.500;0.500
'Precedence(n, d)';'Precedence';'d';'n';0.512;0.514;0.514
'Precedence(o, d)';'Precedence';'d';'o';0.498;0.500;0.500
'Precedence(p, d)';'Precedence';'d';'p';0.660;0.663;0.663
'Precedence(u, d)';'Precedence';'d';'u';0.498;0.500;0.500
'Precedence(v, d)';'Precedence';'d';'v';0.504;0.506;0.506
'Precedence(w, d)';'Precedence';'d';'w';0.514;0.516;0.516
'Precedence(z, d)';'Precedence';'d';'z';0.528;0.530;0.530
'Participation(e)';'Participation';'e';;0.872;0.872;0.872
'Precedence(a, e)';'Precedence';'e';'a';0.864;0.991;0.991
'CoExistence(e, a)';'CoExistence';'e';'a';0.872;0.872;0.872
'RespondedExistence(e, a)';'RespondedExistence';'e';'a';0.872;1.000;1.000
'CoExistence(e, b)';'CoExistence';'e';'b';0.872;0.874;0.874
'RespondedExistence(e, b)';'RespondedExistence';'e';'b';0.872;1.000;1.000
'Response(e, b)';'Response';'e';'b';0.864;0.991;0.991
'CoExistence(e, c)';'CoExistence';'e';'c';0.772;0.796;0.796
'RespondedExistence(e, c)';'RespondedExistence';'e';'c';0.772;0.885;0.885
'NotSuccession(e, c)';'NotSuccession';'e';'c';0.562;0.579;0.579
'CoExistence(e, d)';'CoExistence';'e';'d';0.868;0.868;0.868
'RespondedExistence(e, d)';'RespondedExistence';'e';'d';0.868;0.995;0.995
'Response(e, d)';'Response';'e';'d';0.516;0.592;0.592
'CoExistence(e, f)';'CoExistence';'e';'f';0.868;0.888;0.888
'RespondedExistence(e, f)';'RespondedExistence';'e';'f';0.868;0.995;0.995
'Response(e, f)';'Response';'e';'f';0.846;0.970;0.970
'CoExistence(e, g)';'CoExistence';'e';'g';0.794;0.814;0.814
'RespondedExistence(e, g)';'RespondedExistence';'e';'g';0.794;0.911;0.911
'CoExistence(e, h)';'CoExistence';'e';'h';0.582;0.617;0.617
'RespondedExistence(e, h)';'RespondedExistence';'e';'h';0.582;0.667;0.667
'CoExistence(e, i)';'CoExistence';'e';'i';0.788;0.806;0.806
'RespondedExistence(e, i)';'RespondedExistence';'e';'i';0.788;0.904;0.904
'CoExistence(e, l)';'CoExistence';'e';'l';0.592;0.628;0.628
'RespondedExistence(e, l)';'RespondedExistence';'e';'l';0.592;0.679;0.679
'CoExistence(e, m)';'CoExistence';'e';'m';0.776;0.820;0.820
'RespondedExistence(e, m)';'RespondedExistence';'e';'m';0.776;0.890;0.890
'CoExistence(e, n)';'CoExistence';'e';'n';0.848;0.867;0.867
'RespondedExistence(e, n)';'RespondedExistence';'e';'n';0.848;0.972;0.972
'Response(e, n)';'Response';'e';'n';0.674;0.773;0.773
'CoExistence(e, o)';'CoExistence';'e';'o';0.796;0.807;0.807
'RespondedExistence(e, o)';'RespondedExistence';'e';'o';0.796;0.913;0.913
'CoExistence(e, p)';'CoExistence';'e';'p';0.872;0.879;0.879
'RespondedExistence(e, p)';'RespondedExistence';'e';'p';0.872;1.000;1.000
'Response(e, p)';'Response';'e';'p';0.548;0.628;0.628
'CoExistence(e, q)';'CoExistence';'e';'q';0.768;0.790;0.790
'RespondedExistence(e, q)';'RespondedExistence';'e';'q';0.768;0.881;0.881
'NotSuccession(e, r)';'NotSuccession';'e';'r';0.832;0.943;0.943
'NotCoExistence(e, r)';'NotCoExistence';'e';'r';0.808;0.916;0.916
'CoExistence(e, s)';'CoExistence';'e';'s';0.800;0.833;0.833
'RespondedExistence(e, s)';'RespondedExistence';'e';'s';0.800;0.917;0.917
'CoExistence(e, t)';'CoExistence';'e';'t';0.860;0.869;0.869
'RespondedExistence(e, t)';'RespondedExistence';'e';'t';0.860;0.986;0.986
'Response(e, t)';'Response';'e';'t';0.486;0.557;0.557
'CoExistence(e, u)';'CoExistence';'e';'u';0.798;0.821;0.821
'RespondedExistence(e, u)';'RespondedExistence';'e';'u';0.798;0.915;0.915
'CoExistence(e, v)';'CoExistence';'e';'v';0.774;0.795;0.795
'RespondedExistence(e, v)';'RespondedExistence';'e';'v';0.774;0.888;0.888
'CoExistence(e, w)';'CoExistence';'e';'w';0.776;0.797;0.797
'RespondedExistence(e, w)';'RespondedExistence';'e';'w';0.776;0.890;0.890
'CoExistence(e, z)';'CoExistence';'e';'z';0.780;0.796;0.796
'RespondedExistence(e, z)';'RespondedExistence';'e';'z';0.780;0.894;0.894
'Precedence(p, e)';'Precedence';'e';'p';0.538;0.617;0.617
'Participation(f)';'Participation';'f';;0.974;0.974;0.974
'Precedence(a, f)';'Precedence';'f';'a';0.970;0.996;0.996
'Precedence(c, f)';'Precedence';'f';'c';0.490;0.503;0.503
'CoExistence(f, a)';'CoExistence';'f';'a';0.974;0.974;0.974
'RespondedExistence(f, a)';'RespondedExistence';'f';'a';0.974;1.000;1.000
'CoExistence(f, b)';'CoExistence';'f';'b';0.972;0.972;0.972
'Succession(f, b)';'Succession';'f';'b';0.506;0.506;0.506
'RespondedExistence(f, b)';'RespondedExistence';'f';'b';0.972;0.998;0.998
'Response(f, b)';'Response';'f';'b';0.958;0.984;0.984
'CoExistence(f, c)';'CoExistence';'f';'c';0.854;0.863;0.863
'RespondedExistence(f, c)';'RespondedExistence';'f';'c';0.854;0.877;0.877
'NotSuccession(f, c)';'NotSuccession';'f';'c';0.614;0.620;0.620
'CoExistence(f, d)';'CoExistence';'f';'d';0.970;0.970;0.970
'RespondedExistence(f, d)';'RespondedExistence';'f';'d';0.970;0.996;0.996
'CoExistence(f, e)';'CoExistence';'f';'e';0.868;0.888;0.888
'RespondedExistence(f, e)';'RespondedExistence';'f';'e';0.868;0.891;0.891
'CoExistence(f, g)';'CoExistence';'f';'g';0.882;0.891;0.891
'RespondedExistence(f, g)';'RespondedExistence';'f';'g';0.882;0.906;0.906
'CoExistence(f, h)';'CoExistence';'f';'h';0.646;0.658;0.658
'RespondedExistence(f, h)';'RespondedExistence';'f';'h';0.646;0.663;0.663
'CoExistence(f, i)';'CoExistence';'f';'i';0.876;0.883;0.883
'RespondedExistence(f, i)';'RespondedExistence';'f';'i';0.876;0.899;0.899
'CoExistence(f, l)';'CoExistence';'f';'l';0.652;0.663;0.663
'RespondedExistence(f, l)';'RespondedExistence';'f';'l';0.652;0.669;0.669
'NotSuccession(f, l)';'NotSuccession';'f';'l';0.496;0.504;0.504
'CoExistence(f, m)';'CoExistence';'f';'m';0.836;0.846;0.846
'RespondedExistence(f, m)';'RespondedExistence';'f';'m';0.836;0.858;0.858
'CoExistence(f, n)';'CoExistence';'f';'n';0.930;0.932;0.932
'RespondedExistence(f, n)';'RespondedExistence';'f';'n';0.930;0.955;0.955
'CoExistence(f, o)';'CoExistence';'f';'o';0.892;0.899;0.899
'RespondedExistence(f, o)';'RespondedExistence';'f';'o';0.892;0.916;0.916
'CoExistence(f, p)';'CoExistence';'f';'p';0.970;0.974;0.974
'RespondedExistence(f, p)';'RespondedExistence';'f';'p';0.970;0.996;0.996
'CoExistence(f, q)';'CoExistence';'f';'q';0.852;0.861;0.861
'RespondedExistence(f, q)';'RespondedExistence';'f';'q';0.852;0.875;0.875
'NotSuccession(f, r)';'NotSuccession';'f';'r';0.912;0.936;0.936
'NotCoExistence(f, r)';'NotCoExistence';'f';'r';0.890;0.914;0.914
'CoExistence(f, s)';'CoExistence';'f';'s';0.876;0.888;0.888
'RespondedExistence(f, s)';'RespondedExistence';'f';'s';0.876;0.899;0.899
'CoExistence(f, t)';'CoExistence';'f';'t';0.956;0.960;0.960
'RespondedExistence(f, t)';'RespondedExistence';'f';'t';0.956;0.982;0.982
'CoExistence(f, u)';'CoExistence';'f';'u';0.880;0.887;0.887
'RespondedExistence(f, u)';'RespondedExistence';'f';'u';0.880;0.903;0.903
'CoExistence(f, v)';'CoExistence';'f';'v';0.860;0.869;0.869
'RespondedExistence(f, v)';'RespondedExistence';'f';'v';0.860;0.883;0.883
'CoExistence(f, w)';'CoExistence';'f';'w';0.860;0.867;0.867
'RespondedExistence(f, w)';'RespondedExistence';'f';'w';0.860;0.883;0.883
'CoExistence(f, z)';'CoExistence';'f';'z';0.868;0.873;0.873
'RespondedExistence(f, z)';'RespondedExistence';'f';'z';0.868;0.891;0.891
'Precedence(p, f)';'Precedence';'f';'p';0.654;0.671;0.671
'Participation(g)';'Participation';'g';;0.898;0.898;0.898
'Precedence(a, g)';'Precedence';'g';'a';0.892;0.993;0.993
'CoExistence(g, a)';'CoExistence';'g';'a';0.898;0.898;0.898
'RespondedExistence(g, a)';'RespondedExistence';'g';'a';0.898;1.000;1.000
'CoExistence(g, b)';'CoExistence';'g';'b';0.896;0.896;0.896
'RespondedExistence(g, b)';'RespondedExistence';'g';'b';0.896;0.998;0.998
'Response(g, b)';'Response';'g';'b';0.892;0.993;0.993
'CoExistence(g, c)';'CoExistence';'g';'c';0.784;0.797;0.797
'RespondedExistence(g, c)';'RespondedExistence';'g';'c';0.784;0.873;0.873
'NotSuccession(g, c)';'NotSuccession';'g';'c';0.610;0.620;0.620
'CoExistence(g, d)';'CoExistence';'g';'d';0.894;0.894;0.894
'RespondedExistence(g, d)';'RespondedExistence';'g';'d';0.894;0.996;0.996
'Response(g, d)';'Response';'g';'d';0.468;0.521;0.521
'CoExistence(g, e)';'CoExistence';'g';'e';0.794;0.814;0.814
'RespondedExistence(g, e)';'RespondedExistence';'g';'e';0.794;0.884;0.884
'CoExistence(g, f)';'CoExistence';'g';'f';0.882;0.891;0.891
'RespondedExistence(g, f)';'RespondedExistence';'g';'f';0.882;0.982;0.982
'Response(g, f)';'Response';'g';'f';0.698;0.777;0.777
'CoExistence(g, h)';'CoExistence';'g';'h';0.654;0.728;0.728
'RespondedExistence(g, h)';'RespondedExistence';'g';'h';0.654;0.728;0.728
'CoExistence(g, i)';'CoExistence';'g';'i';0.806;0.817;0.817
'RespondedExistence(g, i)';'RespondedExistence';'g';'i';0.806;0.898;0.898
'CoExistence(g, l)';'CoExistence';'g';'l';0.604;0.632;0.632
'RespondedExistence(g, l)';'RespondedExistence';'g';'l';0.604;0.673;0.673
'CoExistence(g, m)';'CoExistence';'g';'m';0.776;0.798;0.798
'RespondedExistence(g, m)';'RespondedExistence';'g';'m';0.776;0.864;0.864
'CoExistence(g, n)';'CoExistence';'g';'n';0.868;0.882;0.882
'RespondedExistence(g, n)';'RespondedExistence';'g';'n';0.868;0.967;0.967
'Response(g, n)';'Response';'g';'n';0.654;0.728;0.728
'CoExistence(g, o)';'CoExistence';'g';'o';0.820;0.830;0.830
'RespondedExistence(g, o)';'RespondedExistence';'g';'o';0.820;0.913;0.913
'CoExistence(g, p)';'CoExistence';'g';'p';0.892;0.894;0.894
'RespondedExistence(g, p)';'RespondedExistence';'g';'p';0.892;0.993;0.993
'Response(g, p)';'Response';'g';'p';0.556;0.619;0.619
'CoExistence(g, q)';'CoExistence';'g';'q';0.786;0.802;0.802
'RespondedExistence(g, q)';'RespondedExistence';'g';'q';0.786;0.875;0.875
'NotSuccession(g, r)';'NotSuccession';'g';'r';0.846;0.938;0.938
'NotCoExistence(g, r)';'NotCoExistence';'g';'r';0.822;0.911;0.911
'CoExistence(g, s)';'CoExistence';'g';'s';0.818;0.845;0.845
'RespondedExistence(g, s)';'RespondedExistence';'g';'s';0.818;0.911;0.911
'CoExistence(g, t)';'CoExistence';'g';'t';0.890;0.903;0.903
'RespondedExistence(g, t)';'RespondedExistence';'g';'t';0.890;0.991;0.991
'Response(g, t)';'Response';'g';'t';0.464;0.517;0.517
'CoExistence(g, u)';'CoExistence';'g';'u';0.820;0.840;0.840
'RespondedExistence(g, u)';'RespondedExistence';'g';'u';0.820;0.913;0.913
'CoExistence(g, v)';'CoExistence';'g';'v';0.798;0.818;0.818
'RespondedExistence(g, v)';'RespondedExistence';'g';'v';0.798;0.889;0.889
'CoExistence(g, w)';'CoExistence';'g';'w';0.800;0.820;0.820
'RespondedExistence(g, w)';'RespondedExistence';'g';'w';0.800;0.891;0.891
'CoExistence(g, z)';'CoExistence';'g';'z';0.806;0.822;0.822
'RespondedExistence(g, z)';'RespondedExistence';'g';'z';0.806;0.898;0.898
'Precedence(p, g)';'Precedence';'g';'p';0.572;0.637;0.637
'Precedence(z, g)';'Precedence';'g';'z';0.464;0.517;0.517
'Participation(h)';'Participation';'h';;0.654;0.654;0.654
'Precedence(a, h)';'Precedence';'h';'a';0.648;0.991;0.991
'AlternatePrecedence(a, h)';'AlternatePrecedence';'h';'a';0.346;0.529;0.529
'Precedence(b, h)';'Precedence';'h';'b';0.436;0.667;0.667
'Precedence(c, h)';'Precedence';'h';'c';0.430;0.657;0.657
'Precedence(d, h)';'Precedence';'h';'d';0.414;0.633;0.633
'Precedence(e, h)';'Precedence';'h';'e';0.414;0.633;0.633
'Precedence(f, h)';'Precedence';'h';'f';0.452;0.691;0.691
'Precedence(g, h)';'Precedence';'h';'g';0.624;0.954;0.954
'CoExistence(h, a)';'CoExistence';'h';'a';0.654;0.654;0.654
'RespondedExistence(h, a)';'RespondedExistence';'h';'a';0.654;1.000;1.000
'NotSuccession(h, a)';'NotSuccession';'h';'a';0.594;0.594;0.594
'CoExistence(h, b)';'CoExistence';'h';'b';0.652;0.652;0.652
'RespondedExistence(h, b)';'RespondedExistence';'h';'b';0.652;0.997;0.997
'Response(h, b)';'Response';'h';'b';0.650;0.994;0.994
'CoExistence(h, c)';'CoExistence';'h';'c';0.584;0.621;0.621
'RespondedExistence(h, c)';'RespondedExistence';'h';'c';0.584;0.893;0.893
'NotSuccession(h, c)';'NotSuccession';'h';'c';0.778;0.828;0.828
'CoExistence(h, d)';'CoExistence';'h';'d';0.650;0.650;0.650
'RespondedExistence(h, d)';'RespondedExistence';'h';'d';0.650;0.994;0.994
'NotSuccession(h, d)';'NotSuccession';'h';'d';0.550;0.550;0.550
'CoExistence(h, e)';'CoExistence';'h';'e';0.582;0.617;0.617
'RespondedExistence(h, e)';'RespondedExistence';'h';'e';0.582;0.890;0.890
'NotSuccession(h, e)';'NotSuccession';'h';'e';0.560;0.593;0.593
'CoExistence(h, f)';'CoExistence';'h';'f';0.646;0.658;0.658
'RespondedExistence(h, f)';'RespondedExistence';'h';'f';0.646;0.988;0.988
'Response(h, f)';'Response';'h';'f';0.520;0.795;0.795
'CoExistence(h, g)';'CoExistence';'h';'g';0.654;0.728;0.728
'RespondedExistence(h, g)';'RespondedExistence';'h';'g';0.654;1.000;1.000
'NotSuccession(h, g)';'NotSuccession';'h';'g';0.504;0.561;0.561
'CoExistence(h, i)';'CoExistence';'h';'i';0.598;0.629;0.629
'RespondedExistence(h, i)';'RespondedExistence';'h';'i';0.598;0.914;0.914
'NotSuccession(h, i)';'NotSuccession';'h';'i';0.524;0.552;0.552
'CoExistence(h, l)';'CoExistence';'h';'l';0.452;0.523;0.523
'RespondedExistence(h, l)';'RespondedExistence';'h';'l';0.452;0.691;0.691
'NotSuccession(h, l)';'NotSuccession';'h';'l';0.574;0.664;0.664
'CoExistence(h, m)';'CoExistence';'h';'m';0.576;0.621;0.621
'RespondedExistence(h, m)';'RespondedExistence';'h';'m';0.576;0.881;0.881
'NotSuccession(h, m)';'NotSuccession';'h';'m';0.652;0.703;0.703
'CoExistence(h, n)';'CoExistence';'h';'n';0.638;0.658;0.658
'RespondedExistence(h, n)';'RespondedExistence';'h';'n';0.638;0.976;0.976
'Response(h, n)';'Response';'h';'n';0.470;0.719;0.719
'CoExistence(h, o)';'CoExistence';'h';'o';0.602;0.626;0.626
'RespondedExistence(h, o)';'RespondedExistence';'h';'o';0.602;0.920;0.920
'NotSuccession(h, o)';'NotSuccession';'h';'o';0.570;0.593;0.593
'CoExistence(h, p)';'CoExistence';'h';'p';0.654;0.659;0.659
'RespondedExistence(h, p)';'RespondedExistence';'h';'p';0.654;1.000;1.000
'Response(h, p)';'Response';'h';'p';0.362;0.554;0.554
'CoExistence(h, q)';'CoExistence';'h';'q';0.580;0.616;0.616
'RespondedExistence(h, q)';'RespondedExistence';'h';'q';0.580;0.887;0.887
'NotSuccession(h, q)';'NotSuccession';'h';'q';0.548;0.582;0.582
'NotSuccession(h, r)';'NotSuccession';'h';'r';0.636;0.946;0.946
'NotCoExistence(h, r)';'NotCoExistence';'h';'r';0.606;0.902;0.902
'CoExistence(h, s)';'CoExistence';'h';'s';0.596;0.630;0.630
'RespondedExistence(h, s)';'RespondedExistence';'h';'s';0.596;0.911;0.911
'NotSuccession(h, s)';'NotSuccession';'h';'s';0.574;0.607;0.607
'CoExistence(h, t)';'CoExistence';'h';'t';0.652;0.665;0.665
'RespondedExistence(h, t)';'RespondedExistence';'h';'t';0.652;0.997;0.997
'NotSuccession(h, t)';'NotSuccession';'h';'t';0.540;0.551;0.551
'CoExistence(h, u)';'CoExistence';'h';'u';0.596;0.623;0.623
'RespondedExistence(h, u)';'RespondedExistence';'h';'u';0.596;0.911;0.911
'NotSuccession(h, u)';'NotSuccession';'h';'u';0.570;0.596;0.596
'CoExistence(h, v)';'CoExistence';'h';'v';0.588;0.624;0.624
'RespondedExistence(h, v)';'RespondedExistence';'h';'v';0.588;0.899;0.899
'NotSuccession(h, v)';'NotSuccession';'h';'v';0.548;0.582;0.582
'CoExistence(h, w)';'CoExistence';'h';'w';0.584;0.616;0.616
'RespondedExistence(h, w)';'RespondedExistence';'h';'w';0.584;0.893;0.893
'NotSuccession(h, w)';'NotSuccession';'h';'w';0.542;0.572;0.572
'CoExistence(h, z)';'CoExistence';'h';'z';0.602;0.640;0.640
'RespondedExistence(h, z)';'RespondedExistence';'h';'z';0.602;0.920;0.920
'NotSuccession(h, z)';'NotSuccession';'h';'z';0.538;0.572;0.572
'Precedence(i, h)';'Precedence';'h';'i';0.450;0.688;0.688
'Precedence(m, h)';'Precedence';'h';'m';0.446;0.682;0.682
'Precedence(n, h)';'Precedence';'h';'n';0.404;0.618;0.618
'Precedence(o, h)';'Precedence';'h';'o';0.434;0.664;0.664
'Precedence(p, h)';'Precedence';'h';'p';0.548;0.838;0.838
'AlternatePrecedence(p, h)';'AlternatePrecedence';'h';'p';0.348;0.532;0.532
'Precedence(q, h)';'Precedence';'h';'q';0.410;0.627;0.627
'Precedence(s, h)';'Precedence';'h';'s';0.436;0.667;0.667
'Precedence(t, h)';'Precedence';'h';'t';0.432;0.661;0.661
'Precedence(u, h)';'Precedence';'h';'u';0.420;0.642;0.642
'Precedence(v, h)';'Precedence';'h';'v';0.424;0.648;0.648
'Precedence(w, h)';'Precedence';'h';'w';0.442;0.676;0.676
'Precedence(z, h)';'Precedence';'h';'z';0.466;0.713;0.713
'Participation(i)';'Participation';'i';;0.894;0.894;0.894
'Precedence(a, i)';'Precedence';'i';'a';0.890;0.996;0.996
'CoExistence(i, a)';'CoExistence';'i';'a';0.894;0.894;0.894
'RespondedExistence(i, a)';'RespondedExistence';'i';'a';0.894;1.000;1.000
'CoExistence(i, b)';'CoExistence';'i';'b';0.892;0.892;0.892
'RespondedExistence(i, b)';'RespondedExistence';'i';'b';0.892;0.998;0.998
'Response(i, b)';'Response';'i';'b';0.886;0.991;0.991
'CoExistence(i, c)';'CoExistence';'i';'c';0.782;0.796;0.796
'RespondedExistence(i, c)';'RespondedExistence';'i';'c';0.782;0.875;0.875
'NotSuccession(i, c)';'NotSuccession';'i';'c';0.602;0.613;0.613
'CoExistence(i, d)';'CoExistence';'i';'d';0.890;0.890;0.890
'RespondedExistence(i, d)';'RespondedExistence';'i';'d';0.890;0.996;0.996
'Response(i, d)';'Response';'i';'d';0.506;0.566;0.566
'CoExistence(i, e)';'CoExistence';'i';'e';0.788;0.806;0.806
'RespondedExistence(i, e)';'RespondedExistence';'i';'e';0.788;0.881;0.881
'CoExistence(i, f)';'CoExistence';'i';'f';0.876;0.883;0.883
'RespondedExistence(i, f)';'RespondedExistence';'i';'f';0.876;0.980;0.980
'Response(i, f)';'Response';'i';'f';0.714;0.799;0.799
'CoExistence(i, g)';'CoExistence';'i';'g';0.806;0.817;0.817
'RespondedExistence(i, g)';'RespondedExistence';'i';'g';0.806;0.902;0.902
'CoExistence(i, h)';'CoExistence';'i';'h';0.598;0.629;0.629
'RespondedExistence(i, h)';'RespondedExistence';'i';'h';0.598;0.669;0.669
'CoExistence(i, l)';'CoExistence';'i';'l';0.660;0.737;0.737
'RespondedExistence(i, l)';'RespondedExistence';'i';'l';0.660;0.738;0.738
'CoExistence(i, m)';'CoExistence';'i';'m';0.776;0.802;0.802
'RespondedExistence(i, m)';'RespondedExistence';'i';'m';0.776;0.868;0.868
'CoExistence(i, n)';'CoExistence';'i';'n';0.866;0.882;0.882
'RespondedExistence(i, n)';'RespondedExistence';'i';'n';0.866;0.969;0.969
'Response(i, n)';'Response';'i';'n';0.688;0.770;0.770
'CoExistence(i, o)';'CoExistence';'i';'o';0.830;0.852;0.852
'RespondedExistence(i, o)';'RespondedExistence';'i';'o';0.830;0.928;0.928
'CoExistence(i, p)';'CoExistence';'i';'p';0.892;0.897;0.897
'RespondedExistence(i, p)';'RespondedExistence';'i';'p';0.892;0.998;0.998
'Response(i, p)';'Response';'i';'p';0.552;0.617;0.617
'CoExistence(i, q)';'CoExistence';'i';'q';0.786;0.805;0.805
'RespondedExistence(i, q)';'RespondedExistence';'i';'q';0.786;0.879;0.879
'NotSuccession(i, r)';'NotSuccession';'i';'r';0.848;0.942;0.942
'NotCoExistence(i, r)';'NotCoExistence';'i';'r';0.822;0.913;0.913
'CoExistence(i, s)';'CoExistence';'i';'s';0.798;0.811;0.811
'RespondedExistence(i, s)';'RespondedExistence';'i';'s';0.798;0.893;0.893
'CoExistence(i, t)';'CoExistence';'i';'t';0.878;0.883;0.883
'RespondedExistence(i, t)';'RespondedExistence';'i';'t';0.878;0.982;0.982
'Response(i, t)';'Response';'i';'t';0.456;0.510;0.510
'CoExistence(i, u)';'CoExistence';'i';'u';0.814;0.832;0.832
'RespondedExistence(i, u)';'RespondedExistence';'i';'u';0.814;0.911;0.911
'CoExistence(i, v)';'CoExistence';'i';'v';0.782;0.791;0.791
'RespondedExistence(i, v)';'RespondedExistence';'i';'v';0.782;0.875;0.875
'CoExistence(i, w)';'CoExistence';'i';'w';0.792;0.808;0.808
'RespondedExistence(i, w)';'RespondedExistence';'i';'w';0.792;0.886;0.886
'CoExistence(i, z)';'CoExistence';'i';'z';0.800;0.815;0.815
'RespondedExistence(i, z)';'RespondedExistence';'i';'z';0.800;0.895;0.895
'Precedence(p, i)';'Precedence';'i';'p';0.544;0.609;0.609
'AtMostOne(l)';'AtMostOne';'l';;0.458;0.692;0.692
'Participation(l)';'Participation';'l';;0.662;0.662;0.662
'Precedence(a, l)';'Precedence';'l';'a';0.660;0.997;0.997
'AlternatePrecedence(a, l)';'AlternatePrecedence';'l';'a';0.562;0.849;0.849
'Precedence(b, l)';'Precedence';'l';'b';0.462;0.698;0.698
'AlternatePrecedence(b, l)';'AlternatePrecedence';'l';'b';0.394;0.595;0.595
'Precedence(c, l)';'Precedence';'l';'c';0.434;0.656;0.656
'Precedence(d, l)';'Precedence';'l';'d';0.426;0.644;0.644
'AlternatePrecedence(d, l)';'AlternatePrecedence';'l';'d';0.382;0.577;0.577
'Precedence(e, l)';'Precedence';'l';'e';0.428;0.647;0.647
'AlternatePrecedence(e, l)';'AlternatePrecedence';'l';'e';0.366;0.553;0.553
'Precedence(f, l)';'Precedence';'l';'f';0.436;0.659;0.659
'AlternatePrecedence(f, l)';'AlternatePrecedence';'l';'f';0.372;0.562;0.562
'Precedence(g, l)';'Precedence';'l';'g';0.418;0.631;0.631
'AlternatePrecedence(g, l)';'AlternatePrecedence';'l';'g';0.366;0.553;0.553
'Precedence(i, l)';'Precedence';'l';'i';0.646;0.976;0.976
'AlternatePrecedence(i, l)';'AlternatePrecedence';'l';'i';0.632;0.955;0.955
'CoExistence(l, a)';'CoExistence';'l';'a';0.662;0.662;0.662
'RespondedExistence(l, a)';'RespondedExistence';'l';'a';0.662;1.000;1.000
'Response(l, a)';'Response';'l';'a';0.338;0.511;0.511
'NotSuccession(l, a)';'NotSuccession';'l';'a';0.578;0.578;0.578
'CoExistence(l, b)';'CoExistence';'l';'b';0.660;0.660;0.660
'RespondedExistence(l, b)';'RespondedExistence';'l';'b';0.660;0.997;0.997
'Response(l, b)';'Response';'l';'b';0.658;0.994;0.994
'AlternateResponse(l, b)';'AlternateResponse';'l';'b';0.534;0.807;0.807
'CoExistence(l, c)';'CoExistence';'l';'c';0.590;0.626;0.626
'RespondedExistence(l, c)';'RespondedExistence';'l';'c';0.590;0.891;0.891
'NotSuccession(l, c)';'NotSuccession';'l';'c';0.782;0.830;0.830
'CoExistence(l, d)';'CoExistence';'l';'d';0.658;0.658;0.658
'RespondedExistence(l, d)';'RespondedExistence';'l';'d';0.658;0.994;0.994
'Response(l, d)';'Response';'l';'d';0.392;0.592;0.592
'AlternateResponse(l, d)';'AlternateResponse';'l';'d';0.338;0.511;0.511
'NotSuccession(l, d)';'NotSuccession';'l';'d';0.524;0.524;0.524
'CoExistence(l, e)';'CoExistence';'l';'e';0.592;0.628;0.628
'RespondedExistence(l, e)';'RespondedExistence';'l';'e';0.592;0.894;0.894
'Response(l, e)';'Response';'l';'e';0.336;0.508;0.508
'NotSuccession(l, e)';'NotSuccession';'l';'e';0.532;0.565;0.565
'CoExistence(l, f)';'CoExistence';'l';'f';0.652;0.663;0.663
'RespondedExistence(l, f)';'RespondedExistence';'l';'f';0.652;0.985;0.985
'Response(l, f)';'Response';'l';'f';0.548;0.828;0.828
'AlternateResponse(l, f)';'AlternateResponse';'l';'f';0.458;0.692;0.692
'CoExistence(l, g)';'CoExistence';'l';'g';0.604;0.632;0.632
'RespondedExistence(l, g)';'RespondedExistence';'l';'g';0.604;0.912;0.912
'Response(l, g)';'Response';'l';'g';0.346;0.523;0.523
'NotSuccession(l, g)';'NotSuccession';'l';'g';0.522;0.546;0.546
'CoExistence(l, h)';'CoExistence';'l';'h';0.452;0.523;0.523
'RespondedExistence(l, h)';'RespondedExistence';'l';'h';0.452;0.683;0.683
'NotSuccession(l, h)';'NotSuccession';'l';'h';0.536;0.620;0.620
'CoExistence(l, i)';'CoExistence';'l';'i';0.660;0.737;0.737
'RespondedExistence(l, i)';'RespondedExistence';'l';'i';0.660;0.997;0.997
'NotSuccession(l, i)';'NotSuccession';'l';'i';0.464;0.518;0.518
'CoExistence(l, m)';'CoExistence';'l';'m';0.592;0.643;0.643
'RespondedExistence(l, m)';'RespondedExistence';'l';'m';0.592;0.894;0.894
'NotSuccession(l, m)';'NotSuccession';'l';'m';0.628;0.683;0.683
'CoExistence(l, n)';'CoExistence';'l';'n';0.648;0.669;0.669
'RespondedExistence(l, n)';'RespondedExistence';'l';'n';0.648;0.979;0.979
'Response(l, n)';'Response';'l';'n';0.528;0.798;0.798
'AlternateResponse(l, n)';'AlternateResponse';'l';'n';0.438;0.662;0.662
'CoExistence(l, o)';'CoExistence';'l';'o';0.610;0.634;0.634
'RespondedExistence(l, o)';'RespondedExistence';'l';'o';0.610;0.921;0.921
'Response(l, o)';'Response';'l';'o';0.344;0.520;0.520
'NotSuccession(l, o)';'NotSuccession';'l';'o';0.546;0.568;0.568
'CoExistence(l, p)';'CoExistence';'l';'p';0.660;0.664;0.664
'RespondedExistence(l, p)';'RespondedExistence';'l';'p';0.660;0.997;0.997
'Response(l, p)';'Response';'l';'p';0.436;0.659;0.659
'AlternateResponse(l, p)';'AlternateResponse';'l';'p';0.390;0.589;0.589
'CoExistence(l, q)';'CoExistence';'l';'q';0.580;0.611;0.611
'RespondedExistence(l, q)';'RespondedExistence';'l';'q';0.580;0.876;0.876
'NotSuccession(l, q)';'NotSuccession';'l';'q';0.558;0.587;0.587
'NotSuccession(l, r)';'NotSuccession';'l';'r';0.670;0.965;0.965
'NotCoExistence(l, r)';'NotCoExistence';'l';'r';0.642;0.925;0.925
'CoExistence(l, s)';'CoExistence';'l';'s';0.600;0.632;0.632
'RespondedExistence(l, s)';'RespondedExistence';'l';'s';0.600;0.906;0.906
'Response(l, s)';'Response';'l';'s';0.340;0.514;0.514
'NotSuccession(l, s)';'NotSuccession';'l';'s';0.526;0.554;0.554
'CoExistence(l, t)';'CoExistence';'l';'t';0.656;0.667;0.667
'RespondedExistence(l, t)';'RespondedExistence';'l';'t';0.656;0.991;0.991
'Response(l, t)';'Response';'l';'t';0.386;0.583;0.583
'NotSuccession(l, t)';'NotSuccession';'l';'t';0.534;0.543;0.543
'CoExistence(l, u)';'CoExistence';'l';'u';0.600;0.625;0.625
'RespondedExistence(l, u)';'RespondedExistence';'l';'u';0.600;0.906;0.906
'Response(l, u)';'Response';'l';'u';0.344;0.520;0.520
'NotSuccession(l, u)';'NotSuccession';'l';'u';0.526;0.548;0.548
'CoExistence(l, v)';'CoExistence';'l';'v';0.592;0.626;0.626
'RespondedExistence(l, v)';'RespondedExistence';'l';'v';0.592;0.894;0.894
'NotSuccession(l, v)';'NotSuccession';'l';'v';0.538;0.569;0.569
'CoExistence(l, w)';'CoExistence';'l';'w';0.592;0.624;0.624
'RespondedExistence(l, w)';'RespondedExistence';'l';'w';0.592;0.894;0.894
'Response(l, w)';'Response';'l';'w';0.352;0.532;0.532
'NotSuccession(l, w)';'NotSuccession';'l';'w';0.520;0.549;0.549
'CoExistence(l, z)';'CoExistence';'l';'z';0.596;0.625;0.625
'RespondedExistence(l, z)';'RespondedExistence';'l';'z';0.596;0.900;0.900
'Response(l, z)';'Response';'l';'z';0.334;0.505;0.505
'NotSuccession(l, z)';'NotSuccession';'l';'z';0.550;0.577;0.577
'Precedence(m, l)';'Precedence';'l';'m';0.440;0.665;0.665
'AlternatePrecedence(m, l)';'AlternatePrecedence';'l';'m';0.350;0.529;0.529
'Precedence(n, l)';'Precedence';'l';'n';0.406;0.613;0.613
'AlternatePrecedence(n, l)';'AlternatePrecedence';'l';'n';0.360;0.544;0.544
'Precedence(o, l)';'Precedence';'l';'o';0.428;0.647;0.647
'AlternatePrecedence(o, l)';'AlternatePrecedence';'l';'o';0.356;0.538;0.538
'Precedence(p, l)';'Precedence';'l';'p';0.544;0.822;0.822
'AlternatePrecedence(p, l)';'AlternatePrecedence';'l';'p';0.492;0.743;0.743
'Precedence(q, l)';'Precedence';'l';'q';0.420;0.634;0.634
'AlternatePrecedence(q, l)';'AlternatePrecedence';'l';'q';0.360;0.544;0.544
'Precedence(s, l)';'Precedence';'l';'s';0.414;0.625;0.625
'AlternatePrecedence(s, l)';'AlternatePrecedence';'l';'s';0.354;0.535;0.535
'Precedence(t, l)';'Precedence';'l';'t';0.432;0.653;0.653
'AlternatePrecedence(t, l)';'AlternatePrecedence';'l';'t';0.372;0.562;0.562
'Precedence(u, l)';'Precedence';'l';'u';0.424;0.640;0.640
'AlternatePrecedence(u, l)';'AlternatePrecedence';'l';'u';0.364;0.550;0.550
'Precedence(v, l)';'Precedence';'l';'v';0.424;0.640;0.640
'AlternatePrecedence(v, l)';'AlternatePrecedence';'l';'v';0.366;0.553;0.553
'Precedence(w, l)';'Precedence';'l';'w';0.432;0.653;0.653
'AlternatePrecedence(w, l)';'AlternatePrecedence';'l';'w';0.378;0.571;0.571
'Precedence(z, l)';'Precedence';'l';'z';0.430;0.650;0.650
'AlternatePrecedence(z, l)';'AlternatePrecedence';'l';'z';0.368;0.556;0.556
'AtMostOne(m)';'AtMostOne';'m';;0.478;0.562;0.562
'Participation(m)';'Participation';'m';;0.850;0.850;0.850
'Precedence(a, m)';'Precedence';'m';'a';0.848;0.998;0.998
'AlternatePrecedence(a, m)';'AlternatePrecedence';'m';'a';0.676;0.795;0.795
'CoExistence(m, a)';'CoExistence';'m';'a';0.850;0.850;0.850
'RespondedExistence(m, a)';'RespondedExistence';'m';'a';0.850;1.000;1.000
'Response(m, a)';'Response';'m';'a';0.522;0.614;0.614
'CoExistence(m, b)';'CoExistence';'m';'b';0.850;0.852;0.852
'RespondedExistence(m, b)';'RespondedExistence';'m';'b';0.850;1.000;1.000
'Response(m, b)';'Response';'m';'b';0.844;0.993;0.993
'AlternateResponse(m, b)';'AlternateResponse';'m';'b';0.660;0.776;0.776
'CoExistence(m, c)';'CoExistence';'m';'c';0.756;0.784;0.784
'RespondedExistence(m, c)';'RespondedExistence';'m';'c';0.756;0.889;0.889
'NotSuccession(m, c)';'NotSuccession';'m';'c';0.576;0.598;0.598
'CoExistence(m, d)';'CoExistence';'m';'d';0.846;0.846;0.846
'RespondedExistence(m, d)';'RespondedExistence';'m';'d';0.846;0.995;0.995
'Response(m, d)';'Response';'m';'d';0.580;0.682;0.682
'AlternateResponse(m, d)';'AlternateResponse';'m';'d';0.452;0.532;0.532
'CoExistence(m, e)';'CoExistence';'m';'e';0.776;0.820;0.820
'RespondedExistence(m, e)';'RespondedExistence';'m';'e';0.776;0.913;0.913
'Response(m, e)';'Response';'m';'e';0.478;0.562;0.562
'CoExistence(m, f)';'CoExistence';'m';'f';0.836;0.846;0.846
'RespondedExistence(m, f)';'RespondedExistence';'m';'f';0.836;0.984;0.984
'Response(m, f)';'Response';'m';'f';0.738;0.868;0.868
'AlternateResponse(m, f)';'AlternateResponse';'m';'f';0.586;0.689;0.689
'CoExistence(m, g)';'CoExistence';'m';'g';0.776;0.798;0.798
'RespondedExistence(m, g)';'RespondedExistence';'m';'g';0.776;0.913;0.913
'Response(m, g)';'Response';'m';'g';0.512;0.602;0.602
'CoExistence(m, h)';'CoExistence';'m';'h';0.576;0.621;0.621
'RespondedExistence(m, h)';'RespondedExistence';'m';'h';0.576;0.678;0.678
'CoExistence(m, i)';'CoExistence';'m';'i';0.776;0.802;0.802
'RespondedExistence(m, i)';'RespondedExistence';'m';'i';0.776;0.913;0.913
'Response(m, i)';'Response';'m';'i';0.518;0.609;0.609
'AlternateResponse(m, i)';'AlternateResponse';'m';'i';0.442;0.520;0.520
'CoExistence(m, l)';'CoExistence';'m';'l';0.592;0.643;0.643
'RespondedExistence(m, l)';'RespondedExistence';'m';'l';0.592;0.696;0.696
'CoExistence(m, n)';'CoExistence';'m';'n';0.850;0.891;0.891
'RespondedExistence(m, n)';'RespondedExistence';'m';'n';0.850;1.000;1.000
'Response(m, n)';'Response';'m';'n';0.824;0.969;0.969
'AlternateResponse(m, n)';'AlternateResponse';'m';'n';0.796;0.936;0.936
'CoExistence(m, o)';'CoExistence';'m';'o';0.780;0.796;0.796
'RespondedExistence(m, o)';'RespondedExistence';'m';'o';0.780;0.918;0.918
'Response(m, o)';'Response';'m';'o';0.504;0.593;0.593
'CoExistence(m, p)';'CoExistence';'m';'p';0.850;0.857;0.857
'RespondedExistence(m, p)';'RespondedExistence';'m';'p';0.850;1.000;1.000
'Response(m, p)';'Response';'m';'p';0.634;0.746;0.746
'AlternateResponse(m, p)';'AlternateResponse';'m';'p';0.560;0.659;0.659
'CoExistence(m, q)';'CoExistence';'m';'q';0.742;0.760;0.760
'RespondedExistence(m, q)';'RespondedExistence';'m';'q';0.742;0.873;0.873
'Response(m, q)';'Response';'m';'q';0.492;0.579;0.579
'NotSuccession(m, r)';'NotSuccession';'m';'r';0.810;0.942;0.942
'NotCoExistence(m, r)';'NotCoExistence';'m';'r';0.786;0.914;0.914
'CoExistence(m, s)';'CoExistence';'m';'s';0.774;0.803;0.803
'RespondedExistence(m, s)';'RespondedExistence';'m';'s';0.774;0.911;0.911
'Response(m, s)';'Response';'m';'s';0.492;0.579;0.579
'CoExistence(m, t)';'CoExistence';'m';'t';0.838;0.846;0.846
'RespondedExistence(m, t)';'RespondedExistence';'m';'t';0.838;0.986;0.986
'Response(m, t)';'Response';'m';'t';0.568;0.668;0.668
'AlternateResponse(m, t)';'AlternateResponse';'m';'t';0.466;0.548;0.548
'CoExistence(m, u)';'CoExistence';'m';'u';0.780;0.806;0.806
'RespondedExistence(m, u)';'RespondedExistence';'m';'u';0.780;0.918;0.918
'Response(m, u)';'Response';'m';'u';0.474;0.558;0.558
'CoExistence(m, v)';'CoExistence';'m';'v';0.758;0.783;0.783
'RespondedExistence(m, v)';'RespondedExistence';'m';'v';0.758;0.892;0.892
'Response(m, v)';'Response';'m';'v';0.482;0.567;0.567
'CoExistence(m, w)';'CoExistence';'m';'w';0.758;0.781;0.781
'RespondedExistence(m, w)';'RespondedExistence';'m';'w';0.758;0.892;0.892
'Response(m, w)';'Response';'m';'w';0.502;0.591;0.591
'CoExistence(m, z)';'CoExistence';'m';'z';0.768;0.792;0.792
'RespondedExistence(m, z)';'RespondedExistence';'m';'z';0.768;0.904;0.904
'Response(m, z)';'Response';'m';'z';0.488;0.574;0.574
'Precedence(p, m)';'Precedence';'m';'p';0.518;0.609;0.609
'AlternatePrecedence(p, m)';'AlternatePrecedence';'m';'p';0.468;0.551;0.551
'Participation(n)';'Participation';'n';;0.954;0.954;0.954
'Precedence(a, n)';'Precedence';'n';'a';0.948;0.994;0.994
'Precedence(b, n)';'Precedence';'n';'b';0.478;0.501;0.501
'Precedence(m, n)';'Precedence';'n';'m';0.484;0.507;0.507
'CoExistence(n, a)';'CoExistence';'n';'a';0.954;0.954;0.954
'RespondedExistence(n, a)';'RespondedExistence';'n';'a';0.954;1.000;1.000
'CoExistence(n, b)';'CoExistence';'n';'b';0.952;0.952;0.952
'RespondedExistence(n, b)';'RespondedExistence';'n';'b';0.952;0.998;0.998
'Response(n, b)';'Response';'n';'b';0.936;0.981;0.981
'CoExistence(n, c)';'CoExistence';'n';'c';0.842;0.857;0.857
'RespondedExistence(n, c)';'RespondedExistence';'n';'c';0.842;0.883;0.883
'NotSuccession(n, c)';'NotSuccession';'n';'c';0.606;0.617;0.617
'CoExistence(n, d)';'CoExistence';'n';'d';0.950;0.950;0.950
'RespondedExistence(n, d)';'RespondedExistence';'n';'d';0.950;0.996;0.996
'CoExistence(n, e)';'CoExistence';'n';'e';0.848;0.867;0.867
'RespondedExistence(n, e)';'RespondedExistence';'n';'e';0.848;0.889;0.889
'CoExistence(n, f)';'CoExistence';'n';'f';0.930;0.932;0.932
'RespondedExistence(n, f)';'RespondedExistence';'n';'f';0.930;0.975;0.975
'Response(n, f)';'Response';'n';'f';0.514;0.539;0.539
'CoExistence(n, g)';'CoExistence';'n';'g';0.868;0.882;0.882
'RespondedExistence(n, g)';'RespondedExistence';'n';'g';0.868;0.910;0.910
'CoExistence(n, h)';'CoExistence';'n';'h';0.638;0.658;0.658
'RespondedExistence(n, h)';'RespondedExistence';'n';'h';0.638;0.669;0.669
'CoExistence(n, i)';'CoExistence';'n';'i';0.866;0.882;0.882
'RespondedExistence(n, i)';'RespondedExistence';'n';'i';0.866;0.908;0.908
'CoExistence(n, l)';'CoExistence';'n';'l';0.648;0.669;0.669
'RespondedExistence(n, l)';'RespondedExistence';'n';'l';0.648;0.679;0.679
'NotSuccession(n, l)';'NotSuccession';'n';'l';0.510;0.527;0.527
'CoExistence(n, m)';'CoExistence';'n';'m';0.850;0.891;0.891
'RespondedExistence(n, m)';'RespondedExistence';'n';'m';0.850;0.891;0.891
'CoExistence(n, o)';'CoExistence';'n';'o';0.870;0.875;0.875
'RespondedExistence(n, o)';'RespondedExistence';'n';'o';0.870;0.912;0.912
'CoExistence(n, p)';'CoExistence';'n';'p';0.948;0.950;0.950
'RespondedExistence(n, p)';'RespondedExistence';'n';'p';0.948;0.994;0.994
'CoExistence(n, q)';'CoExistence';'n';'q';0.836;0.848;0.848
'RespondedExistence(n, q)';'RespondedExistence';'n';'q';0.836;0.876;0.876
'NotSuccession(n, r)';'NotSuccession';'n';'r';0.902;0.944;0.944
'NotCoExistence(n, r)';'NotCoExistence';'n';'r';0.874;0.914;0.914
'CoExistence(n, s)';'CoExistence';'n';'s';0.858;0.872;0.872
'RespondedExistence(n, s)';'RespondedExistence';'n';'s';0.858;0.899;0.899
'CoExistence(n, t)';'CoExistence';'n';'t';0.936;0.940;0.940
'RespondedExistence(n, t)';'RespondedExistence';'n';'t';0.936;0.981;0.981
'CoExistence(n, u)';'CoExistence';'n';'u';0.864;0.874;0.874
'RespondedExistence(n, u)';'RespondedExistence';'n';'u';0.864;0.906;0.906
'CoExistence(n, v)';'CoExistence';'n';'v';0.848;0.864;0.864
'RespondedExistence(n, v)';'RespondedExistence';'n';'v';0.848;0.889;0.889
'CoExistence(n, w)';'CoExistence';'n';'w';0.850;0.866;0.866
'RespondedExistence(n, w)';'RespondedExistence';'n';'w';0.850;0.891;0.891
'CoExistence(n, z)';'CoExistence';'n';'z';0.862;0.880;0.880
'RespondedExistence(n, z)';'RespondedExistence';'n';'z';0.862;0.904;0.904
'Precedence(p, n)';'Precedence';'n';'p';0.616;0.646;0.646
'Precedence(z, n)';'Precedence';'n';'z';0.484;0.507;0.507
'Participation(o)';'Participation';'o';;0.910;0.910;0.910
'Precedence(a, o)';'Precedence';'o';'a';0.908;0.998;0.998
'CoExistence(o, a)';'CoExistence';'o';'a';0.910;0.910;0.910
'RespondedExistence(o, a)';'RespondedExistence';'o';'a';0.910;1.000;1.000
'CoExistence(o, b)';'CoExistence';'o';'b';0.908;0.908;0.908
'RespondedExistence(o, b)';'RespondedExistence';'o';'b';0.908;0.998;0.998
'Response(o, b)';'Response';'o';'b';0.900;0.989;0.989
'CoExistence(o, c)';'CoExistence';'o';'c';0.798;0.813;0.813
'RespondedExistence(o, c)';'RespondedExistence';'o';'c';0.798;0.877;0.877
'NotSuccession(o, c)';'NotSuccession';'o';'c';0.594;0.605;0.605
'CoExistence(o, d)';'CoExistence';'o';'d';0.908;0.910;0.910
'RespondedExistence(o, d)';'RespondedExistence';'o';'d';0.908;0.998;0.998
'Response(o, d)';'Response';'o';'d';0.518;0.569;0.569
'CoExistence(o, e)';'CoExistence';'o';'e';0.796;0.807;0.807
'RespondedExistence(o, e)';'RespondedExistence';'o';'e';0.796;0.875;0.875
'CoExistence(o, f)';'CoExistence';'o';'f';0.892;0.899;0.899
'RespondedExistence(o, f)';'RespondedExistence';'o';'f';0.892;0.980;0.980
'Response(o, f)';'Response';'o';'f';0.726;0.798;0.798
'CoExistence(o, g)';'CoExistence';'o';'g';0.820;0.830;0.830
'RespondedExistence(o, g)';'RespondedExistence';'o';'g';0.820;0.901;0.901
'CoExistence(o, h)';'CoExistence';'o';'h';0.602;0.626;0.626
'RespondedExistence(o, h)';'RespondedExistence';'o';'h';0.602;0.662;0.662
'CoExistence(o, i)';'CoExistence';'o';'i';0.830;0.852;0.852
'RespondedExistence(o, i)';'RespondedExistence';'o';'i';0.830;0.912;0.912
'CoExistence(o, l)';'CoExistence';'o';'l';0.610;0.634;0.634
'RespondedExistence(o, l)';'RespondedExistence';'o';'l';0.610;0.670;0.670
'CoExistence(o, m)';'CoExistence';'o';'m';0.780;0.796;0.796
'RespondedExistence(o, m)';'RespondedExistence';'o';'m';0.780;0.857;0.857
'CoExistence(o, n)';'CoExistence';'o';'n';0.870;0.875;0.875
'RespondedExistence(o, n)';'RespondedExistence';'o';'n';0.870;0.956;0.956
'Response(o, n)';'Response';'o';'n';0.680;0.747;0.747
'CoExistence(o, p)';'CoExistence';'o';'p';0.910;0.917;0.917
'RespondedExistence(o, p)';'RespondedExistence';'o';'p';0.910;1.000;1.000
'Response(o, p)';'Response';'o';'p';0.868;0.954;0.954
'AlternateResponse(o, p)';'AlternateResponse';'o';'p';0.798;0.877;0.877
'ChainResponse(o, p)';'ChainResponse';'o';'p';0.662;0.727;0.727
'CoExistence(o, q)';'CoExistence';'o';'q';0.798;0.814;0.814
'RespondedExistence(o, q)';'RespondedExistence';'o';'q';0.798;0.877;0.877
'NotSuccession(o, r)';'NotSuccession';'o';'r';0.860;0.939;0.939
'NotCoExistence(o, r)';'NotCoExistence';'o';'r';0.838;0.915;0.915
'CoExistence(o, s)';'CoExistence';'o';'s';0.808;0.816;0.816
'RespondedExistence(o, s)';'RespondedExistence';'o';'s';0.808;0.888;0.888
'CoExistence(o, t)';'CoExistence';'o';'t';0.890;0.892;0.892
'RespondedExistence(o, t)';'RespondedExistence';'o';'t';0.890;0.978;0.978
'Response(o, t)';'Response';'o';'t';0.462;0.508;0.508
'CoExistence(o, u)';'CoExistence';'o';'u';0.818;0.826;0.826
'RespondedExistence(o, u)';'RespondedExistence';'o';'u';0.818;0.899;0.899
'CoExistence(o, v)';'CoExistence';'o';'v';0.804;0.819;0.819
'RespondedExistence(o, v)';'RespondedExistence';'o';'v';0.804;0.884;0.884
'CoExistence(o, w)';'CoExistence';'o';'w';0.806;0.821;0.821
'RespondedExistence(o, w)';'RespondedExistence';'o';'w';0.806;0.886;0.886
'CoExistence(o, z)';'CoExistence';'o';'z';0.806;0.813;0.813
'RespondedExistence(o, z)';'RespondedExistence';'o';'z';0.806;0.886;0.886
'Participation(p)';'Participation';'p';;0.992;0.992;0.992
'Precedence(a, p)';'Precedence';'p';'a';0.988;0.996;0.996
'CoExistence(p, a)';'CoExistence';'p';'a';0.992;0.992;0.992
'RespondedExistence(p, a)';'RespondedExistence';'p';'a';0.992;1.000;1.000
'CoExistence(p, b)';'CoExistence';'p';'b';0.990;0.990;0.990
'Succession(p, b)';'Succession';'p';'b';0.644;0.644;0.644
'RespondedExistence(p, b)';'RespondedExistence';'p';'b';0.990;0.998;0.998
'Response(p, b)';'Response';'p';'b';0.982;0.990;0.990
'CoExistence(p, c)';'CoExistence';'p';'c';0.868;0.873;0.873
'RespondedExistence(p, c)';'RespondedExistence';'p';'c';0.868;0.875;0.875
'CoExistence(p, d)';'CoExistence';'p';'d';0.988;0.988;0.988
'RespondedExistence(p, d)';'RespondedExistence';'p';'d';0.988;0.996;0.996
'CoExistence(p, e)';'CoExistence';'p';'e';0.872;0.879;0.879
'RespondedExistence(p, e)';'RespondedExistence';'p';'e';0.872;0.879;0.879
'CoExistence(p, f)';'CoExistence';'p';'f';0.970;0.974;0.974
'RespondedExistence(p, f)';'RespondedExistence';'p';'f';0.970;0.978;0.978
'Response(p, f)';'Response';'p';'f';0.730;0.736;0.736
'CoExistence(p, g)';'CoExistence';'p';'g';0.892;0.894;0.894
'RespondedExistence(p, g)';'RespondedExistence';'p';'g';0.892;0.899;0.899
'CoExistence(p, h)';'CoExistence';'p';'h';0.654;0.659;0.659
'RespondedExistence(p, h)';'RespondedExistence';'p';'h';0.654;0.659;0.659
'CoExistence(p, i)';'CoExistence';'p';'i';0.892;0.897;0.897
'RespondedExistence(p, i)';'RespondedExistence';'p';'i';0.892;0.899;0.899
'CoExistence(p, l)';'CoExistence';'p';'l';0.660;0.664;0.664
'RespondedExistence(p, l)';'RespondedExistence';'p';'l';0.660;0.665;0.665
'CoExistence(p, m)';'CoExistence';'p';'m';0.850;0.857;0.857
'RespondedExistence(p, m)';'RespondedExistence';'p';'m';0.850;0.857;0.857
'CoExistence(p, n)';'CoExistence';'p';'n';0.948;0.950;0.950
'RespondedExistence(p, n)';'RespondedExistence';'p';'n';0.948;0.956;0.956
'Response(p, n)';'Response';'p';'n';0.680;0.685;0.685
'CoExistence(p, o)';'CoExistence';'p';'o';0.910;0.917;0.917
'RespondedExistence(p, o)';'RespondedExistence';'p';'o';0.910;0.917;0.917
'CoExistence(p, q)';'CoExistence';'p';'q';0.862;0.864;0.864
'RespondedExistence(p, q)';'RespondedExistence';'p';'q';0.862;0.869;0.869
'NotSuccession(p, r)';'NotSuccession';'p';'r';0.922;0.929;0.929
'NotCoExistence(p, r)';'NotCoExistence';'p';'r';0.908;0.915;0.915
'CoExistence(p, s)';'CoExistence';'p';'s';0.884;0.888;0.888
'RespondedExistence(p, s)';'RespondedExistence';'p';'s';0.884;0.891;0.891
'CoExistence(p, t)';'CoExistence';'p';'t';0.970;0.970;0.970
'RespondedExistence(p, t)';'RespondedExistence';'p';'t';0.970;0.978;0.978
'CoExistence(p, u)';'CoExistence';'p';'u';0.896;0.901;0.901
'RespondedExistence(p, u)';'RespondedExistence';'p';'u';0.896;0.903;0.903
'CoExistence(p, v)';'CoExistence';'p';'v';0.872;0.876;0.876
'RespondedExistence(p, v)';'RespondedExistence';'p';'v';0.872;0.879;0.879
'CoExistence(p, w)';'CoExistence';'p';'w';0.874;0.878;0.878
'RespondedExistence(p, w)';'RespondedExistence';'p';'w';0.874;0.881;0.881
'CoExistence(p, z)';'CoExistence';'p';'z';0.884;0.888;0.888
'RespondedExistence(p, z)';'RespondedExistence';'p';'z';0.884;0.891;0.891
'Participation(q)';'Participation';'q';;0.868;0.868;0.868
'Precedence(a, q)';'Precedence';'q';'a';0.868;1.000;1.000
'Precedence(c, q)';'Precedence';'q';'c';0.440;0.507;0.507
'Precedence(p, q)';'Precedence';'q';'p';0.568;0.654;0.654
'CoExistence(q, a)';'CoExistence';'q';'a';0.868;0.868;0.868
'RespondedExistence(q, a)';'RespondedExistence';'q';'a';0.868;1.000;1.000
'CoExistence(q, b)';'CoExistence';'q';'b';0.866;0.866;0.866
'RespondedExistence(q, b)';'RespondedExistence';'q';'b';0.866;0.998;0.998
'Response(q, b)';'Response';'q';'b';0.864;0.995;0.995
'CoExistence(q, c)';'CoExistence';'q';'c';0.766;0.788;0.788
'RespondedExistence(q, c)';'RespondedExistence';'q';'c';0.766;0.882;0.882
'NotSuccession(q, c)';'NotSuccession';'q';'c';0.636;0.654;0.654
'CoExistence(q, d)';'CoExistence';'q';'d';0.864;0.864;0.864
'RespondedExistence(q, d)';'RespondedExistence';'q';'d';0.864;0.995;0.995
'Response(q, d)';'Response';'q';'d';0.484;0.558;0.558
'CoExistence(q, e)';'CoExistence';'q';'e';0.768;0.790;0.790
'RespondedExistence(q, e)';'RespondedExistence';'q';'e';0.768;0.885;0.885
'CoExistence(q, f)';'CoExistence';'q';'f';0.852;0.861;0.861
'RespondedExistence(q, f)';'RespondedExistence';'q';'f';0.852;0.982;0.982
'Response(q, f)';'Response';'q';'f';0.682;0.786;0.786
'CoExistence(q, g)';'CoExistence';'q';'g';0.786;0.802;0.802
'RespondedExistence(q, g)';'RespondedExistence';'q';'g';0.786;0.906;0.906
'CoExistence(q, h)';'CoExistence';'q';'h';0.580;0.616;0.616
'RespondedExistence(q, h)';'RespondedExistence';'q';'h';0.580;0.668;0.668
'CoExistence(q, i)';'CoExistence';'q';'i';0.786;0.805;0.805
'RespondedExistence(q, i)';'RespondedExistence';'q';'i';0.786;0.906;0.906
'CoExistence(q, l)';'CoExistence';'q';'l';0.580;0.611;0.611
'RespondedExistence(q, l)';'RespondedExistence';'q';'l';0.580;0.668;0.668
'CoExistence(q, m)';'CoExistence';'q';'m';0.742;0.760;0.760
'RespondedExistence(q, m)';'RespondedExistence';'q';'m';0.742;0.855;0.855
'CoExistence(q, n)';'CoExistence';'q';'n';0.836;0.848;0.848
'RespondedExistence(q, n)';'RespondedExistence';'q';'n';0.836;0.963;0.963
'Response(q, n)';'Response';'q';'n';0.650;0.749;0.749
'CoExistence(q, o)';'CoExistence';'q';'o';0.798;0.814;0.814
'RespondedExistence(q, o)';'RespondedExistence';'q';'o';0.798;0.919;0.919
'CoExistence(q, p)';'CoExistence';'q';'p';0.862;0.864;0.864
'RespondedExistence(q, p)';'RespondedExistence';'q';'p';0.862;0.993;0.993
'Response(q, p)';'Response';'q';'p';0.524;0.604;0.604
'NotSuccession(q, r)';'NotSuccession';'q';'r';0.784;0.903;0.903
'NotCoExistence(q, r)';'NotCoExistence';'q';'r';0.784;0.903;0.903
'CoExistence(q, s)';'CoExistence';'q';'s';0.782;0.803;0.803
'RespondedExistence(q, s)';'RespondedExistence';'q';'s';0.782;0.901;0.901
'CoExistence(q, t)';'CoExistence';'q';'t';0.858;0.868;0.868
'RespondedExistence(q, t)';'RespondedExistence';'q';'t';0.858;0.988;0.988
'Response(q, t)';'Response';'q';'t';0.482;0.555;0.555
'CoExistence(q, u)';'CoExistence';'q';'u';0.780;0.791;0.791
'RespondedExistence(q, u)';'RespondedExistence';'q';'u';0.780;0.899;0.899
'CoExistence(q, v)';'CoExistence';'q';'v';0.770;0.791;0.791
'RespondedExistence(q, v)';'RespondedExistence';'q';'v';0.770;0.887;0.887
'CoExistence(q, w)';'CoExistence';'q';'w';0.776;0.800;0.800
'RespondedExistence(q, w)';'RespondedExistence';'q';'w';0.776;0.894;0.894
'CoExistence(q, z)';'CoExistence';'q';'z';0.774;0.788;0.788
'RespondedExistence(q, z)';'RespondedExistence';'q';'z';0.774;0.892;0.892
'AtMostOne(r)';'AtMostOne';'r';;0.082;0.976;0.976
'Precedence(a, r)';'Precedence';'r';'a';0.084;1.000;1.000
'AlternatePrecedence(a, r)';'AlternatePrecedence';'r';'a';0.082;0.976;0.976
'Precedence(b, r)';'Precedence';'r';'b';0.058;0.690;0.690
'AlternatePrecedence(b, r)';'AlternatePrecedence';'r';'b';0.056;0.667;0.667
'Precedence(c, r)';'Precedence';'r';'c';0.062;0.738;0.738
'AlternatePrecedence(c, r)';'AlternatePrecedence';'r';'c';0.060;0.714;0.714
'Precedence(e, r)';'Precedence';'r';'e';0.050;0.595;0.595
'Precedence(f, r)';'Precedence';'r';'f';0.062;0.738;0.738
'AlternatePrecedence(f, r)';'AlternatePrecedence';'r';'f';0.062;0.738;0.738
'Precedence(g, r)';'Precedence';'r';'g';0.056;0.667;0.667
'AlternatePrecedence(g, r)';'AlternatePrecedence';'r';'g';0.054;0.643;0.643
'Precedence(i, r)';'Precedence';'r';'i';0.052;0.619;0.619
'AlternatePrecedence(i, r)';'AlternatePrecedence';'r';'i';0.052;0.619;0.619
'Precedence(m, r)';'Precedence';'r';'m';0.050;0.595;0.595
'AlternatePrecedence(m, r)';'AlternatePrecedence';'r';'m';0.050;0.595;0.595
'Precedence(n, r)';'Precedence';'r';'n';0.054;0.643;0.643
'AlternatePrecedence(n, r)';'AlternatePrecedence';'r';'n';0.054;0.643;0.643
'Precedence(o, r)';'Precedence';'r';'o';0.056;0.667;0.667
'AlternatePrecedence(o, r)';'AlternatePrecedence';'r';'o';0.056;0.667;0.667
'Precedence(p, r)';'Precedence';'r';'p';0.070;0.833;0.833
'AlternatePrecedence(p, r)';'AlternatePrecedence';'r';'p';0.070;0.833;0.833
'Precedence(q, r)';'Precedence';'r';'q';0.082;0.976;0.976
'AlternatePrecedence(q, r)';'AlternatePrecedence';'r';'q';0.082;0.976;0.976
'ChainPrecedence(q, r)';'ChainPrecedence';'r';'q';0.078;0.929;0.929
'RespondedExistence(r, a)';'RespondedExistence';'r';'a';0.084;1.000;1.000
'Response(r, a)';'Response';'r';'a';0.058;0.690;0.690
'AlternateResponse(r, a)';'AlternateResponse';'r';'a';0.056;0.667;0.667
'NotSuccession(r, a)';'NotSuccession';'r';'a';0.942;0.942;0.942
'NotCoExistence(r, a)';'NotCoExistence';'r';'a';0.916;0.916;0.916
'RespondedExistence(r, b)';'RespondedExistence';'r';'b';0.084;1.000;1.000
'Response(r, b)';'Response';'r';'b';0.084;1.000;1.000
'AlternateResponse(r, b)';'AlternateResponse';'r';'b';0.082;0.976;0.976
'NotSuccession(r, b)';'NotSuccession';'r';'b';0.914;0.916;0.916
'NotCoExistence(r, b)';'NotCoExistence';'r';'b';0.914;0.916;0.916
'RespondedExistence(r, c)';'RespondedExistence';'r';'c';0.072;0.857;0.857
'NotSuccession(r, c)';'NotSuccession';'r';'c';0.870;0.986;0.986
'NotCoExistence(r, c)';'NotCoExistence';'r';'c';0.810;0.918;0.918
'RespondedExistence(r, d)';'RespondedExistence';'r';'d';0.084;1.000;1.000
'Response(r, d)';'Response';'r';'d';0.056;0.667;0.667
'AlternateResponse(r, d)';'AlternateResponse';'r';'d';0.054;0.643;0.643
'NotSuccession(r, d)';'NotSuccession';'r';'d';0.940;0.944;0.944
'NotCoExistence(r, d)';'NotCoExistence';'r';'d';0.912;0.916;0.916
'RespondedExistence(r, e)';'RespondedExistence';'r';'e';0.074;0.881;0.881
'Response(r, e)';'Response';'r';'e';0.050;0.595;0.595
'NotSuccession(r, e)';'NotSuccession';'r';'e';0.832;0.943;0.943
'NotCoExistence(r, e)';'NotCoExistence';'r';'e';0.808;0.916;0.916
'RespondedExistence(r, f)';'RespondedExistence';'r';'f';0.084;1.000;1.000
'Response(r, f)';'Response';'r';'f';0.072;0.857;0.857
'AlternateResponse(r, f)';'AlternateResponse';'r';'f';0.070;0.833;0.833
'NotSuccession(r, f)';'NotSuccession';'r';'f';0.902;0.926;0.926
'NotCoExistence(r, f)';'NotCoExistence';'r';'f';0.890;0.914;0.914
'RespondedExistence(r, g)';'RespondedExistence';'r';'g';0.080;0.952;0.952
'Response(r, g)';'Response';'r';'g';0.058;0.690;0.690
'AlternateResponse(r, g)';'AlternateResponse';'r';'g';0.056;0.667;0.667
'NotSuccession(r, g)';'NotSuccession';'r';'g';0.844;0.936;0.936
'NotCoExistence(r, g)';'NotCoExistence';'r';'g';0.822;0.911;0.911
'RespondedExistence(r, h)';'RespondedExistence';'r';'h';0.066;0.786;0.786
'NotSuccession(r, h)';'NotSuccession';'r';'h';0.628;0.935;0.935
'NotCoExistence(r, h)';'NotCoExistence';'r';'h';0.606;0.902;0.902
'RespondedExistence(r, i)';'RespondedExistence';'r';'i';0.078;0.929;0.929
'Response(r, i)';'Response';'r';'i';0.052;0.619;0.619
'AlternateResponse(r, i)';'AlternateResponse';'r';'i';0.050;0.595;0.595
'NotSuccession(r, i)';'NotSuccession';'r';'i';0.848;0.942;0.942
'NotCoExistence(r, i)';'NotCoExistence';'r';'i';0.822;0.913;0.913
'RespondedExistence(r, l)';'RespondedExistence';'r';'l';0.052;0.619;0.619
'NotSuccession(r, l)';'NotSuccession';'r';'l';0.658;0.948;0.948
'NotCoExistence(r, l)';'NotCoExistence';'r';'l';0.642;0.925;0.925
'RespondedExistence(r, m)';'RespondedExistence';'r';'m';0.074;0.881;0.881
'NotSuccession(r, m)';'NotSuccession';'r';'m';0.816;0.949;0.949
'NotCoExistence(r, m)';'NotCoExistence';'r';'m';0.786;0.914;0.914
'RespondedExistence(r, n)';'RespondedExistence';'r';'n';0.082;0.976;0.976
'Response(r, n)';'Response';'r';'n';0.072;0.857;0.857
'AlternateResponse(r, n)';'AlternateResponse';'r';'n';0.070;0.833;0.833
'NotSuccession(r, n)';'NotSuccession';'r';'n';0.884;0.925;0.925
'NotCoExistence(r, n)';'NotCoExistence';'r';'n';0.874;0.914;0.914
'RespondedExistence(r, o)';'RespondedExistence';'r';'o';0.078;0.929;0.929
'Response(r, o)';'Response';'r';'o';0.050;0.595;0.595
'NotSuccession(r, o)';'NotSuccession';'r';'o';0.866;0.945;0.945
'NotCoExistence(r, o)';'NotCoExistence';'r';'o';0.838;0.915;0.915
'RespondedExistence(r, p)';'RespondedExistence';'r';'p';0.084;1.000;1.000
'Response(r, p)';'Response';'r';'p';0.068;0.810;0.810
'AlternateResponse(r, p)';'AlternateResponse';'r';'p';0.066;0.786;0.786
'NotSuccession(r, p)';'NotSuccession';'r';'p';0.924;0.931;0.931
'NotCoExistence(r, p)';'NotCoExistence';'r';'p';0.908;0.915;0.915
'RespondedExistence(r, q)';'RespondedExistence';'r';'q';0.084;1.000;1.000
'NotSuccession(r, q)';'NotSuccession';'r';'q';0.822;0.947;0.947
'NotCoExistence(r, q)';'NotCoExistence';'r';'q';0.784;0.903;0.903
'RespondedExistence(r, s)';'RespondedExistence';'r';'s';0.076;0.905;0.905
'Response(r, s)';'Response';'r';'s';0.050;0.595;0.595
'NotSuccession(r, s)';'NotSuccession';'r';'s';0.846;0.944;0.944
'NotCoExistence(r, s)';'NotCoExistence';'r';'s';0.820;0.915;0.915
'RespondedExistence(r, t)';'RespondedExistence';'r';'t';0.084;1.000;1.000
'Response(r, t)';'Response';'r';'t';0.050;0.595;0.595
'NotSuccession(r, t)';'NotSuccession';'r';'t';0.928;0.949;0.949
'NotCoExistence(r, t)';'NotCoExistence';'r';'t';0.894;0.914;0.914
'RespondedExistence(r, u)';'RespondedExistence';'r';'u';0.076;0.905;0.905
'Response(r, u)';'Response';'r';'u';0.064;0.762;0.762
'AlternateResponse(r, u)';'AlternateResponse';'r';'u';0.062;0.738;0.738
'NotSuccession(r, u)';'NotSuccession';'r';'u';0.842;0.929;0.929
'NotCoExistence(r, u)';'NotCoExistence';'r';'u';0.830;0.916;0.916
'RespondedExistence(r, v)';'RespondedExistence';'r';'v';0.074;0.881;0.881
'Response(r, v)';'Response';'r';'v';0.050;0.595;0.595
'NotSuccession(r, v)';'NotSuccession';'r';'v';0.836;0.944;0.944
'NotCoExistence(r, v)';'NotCoExistence';'r';'v';0.812;0.916;0.916
'RespondedExistence(r, w)';'RespondedExistence';'r';'w';0.064;0.762;0.762
'NotSuccession(r, w)';'NotSuccession';'r';'w';0.854;0.951;0.951
'NotCoExistence(r, w)';'NotCoExistence';'r';'w';0.834;0.929;0.929
'RespondedExistence(r, z)';'RespondedExistence';'r';'z';0.076;0.905;0.905
'Response(r, z)';'Response';'r';'z';0.052;0.619;0.619
'AlternateResponse(r, z)';'AlternateResponse';'r';'z';0.050;0.595;0.595
'NotSuccession(r, z)';'NotSuccession';'r';'z';0.844;0.942;0.942
'NotCoExistence(r, z)';'NotCoExistence';'r';'z';0.820;0.915;0.915
'Precedence(s, r)';'Precedence';'r';'s';0.052;0.619;0.619
'AlternatePrecedence(s, r)';'AlternatePrecedence';'r';'s';0.052;0.619;0.619
'Precedence(t, r)';'Precedence';'r';'t';0.062;0.738;0.738
'AlternatePrecedence(t, r)';'AlternatePrecedence';'r';'t';0.062;0.738;0.738
'Precedence(u, r)';'Precedence';'r';'u';0.056;0.667;0.667
'AlternatePrecedence(u, r)';'AlternatePrecedence';'r';'u';0.056;0.667;0.667
'Precedence(v, r)';'Precedence';'r';'v';0.056;0.667;0.667
'AlternatePrecedence(v, r)';'AlternatePrecedence';'r';'v';0.054;0.643;0.643
'Precedence(z, r)';'Precedence';'r';'z';0.054;0.643;0.643
'AlternatePrecedence(z, r)';'AlternatePrecedence';'r';'z';0.052;0.619;0.619
'Participation(s)';'Participation';'s';;0.888;0.888;0.888
'Precedence(a, s)';'Precedence';'s';'a';0.886;0.998;0.998
'Precedence(p, s)';'Precedence';'s';'p';0.570;0.642;0.642
'CoExistence(s, a)';'CoExistence';'s';'a';0.888;0.888;0.888
'RespondedExistence(s, a)';'RespondedExistence';'s';'a';0.888;1.000;1.000
'CoExistence(s, b)';'CoExistence';'s';'b';0.886;0.886;0.886
'RespondedExistence(s, b)';'RespondedExistence';'s';'b';0.886;0.998;0.998
'Response(s, b)';'Response';'s';'b';0.884;0.995;0.995
'CoExistence(s, c)';'CoExistence';'s';'c';0.782;0.801;0.801
'RespondedExistence(s, c)';'RespondedExistence';'s';'c';0.782;0.881;0.881
'NotSuccession(s, c)';'NotSuccession';'s';'c';0.598;0.613;0.613
'CoExistence(s, d)';'CoExistence';'s';'d';0.886;0.888;0.888
'RespondedExistence(s, d)';'RespondedExistence';'s';'d';0.886;0.998;0.998
'Response(s, d)';'Response';'s';'d';0.508;0.572;0.572
'CoExistence(s, e)';'CoExistence';'s';'e';0.800;0.833;0.833
'RespondedExistence(s, e)';'RespondedExistence';'s';'e';0.800;0.901;0.901
'CoExistence(s, f)';'CoExistence';'s';'f';0.876;0.888;0.888
'RespondedExistence(s, f)';'RespondedExistence';'s';'f';0.876;0.986;0.986
'Response(s, f)';'Response';'s';'f';0.724;0.815;0.815
'CoExistence(s, g)';'CoExistence';'s';'g';0.818;0.845;0.845
'RespondedExistence(s, g)';'RespondedExistence';'s';'g';0.818;0.921;0.921
'Response(s, g)';'Response';'s';'g';0.444;0.500;0.500
'CoExistence(s, h)';'CoExistence';'s';'h';0.596;0.630;0.630
'RespondedExistence(s, h)';'RespondedExistence';'s';'h';0.596;0.671;0.671
'CoExistence(s, i)';'CoExistence';'s';'i';0.798;0.811;0.811
'RespondedExistence(s, i)';'RespondedExistence';'s';'i';0.798;0.899;0.899
'CoExistence(s, l)';'CoExistence';'s';'l';0.600;0.632;0.632
'RespondedExistence(s, l)';'RespondedExistence';'s';'l';0.600;0.676;0.676
'CoExistence(s, m)';'CoExistence';'s';'m';0.774;0.803;0.803
'RespondedExistence(s, m)';'RespondedExistence';'s';'m';0.774;0.872;0.872
'CoExistence(s, n)';'CoExistence';'s';'n';0.858;0.872;0.872
'RespondedExistence(s, n)';'RespondedExistence';'s';'n';0.858;0.966;0.966
'Response(s, n)';'Response';'s';'n';0.684;0.770;0.770
'CoExistence(s, o)';'CoExistence';'s';'o';0.808;0.816;0.816
'RespondedExistence(s, o)';'RespondedExistence';'s';'o';0.808;0.910;0.910
'CoExistence(s, p)';'CoExistence';'s';'p';0.884;0.888;0.888
'RespondedExistence(s, p)';'RespondedExistence';'s';'p';0.884;0.995;0.995
'Response(s, p)';'Response';'s';'p';0.568;0.640;0.640
'CoExistence(s, q)';'CoExistence';'s';'q';0.782;0.803;0.803
'RespondedExistence(s, q)';'RespondedExistence';'s';'q';0.782;0.881;0.881
'NotSuccession(s, r)';'NotSuccession';'s';'r';0.844;0.942;0.942
'NotCoExistence(s, r)';'NotCoExistence';'s';'r';0.820;0.915;0.915
'CoExistence(s, t)';'CoExistence';'s';'t';0.886;0.904;0.904
'RespondedExistence(s, t)';'RespondedExistence';'s';'t';0.886;0.998;0.998
'Response(s, t)';'Response';'s';'t';0.506;0.570;0.570
'CoExistence(s, u)';'CoExistence';'s';'u';0.822;0.853;0.853
'RespondedExistence(s, u)';'RespondedExistence';'s';'u';0.822;0.926;0.926
'CoExistence(s, v)';'CoExistence';'s';'v';0.792;0.815;0.815
'RespondedExistence(s, v)';'RespondedExistence';'s';'v';0.792;0.892;0.892
'CoExistence(s, w)';'CoExistence';'s';'w';0.792;0.813;0.813
'RespondedExistence(s, w)';'RespondedExistence';'s';'w';0.792;0.892;0.892
'CoExistence(s, z)';'CoExistence';'s';'z';0.796;0.812;0.812
'RespondedExistence(s, z)';'RespondedExistence';'s';'z';0.796;0.896;0.896
'Participation(t)';'Participation';'t';;0.978;0.978;0.978
'Precedence(a, t)';'Precedence';'t';'a';0.966;0.988;0.988
'Precedence(b, t)';'Precedence';'t';'b';0.494;0.505;0.505
'Precedence(i, t)';'Precedence';'t';'i';0.490;0.501;0.501
'Precedence(p, t)';'Precedence';'t';'p';0.664;0.679;0.679
'Precedence(s, t)';'Precedence';'t';'s';0.500;0.511;0.511
'CoExistence(t, a)';'CoExistence';'t';'a';0.978;0.978;0.978
'RespondedExistence(t, a)';'RespondedExistence';'t';'a';0.978;1.000;1.000
'CoExistence(t, b)';'CoExistence';'t';'b';0.976;0.976;0.976
'RespondedExistence(t, b)';'RespondedExistence';'t';'b';0.976;0.998;0.998
'Response(t, b)';'Response';'t';'b';0.968;0.990;0.990
'CoExistence(t, c)';'CoExistence';'t';'c';0.856;0.863;0.863
'RespondedExistence(t, c)';'RespondedExistence';'t';'c';0.856;0.875;0.875
'NotSuccession(t, c)';'NotSuccession';'t';'c';0.612;0.617;0.617
'CoExistence(t, d)';'CoExistence';'t';'d';0.974;0.974;0.974
'RespondedExistence(t, d)';'RespondedExistence';'t';'d';0.974;0.996;0.996
'Response(t, d)';'Response';'t';'d';0.498;0.509;0.509
'CoExistence(t, e)';'CoExistence';'t';'e';0.860;0.869;0.869
'RespondedExistence(t, e)';'RespondedExistence';'t';'e';0.860;0.879;0.879
'CoExistence(t, f)';'CoExistence';'t';'f';0.956;0.960;0.960
'RespondedExistence(t, f)';'RespondedExistence';'t';'f';0.956;0.978;0.978
'Response(t, f)';'Response';'t';'f';0.734;0.751;0.751
'CoExistence(t, g)';'CoExistence';'t';'g';0.890;0.903;0.903
'RespondedExistence(t, g)';'RespondedExistence';'t';'g';0.890;0.910;0.910
'CoExistence(t, h)';'CoExistence';'t';'h';0.652;0.665;0.665
'RespondedExistence(t, h)';'RespondedExistence';'t';'h';0.652;0.667;0.667
'CoExistence(t, i)';'CoExistence';'t';'i';0.878;0.883;0.883
'RespondedExistence(t, i)';'RespondedExistence';'t';'i';0.878;0.898;0.898
'CoExistence(t, l)';'CoExistence';'t';'l';0.656;0.667;0.667
'RespondedExistence(t, l)';'RespondedExistence';'t';'l';0.656;0.671;0.671
'CoExistence(t, m)';'CoExistence';'t';'m';0.838;0.846;0.846
'RespondedExistence(t, m)';'RespondedExistence';'t';'m';0.838;0.857;0.857
'CoExistence(t, n)';'CoExistence';'t';'n';0.936;0.940;0.940
'RespondedExistence(t, n)';'RespondedExistence';'t';'n';0.936;0.957;0.957
'Response(t, n)';'Response';'t';'n';0.674;0.689;0.689
'CoExistence(t, o)';'CoExistence';'t';'o';0.890;0.892;0.892
'RespondedExistence(t, o)';'RespondedExistence';'t';'o';0.890;0.910;0.910
'CoExistence(t, p)';'CoExistence';'t';'p';0.970;0.970;0.970
'RespondedExistence(t, p)';'RespondedExistence';'t';'p';0.970;0.992;0.992
'Response(t, p)';'Response';'t';'p';0.546;0.558;0.558
'CoExistence(t, q)';'CoExistence';'t';'q';0.858;0.868;0.868
'RespondedExistence(t, q)';'RespondedExistence';'t';'q';0.858;0.877;0.877
'NotSuccession(t, r)';'NotSuccession';'t';'r';0.916;0.937;0.937
'NotCoExistence(t, r)';'NotCoExistence';'t';'r';0.894;0.914;0.914
'CoExistence(t, s)';'CoExistence';'t';'s';0.886;0.904;0.904
'RespondedExistence(t, s)';'RespondedExistence';'t';'s';0.886;0.906;0.906
'CoExistence(t, u)';'CoExistence';'t';'u';0.886;0.895;0.895
'RespondedExistence(t, u)';'RespondedExistence';'t';'u';0.886;0.906;0.906
'CoExistence(t, v)';'CoExistence';'t';'v';0.864;0.873;0.873
'RespondedExistence(t, v)';'RespondedExistence';'t';'v';0.864;0.883;0.883
'CoExistence(t, w)';'CoExistence';'t';'w';0.864;0.871;0.871
'RespondedExistence(t, w)';'RespondedExistence';'t';'w';0.864;0.883;0.883
'CoExistence(t, z)';'CoExistence';'t';'z';0.874;0.881;0.881
'RespondedExistence(t, z)';'RespondedExistence';'t';'z';0.874;0.894;0.894
'Precedence(z, t)';'Precedence';'t';'z';0.490;0.501;0.501
'Participation(u)';'Participation';'u';;0.898;0.898;0.898
'Precedence(a, u)';'Precedence';'u';'a';0.894;0.996;0.996
'Precedence(p, u)';'Precedence';'u';'p';0.566;0.630;0.630
'CoExistence(u, a)';'CoExistence';'u';'a';0.898;0.898;0.898
'RespondedExistence(u, a)';'RespondedExistence';'u';'a';0.898;1.000;1.000
'CoExistence(u, b)';'CoExistence';'u';'b';0.896;0.896;0.896
'Succession(u, b)';'Succession';'u';'b';0.508;0.508;0.508
'RespondedExistence(u, b)';'RespondedExistence';'u';'b';0.896;0.998;0.998
'Response(u, b)';'Response';'u';'b';0.890;0.991;0.991
'CoExistence(u, c)';'CoExistence';'u';'c';0.786;0.800;0.800
'RespondedExistence(u, c)';'RespondedExistence';'u';'c';0.786;0.875;0.875
'NotSuccession(u, c)';'NotSuccession';'u';'c';0.600;0.611;0.611
'CoExistence(u, d)';'CoExistence';'u';'d';0.894;0.894;0.894
'RespondedExistence(u, d)';'RespondedExistence';'u';'d';0.894;0.996;0.996
'Response(u, d)';'Response';'u';'d';0.528;0.588;0.588
'CoExistence(u, e)';'CoExistence';'u';'e';0.798;0.821;0.821
'RespondedExistence(u, e)';'RespondedExistence';'u';'e';0.798;0.889;0.889
'CoExistence(u, f)';'CoExistence';'u';'f';0.880;0.887;0.887
'RespondedExistence(u, f)';'RespondedExistence';'u';'f';0.880;0.980;0.980
'Response(u, f)';'Response';'u';'f';0.716;0.797;0.797
'CoExistence(u, g)';'CoExistence';'u';'g';0.820;0.840;0.840
'RespondedExistence(u, g)';'RespondedExistence';'u';'g';0.820;0.913;0.913
'CoExistence(u, h)';'CoExistence';'u';'h';0.596;0.623;0.623
'RespondedExistence(u, h)';'RespondedExistence';'u';'h';0.596;0.664;0.664
'CoExistence(u, i)';'CoExistence';'u';'i';0.814;0.832;0.832
'RespondedExistence(u, i)';'RespondedExistence';'u';'i';0.814;0.906;0.906
'CoExistence(u, l)';'CoExistence';'u';'l';0.600;0.625;0.625
'RespondedExistence(u, l)';'RespondedExistence';'u';'l';0.600;0.668;0.668
'CoExistence(u, m)';'CoExistence';'u';'m';0.780;0.806;0.806
'RespondedExistence(u, m)';'RespondedExistence';'u';'m';0.780;0.869;0.869
'CoExistence(u, n)';'CoExistence';'u';'n';0.864;0.874;0.874
'RespondedExistence(u, n)';'RespondedExistence';'u';'n';0.864;0.962;0.962
'Response(u, n)';'Response';'u';'n';0.686;0.764;0.764
'CoExistence(u, o)';'CoExistence';'u';'o';0.818;0.826;0.826
'RespondedExistence(u, o)';'RespondedExistence';'u';'o';0.818;0.911;0.911
'CoExistence(u, p)';'CoExistence';'u';'p';0.896;0.901;0.901
'RespondedExistence(u, p)';'RespondedExistence';'u';'p';0.896;0.998;0.998
'Response(u, p)';'Response';'u';'p';0.566;0.630;0.630
'CoExistence(u, q)';'CoExistence';'u';'q';0.780;0.791;0.791
'RespondedExistence(u, q)';'RespondedExistence';'u';'q';0.780;0.869;0.869
'NotSuccession(u, r)';'NotSuccession';'u';'r';0.850;0.938;0.938
'NotCoExistence(u, r)';'NotCoExistence';'u';'r';0.830;0.916;0.916
'CoExistence(u, s)';'CoExistence';'u';'s';0.822;0.853;0.853
'RespondedExistence(u, s)';'RespondedExistence';'u';'s';0.822;0.915;0.915
'CoExistence(u, t)';'CoExistence';'u';'t';0.886;0.895;0.895
'RespondedExistence(u, t)';'RespondedExistence';'u';'t';0.886;0.987;0.987
'Response(u, t)';'Response';'u';'t';0.480;0.535;0.535
'CoExistence(u, v)';'CoExistence';'u';'v';0.788;0.799;0.799
'RespondedExistence(u, v)';'RespondedExistence';'u';'v';0.788;0.878;0.878
'CoExistence(u, w)';'CoExistence';'u';'w';0.794;0.809;0.809
'RespondedExistence(u, w)';'RespondedExistence';'u';'w';0.794;0.884;0.884
'CoExistence(u, z)';'CoExistence';'u';'z';0.804;0.819;0.819
'RespondedExistence(u, z)';'RespondedExistence';'u';'z';0.804;0.895;0.895
'Participation(v)';'Participation';'v';;0.876;0.876;0.876
'Precedence(a, v)';'Precedence';'v';'a';0.874;0.998;0.998
'Precedence(p, v)';'Precedence';'v';'p';0.558;0.637;0.637
'CoExistence(v, a)';'CoExistence';'v';'a';0.876;0.876;0.876
'RespondedExistence(v, a)';'RespondedExistence';'v';'a';0.876;1.000;1.000
'CoExistence(v, b)';'CoExistence';'v';'b';0.874;0.874;0.874
'RespondedExistence(v, b)';'RespondedExistence';'v';'b';0.874;0.998;0.998
'Response(v, b)';'Response';'v';'b';0.868;0.991;0.991
'CoExistence(v, c)';'CoExistence';'v';'c';0.776;0.800;0.800
'RespondedExistence(v, c)';'RespondedExistence';'v';'c';0.776;0.886;0.886
'NotSuccession(v, c)';'NotSuccession';'v';'c';0.594;0.612;0.612
'CoExistence(v, d)';'CoExistence';'v';'d';0.874;0.876;0.876
'RespondedExistence(v, d)';'RespondedExistence';'v';'d';0.874;0.998;0.998
'Response(v, d)';'Response';'v';'d';0.476;0.543;0.543
'CoExistence(v, e)';'CoExistence';'v';'e';0.774;0.795;0.795
'RespondedExistence(v, e)';'RespondedExistence';'v';'e';0.774;0.884;0.884
'CoExistence(v, f)';'CoExistence';'v';'f';0.860;0.869;0.869
'RespondedExistence(v, f)';'RespondedExistence';'v';'f';0.860;0.982;0.982
'Response(v, f)';'Response';'v';'f';0.702;0.801;0.801
'CoExistence(v, g)';'CoExistence';'v';'g';0.798;0.818;0.818
'RespondedExistence(v, g)';'RespondedExistence';'v';'g';0.798;0.911;0.911
'CoExistence(v, h)';'CoExistence';'v';'h';0.588;0.624;0.624
'RespondedExistence(v, h)';'RespondedExistence';'v';'h';0.588;0.671;0.671
'CoExistence(v, i)';'CoExistence';'v';'i';0.782;0.791;0.791
'RespondedExistence(v, i)';'RespondedExistence';'v';'i';0.782;0.893;0.893
'CoExistence(v, l)';'CoExistence';'v';'l';0.592;0.626;0.626
'RespondedExistence(v, l)';'RespondedExistence';'v';'l';0.592;0.676;0.676
'CoExistence(v, m)';'CoExistence';'v';'m';0.758;0.783;0.783
'RespondedExistence(v, m)';'RespondedExistence';'v';'m';0.758;0.865;0.865
'CoExistence(v, n)';'CoExistence';'v';'n';0.848;0.864;0.864
'RespondedExistence(v, n)';'RespondedExistence';'v';'n';0.848;0.968;0.968
'Response(v, n)';'Response';'v';'n';0.658;0.751;0.751
'CoExistence(v, o)';'CoExistence';'v';'o';0.804;0.819;0.819
'RespondedExistence(v, o)';'RespondedExistence';'v';'o';0.804;0.918;0.918
'CoExistence(v, p)';'CoExistence';'v';'p';0.872;0.876;0.876
'RespondedExistence(v, p)';'RespondedExistence';'v';'p';0.872;0.995;0.995
'Response(v, p)';'Response';'v';'p';0.564;0.644;0.644
'CoExistence(v, q)';'CoExistence';'v';'q';0.770;0.791;0.791
'RespondedExistence(v, q)';'RespondedExistence';'v';'q';0.770;0.879;0.879
'NotSuccession(v, r)';'NotSuccession';'v';'r';0.830;0.937;0.937
'NotCoExistence(v, r)';'NotCoExistence';'v';'r';0.812;0.916;0.916
'CoExistence(v, s)';'CoExistence';'v';'s';0.792;0.815;0.815
'RespondedExistence(v, s)';'RespondedExistence';'v';'s';0.792;0.904;0.904
'CoExistence(v, t)';'CoExistence';'v';'t';0.864;0.873;0.873
'RespondedExistence(v, t)';'RespondedExistence';'v';'t';0.864;0.986;0.986
'Response(v, t)';'Response';'v';'t';0.444;0.507;0.507
'CoExistence(v, u)';'CoExistence';'v';'u';0.788;0.799;0.799
'RespondedExistence(v, u)';'RespondedExistence';'v';'u';0.788;0.900;0.900
'CoExistence(v, w)';'CoExistence';'v';'w';0.780;0.801;0.801
'RespondedExistence(v, w)';'RespondedExistence';'v';'w';0.780;0.890;0.890
'CoExistence(v, z)';'CoExistence';'v';'z';0.788;0.807;0.807
'RespondedExistence(v, z)';'RespondedExistence';'v';'z';0.788;0.900;0.900
'Participation(w)';'Participation';'w';;0.878;0.878;0.878
'Precedence(a, w)';'Precedence';'w';'a';0.874;0.995;0.995
'Precedence(p, w)';'Precedence';'w';'p';0.562;0.640;0.640
'CoExistence(w, a)';'CoExistence';'w';'a';0.878;0.878;0.878
'RespondedExistence(w, a)';'RespondedExistence';'w';'a';0.878;1.000;1.000
'CoExistence(w, b)';'CoExistence';'w';'b';0.876;0.876;0.876
'RespondedExistence(w, b)';'RespondedExistence';'w';'b';0.876;0.998;0.998
'Response(w, b)';'Response';'w';'b';0.868;0.989;0.989
'CoExistence(w, c)';'CoExistence';'w';'c';0.768;0.784;0.784
'RespondedExistence(w, c)';'RespondedExistence';'w';'c';0.768;0.875;0.875
'NotSuccession(w, c)';'NotSuccession';'w';'c';0.590;0.602;0.602
'CoExistence(w, d)';'CoExistence';'w';'d';0.874;0.874;0.874
'RespondedExistence(w, d)';'RespondedExistence';'w';'d';0.874;0.995;0.995
'Response(w, d)';'Response';'w';'d';0.468;0.533;0.533
'CoExistence(w, e)';'CoExistence';'w';'e';0.776;0.797;0.797
'RespondedExistence(w, e)';'RespondedExistence';'w';'e';0.776;0.884;0.884
'CoExistence(w, f)';'CoExistence';'w';'f';0.860;0.867;0.867
'RespondedExistence(w, f)';'RespondedExistence';'w';'f';0.860;0.979;0.979
'Response(w, f)';'Response';'w';'f';0.672;0.765;0.765
'CoExistence(w, g)';'CoExistence';'w';'g';0.800;0.820;0.820
'RespondedExistence(w, g)';'RespondedExistence';'w';'g';0.800;0.911;0.911
'CoExistence(w, h)';'CoExistence';'w';'h';0.584;0.616;0.616
'RespondedExistence(w, h)';'RespondedExistence';'w';'h';0.584;0.665;0.665
'CoExistence(w, i)';'CoExistence';'w';'i';0.792;0.808;0.808
'RespondedExistence(w, i)';'RespondedExistence';'w';'i';0.792;0.902;0.902
'CoExistence(w, l)';'CoExistence';'w';'l';0.592;0.624;0.624
'RespondedExistence(w, l)';'RespondedExistence';'w';'l';0.592;0.674;0.674
'CoExistence(w, m)';'CoExistence';'w';'m';0.758;0.781;0.781
'RespondedExistence(w, m)';'RespondedExistence';'w';'m';0.758;0.863;0.863
'CoExistence(w, n)';'CoExistence';'w';'n';0.850;0.866;0.866
'RespondedExistence(w, n)';'RespondedExistence';'w';'n';0.850;0.968;0.968
'Response(w, n)';'Response';'w';'n';0.646;0.736;0.736
'CoExistence(w, o)';'CoExistence';'w';'o';0.806;0.821;0.821
'RespondedExistence(w, o)';'RespondedExistence';'w';'o';0.806;0.918;0.918
'CoExistence(w, p)';'CoExistence';'w';'p';0.874;0.878;0.878
'RespondedExistence(w, p)';'RespondedExistence';'w';'p';0.874;0.995;0.995
'Response(w, p)';'Response';'w';'p';0.524;0.597;0.597
'CoExistence(w, q)';'CoExistence';'w';'q';0.776;0.800;0.800
'RespondedExistence(w, q)';'RespondedExistence';'w';'q';0.776;0.884;0.884
'NotSuccession(w, r)';'NotSuccession';'w';'r';0.852;0.949;0.949
'NotCoExistence(w, r)';'NotCoExistence';'w';'r';0.834;0.929;0.929
'CoExistence(w, s)';'CoExistence';'w';'s';0.792;0.813;0.813
'RespondedExistence(w, s)';'RespondedExistence';'w';'s';0.792;0.902;0.902
'CoExistence(w, t)';'CoExistence';'w';'t';0.864;0.871;0.871
'RespondedExistence(w, t)';'RespondedExistence';'w';'t';0.864;0.984;0.984
'Response(w, t)';'Response';'w';'t';0.446;0.508;0.508
'CoExistence(w, u)';'CoExistence';'w';'u';0.794;0.809;0.809
'RespondedExistence(w, u)';'RespondedExistence';'w';'u';0.794;0.904;0.904
'CoExistence(w, v)';'CoExistence';'w';'v';0.780;0.801;0.801
'RespondedExistence(w, v)';'RespondedExistence';'w';'v';0.780;0.888;0.888
'CoExistence(w, z)';'CoExistence';'w';'z';0.784;0.798;0.798
'RespondedExistence(w, z)';'RespondedExistence';'w';'z';0.784;0.893;0.893
'Participation(z)';'Participation';'z';;0.888;0.888;0.888
'Precedence(a, z)';'Precedence';'z';'a';0.882;0.993;0.993
'Precedence(p, z)';'Precedence';'z';'p';0.546;0.615;0.615
'CoExistence(z, a)';'CoExistence';'z';'a';0.888;0.888;0.888
'RespondedExistence(z, a)';'RespondedExistence';'z';'a';0.888;1.000;1.000
'CoExistence(z, b)';'CoExistence';'z';'b';0.886;0.886;0.886
'RespondedExistence(z, b)';'RespondedExistence';'z';'b';0.886;0.998;0.998
'Response(z, b)';'Response';'z';'b';0.884;0.995;0.995
'CoExistence(z, c)';'CoExistence';'z';'c';0.782;0.801;0.801
'RespondedExistence(z, c)';'RespondedExistence';'z';'c';0.782;0.881;0.881
'NotSuccession(z, c)';'NotSuccession';'z';'c';0.594;0.609;0.609
'CoExistence(z, d)';'CoExistence';'z';'d';0.884;0.884;0.884
'RespondedExistence(z, d)';'RespondedExistence';'z';'d';0.884;0.995;0.995
'Response(z, d)';'Response';'z';'d';0.504;0.568;0.568
'CoExistence(z, e)';'CoExistence';'z';'e';0.780;0.796;0.796
'RespondedExistence(z, e)';'RespondedExistence';'z';'e';0.780;0.878;0.878
'CoExistence(z, f)';'CoExistence';'z';'f';0.868;0.873;0.873
'RespondedExistence(z, f)';'RespondedExistence';'z';'f';0.868;0.977;0.977
'Response(z, f)';'Response';'z';'f';0.704;0.793;0.793
'CoExistence(z, g)';'CoExistence';'z';'g';0.806;0.822;0.822
'RespondedExistence(z, g)';'RespondedExistence';'z';'g';0.806;0.908;0.908
'CoExistence(z, h)';'CoExistence';'z';'h';0.602;0.640;0.640
'RespondedExistence(z, h)';'RespondedExistence';'z';'h';0.602;0.678;0.678
'CoExistence(z, i)';'CoExistence';'z';'i';0.800;0.815;0.815
'RespondedExistence(z, i)';'RespondedExistence';'z';'i';0.800;0.901;0.901
'CoExistence(z, l)';'CoExistence';'z';'l';0.596;0.625;0.625
'RespondedExistence(z, l)';'RespondedExistence';'z';'l';0.596;0.671;0.671
'CoExistence(z, m)';'CoExistence';'z';'m';0.768;0.792;0.792
'RespondedExistence(z, m)';'RespondedExistence';'z';'m';0.768;0.865;0.865
'CoExistence(z, n)';'CoExistence';'z';'n';0.862;0.880;0.880
'RespondedExistence(z, n)';'RespondedExistence';'z';'n';0.862;0.971;0.971
'Response(z, n)';'Response';'z';'n';0.664;0.748;0.748
'CoExistence(z, o)';'CoExistence';'z';'o';0.806;0.813;0.813
'RespondedExistence(z, o)';'RespondedExistence';'z';'o';0.806;0.908;0.908
'CoExistence(z, p)';'CoExistence';'z';'p';0.884;0.888;0.888
'RespondedExistence(z, p)';'RespondedExistence';'z';'p';0.884;0.995;0.995
'Response(z, p)';'Response';'z';'p';0.544;0.613;0.613
'CoExistence(z, q)';'CoExistence';'z';'q';0.774;0.788;0.788
'RespondedExistence(z, q)';'RespondedExistence';'z';'q';0.774;0.872;0.872
'NotSuccession(z, r)';'NotSuccession';'z';'r';0.842;0.940;0.940
'NotCoExistence(z, r)';'NotCoExistence';'z';'r';0.820;0.915;0.915
'CoExistence(z, s)';'CoExistence';'z';'s';0.796;0.812;0.812
'RespondedExistence(z, s)';'RespondedExistence';'z';'s';0.796;0.896;0.896
'CoExistence(z, t)';'CoExistence';'z';'t';0.874;0.881;0.881
'RespondedExistence(z, t)';'RespondedExistence';'z';'t';0.874;0.984;0.984
'Response(z, t)';'Response';'z';'t';0.480;0.541;0.541
'CoExistence(z, u)';'CoExistence';'z';'u';0.804;0.819;0.819
'RespondedExistence(z, u)';'RespondedExistence';'z';'u';0.804;0.905;0.905
'CoExistence(z, v)';'CoExistence';'z';'v';0.788;0.807;0.807
'RespondedExistence(z, v)';'RespondedExistence';'z';'v';0.788;0.887;0.887
'CoExistence(z, w)';'CoExistence';'z';'w';0.784;0.798;0.798
'RespondedExistence(z, w)';'RespondedExistence';'z';'w';0.784;0.883;0.883
