Rank-1500-true;Rank-1500-TOT;Measure
11;1259;ORIGINAL-MODEL
11;1259;Zhang
11;1259;Two-way Support
11;1259;Support
11;1259;Sebag-Schoenauer
11;1259;Recall
11;1259;Prevalence
11;1259;Piatetsky-Shapiro
11;1259;One-way Support
11;1259;Odd Multiplier
11;1259;Lovinger
11;1259;Lift
11;1259;Leverage
11;1259;Least Contradiction
11;1259;Laplace Correction
11;1259;Klosgen
11;1259;Jaccard
11;1259;Interestingness Weighting Dependency
11;1259;Information Gain
11;1259;Example and Counterexample Rate
11;1259;Coverage
11;1259;Cosine
11;1259;Conviction
11;1259;Confidence
11;1259;Compliance
11;1259;Certainty factor
11;1259;Added Value
11;1259;Accuracy
11;1253;J Measure
8;1112;Linear Correlation Coefficient
8;1092;Ylue Y
8;1092;Ylue Q
8;1092;Specificity
8;1092;Relative Risk
8;1092;Odds Ratio
8;1092;Gini Index
8;1092;Collective Strength
7;602;Two-way Support Variation
