Rank-1-true;Rank-1-TOT;Measure
11;1259;ORIGINAL-MODEL
3;615;Recall
1;454;Ylue Y
1;454;Ylue Q
1;7;Odd Multiplier
1;7;Conviction
1;2;Support
1;2;Prevalence
1;2;Lift
1;2;Least Contradiction
1;2;Jaccard
1;2;Cosine
1;2;Accuracy
0;454;Odds Ratio
0;448;Specificity
0;448;Relative Risk
0;13;Linear Correlation Coefficient
0;7;Sebag-Schoenauer
0;7;Example and Counterexample Rate
0;7;Confidence
0;7;Compliance
0;4;Piatetsky-Shapiro
0;4;Added Value
0;3;Coverage
0;2;Zhang
0;2;Two-way Support Variation
0;2;Two-way Support
0;2;One-way Support
0;2;Lovinger
0;2;Leverage
0;2;Laplace Correction
0;2;Klosgen
0;2;J Measure
0;2;Interestingness Weighting Dependency
0;2;Information Gain
0;2;Gini Index
0;2;Collective Strength
0;2;Certainty factor
