Rank-100-true;Rank-100-TOT;Measure
11;1259;ORIGINAL-MODEL
7;109;Compliance
7;101;Two-way Support Variation
7;101;Odd Multiplier
7;101;Conviction
6;102;Two-way Support
6;102;Piatetsky-Shapiro
6;102;Interestingness Weighting Dependency
6;102;Certainty factor
6;101;Zhang
6;101;Linear Correlation Coefficient
6;101;Klosgen
5;102;Laplace Correction
5;101;One-way Support
5;101;Example and Counterexample Rate
5;101;Confidence
5;101;Added Value
4;247;Lovinger
4;101;Lift
3;615;Recall
3;156;Coverage
3;120;Prevalence
3;105;Support
3;104;Accuracy
3;102;Information Gain
3;101;Leverage
3;101;Least Contradiction
3;101;Jaccard
3;101;Cosine
1;454;Ylue Y
1;454;Ylue Q
0;454;Odds Ratio
0;448;Specificity
0;448;Relative Risk
0;101;Sebag-Schoenauer
0;101;J Measure
0;101;Gini Index
0;101;Collective Strength
