Rank-200-true;Rank-200-TOT;Measure
11;1259;ORIGINAL-MODEL
10;202;Laplace Correction
10;201;Example and Counterexample Rate
10;201;Confidence
8;201;Compliance
7;202;Two-way Support Variation
7;201;Zhang
7;201;Odd Multiplier
7;201;Linear Correlation Coefficient
7;201;Conviction
7;201;Certainty factor
7;201;Accuracy
6;239;Prevalence
6;204;Lift
6;204;Least Contradiction
6;203;Interestingness Weighting Dependency
6;202;Two-way Support
6;202;Piatetsky-Shapiro
6;202;Klosgen
6;201;One-way Support
6;201;Information Gain
6;201;Added Value
5;205;Jaccard
5;203;Cosine
5;201;Gini Index
4;247;Lovinger
4;202;Support
3;615;Recall
3;213;Coverage
3;201;Leverage
1;454;Ylue Y
1;454;Ylue Q
0;454;Odds Ratio
0;448;Specificity
0;448;Relative Risk
0;201;Sebag-Schoenauer
0;201;J Measure
0;201;Collective Strength
