Rank-50-true;Rank-50-TOT;Measure
11;1259;ORIGINAL-MODEL
7;51;Two-way Support Variation
6;51;Zhang
6;51;Certainty factor
5;51;Conviction
4;52;Odd Multiplier
3;615;Recall
3;156;Coverage
3;57;Lift
3;55;Prevalence
3;54;Information Gain
3;51;Two-way Support
3;51;One-way Support
3;51;Klosgen
3;51;Interestingness Weighting Dependency
3;51;Compliance
3;51;Added Value
2;51;Piatetsky-Shapiro
2;51;Laplace Correction
2;51;Example and Counterexample Rate
2;51;Confidence
1;454;Ylue Y
1;454;Ylue Q
1;52;Least Contradiction
1;52;Jaccard
1;51;Support
1;51;Lovinger
1;51;Linear Correlation Coefficient
1;51;Leverage
1;51;Cosine
1;51;Accuracy
0;454;Odds Ratio
0;448;Specificity
0;448;Relative Risk
0;52;Sebag-Schoenauer
0;51;J Measure
0;51;Gini Index
0;51;Collective Strength
