Rank-500-true;Rank-500-TOT;Measure
11;1259;ORIGINAL-MODEL
11;504;Accuracy
11;502;Laplace Correction
11;502;Example and Counterexample Rate
11;502;Confidence
11;501;Lovinger
10;515;Compliance
8;503;Jaccard
8;502;Cosine
8;501;Leverage
8;501;Least Contradiction
7;505;Prevalence
7;504;Certainty factor
7;503;Support
7;502;Two-way Support Variation
7;502;Lift
7;501;Zhang
7;501;Ylue Y
7;501;Ylue Q
7;501;Two-way Support
7;501;Piatetsky-Shapiro
7;501;One-way Support
7;501;Odd Multiplier
7;501;Linear Correlation Coefficient
7;501;Klosgen
7;501;J Measure
7;501;Interestingness Weighting Dependency
7;501;Conviction
7;501;Added Value
6;502;Gini Index
6;501;Relative Risk
6;501;Information Gain
5;501;Specificity
3;615;Recall
3;504;Coverage
3;501;Sebag-Schoenauer
3;501;Collective Strength
2;501;Odds Ratio
