Rank-10-true;Rank-10-TOT;Measure
11;1259;ORIGINAL-MODEL
3;615;Recall
3;156;Coverage
3;11;Conviction
2;11;Odd Multiplier
2;11;Lift
2;11;Laplace Correction
1;454;Ylue Y
1;454;Ylue Q
1;26;Prevalence
1;17;Compliance
1;13;Accuracy
1;12;Support
1;12;Least Contradiction
1;12;Jaccard
1;11;One-way Support
1;11;Information Gain
1;11;Example and Counterexample Rate
1;11;Cosine
1;11;Confidence
0;454;Odds Ratio
0;448;Specificity
0;448;Relative Risk
0;13;Lovinger
0;13;Linear Correlation Coefficient
0;12;Leverage
0;11;Zhang
0;11;Two-way Support Variation
0;11;Two-way Support
0;11;Sebag-Schoenauer
0;11;Piatetsky-Shapiro
0;11;Klosgen
0;11;J Measure
0;11;Interestingness Weighting Dependency
0;11;Gini Index
0;11;Collective Strength
0;11;Certainty factor
0;11;Added Value
