Rank-25-true;Rank-25-TOT;Measure
11;1259;ORIGINAL-MODEL
4;26;Conviction
4;26;Certainty factor
3;615;Recall
3;156;Coverage
3;31;Compliance
3;26;Zhang
3;26;Two-way Support
3;26;One-way Support
3;26;Odd Multiplier
3;26;Lift
3;26;Klosgen
3;26;Added Value
2;26;Piatetsky-Shapiro
2;26;Laplace Correction
2;26;Information Gain
2;26;Example and Counterexample Rate
2;26;Confidence
1;454;Ylue Y
1;454;Ylue Q
1;32;Accuracy
1;29;Least Contradiction
1;27;Jaccard
1;26;Support
1;26;Prevalence
1;26;Lovinger
1;26;Leverage
1;26;Cosine
0;454;Odds Ratio
0;448;Specificity
0;448;Relative Risk
0;26;Two-way Support Variation
0;26;Sebag-Schoenauer
0;26;Linear Correlation Coefficient
0;26;J Measure
0;26;Interestingness Weighting Dependency
0;26;Gini Index
0;26;Collective Strength
