Rank-5-true;Rank-5-TOT;Measure
11;1259;ORIGINAL-MODEL
3;615;Recall
1;454;Ylue Y
1;454;Ylue Q
1;9;Prevalence
1;7;Odd Multiplier
1;7;Conviction
1;6;Support
1;6;Lift
1;6;Least Contradiction
1;6;Laplace Correction
1;6;Jaccard
1;6;Cosine
1;6;Accuracy
0;454;Odds Ratio
0;448;Specificity
0;448;Relative Risk
0;13;Linear Correlation Coefficient
0;9;Coverage
0;8;Information Gain
0;7;Sebag-Schoenauer
0;7;Example and Counterexample Rate
0;7;Confidence
0;7;Compliance
0;7;Collective Strength
0;6;Zhang
0;6;Two-way Support Variation
0;6;Two-way Support
0;6;Piatetsky-Shapiro
0;6;One-way Support
0;6;Lovinger
0;6;Leverage
0;6;Klosgen
0;6;J Measure
0;6;Interestingness Weighting Dependency
0;6;Gini Index
0;6;Certainty factor
0;6;Added Value
