'Constraint';'Template';'Activation';'Target';'Support';'Confidence level';'Interest factor'
'Init(a)';'Init';'a';;0.944;0.944;0.944
'CoExistence(a, b)';'CoExistence';'a';'b';1.000;1.000;1.000
'RespondedExistence(a, b)';'RespondedExistence';'a';'b';1.000;1.000;1.000
'CoExistence(a, c)';'CoExistence';'a';'c';0.874;0.874;0.874
'RespondedExistence(a, c)';'RespondedExistence';'a';'c';0.874;0.874;0.874
'CoExistence(a, d)';'CoExistence';'a';'d';1.000;1.000;1.000
'Succession(a, d)';'Succession';'a';'d';0.586;0.586;0.586
'RespondedExistence(a, d)';'RespondedExistence';'a';'d';1.000;1.000;1.000
'Response(a, d)';'Response';'a';'d';0.588;0.588;0.588
'CoExistence(a, e)';'CoExistence';'a';'e';0.870;0.870;0.870
'RespondedExistence(a, e)';'RespondedExistence';'a';'e';0.870;0.870;0.870
'CoExistence(a, f)';'CoExistence';'a';'f';0.962;0.962;0.962
'Succession(a, f)';'Succession';'a';'f';0.760;0.760;0.760
'RespondedExistence(a, f)';'RespondedExistence';'a';'f';0.962;0.962;0.962
'Response(a, f)';'Response';'a';'f';0.766;0.766;0.766
'CoExistence(a, g)';'CoExistence';'a';'g';0.920;0.920;0.920
'RespondedExistence(a, g)';'RespondedExistence';'a';'g';0.920;0.920;0.920
'CoExistence(a, h)';'CoExistence';'a';'h';0.652;0.652;0.652
'RespondedExistence(a, h)';'RespondedExistence';'a';'h';0.652;0.652;0.652
'CoExistence(a, i)';'CoExistence';'a';'i';0.906;0.906;0.906
'RespondedExistence(a, i)';'RespondedExistence';'a';'i';0.906;0.906;0.906
'CoExistence(a, l)';'CoExistence';'a';'l';0.662;0.662;0.662
'RespondedExistence(a, l)';'RespondedExistence';'a';'l';0.662;0.662;0.662
'CoExistence(a, m)';'CoExistence';'a';'m';0.854;0.854;0.854
'RespondedExistence(a, m)';'RespondedExistence';'a';'m';0.854;0.854;0.854
'CoExistence(a, n)';'CoExistence';'a';'n';0.970;0.970;0.970
'Succession(a, n)';'Succession';'a';'n';0.764;0.764;0.764
'RespondedExistence(a, n)';'RespondedExistence';'a';'n';0.970;0.970;0.970
'Response(a, n)';'Response';'a';'n';0.772;0.772;0.772
'CoExistence(a, o)';'CoExistence';'a';'o';0.908;0.908;0.908
'Succession(a, o)';'Succession';'a';'o';0.508;0.508;0.508
'RespondedExistence(a, o)';'RespondedExistence';'a';'o';0.908;0.908;0.908
'Response(a, o)';'Response';'a';'o';0.512;0.512;0.512
'CoExistence(a, p)';'CoExistence';'a';'p';0.986;0.986;0.986
'Succession(a, p)';'Succession';'a';'p';0.652;0.652;0.652
'RespondedExistence(a, p)';'RespondedExistence';'a';'p';0.986;0.986;0.986
'Response(a, p)';'Response';'a';'p';0.662;0.662;0.662
'CoExistence(a, q)';'CoExistence';'a';'q';0.884;0.884;0.884
'RespondedExistence(a, q)';'RespondedExistence';'a';'q';0.884;0.884;0.884
'NotSuccession(a, r)';'NotSuccession';'a';'r';0.908;0.908;0.908
'NotCoExistence(a, r)';'NotCoExistence';'a';'r';0.908;0.908;0.908
'CoExistence(a, s)';'CoExistence';'a';'s';0.858;0.858;0.858
'RespondedExistence(a, s)';'RespondedExistence';'a';'s';0.858;0.858;0.858
'CoExistence(a, t)';'CoExistence';'a';'t';0.978;0.978;0.978
'Succession(a, t)';'Succession';'a';'t';0.584;0.584;0.584
'RespondedExistence(a, t)';'RespondedExistence';'a';'t';0.978;0.978;0.978
'Response(a, t)';'Response';'a';'t';0.586;0.586;0.586
'CoExistence(a, u)';'CoExistence';'a';'u';0.922;0.922;0.922
'RespondedExistence(a, u)';'RespondedExistence';'a';'u';0.922;0.922;0.922
'CoExistence(a, v)';'CoExistence';'a';'v';0.876;0.876;0.876
'RespondedExistence(a, v)';'RespondedExistence';'a';'v';0.876;0.876;0.876
'CoExistence(a, w)';'CoExistence';'a';'w';0.914;0.914;0.914
'RespondedExistence(a, w)';'RespondedExistence';'a';'w';0.914;0.914;0.914
'CoExistence(a, z)';'CoExistence';'a';'z';0.898;0.898;0.898
'RespondedExistence(a, z)';'RespondedExistence';'a';'z';0.898;0.898;0.898
'End(b)';'End';'b';;0.934;0.934;0.934
'CoExistence(b, a)';'CoExistence';'b';'a';1.000;1.000;1.000
'RespondedExistence(b, a)';'RespondedExistence';'b';'a';1.000;1.000;1.000
'CoExistence(b, c)';'CoExistence';'b';'c';0.874;0.874;0.874
'RespondedExistence(b, c)';'RespondedExistence';'b';'c';0.874;0.874;0.874
'NotSuccession(b, c)';'NotSuccession';'b';'c';0.600;0.600;0.600
'CoExistence(b, d)';'CoExistence';'b';'d';1.000;1.000;1.000
'RespondedExistence(b, d)';'RespondedExistence';'b';'d';1.000;1.000;1.000
'CoExistence(b, e)';'CoExistence';'b';'e';0.870;0.870;0.870
'RespondedExistence(b, e)';'RespondedExistence';'b';'e';0.870;0.870;0.870
'CoExistence(b, f)';'CoExistence';'b';'f';0.962;0.962;0.962
'RespondedExistence(b, f)';'RespondedExistence';'b';'f';0.962;0.962;0.962
'CoExistence(b, g)';'CoExistence';'b';'g';0.920;0.920;0.920
'RespondedExistence(b, g)';'RespondedExistence';'b';'g';0.920;0.920;0.920
'CoExistence(b, h)';'CoExistence';'b';'h';0.652;0.652;0.652
'RespondedExistence(b, h)';'RespondedExistence';'b';'h';0.652;0.652;0.652
'CoExistence(b, i)';'CoExistence';'b';'i';0.906;0.906;0.906
'RespondedExistence(b, i)';'RespondedExistence';'b';'i';0.906;0.906;0.906
'CoExistence(b, l)';'CoExistence';'b';'l';0.662;0.662;0.662
'RespondedExistence(b, l)';'RespondedExistence';'b';'l';0.662;0.662;0.662
'NotSuccession(b, l)';'NotSuccession';'b';'l';0.522;0.522;0.522
'CoExistence(b, m)';'CoExistence';'b';'m';0.854;0.854;0.854
'RespondedExistence(b, m)';'RespondedExistence';'b';'m';0.854;0.854;0.854
'CoExistence(b, n)';'CoExistence';'b';'n';0.970;0.970;0.970
'RespondedExistence(b, n)';'RespondedExistence';'b';'n';0.970;0.970;0.970
'CoExistence(b, o)';'CoExistence';'b';'o';0.908;0.908;0.908
'RespondedExistence(b, o)';'RespondedExistence';'b';'o';0.908;0.908;0.908
'CoExistence(b, p)';'CoExistence';'b';'p';0.986;0.986;0.986
'RespondedExistence(b, p)';'RespondedExistence';'b';'p';0.986;0.986;0.986
'CoExistence(b, q)';'CoExistence';'b';'q';0.884;0.884;0.884
'RespondedExistence(b, q)';'RespondedExistence';'b';'q';0.884;0.884;0.884
'NotSuccession(b, r)';'NotSuccession';'b';'r';0.940;0.940;0.940
'NotCoExistence(b, r)';'NotCoExistence';'b';'r';0.908;0.908;0.908
'CoExistence(b, s)';'CoExistence';'b';'s';0.858;0.858;0.858
'RespondedExistence(b, s)';'RespondedExistence';'b';'s';0.858;0.858;0.858
'CoExistence(b, t)';'CoExistence';'b';'t';0.978;0.978;0.978
'RespondedExistence(b, t)';'RespondedExistence';'b';'t';0.978;0.978;0.978
'CoExistence(b, u)';'CoExistence';'b';'u';0.922;0.922;0.922
'RespondedExistence(b, u)';'RespondedExistence';'b';'u';0.922;0.922;0.922
'CoExistence(b, v)';'CoExistence';'b';'v';0.876;0.876;0.876
'RespondedExistence(b, v)';'RespondedExistence';'b';'v';0.876;0.876;0.876
'CoExistence(b, w)';'CoExistence';'b';'w';0.914;0.914;0.914
'RespondedExistence(b, w)';'RespondedExistence';'b';'w';0.914;0.914;0.914
'CoExistence(b, z)';'CoExistence';'b';'z';0.898;0.898;0.898
'RespondedExistence(b, z)';'RespondedExistence';'b';'z';0.898;0.898;0.898
'Precedence(d, b)';'Precedence';'b';'d';0.508;0.508;0.508
'Precedence(e, b)';'Precedence';'b';'e';0.510;0.510;0.510
'Precedence(f, b)';'Precedence';'b';'f';0.538;0.538;0.538
'Precedence(g, b)';'Precedence';'b';'g';0.508;0.508;0.508
'Precedence(i, b)';'Precedence';'b';'i';0.512;0.512;0.512
'Precedence(o, b)';'Precedence';'b';'o';0.504;0.504;0.504
'Precedence(p, b)';'Precedence';'b';'p';0.686;0.686;0.686
'Precedence(t, b)';'Precedence';'b';'t';0.522;0.522;0.522
'Precedence(u, b)';'Precedence';'b';'u';0.506;0.506;0.506
'Precedence(w, b)';'Precedence';'b';'w';0.518;0.518;0.518
'Precedence(z, b)';'Precedence';'b';'z';0.514;0.514;0.514
'AtMostOne(c)';'AtMostOne';'c';;0.862;0.986;0.986
'Participation(c)';'Participation';'c';;0.874;0.874;0.874
'CoExistence(c, a)';'CoExistence';'c';'a';0.874;0.874;0.874
'Response(c, a)';'Response';'c';'a';0.652;0.746;0.746
'AlternateResponse(c, a)';'AlternateResponse';'c';'a';0.646;0.739;0.739
'CoExistence(c, b)';'CoExistence';'c';'b';0.874;0.874;0.874
'CoExistence(c, d)';'CoExistence';'c';'d';0.874;0.874;0.874
'Response(c, d)';'Response';'c';'d';0.738;0.844;0.844
'AlternateResponse(c, d)';'AlternateResponse';'c';'d';0.734;0.840;0.840
'CoExistence(c, e)';'CoExistence';'c';'e';0.782;0.813;0.813
'RespondedExistence(c, e)';'RespondedExistence';'c';'e';0.782;0.895;0.895
'Response(c, e)';'Response';'c';'e';0.658;0.753;0.753
'AlternateResponse(c, e)';'AlternateResponse';'c';'e';0.656;0.751;0.751
'CoExistence(c, f)';'CoExistence';'c';'f';0.852;0.866;0.866
'RespondedExistence(c, f)';'RespondedExistence';'c';'f';0.852;0.975;0.975
'Response(c, f)';'Response';'c';'f';0.804;0.920;0.920
'AlternateResponse(c, f)';'AlternateResponse';'c';'f';0.804;0.920;0.920
'CoExistence(c, g)';'CoExistence';'c';'g';0.808;0.819;0.819
'RespondedExistence(c, g)';'RespondedExistence';'c';'g';0.808;0.924;0.924
'Response(c, g)';'Response';'c';'g';0.666;0.762;0.762
'AlternateResponse(c, g)';'AlternateResponse';'c';'g';0.664;0.760;0.760
'CoExistence(c, h)';'CoExistence';'c';'h';0.580;0.613;0.613
'RespondedExistence(c, h)';'RespondedExistence';'c';'h';0.580;0.664;0.664
'Response(c, h)';'Response';'c';'h';0.490;0.561;0.561
'AlternateResponse(c, h)';'AlternateResponse';'c';'h';0.484;0.554;0.554
'CoExistence(c, i)';'CoExistence';'c';'i';0.798;0.813;0.813
'RespondedExistence(c, i)';'RespondedExistence';'c';'i';0.798;0.913;0.913
'Response(c, i)';'Response';'c';'i';0.662;0.757;0.757
'AlternateResponse(c, i)';'AlternateResponse';'c';'i';0.662;0.757;0.757
'CoExistence(c, l)';'CoExistence';'c';'l';0.570;0.590;0.590
'RespondedExistence(c, l)';'RespondedExistence';'c';'l';0.570;0.652;0.652
'Response(c, l)';'Response';'c';'l';0.468;0.535;0.535
'AlternateResponse(c, l)';'AlternateResponse';'c';'l';0.466;0.533;0.533
'NotSuccession(c, l)';'NotSuccession';'c';'l';0.494;0.511;0.511
'CoExistence(c, m)';'CoExistence';'c';'m';0.764;0.793;0.793
'RespondedExistence(c, m)';'RespondedExistence';'c';'m';0.764;0.874;0.874
'Response(c, m)';'Response';'c';'m';0.514;0.588;0.588
'AlternateResponse(c, m)';'AlternateResponse';'c';'m';0.514;0.588;0.588
'CoExistence(c, n)';'CoExistence';'c';'n';0.858;0.870;0.870
'RespondedExistence(c, n)';'RespondedExistence';'c';'n';0.858;0.982;0.982
'Response(c, n)';'Response';'c';'n';0.802;0.918;0.918
'AlternateResponse(c, n)';'AlternateResponse';'c';'n';0.800;0.915;0.915
'CoExistence(c, o)';'CoExistence';'c';'o';0.796;0.807;0.807
'RespondedExistence(c, o)';'RespondedExistence';'c';'o';0.796;0.911;0.911
'Response(c, o)';'Response';'c';'o';0.648;0.741;0.741
'AlternateResponse(c, o)';'AlternateResponse';'c';'o';0.648;0.741;0.741
'CoExistence(c, p)';'CoExistence';'c';'p';0.866;0.871;0.871
'RespondedExistence(c, p)';'RespondedExistence';'c';'p';0.866;0.991;0.991
'Response(c, p)';'Response';'c';'p';0.774;0.886;0.886
'AlternateResponse(c, p)';'AlternateResponse';'c';'p';0.774;0.886;0.886
'CoExistence(c, q)';'CoExistence';'c';'q';0.780;0.798;0.798
'RespondedExistence(c, q)';'RespondedExistence';'c';'q';0.780;0.892;0.892
'Response(c, q)';'Response';'c';'q';0.634;0.725;0.725
'AlternateResponse(c, q)';'AlternateResponse';'c';'q';0.632;0.723;0.723
'NotSuccession(c, r)';'NotSuccession';'c';'r';0.828;0.939;0.939
'NotCoExistence(c, r)';'NotCoExistence';'c';'r';0.798;0.905;0.905
'CoExistence(c, s)';'CoExistence';'c';'s';0.766;0.793;0.793
'RespondedExistence(c, s)';'RespondedExistence';'c';'s';0.766;0.876;0.876
'Response(c, s)';'Response';'c';'s';0.648;0.741;0.741
'AlternateResponse(c, s)';'AlternateResponse';'c';'s';0.646;0.739;0.739
'CoExistence(c, t)';'CoExistence';'c';'t';0.856;0.859;0.859
'RespondedExistence(c, t)';'RespondedExistence';'c';'t';0.856;0.979;0.979
'Response(c, t)';'Response';'c';'t';0.718;0.822;0.822
'AlternateResponse(c, t)';'AlternateResponse';'c';'t';0.714;0.817;0.817
'CoExistence(c, u)';'CoExistence';'c';'u';0.816;0.833;0.833
'RespondedExistence(c, u)';'RespondedExistence';'c';'u';0.816;0.934;0.934
'Response(c, u)';'Response';'c';'u';0.654;0.748;0.748
'AlternateResponse(c, u)';'AlternateResponse';'c';'u';0.654;0.748;0.748
'CoExistence(c, v)';'CoExistence';'c';'v';0.774;0.793;0.793
'RespondedExistence(c, v)';'RespondedExistence';'c';'v';0.774;0.886;0.886
'Response(c, v)';'Response';'c';'v';0.630;0.721;0.721
'AlternateResponse(c, v)';'AlternateResponse';'c';'v';0.630;0.721;0.721
'CoExistence(c, w)';'CoExistence';'c';'w';0.804;0.817;0.817
'RespondedExistence(c, w)';'RespondedExistence';'c';'w';0.804;0.920;0.920
'Response(c, w)';'Response';'c';'w';0.640;0.732;0.732
'AlternateResponse(c, w)';'AlternateResponse';'c';'w';0.640;0.732;0.732
'CoExistence(c, z)';'CoExistence';'c';'z';0.796;0.816;0.816
'RespondedExistence(c, z)';'RespondedExistence';'c';'z';0.796;0.911;0.911
'Response(c, z)';'Response';'c';'z';0.642;0.735;0.735
'AlternateResponse(c, z)';'AlternateResponse';'c';'z';0.642;0.735;0.735
'Precedence(p, c)';'Precedence';'c';'p';0.558;0.638;0.638
'AlternatePrecedence(p, c)';'AlternatePrecedence';'c';'p';0.558;0.638;0.638
'Participation(d)';'Participation';'d';;1.000;1.000;1.000
'CoExistence(d, a)';'CoExistence';'d';'a';1.000;1.000;1.000
'RespondedExistence(d, a)';'RespondedExistence';'d';'a';1.000;1.000;1.000
'CoExistence(d, b)';'CoExistence';'d';'b';1.000;1.000;1.000
'Succession(d, b)';'Succession';'d';'b';0.504;0.504;0.504
'RespondedExistence(d, b)';'RespondedExistence';'d';'b';1.000;1.000;1.000
'CoExistence(d, c)';'CoExistence';'d';'c';0.874;0.874;0.874
'RespondedExistence(d, c)';'RespondedExistence';'d';'c';0.874;0.874;0.874
'NotSuccession(d, c)';'NotSuccession';'d';'c';0.582;0.582;0.582
'CoExistence(d, e)';'CoExistence';'d';'e';0.870;0.870;0.870
'RespondedExistence(d, e)';'RespondedExistence';'d';'e';0.870;0.870;0.870
'CoExistence(d, f)';'CoExistence';'d';'f';0.962;0.962;0.962
'RespondedExistence(d, f)';'RespondedExistence';'d';'f';0.962;0.962;0.962
'Response(d, f)';'Response';'d';'f';0.714;0.714;0.714
'CoExistence(d, g)';'CoExistence';'d';'g';0.920;0.920;0.920
'RespondedExistence(d, g)';'RespondedExistence';'d';'g';0.920;0.920;0.920
'CoExistence(d, h)';'CoExistence';'d';'h';0.652;0.652;0.652
'RespondedExistence(d, h)';'RespondedExistence';'d';'h';0.652;0.652;0.652
'CoExistence(d, i)';'CoExistence';'d';'i';0.906;0.906;0.906
'RespondedExistence(d, i)';'RespondedExistence';'d';'i';0.906;0.906;0.906
'CoExistence(d, l)';'CoExistence';'d';'l';0.662;0.662;0.662
'RespondedExistence(d, l)';'RespondedExistence';'d';'l';0.662;0.662;0.662
'NotSuccession(d, l)';'NotSuccession';'d';'l';0.508;0.508;0.508
'CoExistence(d, m)';'CoExistence';'d';'m';0.854;0.854;0.854
'RespondedExistence(d, m)';'RespondedExistence';'d';'m';0.854;0.854;0.854
'CoExistence(d, n)';'CoExistence';'d';'n';0.970;0.970;0.970
'RespondedExistence(d, n)';'RespondedExistence';'d';'n';0.970;0.970;0.970
'Response(d, n)';'Response';'d';'n';0.718;0.718;0.718
'CoExistence(d, o)';'CoExistence';'d';'o';0.908;0.908;0.908
'RespondedExistence(d, o)';'RespondedExistence';'d';'o';0.908;0.908;0.908
'CoExistence(d, p)';'CoExistence';'d';'p';0.986;0.986;0.986
'RespondedExistence(d, p)';'RespondedExistence';'d';'p';0.986;0.986;0.986
'Response(d, p)';'Response';'d';'p';0.550;0.550;0.550
'CoExistence(d, q)';'CoExistence';'d';'q';0.884;0.884;0.884
'RespondedExistence(d, q)';'RespondedExistence';'d';'q';0.884;0.884;0.884
'NotSuccession(d, r)';'NotSuccession';'d';'r';0.940;0.940;0.940
'NotCoExistence(d, r)';'NotCoExistence';'d';'r';0.908;0.908;0.908
'CoExistence(d, s)';'CoExistence';'d';'s';0.858;0.858;0.858
'RespondedExistence(d, s)';'RespondedExistence';'d';'s';0.858;0.858;0.858
'CoExistence(d, t)';'CoExistence';'d';'t';0.978;0.978;0.978
'RespondedExistence(d, t)';'RespondedExistence';'d';'t';0.978;0.978;0.978
'CoExistence(d, u)';'CoExistence';'d';'u';0.922;0.922;0.922
'RespondedExistence(d, u)';'RespondedExistence';'d';'u';0.922;0.922;0.922
'CoExistence(d, v)';'CoExistence';'d';'v';0.876;0.876;0.876
'RespondedExistence(d, v)';'RespondedExistence';'d';'v';0.876;0.876;0.876
'CoExistence(d, w)';'CoExistence';'d';'w';0.914;0.914;0.914
'RespondedExistence(d, w)';'RespondedExistence';'d';'w';0.914;0.914;0.914
'CoExistence(d, z)';'CoExistence';'d';'z';0.898;0.898;0.898
'RespondedExistence(d, z)';'RespondedExistence';'d';'z';0.898;0.898;0.898
'Precedence(f, d)';'Precedence';'d';'f';0.516;0.516;0.516
'Precedence(g, d)';'Precedence';'d';'g';0.510;0.510;0.510
'Precedence(p, d)';'Precedence';'d';'p';0.668;0.668;0.668
'Precedence(w, d)';'Precedence';'d';'w';0.554;0.554;0.554
'Precedence(z, d)';'Precedence';'d';'z';0.502;0.502;0.502
'Participation(e)';'Participation';'e';;0.870;0.870;0.870
'CoExistence(e, a)';'CoExistence';'e';'a';0.870;0.870;0.870
'CoExistence(e, b)';'CoExistence';'e';'b';0.870;0.870;0.870
'Succession(e, b)';'Succession';'e';'b';0.502;0.502;0.502
'CoExistence(e, c)';'CoExistence';'e';'c';0.782;0.813;0.813
'RespondedExistence(e, c)';'RespondedExistence';'e';'c';0.782;0.899;0.899
'NotSuccession(e, c)';'NotSuccession';'e';'c';0.558;0.580;0.580
'CoExistence(e, d)';'CoExistence';'e';'d';0.870;0.870;0.870
'Response(e, d)';'Response';'e';'d';0.480;0.552;0.552
'CoExistence(e, f)';'CoExistence';'e';'f';0.866;0.896;0.896
'Response(e, f)';'Response';'e';'f';0.834;0.959;0.959
'CoExistence(e, g)';'CoExistence';'e';'g';0.810;0.827;0.827
'RespondedExistence(e, g)';'RespondedExistence';'e';'g';0.810;0.931;0.931
'CoExistence(e, h)';'CoExistence';'e';'h';0.584;0.623;0.623
'RespondedExistence(e, h)';'RespondedExistence';'e';'h';0.584;0.671;0.671
'CoExistence(e, i)';'CoExistence';'e';'i';0.810;0.839;0.839
'RespondedExistence(e, i)';'RespondedExistence';'e';'i';0.810;0.931;0.931
'CoExistence(e, l)';'CoExistence';'e';'l';0.612;0.665;0.665
'RespondedExistence(e, l)';'RespondedExistence';'e';'l';0.612;0.703;0.703
'CoExistence(e, m)';'CoExistence';'e';'m';0.772;0.811;0.811
'RespondedExistence(e, m)';'RespondedExistence';'e';'m';0.772;0.887;0.887
'CoExistence(e, n)';'CoExistence';'e';'n';0.856;0.870;0.870
'RespondedExistence(e, n)';'RespondedExistence';'e';'n';0.856;0.984;0.984
'Response(e, n)';'Response';'e';'n';0.684;0.786;0.786
'CoExistence(e, o)';'CoExistence';'e';'o';0.802;0.822;0.822
'RespondedExistence(e, o)';'RespondedExistence';'e';'o';0.802;0.922;0.922
'CoExistence(e, p)';'CoExistence';'e';'p';0.864;0.871;0.871
'RespondedExistence(e, p)';'RespondedExistence';'e';'p';0.864;0.993;0.993
'Response(e, p)';'Response';'e';'p';0.564;0.648;0.648
'CoExistence(e, q)';'CoExistence';'e';'q';0.788;0.816;0.816
'RespondedExistence(e, q)';'RespondedExistence';'e';'q';0.788;0.906;0.906
'NotSuccession(e, r)';'NotSuccession';'e';'r';0.832;0.943;0.943
'NotCoExistence(e, r)';'NotCoExistence';'e';'r';0.802;0.909;0.909
'CoExistence(e, s)';'CoExistence';'e';'s';0.772;0.808;0.808
'RespondedExistence(e, s)';'RespondedExistence';'e';'s';0.772;0.887;0.887
'CoExistence(e, t)';'CoExistence';'e';'t';0.858;0.867;0.867
'RespondedExistence(e, t)';'RespondedExistence';'e';'t';0.858;0.986;0.986
'Response(e, t)';'Response';'e';'t';0.486;0.559;0.559
'CoExistence(e, u)';'CoExistence';'e';'u';0.812;0.829;0.829
'RespondedExistence(e, u)';'RespondedExistence';'e';'u';0.812;0.933;0.933
'CoExistence(e, v)';'CoExistence';'e';'v';0.768;0.785;0.785
'RespondedExistence(e, v)';'RespondedExistence';'e';'v';0.768;0.883;0.883
'CoExistence(e, w)';'CoExistence';'e';'w';0.806;0.824;0.824
'RespondedExistence(e, w)';'RespondedExistence';'e';'w';0.806;0.926;0.926
'CoExistence(e, z)';'CoExistence';'e';'z';0.798;0.823;0.823
'RespondedExistence(e, z)';'RespondedExistence';'e';'z';0.798;0.917;0.917
'Precedence(p, e)';'Precedence';'e';'p';0.532;0.611;0.611
'Participation(f)';'Participation';'f';;0.962;0.962;0.962
'CoExistence(f, a)';'CoExistence';'f';'a';0.962;0.962;0.962
'CoExistence(f, b)';'CoExistence';'f';'b';0.962;0.962;0.962
'Succession(f, b)';'Succession';'f';'b';0.526;0.526;0.526
'CoExistence(f, c)';'CoExistence';'f';'c';0.852;0.866;0.866
'RespondedExistence(f, c)';'RespondedExistence';'f';'c';0.852;0.886;0.886
'NotSuccession(f, c)';'NotSuccession';'f';'c';0.564;0.573;0.573
'CoExistence(f, d)';'CoExistence';'f';'d';0.962;0.962;0.962
'CoExistence(f, e)';'CoExistence';'f';'e';0.866;0.896;0.896
'RespondedExistence(f, e)';'RespondedExistence';'f';'e';0.866;0.900;0.900
'CoExistence(f, g)';'CoExistence';'f';'g';0.892;0.901;0.901
'RespondedExistence(f, g)';'RespondedExistence';'f';'g';0.892;0.927;0.927
'CoExistence(f, h)';'CoExistence';'f';'h';0.636;0.650;0.650
'RespondedExistence(f, h)';'RespondedExistence';'f';'h';0.636;0.661;0.661
'CoExistence(f, i)';'CoExistence';'f';'i';0.888;0.906;0.906
'RespondedExistence(f, i)';'RespondedExistence';'f';'i';0.888;0.923;0.923
'CoExistence(f, l)';'CoExistence';'f';'l';0.654;0.674;0.674
'RespondedExistence(f, l)';'RespondedExistence';'f';'l';0.654;0.680;0.680
'CoExistence(f, m)';'CoExistence';'f';'m';0.844;0.868;0.868
'RespondedExistence(f, m)';'RespondedExistence';'f';'m';0.844;0.877;0.877
'CoExistence(f, n)';'CoExistence';'f';'n';0.942;0.952;0.952
'RespondedExistence(f, n)';'RespondedExistence';'f';'n';0.942;0.979;0.979
'CoExistence(f, o)';'CoExistence';'f';'o';0.882;0.893;0.893
'RespondedExistence(f, o)';'RespondedExistence';'f';'o';0.882;0.917;0.917
'CoExistence(f, p)';'CoExistence';'f';'p';0.954;0.960;0.960
'RespondedExistence(f, p)';'RespondedExistence';'f';'p';0.954;0.992;0.992
'CoExistence(f, q)';'CoExistence';'f';'q';0.862;0.876;0.876
'RespondedExistence(f, q)';'RespondedExistence';'f';'q';0.862;0.896;0.896
'NotSuccession(f, r)';'NotSuccession';'f';'r';0.896;0.931;0.931
'NotCoExistence(f, r)';'NotCoExistence';'f';'r';0.870;0.904;0.904
'CoExistence(f, s)';'CoExistence';'f';'s';0.838;0.853;0.853
'RespondedExistence(f, s)';'RespondedExistence';'f';'s';0.838;0.871;0.871
'CoExistence(f, t)';'CoExistence';'f';'t';0.948;0.956;0.956
'RespondedExistence(f, t)';'RespondedExistence';'f';'t';0.948;0.985;0.985
'CoExistence(f, u)';'CoExistence';'f';'u';0.894;0.903;0.903
'RespondedExistence(f, u)';'RespondedExistence';'f';'u';0.894;0.929;0.929
'CoExistence(f, v)';'CoExistence';'f';'v';0.846;0.853;0.853
'RespondedExistence(f, v)';'RespondedExistence';'f';'v';0.846;0.879;0.879
'CoExistence(f, w)';'CoExistence';'f';'w';0.894;0.910;0.910
'RespondedExistence(f, w)';'RespondedExistence';'f';'w';0.894;0.929;0.929
'CoExistence(f, z)';'CoExistence';'f';'z';0.872;0.883;0.883
'RespondedExistence(f, z)';'RespondedExistence';'f';'z';0.872;0.906;0.906
'Precedence(p, f)';'Precedence';'f';'p';0.602;0.626;0.626
'Precedence(w, f)';'Precedence';'f';'w';0.490;0.509;0.509
'Participation(g)';'Participation';'g';;0.920;0.920;0.920
'CoExistence(g, a)';'CoExistence';'g';'a';0.920;0.920;0.920
'CoExistence(g, b)';'CoExistence';'g';'b';0.920;0.920;0.920
'Succession(g, b)';'Succession';'g';'b';0.500;0.500;0.500
'CoExistence(g, c)';'CoExistence';'g';'c';0.808;0.819;0.819
'RespondedExistence(g, c)';'RespondedExistence';'g';'c';0.808;0.878;0.878
'NotSuccession(g, c)';'NotSuccession';'g';'c';0.598;0.606;0.606
'CoExistence(g, d)';'CoExistence';'g';'d';0.920;0.920;0.920
'Response(g, d)';'Response';'g';'d';0.506;0.550;0.550
'CoExistence(g, e)';'CoExistence';'g';'e';0.810;0.827;0.827
'RespondedExistence(g, e)';'RespondedExistence';'g';'e';0.810;0.880;0.880
'CoExistence(g, f)';'CoExistence';'g';'f';0.892;0.901;0.901
'RespondedExistence(g, f)';'RespondedExistence';'g';'f';0.892;0.970;0.970
'Response(g, f)';'Response';'g';'f';0.720;0.783;0.783
'CoExistence(g, h)';'CoExistence';'g';'h';0.648;0.701;0.701
'RespondedExistence(g, h)';'RespondedExistence';'g';'h';0.648;0.704;0.704
'CoExistence(g, i)';'CoExistence';'g';'i';0.838;0.848;0.848
'RespondedExistence(g, i)';'RespondedExistence';'g';'i';0.838;0.911;0.911
'CoExistence(g, l)';'CoExistence';'g';'l';0.612;0.631;0.631
'RespondedExistence(g, l)';'RespondedExistence';'g';'l';0.612;0.665;0.665
'NotSuccession(g, l)';'NotSuccession';'g';'l';0.492;0.507;0.507
'CoExistence(g, m)';'CoExistence';'g';'m';0.792;0.807;0.807
'RespondedExistence(g, m)';'RespondedExistence';'g';'m';0.792;0.861;0.861
'CoExistence(g, n)';'CoExistence';'g';'n';0.902;0.913;0.913
'RespondedExistence(g, n)';'RespondedExistence';'g';'n';0.902;0.980;0.980
'Response(g, n)';'Response';'g';'n';0.684;0.743;0.743
'CoExistence(g, o)';'CoExistence';'g';'o';0.842;0.854;0.854
'RespondedExistence(g, o)';'RespondedExistence';'g';'o';0.842;0.915;0.915
'CoExistence(g, p)';'CoExistence';'g';'p';0.910;0.914;0.914
'RespondedExistence(g, p)';'RespondedExistence';'g';'p';0.910;0.989;0.989
'Response(g, p)';'Response';'g';'p';0.604;0.657;0.657
'CoExistence(g, q)';'CoExistence';'g';'q';0.816;0.826;0.826
'RespondedExistence(g, q)';'RespondedExistence';'g';'q';0.816;0.887;0.887
'NotSuccession(g, r)';'NotSuccession';'g';'r';0.876;0.944;0.944
'NotCoExistence(g, r)';'NotCoExistence';'g';'r';0.844;0.909;0.909
'CoExistence(g, s)';'CoExistence';'g';'s';0.800;0.818;0.818
'RespondedExistence(g, s)';'RespondedExistence';'g';'s';0.800;0.870;0.870
'CoExistence(g, t)';'CoExistence';'g';'t';0.904;0.909;0.909
'RespondedExistence(g, t)';'RespondedExistence';'g';'t';0.904;0.983;0.983
'Response(g, t)';'Response';'g';'t';0.492;0.535;0.535
'CoExistence(g, u)';'CoExistence';'g';'u';0.860;0.876;0.876
'RespondedExistence(g, u)';'RespondedExistence';'g';'u';0.860;0.935;0.935
'CoExistence(g, v)';'CoExistence';'g';'v';0.808;0.818;0.818
'RespondedExistence(g, v)';'RespondedExistence';'g';'v';0.808;0.878;0.878
'CoExistence(g, w)';'CoExistence';'g';'w';0.844;0.853;0.853
'RespondedExistence(g, w)';'RespondedExistence';'g';'w';0.844;0.917;0.917
'CoExistence(g, z)';'CoExistence';'g';'z';0.842;0.863;0.863
'RespondedExistence(g, z)';'RespondedExistence';'g';'z';0.842;0.915;0.915
'Precedence(p, g)';'Precedence';'g';'p';0.598;0.650;0.650
'Precedence(w, g)';'Precedence';'g';'w';0.464;0.504;0.504
'Participation(h)';'Participation';'h';;0.652;0.652;0.652
'AlternatePrecedence(a, h)';'AlternatePrecedence';'h';'a';0.370;0.567;0.567
'Precedence(b, h)';'Precedence';'h';'b';0.412;0.632;0.632
'Precedence(c, h)';'Precedence';'h';'c';0.402;0.617;0.617
'Precedence(d, h)';'Precedence';'h';'d';0.436;0.669;0.669
'Precedence(e, h)';'Precedence';'h';'e';0.418;0.641;0.641
'Precedence(f, h)';'Precedence';'h';'f';0.450;0.690;0.690
'Precedence(g, h)';'Precedence';'h';'g';0.630;0.966;0.966
'AlternatePrecedence(g, h)';'AlternatePrecedence';'h';'g';0.342;0.525;0.525
'CoExistence(h, a)';'CoExistence';'h';'a';0.652;0.652;0.652
'NotSuccession(h, a)';'NotSuccession';'h';'a';0.624;0.624;0.624
'CoExistence(h, b)';'CoExistence';'h';'b';0.652;0.652;0.652
'AlternateResponse(h, b)';'AlternateResponse';'h';'b';0.360;0.552;0.552
'CoExistence(h, c)';'CoExistence';'h';'c';0.580;0.613;0.613
'RespondedExistence(h, c)';'RespondedExistence';'h';'c';0.580;0.890;0.890
'NotSuccession(h, c)';'NotSuccession';'h';'c';0.766;0.810;0.810
'CoExistence(h, d)';'CoExistence';'h';'d';0.652;0.652;0.652
'Response(h, d)';'Response';'h';'d';0.346;0.531;0.531
'NotSuccession(h, d)';'NotSuccession';'h';'d';0.528;0.528;0.528
'CoExistence(h, e)';'CoExistence';'h';'e';0.584;0.623;0.623
'RespondedExistence(h, e)';'RespondedExistence';'h';'e';0.584;0.896;0.896
'NotSuccession(h, e)';'NotSuccession';'h';'e';0.572;0.610;0.610
'CoExistence(h, f)';'CoExistence';'h';'f';0.636;0.650;0.650
'RespondedExistence(h, f)';'RespondedExistence';'h';'f';0.636;0.975;0.975
'Response(h, f)';'Response';'h';'f';0.504;0.773;0.773
'CoExistence(h, g)';'CoExistence';'h';'g';0.648;0.701;0.701
'NotSuccession(h, g)';'NotSuccession';'h';'g';0.566;0.613;0.613
'CoExistence(h, i)';'CoExistence';'h';'i';0.594;0.616;0.616
'RespondedExistence(h, i)';'RespondedExistence';'h';'i';0.594;0.911;0.911
'NotSuccession(h, i)';'NotSuccession';'h';'i';0.552;0.573;0.573
'RespondedExistence(h, l)';'RespondedExistence';'h';'l';0.430;0.660;0.660
'NotSuccession(h, l)';'NotSuccession';'h';'l';0.618;0.699;0.699
'NotCoExistence(h, l)';'NotCoExistence';'h';'l';0.454;0.514;0.514
'CoExistence(h, m)';'CoExistence';'h';'m';0.576;0.619;0.619
'RespondedExistence(h, m)';'RespondedExistence';'h';'m';0.576;0.883;0.883
'NotSuccession(h, m)';'NotSuccession';'h';'m';0.652;0.701;0.701
'CoExistence(h, n)';'CoExistence';'h';'n';0.640;0.652;0.652
'RespondedExistence(h, n)';'RespondedExistence';'h';'n';0.640;0.982;0.982
'Response(h, n)';'Response';'h';'n';0.494;0.758;0.758
'CoExistence(h, o)';'CoExistence';'h';'o';0.594;0.615;0.615
'RespondedExistence(h, o)';'RespondedExistence';'h';'o';0.594;0.911;0.911
'NotSuccession(h, o)';'NotSuccession';'h';'o';0.576;0.596;0.596
'CoExistence(h, p)';'CoExistence';'h';'p';0.646;0.651;0.651
'RespondedExistence(h, p)';'RespondedExistence';'h';'p';0.646;0.991;0.991
'Response(h, p)';'Response';'h';'p';0.400;0.613;0.613
'CoExistence(h, q)';'CoExistence';'h';'q';0.586;0.617;0.617
'RespondedExistence(h, q)';'RespondedExistence';'h';'q';0.586;0.899;0.899
'NotSuccession(h, q)';'NotSuccession';'h';'q';0.554;0.583;0.583
'NotSuccession(h, r)';'NotSuccession';'h';'r';0.656;0.959;0.959
'NotCoExistence(h, r)';'NotCoExistence';'h';'r';0.624;0.912;0.912
'CoExistence(h, s)';'CoExistence';'h';'s';0.572;0.610;0.610
'RespondedExistence(h, s)';'RespondedExistence';'h';'s';0.572;0.877;0.877
'NotSuccession(h, s)';'NotSuccession';'h';'s';0.538;0.574;0.574
'CoExistence(h, t)';'CoExistence';'h';'t';0.642;0.650;0.650
'RespondedExistence(h, t)';'RespondedExistence';'h';'t';0.642;0.985;0.985
'Response(h, t)';'Response';'h';'t';0.342;0.525;0.525
'NotSuccession(h, t)';'NotSuccession';'h';'t';0.518;0.524;0.524
'CoExistence(h, u)';'CoExistence';'h';'u';0.606;0.626;0.626
'RespondedExistence(h, u)';'RespondedExistence';'h';'u';0.606;0.929;0.929
'NotSuccession(h, u)';'NotSuccession';'h';'u';0.576;0.595;0.595
'CoExistence(h, v)';'CoExistence';'h';'v';0.572;0.598;0.598
'RespondedExistence(h, v)';'RespondedExistence';'h';'v';0.572;0.877;0.877
'NotSuccession(h, v)';'NotSuccession';'h';'v';0.566;0.592;0.592
'CoExistence(h, w)';'CoExistence';'h';'w';0.602;0.624;0.624
'RespondedExistence(h, w)';'RespondedExistence';'h';'w';0.602;0.923;0.923
'NotSuccession(h, w)';'NotSuccession';'h';'w';0.610;0.633;0.633
'CoExistence(h, z)';'CoExistence';'h';'z';0.592;0.618;0.618
'RespondedExistence(h, z)';'RespondedExistence';'h';'z';0.592;0.908;0.908
'NotSuccession(h, z)';'NotSuccession';'h';'z';0.590;0.616;0.616
'Precedence(i, h)';'Precedence';'h';'i';0.442;0.678;0.678
'Precedence(m, h)';'Precedence';'h';'m';0.444;0.681;0.681
'Precedence(n, h)';'Precedence';'h';'n';0.426;0.653;0.653
'Precedence(o, h)';'Precedence';'h';'o';0.406;0.623;0.623
'Precedence(p, h)';'Precedence';'h';'p';0.544;0.834;0.834
'AlternatePrecedence(p, h)';'AlternatePrecedence';'h';'p';0.364;0.558;0.558
'Precedence(q, h)';'Precedence';'h';'q';0.438;0.672;0.672
'Precedence(s, h)';'Precedence';'h';'s';0.410;0.629;0.629
'Precedence(t, h)';'Precedence';'h';'t';0.426;0.653;0.653
'Precedence(u, h)';'Precedence';'h';'u';0.446;0.684;0.684
'Precedence(v, h)';'Precedence';'h';'v';0.408;0.626;0.626
'Precedence(w, h)';'Precedence';'h';'w';0.452;0.693;0.693
'Precedence(z, h)';'Precedence';'h';'z';0.442;0.678;0.678
'Participation(i)';'Participation';'i';;0.906;0.906;0.906
'CoExistence(i, a)';'CoExistence';'i';'a';0.906;0.906;0.906
'CoExistence(i, b)';'CoExistence';'i';'b';0.906;0.906;0.906
'Succession(i, b)';'Succession';'i';'b';0.502;0.502;0.502
'CoExistence(i, c)';'CoExistence';'i';'c';0.798;0.813;0.813
'RespondedExistence(i, c)';'RespondedExistence';'i';'c';0.798;0.881;0.881
'NotSuccession(i, c)';'NotSuccession';'i';'c';0.550;0.560;0.560
'CoExistence(i, d)';'CoExistence';'i';'d';0.906;0.906;0.906
'Response(i, d)';'Response';'i';'d';0.480;0.530;0.530
'CoExistence(i, e)';'CoExistence';'i';'e';0.810;0.839;0.839
'RespondedExistence(i, e)';'RespondedExistence';'i';'e';0.810;0.894;0.894
'CoExistence(i, f)';'CoExistence';'i';'f';0.888;0.906;0.906
'RespondedExistence(i, f)';'RespondedExistence';'i';'f';0.888;0.980;0.980
'Response(i, f)';'Response';'i';'f';0.674;0.744;0.744
'CoExistence(i, g)';'CoExistence';'i';'g';0.838;0.848;0.848
'RespondedExistence(i, g)';'RespondedExistence';'i';'g';0.838;0.925;0.925
'CoExistence(i, h)';'CoExistence';'i';'h';0.594;0.616;0.616
'RespondedExistence(i, h)';'RespondedExistence';'i';'h';0.594;0.656;0.656
'CoExistence(i, l)';'CoExistence';'i';'l';0.658;0.723;0.723
'RespondedExistence(i, l)';'RespondedExistence';'i';'l';0.658;0.726;0.726
'CoExistence(i, m)';'CoExistence';'i';'m';0.792;0.818;0.818
'RespondedExistence(i, m)';'RespondedExistence';'i';'m';0.792;0.874;0.874
'CoExistence(i, n)';'CoExistence';'i';'n';0.884;0.891;0.891
'RespondedExistence(i, n)';'RespondedExistence';'i';'n';0.884;0.976;0.976
'Response(i, n)';'Response';'i';'n';0.682;0.753;0.753
'CoExistence(i, o)';'CoExistence';'i';'o';0.830;0.843;0.843
'RespondedExistence(i, o)';'RespondedExistence';'i';'o';0.830;0.916;0.916
'CoExistence(i, p)';'CoExistence';'i';'p';0.900;0.907;0.907
'RespondedExistence(i, p)';'RespondedExistence';'i';'p';0.900;0.993;0.993
'Response(i, p)';'Response';'i';'p';0.572;0.631;0.631
'CoExistence(i, q)';'CoExistence';'i';'q';0.810;0.827;0.827
'RespondedExistence(i, q)';'RespondedExistence';'i';'q';0.810;0.894;0.894
'NotSuccession(i, r)';'NotSuccession';'i';'r';0.848;0.926;0.926
'NotCoExistence(i, r)';'NotCoExistence';'i';'r';0.834;0.910;0.910
'CoExistence(i, s)';'CoExistence';'i';'s';0.788;0.807;0.807
'RespondedExistence(i, s)';'RespondedExistence';'i';'s';0.788;0.870;0.870
'CoExistence(i, t)';'CoExistence';'i';'t';0.890;0.895;0.895
'RespondedExistence(i, t)';'RespondedExistence';'i';'t';0.890;0.982;0.982
'Response(i, t)';'Response';'i';'t';0.476;0.525;0.525
'CoExistence(i, u)';'CoExistence';'i';'u';0.844;0.858;0.858
'RespondedExistence(i, u)';'RespondedExistence';'i';'u';0.844;0.932;0.932
'CoExistence(i, v)';'CoExistence';'i';'v';0.794;0.804;0.804
'RespondedExistence(i, v)';'RespondedExistence';'i';'v';0.794;0.876;0.876
'CoExistence(i, w)';'CoExistence';'i';'w';0.840;0.857;0.857
'RespondedExistence(i, w)';'RespondedExistence';'i';'w';0.840;0.927;0.927
'CoExistence(i, z)';'CoExistence';'i';'z';0.818;0.830;0.830
'RespondedExistence(i, z)';'RespondedExistence';'i';'z';0.818;0.903;0.903
'Precedence(p, i)';'Precedence';'i';'p';0.602;0.664;0.664
'AtMostOne(l)';'AtMostOne';'l';;0.482;0.728;0.728
'Participation(l)';'Participation';'l';;0.662;0.662;0.662
'AlternatePrecedence(a, l)';'AlternatePrecedence';'l';'a';0.568;0.858;0.858
'Precedence(b, l)';'Precedence';'l';'b';0.434;0.656;0.656
'AlternatePrecedence(b, l)';'AlternatePrecedence';'l';'b';0.376;0.568;0.568
'Precedence(c, l)';'Precedence';'l';'c';0.418;0.631;0.631
'AlternatePrecedence(c, l)';'AlternatePrecedence';'l';'c';0.334;0.505;0.505
'Precedence(d, l)';'Precedence';'l';'d';0.448;0.677;0.677
'AlternatePrecedence(d, l)';'AlternatePrecedence';'l';'d';0.394;0.595;0.595
'Precedence(e, l)';'Precedence';'l';'e';0.436;0.659;0.659
'AlternatePrecedence(e, l)';'AlternatePrecedence';'l';'e';0.376;0.568;0.568
'Precedence(f, l)';'Precedence';'l';'f';0.466;0.704;0.704
'AlternatePrecedence(f, l)';'AlternatePrecedence';'l';'f';0.408;0.616;0.616
'Precedence(g, l)';'Precedence';'l';'g';0.436;0.659;0.659
'AlternatePrecedence(g, l)';'AlternatePrecedence';'l';'g';0.376;0.568;0.568
'AlternatePrecedence(i, l)';'AlternatePrecedence';'l';'i';0.630;0.952;0.952
'CoExistence(l, a)';'CoExistence';'l';'a';0.662;0.662;0.662
'NotSuccession(l, a)';'NotSuccession';'l';'a';0.602;0.602;0.602
'CoExistence(l, b)';'CoExistence';'l';'b';0.662;0.662;0.662
'AlternateResponse(l, b)';'AlternateResponse';'l';'b';0.552;0.834;0.834
'CoExistence(l, c)';'CoExistence';'l';'c';0.570;0.590;0.590
'RespondedExistence(l, c)';'RespondedExistence';'l';'c';0.570;0.861;0.861
'NotSuccession(l, c)';'NotSuccession';'l';'c';0.808;0.836;0.836
'CoExistence(l, d)';'CoExistence';'l';'d';0.662;0.662;0.662
'Response(l, d)';'Response';'l';'d';0.408;0.616;0.616
'AlternateResponse(l, d)';'AlternateResponse';'l';'d';0.342;0.517;0.517
'NotSuccession(l, d)';'NotSuccession';'l';'d';0.530;0.530;0.530
'CoExistence(l, e)';'CoExistence';'l';'e';0.612;0.665;0.665
'RespondedExistence(l, e)';'RespondedExistence';'l';'e';0.612;0.924;0.924
'Response(l, e)';'Response';'l';'e';0.332;0.502;0.502
'NotSuccession(l, e)';'NotSuccession';'l';'e';0.526;0.572;0.572
'CoExistence(l, f)';'CoExistence';'l';'f';0.654;0.674;0.674
'RespondedExistence(l, f)';'RespondedExistence';'l';'f';0.654;0.988;0.988
'Response(l, f)';'Response';'l';'f';0.544;0.822;0.822
'AlternateResponse(l, f)';'AlternateResponse';'l';'f';0.476;0.719;0.719
'CoExistence(l, g)';'CoExistence';'l';'g';0.612;0.631;0.631
'RespondedExistence(l, g)';'RespondedExistence';'l';'g';0.612;0.924;0.924
'NotSuccession(l, g)';'NotSuccession';'l';'g';0.588;0.606;0.606
'RespondedExistence(l, h)';'RespondedExistence';'l';'h';0.430;0.650;0.650
'NotSuccession(l, h)';'NotSuccession';'l';'h';0.564;0.638;0.638
'NotCoExistence(l, h)';'NotCoExistence';'l';'h';0.454;0.514;0.514
'CoExistence(l, i)';'CoExistence';'l';'i';0.658;0.723;0.723
'NotSuccession(l, i)';'NotSuccession';'l';'i';0.500;0.549;0.549
'CoExistence(l, m)';'CoExistence';'l';'m';0.578;0.616;0.616
'RespondedExistence(l, m)';'RespondedExistence';'l';'m';0.578;0.873;0.873
'NotSuccession(l, m)';'NotSuccession';'l';'m';0.636;0.678;0.678
'CoExistence(l, n)';'CoExistence';'l';'n';0.650;0.662;0.662
'RespondedExistence(l, n)';'RespondedExistence';'l';'n';0.650;0.982;0.982
'Response(l, n)';'Response';'l';'n';0.524;0.792;0.792
'AlternateResponse(l, n)';'AlternateResponse';'l';'n';0.438;0.662;0.662
'CoExistence(l, o)';'CoExistence';'l';'o';0.610;0.635;0.635
'RespondedExistence(l, o)';'RespondedExistence';'l';'o';0.610;0.921;0.921
'Response(l, o)';'Response';'l';'o';0.348;0.526;0.526
'NotSuccession(l, o)';'NotSuccession';'l';'o';0.550;0.573;0.573
'CoExistence(l, p)';'CoExistence';'l';'p';0.658;0.665;0.665
'RespondedExistence(l, p)';'RespondedExistence';'l';'p';0.658;0.994;0.994
'Response(l, p)';'Response';'l';'p';0.472;0.713;0.713
'AlternateResponse(l, p)';'AlternateResponse';'l';'p';0.438;0.662;0.662
'CoExistence(l, q)';'CoExistence';'l';'q';0.602;0.638;0.638
'RespondedExistence(l, q)';'RespondedExistence';'l';'q';0.602;0.909;0.909
'NotSuccession(l, q)';'NotSuccession';'l';'q';0.574;0.608;0.608
'NotSuccession(l, r)';'NotSuccession';'l';'r';0.634;0.938;0.938
'NotCoExistence(l, r)';'NotCoExistence';'l';'r';0.598;0.885;0.885
'CoExistence(l, s)';'CoExistence';'l';'s';0.586;0.627;0.627
'RespondedExistence(l, s)';'RespondedExistence';'l';'s';0.586;0.885;0.885
'NotSuccession(l, s)';'NotSuccession';'l';'s';0.556;0.595;0.595
'CoExistence(l, t)';'CoExistence';'l';'t';0.652;0.660;0.660
'RespondedExistence(l, t)';'RespondedExistence';'l';'t';0.652;0.985;0.985
'Response(l, t)';'Response';'l';'t';0.394;0.595;0.595
'AlternateResponse(l, t)';'AlternateResponse';'l';'t';0.334;0.505;0.505
'NotSuccession(l, t)';'NotSuccession';'l';'t';0.526;0.532;0.532
'CoExistence(l, u)';'CoExistence';'l';'u';0.624;0.650;0.650
'RespondedExistence(l, u)';'RespondedExistence';'l';'u';0.624;0.943;0.943
'NotSuccession(l, u)';'NotSuccession';'l';'u';0.544;0.567;0.567
'CoExistence(l, v)';'CoExistence';'l';'v';0.590;0.622;0.622
'RespondedExistence(l, v)';'RespondedExistence';'l';'v';0.590;0.891;0.891
'Response(l, v)';'Response';'l';'v';0.336;0.508;0.508
'NotSuccession(l, v)';'NotSuccession';'l';'v';0.544;0.574;0.574
'CoExistence(l, w)';'CoExistence';'l';'w';0.616;0.642;0.642
'RespondedExistence(l, w)';'RespondedExistence';'l';'w';0.616;0.931;0.931
'Response(l, w)';'Response';'l';'w';0.338;0.511;0.511
'NotSuccession(l, w)';'NotSuccession';'l';'w';0.558;0.581;0.581
'CoExistence(l, z)';'CoExistence';'l';'z';0.604;0.632;0.632
'RespondedExistence(l, z)';'RespondedExistence';'l';'z';0.604;0.912;0.912
'NotSuccession(l, z)';'NotSuccession';'l';'z';0.572;0.598;0.598
'Precedence(m, l)';'Precedence';'l';'m';0.424;0.640;0.640
'AlternatePrecedence(m, l)';'AlternatePrecedence';'l';'m';0.334;0.505;0.505
'Precedence(n, l)';'Precedence';'l';'n';0.426;0.644;0.644
'AlternatePrecedence(n, l)';'AlternatePrecedence';'l';'n';0.374;0.565;0.565
'Precedence(o, l)';'Precedence';'l';'o';0.440;0.665;0.665
'AlternatePrecedence(o, l)';'AlternatePrecedence';'l';'o';0.378;0.571;0.571
'Precedence(p, l)';'Precedence';'l';'p';0.546;0.825;0.825
'AlternatePrecedence(p, l)';'AlternatePrecedence';'l';'p';0.498;0.752;0.752
'Precedence(q, l)';'Precedence';'l';'q';0.448;0.677;0.677
'AlternatePrecedence(q, l)';'AlternatePrecedence';'l';'q';0.398;0.601;0.601
'Precedence(s, l)';'Precedence';'l';'s';0.440;0.665;0.665
'AlternatePrecedence(s, l)';'AlternatePrecedence';'l';'s';0.380;0.574;0.574
'Precedence(t, l)';'Precedence';'l';'t';0.418;0.631;0.631
'AlternatePrecedence(t, l)';'AlternatePrecedence';'l';'t';0.368;0.556;0.556
'Precedence(u, l)';'Precedence';'l';'u';0.452;0.683;0.683
'AlternatePrecedence(u, l)';'AlternatePrecedence';'l';'u';0.412;0.622;0.622
'Precedence(v, l)';'Precedence';'l';'v';0.426;0.644;0.644
'AlternatePrecedence(v, l)';'AlternatePrecedence';'l';'v';0.372;0.562;0.562
'Precedence(w, l)';'Precedence';'l';'w';0.442;0.668;0.668
'AlternatePrecedence(w, l)';'AlternatePrecedence';'l';'w';0.388;0.586;0.586
'Precedence(z, l)';'Precedence';'l';'z';0.446;0.674;0.674
'AlternatePrecedence(z, l)';'AlternatePrecedence';'l';'z';0.394;0.595;0.595
'AtMostOne(m)';'AtMostOne';'m';;0.454;0.532;0.532
'Participation(m)';'Participation';'m';;0.854;0.854;0.854
'AlternatePrecedence(a, m)';'AlternatePrecedence';'m';'a';0.652;0.763;0.763
'CoExistence(m, a)';'CoExistence';'m';'a';0.854;0.854;0.854
'Response(m, a)';'Response';'m';'a';0.520;0.609;0.609
'CoExistence(m, b)';'CoExistence';'m';'b';0.854;0.854;0.854
'AlternateResponse(m, b)';'AlternateResponse';'m';'b';0.628;0.735;0.735
'CoExistence(m, c)';'CoExistence';'m';'c';0.764;0.793;0.793
'RespondedExistence(m, c)';'RespondedExistence';'m';'c';0.764;0.895;0.895
'NotSuccession(m, c)';'NotSuccession';'m';'c';0.572;0.593;0.593
'CoExistence(m, d)';'CoExistence';'m';'d';0.854;0.854;0.854
'Response(m, d)';'Response';'m';'d';0.594;0.696;0.696
'AlternateResponse(m, d)';'AlternateResponse';'m';'d';0.450;0.527;0.527
'CoExistence(m, e)';'CoExistence';'m';'e';0.772;0.811;0.811
'RespondedExistence(m, e)';'RespondedExistence';'m';'e';0.772;0.904;0.904
'Response(m, e)';'Response';'m';'e';0.490;0.574;0.574
'CoExistence(m, f)';'CoExistence';'m';'f';0.844;0.868;0.868
'RespondedExistence(m, f)';'RespondedExistence';'m';'f';0.844;0.988;0.988
'Response(m, f)';'Response';'m';'f';0.754;0.883;0.883
'AlternateResponse(m, f)';'AlternateResponse';'m';'f';0.584;0.684;0.684
'CoExistence(m, g)';'CoExistence';'m';'g';0.792;0.807;0.807
'RespondedExistence(m, g)';'RespondedExistence';'m';'g';0.792;0.927;0.927
'Response(m, g)';'Response';'m';'g';0.504;0.590;0.590
'CoExistence(m, h)';'CoExistence';'m';'h';0.576;0.619;0.619
'RespondedExistence(m, h)';'RespondedExistence';'m';'h';0.576;0.674;0.674
'CoExistence(m, i)';'CoExistence';'m';'i';0.792;0.818;0.818
'RespondedExistence(m, i)';'RespondedExistence';'m';'i';0.792;0.927;0.927
'Response(m, i)';'Response';'m';'i';0.526;0.616;0.616
'AlternateResponse(m, i)';'AlternateResponse';'m';'i';0.430;0.504;0.504
'CoExistence(m, l)';'CoExistence';'m';'l';0.578;0.616;0.616
'RespondedExistence(m, l)';'RespondedExistence';'m';'l';0.578;0.677;0.677
'NotSuccession(m, l)';'NotSuccession';'m';'l';0.474;0.505;0.505
'CoExistence(m, n)';'CoExistence';'m';'n';0.852;0.877;0.877
'AlternateResponse(m, n)';'AlternateResponse';'m';'n';0.778;0.911;0.911
'CoExistence(m, o)';'CoExistence';'m';'o';0.784;0.802;0.802
'RespondedExistence(m, o)';'RespondedExistence';'m';'o';0.784;0.918;0.918
'Response(m, o)';'Response';'m';'o';0.524;0.614;0.614
'CoExistence(m, p)';'CoExistence';'m';'p';0.848;0.855;0.855
'RespondedExistence(m, p)';'RespondedExistence';'m';'p';0.848;0.993;0.993
'Response(m, p)';'Response';'m';'p';0.652;0.763;0.763
'AlternateResponse(m, p)';'AlternateResponse';'m';'p';0.586;0.686;0.686
'CoExistence(m, q)';'CoExistence';'m';'q';0.768;0.792;0.792
'RespondedExistence(m, q)';'RespondedExistence';'m';'q';0.768;0.899;0.899
'Response(m, q)';'Response';'m';'q';0.516;0.604;0.604
'NotSuccession(m, r)';'NotSuccession';'m';'r';0.814;0.938;0.938
'NotCoExistence(m, r)';'NotCoExistence';'m';'r';0.790;0.910;0.910
'CoExistence(m, s)';'CoExistence';'m';'s';0.760;0.798;0.798
'RespondedExistence(m, s)';'RespondedExistence';'m';'s';0.760;0.890;0.890
'Response(m, s)';'Response';'m';'s';0.492;0.576;0.576
'CoExistence(m, t)';'CoExistence';'m';'t';0.846;0.858;0.858
'RespondedExistence(m, t)';'RespondedExistence';'m';'t';0.846;0.991;0.991
'Response(m, t)';'Response';'m';'t';0.588;0.689;0.689
'AlternateResponse(m, t)';'AlternateResponse';'m';'t';0.452;0.529;0.529
'CoExistence(m, u)';'CoExistence';'m';'u';0.796;0.812;0.812
'RespondedExistence(m, u)';'RespondedExistence';'m';'u';0.796;0.932;0.932
'Response(m, u)';'Response';'m';'u';0.512;0.600;0.600
'CoExistence(m, v)';'CoExistence';'m';'v';0.754;0.773;0.773
'RespondedExistence(m, v)';'RespondedExistence';'m';'v';0.754;0.883;0.883
'Response(m, v)';'Response';'m';'v';0.494;0.578;0.578
'CoExistence(m, w)';'CoExistence';'m';'w';0.796;0.819;0.819
'RespondedExistence(m, w)';'RespondedExistence';'m';'w';0.796;0.932;0.932
'Response(m, w)';'Response';'m';'w';0.490;0.574;0.574
'CoExistence(m, z)';'CoExistence';'m';'z';0.776;0.795;0.795
'RespondedExistence(m, z)';'RespondedExistence';'m';'z';0.776;0.909;0.909
'Response(m, z)';'Response';'m';'z';0.488;0.571;0.571
'Precedence(p, m)';'Precedence';'m';'p';0.548;0.642;0.642
'AlternatePrecedence(p, m)';'AlternatePrecedence';'m';'p';0.502;0.588;0.588
'Participation(n)';'Participation';'n';;0.970;0.970;0.970
'Precedence(b, n)';'Precedence';'n';'b';0.490;0.505;0.505
'Precedence(d, n)';'Precedence';'n';'d';0.494;0.509;0.509
'CoExistence(n, a)';'CoExistence';'n';'a';0.970;0.970;0.970
'CoExistence(n, b)';'CoExistence';'n';'b';0.970;0.970;0.970
'CoExistence(n, c)';'CoExistence';'n';'c';0.858;0.870;0.870
'RespondedExistence(n, c)';'RespondedExistence';'n';'c';0.858;0.885;0.885
'NotSuccession(n, c)';'NotSuccession';'n';'c';0.602;0.611;0.611
'CoExistence(n, d)';'CoExistence';'n';'d';0.970;0.970;0.970
'CoExistence(n, e)';'CoExistence';'n';'e';0.856;0.870;0.870
'RespondedExistence(n, e)';'RespondedExistence';'n';'e';0.856;0.882;0.882
'CoExistence(n, f)';'CoExistence';'n';'f';0.942;0.952;0.952
'RespondedExistence(n, f)';'RespondedExistence';'n';'f';0.942;0.971;0.971
'CoExistence(n, g)';'CoExistence';'n';'g';0.902;0.913;0.913
'RespondedExistence(n, g)';'RespondedExistence';'n';'g';0.902;0.930;0.930
'CoExistence(n, h)';'CoExistence';'n';'h';0.640;0.652;0.652
'RespondedExistence(n, h)';'RespondedExistence';'n';'h';0.640;0.660;0.660
'CoExistence(n, i)';'CoExistence';'n';'i';0.884;0.891;0.891
'RespondedExistence(n, i)';'RespondedExistence';'n';'i';0.884;0.911;0.911
'CoExistence(n, l)';'CoExistence';'n';'l';0.650;0.662;0.662
'RespondedExistence(n, l)';'RespondedExistence';'n';'l';0.650;0.670;0.670
'NotSuccession(n, l)';'NotSuccession';'n';'l';0.514;0.523;0.523
'CoExistence(n, m)';'CoExistence';'n';'m';0.852;0.877;0.877
'RespondedExistence(n, m)';'RespondedExistence';'n';'m';0.852;0.878;0.878
'CoExistence(n, o)';'CoExistence';'n';'o';0.890;0.901;0.901
'RespondedExistence(n, o)';'RespondedExistence';'n';'o';0.890;0.918;0.918
'CoExistence(n, p)';'CoExistence';'n';'p';0.962;0.968;0.968
'RespondedExistence(n, p)';'RespondedExistence';'n';'p';0.962;0.992;0.992
'CoExistence(n, q)';'CoExistence';'n';'q';0.862;0.869;0.869
'RespondedExistence(n, q)';'RespondedExistence';'n';'q';0.862;0.889;0.889
'NotSuccession(n, r)';'NotSuccession';'n';'r';0.906;0.932;0.932
'NotCoExistence(n, r)';'NotCoExistence';'n';'r';0.882;0.907;0.907
'CoExistence(n, s)';'CoExistence';'n';'s';0.846;0.862;0.862
'RespondedExistence(n, s)';'RespondedExistence';'n';'s';0.846;0.872;0.872
'CoExistence(n, t)';'CoExistence';'n';'t';0.954;0.960;0.960
'RespondedExistence(n, t)';'RespondedExistence';'n';'t';0.954;0.984;0.984
'CoExistence(n, u)';'CoExistence';'n';'u';0.904;0.915;0.915
'RespondedExistence(n, u)';'RespondedExistence';'n';'u';0.904;0.932;0.932
'CoExistence(n, v)';'CoExistence';'n';'v';0.856;0.865;0.865
'RespondedExistence(n, v)';'RespondedExistence';'n';'v';0.856;0.882;0.882
'CoExistence(n, w)';'CoExistence';'n';'w';0.894;0.903;0.903
'RespondedExistence(n, w)';'RespondedExistence';'n';'w';0.894;0.922;0.922
'CoExistence(n, z)';'CoExistence';'n';'z';0.880;0.891;0.891
'RespondedExistence(n, z)';'RespondedExistence';'n';'z';0.880;0.907;0.907
'Precedence(p, n)';'Precedence';'n';'p';0.654;0.674;0.674
'Precedence(u, n)';'Precedence';'n';'u';0.494;0.509;0.509
'Precedence(w, n)';'Precedence';'n';'w';0.504;0.520;0.520
'Precedence(z, n)';'Precedence';'n';'z';0.492;0.507;0.507
'Participation(o)';'Participation';'o';;0.908;0.908;0.908
'CoExistence(o, a)';'CoExistence';'o';'a';0.908;0.908;0.908
'CoExistence(o, b)';'CoExistence';'o';'b';0.908;0.908;0.908
'CoExistence(o, c)';'CoExistence';'o';'c';0.796;0.807;0.807
'RespondedExistence(o, c)';'RespondedExistence';'o';'c';0.796;0.877;0.877
'NotSuccession(o, c)';'NotSuccession';'o';'c';0.588;0.596;0.596
'CoExistence(o, d)';'CoExistence';'o';'d';0.908;0.908;0.908
'Response(o, d)';'Response';'o';'d';0.486;0.535;0.535
'CoExistence(o, e)';'CoExistence';'o';'e';0.802;0.822;0.822
'RespondedExistence(o, e)';'RespondedExistence';'o';'e';0.802;0.883;0.883
'CoExistence(o, f)';'CoExistence';'o';'f';0.882;0.893;0.893
'RespondedExistence(o, f)';'RespondedExistence';'o';'f';0.882;0.971;0.971
'Response(o, f)';'Response';'o';'f';0.680;0.749;0.749
'CoExistence(o, g)';'CoExistence';'o';'g';0.842;0.854;0.854
'RespondedExistence(o, g)';'RespondedExistence';'o';'g';0.842;0.927;0.927
'CoExistence(o, h)';'CoExistence';'o';'h';0.594;0.615;0.615
'RespondedExistence(o, h)';'RespondedExistence';'o';'h';0.594;0.654;0.654
'CoExistence(o, i)';'CoExistence';'o';'i';0.830;0.843;0.843
'RespondedExistence(o, i)';'RespondedExistence';'o';'i';0.830;0.914;0.914
'CoExistence(o, l)';'CoExistence';'o';'l';0.610;0.635;0.635
'RespondedExistence(o, l)';'RespondedExistence';'o';'l';0.610;0.672;0.672
'CoExistence(o, m)';'CoExistence';'o';'m';0.784;0.802;0.802
'RespondedExistence(o, m)';'RespondedExistence';'o';'m';0.784;0.863;0.863
'CoExistence(o, n)';'CoExistence';'o';'n';0.890;0.901;0.901
'RespondedExistence(o, n)';'RespondedExistence';'o';'n';0.890;0.980;0.980
'Response(o, n)';'Response';'o';'n';0.688;0.758;0.758
'CoExistence(o, p)';'CoExistence';'o';'p';0.908;0.921;0.921
'ChainResponse(o, p)';'ChainResponse';'o';'p';0.684;0.753;0.753
'CoExistence(o, q)';'CoExistence';'o';'q';0.806;0.817;0.817
'RespondedExistence(o, q)';'RespondedExistence';'o';'q';0.806;0.888;0.888
'NotSuccession(o, r)';'NotSuccession';'o';'r';0.858;0.937;0.937
'NotCoExistence(o, r)';'NotCoExistence';'o';'r';0.832;0.908;0.908
'CoExistence(o, s)';'CoExistence';'o';'s';0.786;0.802;0.802
'RespondedExistence(o, s)';'RespondedExistence';'o';'s';0.786;0.866;0.866
'CoExistence(o, t)';'CoExistence';'o';'t';0.890;0.894;0.894
'RespondedExistence(o, t)';'RespondedExistence';'o';'t';0.890;0.980;0.980
'Response(o, t)';'Response';'o';'t';0.478;0.526;0.526
'CoExistence(o, u)';'CoExistence';'o';'u';0.844;0.856;0.856
'RespondedExistence(o, u)';'RespondedExistence';'o';'u';0.844;0.930;0.930
'CoExistence(o, v)';'CoExistence';'o';'v';0.794;0.802;0.802
'RespondedExistence(o, v)';'RespondedExistence';'o';'v';0.794;0.874;0.874
'CoExistence(o, w)';'CoExistence';'o';'w';0.830;0.837;0.837
'RespondedExistence(o, w)';'RespondedExistence';'o';'w';0.830;0.914;0.914
'CoExistence(o, z)';'CoExistence';'o';'z';0.828;0.847;0.847
'RespondedExistence(o, z)';'RespondedExistence';'o';'z';0.828;0.912;0.912
'Participation(p)';'Participation';'p';;0.986;0.986;0.986
'CoExistence(p, a)';'CoExistence';'p';'a';0.986;0.986;0.986
'CoExistence(p, b)';'CoExistence';'p';'b';0.986;0.986;0.986
'Succession(p, b)';'Succession';'p';'b';0.666;0.666;0.666
'CoExistence(p, c)';'CoExistence';'p';'c';0.866;0.871;0.871
'RespondedExistence(p, c)';'RespondedExistence';'p';'c';0.866;0.878;0.878
'CoExistence(p, d)';'CoExistence';'p';'d';0.986;0.986;0.986
'CoExistence(p, e)';'CoExistence';'p';'e';0.864;0.871;0.871
'RespondedExistence(p, e)';'RespondedExistence';'p';'e';0.864;0.876;0.876
'CoExistence(p, f)';'CoExistence';'p';'f';0.954;0.960;0.960
'RespondedExistence(p, f)';'RespondedExistence';'p';'f';0.954;0.968;0.968
'Response(p, f)';'Response';'p';'f';0.672;0.682;0.682
'CoExistence(p, g)';'CoExistence';'p';'g';0.910;0.914;0.914
'RespondedExistence(p, g)';'RespondedExistence';'p';'g';0.910;0.923;0.923
'CoExistence(p, h)';'CoExistence';'p';'h';0.646;0.651;0.651
'RespondedExistence(p, h)';'RespondedExistence';'p';'h';0.646;0.655;0.655
'CoExistence(p, i)';'CoExistence';'p';'i';0.900;0.907;0.907
'RespondedExistence(p, i)';'RespondedExistence';'p';'i';0.900;0.913;0.913
'CoExistence(p, l)';'CoExistence';'p';'l';0.658;0.665;0.665
'RespondedExistence(p, l)';'RespondedExistence';'p';'l';0.658;0.667;0.667
'CoExistence(p, m)';'CoExistence';'p';'m';0.848;0.855;0.855
'RespondedExistence(p, m)';'RespondedExistence';'p';'m';0.848;0.860;0.860
'CoExistence(p, n)';'CoExistence';'p';'n';0.962;0.968;0.968
'RespondedExistence(p, n)';'RespondedExistence';'p';'n';0.962;0.976;0.976
'Response(p, n)';'Response';'p';'n';0.684;0.694;0.694
'CoExistence(p, o)';'CoExistence';'p';'o';0.908;0.921;0.921
'RespondedExistence(p, o)';'RespondedExistence';'p';'o';0.908;0.921;0.921
'CoExistence(p, q)';'CoExistence';'p';'q';0.872;0.874;0.874
'RespondedExistence(p, q)';'RespondedExistence';'p';'q';0.872;0.884;0.884
'NotSuccession(p, r)';'NotSuccession';'p';'r';0.910;0.923;0.923
'NotCoExistence(p, r)';'NotCoExistence';'p';'r';0.894;0.907;0.907
'CoExistence(p, s)';'CoExistence';'p';'s';0.852;0.859;0.859
'RespondedExistence(p, s)';'RespondedExistence';'p';'s';0.852;0.864;0.864
'CoExistence(p, t)';'CoExistence';'p';'t';0.968;0.972;0.972
'RespondedExistence(p, t)';'RespondedExistence';'p';'t';0.968;0.982;0.982
'CoExistence(p, u)';'CoExistence';'p';'u';0.910;0.912;0.912
'RespondedExistence(p, u)';'RespondedExistence';'p';'u';0.910;0.923;0.923
'CoExistence(p, v)';'CoExistence';'p';'v';0.870;0.877;0.877
'RespondedExistence(p, v)';'RespondedExistence';'p';'v';0.870;0.882;0.882
'CoExistence(p, w)';'CoExistence';'p';'w';0.906;0.911;0.911
'RespondedExistence(p, w)';'RespondedExistence';'p';'w';0.906;0.919;0.919
'CoExistence(p, z)';'CoExistence';'p';'z';0.890;0.895;0.895
'RespondedExistence(p, z)';'RespondedExistence';'p';'z';0.890;0.903;0.903
'Participation(q)';'Participation';'q';;0.884;0.884;0.884
'Precedence(p, q)';'Precedence';'q';'p';0.562;0.636;0.636
'CoExistence(q, a)';'CoExistence';'q';'a';0.884;0.884;0.884
'CoExistence(q, b)';'CoExistence';'q';'b';0.884;0.884;0.884
'CoExistence(q, c)';'CoExistence';'q';'c';0.780;0.798;0.798
'RespondedExistence(q, c)';'RespondedExistence';'q';'c';0.780;0.882;0.882
'NotSuccession(q, c)';'NotSuccession';'q';'c';0.562;0.575;0.575
'CoExistence(q, d)';'CoExistence';'q';'d';0.884;0.884;0.884
'Response(q, d)';'Response';'q';'d';0.476;0.538;0.538
'CoExistence(q, e)';'CoExistence';'q';'e';0.788;0.816;0.816
'RespondedExistence(q, e)';'RespondedExistence';'q';'e';0.788;0.891;0.891
'CoExistence(q, f)';'CoExistence';'q';'f';0.862;0.876;0.876
'RespondedExistence(q, f)';'RespondedExistence';'q';'f';0.862;0.975;0.975
'Response(q, f)';'Response';'q';'f';0.668;0.756;0.756
'CoExistence(q, g)';'CoExistence';'q';'g';0.816;0.826;0.826
'RespondedExistence(q, g)';'RespondedExistence';'q';'g';0.816;0.923;0.923
'CoExistence(q, h)';'CoExistence';'q';'h';0.586;0.617;0.617
'RespondedExistence(q, h)';'RespondedExistence';'q';'h';0.586;0.663;0.663
'CoExistence(q, i)';'CoExistence';'q';'i';0.810;0.827;0.827
'RespondedExistence(q, i)';'RespondedExistence';'q';'i';0.810;0.916;0.916
'CoExistence(q, l)';'CoExistence';'q';'l';0.602;0.638;0.638
'RespondedExistence(q, l)';'RespondedExistence';'q';'l';0.602;0.681;0.681
'CoExistence(q, m)';'CoExistence';'q';'m';0.768;0.792;0.792
'RespondedExistence(q, m)';'RespondedExistence';'q';'m';0.768;0.869;0.869
'CoExistence(q, n)';'CoExistence';'q';'n';0.862;0.869;0.869
'RespondedExistence(q, n)';'RespondedExistence';'q';'n';0.862;0.975;0.975
'Response(q, n)';'Response';'q';'n';0.662;0.749;0.749
'CoExistence(q, o)';'CoExistence';'q';'o';0.806;0.817;0.817
'RespondedExistence(q, o)';'RespondedExistence';'q';'o';0.806;0.912;0.912
'CoExistence(q, p)';'CoExistence';'q';'p';0.872;0.874;0.874
'RespondedExistence(q, p)';'RespondedExistence';'q';'p';0.872;0.986;0.986
'Response(q, p)';'Response';'q';'p';0.534;0.604;0.604
'NotSuccession(q, r)';'NotSuccession';'q';'r';0.792;0.896;0.896
'NotCoExistence(q, r)';'NotCoExistence';'q';'r';0.792;0.896;0.896
'CoExistence(q, s)';'CoExistence';'q';'s';0.760;0.774;0.774
'RespondedExistence(q, s)';'RespondedExistence';'q';'s';0.760;0.860;0.860
'CoExistence(q, t)';'CoExistence';'q';'t';0.868;0.873;0.873
'RespondedExistence(q, t)';'RespondedExistence';'q';'t';0.868;0.982;0.982
'Response(q, t)';'Response';'q';'t';0.474;0.536;0.536
'CoExistence(q, u)';'CoExistence';'q';'u';0.824;0.839;0.839
'RespondedExistence(q, u)';'RespondedExistence';'q';'u';0.824;0.932;0.932
'CoExistence(q, v)';'CoExistence';'q';'v';0.786;0.807;0.807
'RespondedExistence(q, v)';'RespondedExistence';'q';'v';0.786;0.889;0.889
'CoExistence(q, w)';'CoExistence';'q';'w';0.814;0.827;0.827
'RespondedExistence(q, w)';'RespondedExistence';'q';'w';0.814;0.921;0.921
'CoExistence(q, z)';'CoExistence';'q';'z';0.796;0.807;0.807
'RespondedExistence(q, z)';'RespondedExistence';'q';'z';0.796;0.900;0.900
'AtMostOne(r)';'AtMostOne';'r';;0.088;0.957;0.957
'AlternatePrecedence(a, r)';'AlternatePrecedence';'r';'a';0.088;0.957;0.957
'Precedence(b, r)';'Precedence';'r';'b';0.060;0.652;0.652
'AlternatePrecedence(b, r)';'AlternatePrecedence';'r';'b';0.058;0.630;0.630
'Precedence(c, r)';'Precedence';'r';'c';0.052;0.565;0.565
'AlternatePrecedence(c, r)';'AlternatePrecedence';'r';'c';0.050;0.543;0.543
'Precedence(d, r)';'Precedence';'r';'d';0.058;0.630;0.630
'AlternatePrecedence(d, r)';'AlternatePrecedence';'r';'d';0.056;0.609;0.609
'Precedence(e, r)';'Precedence';'r';'e';0.050;0.543;0.543
'Precedence(f, r)';'Precedence';'r';'f';0.066;0.717;0.717
'AlternatePrecedence(f, r)';'AlternatePrecedence';'r';'f';0.066;0.717;0.717
'Precedence(g, r)';'Precedence';'r';'g';0.052;0.565;0.565
'AlternatePrecedence(g, r)';'AlternatePrecedence';'r';'g';0.050;0.543;0.543
'Precedence(i, r)';'Precedence';'r';'i';0.064;0.696;0.696
'AlternatePrecedence(i, r)';'AlternatePrecedence';'r';'i';0.064;0.696;0.696
'Precedence(m, r)';'Precedence';'r';'m';0.054;0.587;0.587
'AlternatePrecedence(m, r)';'AlternatePrecedence';'r';'m';0.052;0.565;0.565
'Precedence(n, r)';'Precedence';'r';'n';0.064;0.696;0.696
'AlternatePrecedence(n, r)';'AlternatePrecedence';'r';'n';0.064;0.696;0.696
'Precedence(o, r)';'Precedence';'r';'o';0.056;0.609;0.609
'AlternatePrecedence(o, r)';'AlternatePrecedence';'r';'o';0.054;0.587;0.587
'Precedence(p, r)';'Precedence';'r';'p';0.074;0.804;0.804
'AlternatePrecedence(p, r)';'AlternatePrecedence';'r';'p';0.074;0.804;0.804
'ChainPrecedence(q, r)';'ChainPrecedence';'r';'q';0.082;0.891;0.891
'Response(r, a)';'Response';'r';'a';0.054;0.587;0.587
'AlternateResponse(r, a)';'AlternateResponse';'r';'a';0.050;0.543;0.543
'NotSuccession(r, a)';'NotSuccession';'r';'a';0.946;0.946;0.946
'NotCoExistence(r, a)';'NotCoExistence';'r';'a';0.908;0.908;0.908
'AlternateResponse(r, b)';'AlternateResponse';'r';'b';0.088;0.957;0.957
'NotSuccession(r, b)';'NotSuccession';'r';'b';0.908;0.908;0.908
'NotCoExistence(r, b)';'NotCoExistence';'r';'b';0.908;0.908;0.908
'RespondedExistence(r, c)';'RespondedExistence';'r';'c';0.084;0.913;0.913
'NotSuccession(r, c)';'NotSuccession';'r';'c';0.848;0.961;0.961
'NotCoExistence(r, c)';'NotCoExistence';'r';'c';0.798;0.905;0.905
'Response(r, d)';'Response';'r';'d';0.064;0.696;0.696
'AlternateResponse(r, d)';'AlternateResponse';'r';'d';0.062;0.674;0.674
'NotSuccession(r, d)';'NotSuccession';'r';'d';0.934;0.934;0.934
'NotCoExistence(r, d)';'NotCoExistence';'r';'d';0.908;0.908;0.908
'RespondedExistence(r, e)';'RespondedExistence';'r';'e';0.080;0.870;0.870
'Response(r, e)';'Response';'r';'e';0.058;0.630;0.630
'AlternateResponse(r, e)';'AlternateResponse';'r';'e';0.054;0.587;0.587
'NotSuccession(r, e)';'NotSuccession';'r';'e';0.824;0.934;0.934
'NotCoExistence(r, e)';'NotCoExistence';'r';'e';0.802;0.909;0.909
'RespondedExistence(r, f)';'RespondedExistence';'r';'f';0.092;1.000;1.000
'Response(r, f)';'Response';'r';'f';0.076;0.826;0.826
'AlternateResponse(r, f)';'AlternateResponse';'r';'f';0.076;0.826;0.826
'NotSuccession(r, f)';'NotSuccession';'r';'f';0.886;0.921;0.921
'NotCoExistence(r, f)';'NotCoExistence';'r';'f';0.870;0.904;0.904
'RespondedExistence(r, g)';'RespondedExistence';'r';'g';0.084;0.913;0.913
'Response(r, g)';'Response';'r';'g';0.066;0.717;0.717
'AlternateResponse(r, g)';'AlternateResponse';'r';'g';0.064;0.696;0.696
'NotSuccession(r, g)';'NotSuccession';'r';'g';0.860;0.927;0.927
'NotCoExistence(r, g)';'NotCoExistence';'r';'g';0.844;0.909;0.909
'RespondedExistence(r, h)';'RespondedExistence';'r';'h';0.060;0.652;0.652
'NotSuccession(r, h)';'NotSuccession';'r';'h';0.644;0.942;0.942
'NotCoExistence(r, h)';'NotCoExistence';'r';'h';0.624;0.912;0.912
'RespondedExistence(r, i)';'RespondedExistence';'r';'i';0.082;0.891;0.891
'Response(r, i)';'Response';'r';'i';0.054;0.587;0.587
'AlternateResponse(r, i)';'AlternateResponse';'r';'i';0.054;0.587;0.587
'NotSuccession(r, i)';'NotSuccession';'r';'i';0.860;0.939;0.939
'NotCoExistence(r, i)';'NotCoExistence';'r';'i';0.834;0.910;0.910
'RespondedExistence(r, l)';'RespondedExistence';'r';'l';0.078;0.848;0.848
'NotSuccession(r, l)';'NotSuccession';'r';'l';0.630;0.932;0.932
'NotCoExistence(r, l)';'NotCoExistence';'r';'l';0.598;0.885;0.885
'RespondedExistence(r, m)';'RespondedExistence';'r';'m';0.078;0.848;0.848
'NotSuccession(r, m)';'NotSuccession';'r';'m';0.828;0.954;0.954
'NotCoExistence(r, m)';'NotCoExistence';'r';'m';0.790;0.910;0.910
'RespondedExistence(r, n)';'RespondedExistence';'r';'n';0.090;0.978;0.978
'Response(r, n)';'Response';'r';'n';0.064;0.696;0.696
'AlternateResponse(r, n)';'AlternateResponse';'r';'n';0.064;0.696;0.696
'NotSuccession(r, n)';'NotSuccession';'r';'n';0.906;0.932;0.932
'NotCoExistence(r, n)';'NotCoExistence';'r';'n';0.882;0.907;0.907
'RespondedExistence(r, o)';'RespondedExistence';'r';'o';0.084;0.913;0.913
'Response(r, o)';'Response';'r';'o';0.054;0.587;0.587
'AlternateResponse(r, o)';'AlternateResponse';'r';'o';0.052;0.565;0.565
'NotSuccession(r, o)';'NotSuccession';'r';'o';0.862;0.941;0.941
'NotCoExistence(r, o)';'NotCoExistence';'r';'o';0.832;0.908;0.908
'RespondedExistence(r, p)';'RespondedExistence';'r';'p';0.092;1.000;1.000
'Response(r, p)';'Response';'r';'p';0.070;0.761;0.761
'AlternateResponse(r, p)';'AlternateResponse';'r';'p';0.070;0.761;0.761
'NotSuccession(r, p)';'NotSuccession';'r';'p';0.916;0.929;0.929
'NotCoExistence(r, p)';'NotCoExistence';'r';'p';0.894;0.907;0.907
'Response(r, q)';'Response';'r';'q';0.054;0.587;0.587
'AlternateResponse(r, q)';'AlternateResponse';'r';'q';0.054;0.587;0.587
'NotSuccession(r, q)';'NotSuccession';'r';'q';0.828;0.937;0.937
'NotCoExistence(r, q)';'NotCoExistence';'r';'q';0.792;0.896;0.896
'RespondedExistence(r, s)';'RespondedExistence';'r';'s';0.074;0.804;0.804
'Response(r, s)';'Response';'r';'s';0.054;0.587;0.587
'AlternateResponse(r, s)';'AlternateResponse';'r';'s';0.052;0.565;0.565
'NotSuccession(r, s)';'NotSuccession';'r';'s';0.822;0.938;0.938
'NotCoExistence(r, s)';'NotCoExistence';'r';'s';0.802;0.916;0.916
'RespondedExistence(r, t)';'RespondedExistence';'r';'t';0.092;1.000;1.000
'Response(r, t)';'Response';'r';'t';0.066;0.717;0.717
'AlternateResponse(r, t)';'AlternateResponse';'r';'t';0.064;0.696;0.696
'NotSuccession(r, t)';'NotSuccession';'r';'t';0.910;0.930;0.930
'NotCoExistence(r, t)';'NotCoExistence';'r';'t';0.886;0.906;0.906
'RespondedExistence(r, u)';'RespondedExistence';'r';'u';0.090;0.978;0.978
'Response(r, u)';'Response';'r';'u';0.060;0.652;0.652
'AlternateResponse(r, u)';'AlternateResponse';'r';'u';0.058;0.630;0.630
'NotSuccession(r, u)';'NotSuccession';'r';'u';0.862;0.933;0.933
'NotCoExistence(r, u)';'NotCoExistence';'r';'u';0.834;0.903;0.903
'RespondedExistence(r, v)';'RespondedExistence';'r';'v';0.086;0.935;0.935
'Response(r, v)';'Response';'r';'v';0.056;0.609;0.609
'AlternateResponse(r, v)';'AlternateResponse';'r';'v';0.056;0.609;0.609
'NotSuccession(r, v)';'NotSuccession';'r';'v';0.826;0.937;0.937
'NotCoExistence(r, v)';'NotCoExistence';'r';'v';0.796;0.902;0.902
'RespondedExistence(r, w)';'RespondedExistence';'r';'w';0.086;0.935;0.935
'Response(r, w)';'Response';'r';'w';0.058;0.630;0.630
'AlternateResponse(r, w)';'AlternateResponse';'r';'w';0.056;0.609;0.609
'NotSuccession(r, w)';'NotSuccession';'r';'w';0.860;0.935;0.935
'NotCoExistence(r, w)';'NotCoExistence';'r';'w';0.834;0.907;0.907
'RespondedExistence(r, z)';'RespondedExistence';'r';'z';0.086;0.935;0.935
'Response(r, z)';'Response';'r';'z';0.052;0.565;0.565
'AlternateResponse(r, z)';'AlternateResponse';'r';'z';0.050;0.543;0.543
'NotSuccession(r, z)';'NotSuccession';'r';'z';0.850;0.940;0.940
'NotCoExistence(r, z)';'NotCoExistence';'r';'z';0.818;0.905;0.905
'Precedence(s, r)';'Precedence';'r';'s';0.050;0.543;0.543
'AlternatePrecedence(s, r)';'AlternatePrecedence';'r';'s';0.050;0.543;0.543
'Precedence(t, r)';'Precedence';'r';'t';0.062;0.674;0.674
'AlternatePrecedence(t, r)';'AlternatePrecedence';'r';'t';0.062;0.674;0.674
'Precedence(u, r)';'Precedence';'r';'u';0.058;0.630;0.630
'AlternatePrecedence(u, r)';'AlternatePrecedence';'r';'u';0.058;0.630;0.630
'Precedence(v, r)';'Precedence';'r';'v';0.058;0.630;0.630
'AlternatePrecedence(v, r)';'AlternatePrecedence';'r';'v';0.056;0.609;0.609
'Precedence(w, r)';'Precedence';'r';'w';0.058;0.630;0.630
'AlternatePrecedence(w, r)';'AlternatePrecedence';'r';'w';0.058;0.630;0.630
'Precedence(z, r)';'Precedence';'r';'z';0.056;0.609;0.609
'AlternatePrecedence(z, r)';'AlternatePrecedence';'r';'z';0.054;0.587;0.587
'Participation(s)';'Participation';'s';;0.858;0.858;0.858
'Precedence(p, s)';'Precedence';'s';'p';0.546;0.636;0.636
'CoExistence(s, a)';'CoExistence';'s';'a';0.858;0.858;0.858
'CoExistence(s, b)';'CoExistence';'s';'b';0.858;0.858;0.858
'CoExistence(s, c)';'CoExistence';'s';'c';0.766;0.793;0.793
'RespondedExistence(s, c)';'RespondedExistence';'s';'c';0.766;0.893;0.893
'NotSuccession(s, c)';'NotSuccession';'s';'c';0.572;0.592;0.592
'CoExistence(s, d)';'CoExistence';'s';'d';0.858;0.858;0.858
'Response(s, d)';'Response';'s';'d';0.484;0.564;0.564
'CoExistence(s, e)';'CoExistence';'s';'e';0.772;0.808;0.808
'RespondedExistence(s, e)';'RespondedExistence';'s';'e';0.772;0.900;0.900
'CoExistence(s, f)';'CoExistence';'s';'f';0.838;0.853;0.853
'RespondedExistence(s, f)';'RespondedExistence';'s';'f';0.838;0.977;0.977
'Response(s, f)';'Response';'s';'f';0.686;0.800;0.800
'CoExistence(s, g)';'CoExistence';'s';'g';0.800;0.818;0.818
'RespondedExistence(s, g)';'RespondedExistence';'s';'g';0.800;0.932;0.932
'CoExistence(s, h)';'CoExistence';'s';'h';0.572;0.610;0.610
'RespondedExistence(s, h)';'RespondedExistence';'s';'h';0.572;0.667;0.667
'CoExistence(s, i)';'CoExistence';'s';'i';0.788;0.807;0.807
'RespondedExistence(s, i)';'RespondedExistence';'s';'i';0.788;0.918;0.918
'CoExistence(s, l)';'CoExistence';'s';'l';0.586;0.627;0.627
'RespondedExistence(s, l)';'RespondedExistence';'s';'l';0.586;0.683;0.683
'CoExistence(s, m)';'CoExistence';'s';'m';0.760;0.798;0.798
'RespondedExistence(s, m)';'RespondedExistence';'s';'m';0.760;0.886;0.886
'CoExistence(s, n)';'CoExistence';'s';'n';0.846;0.862;0.862
'RespondedExistence(s, n)';'RespondedExistence';'s';'n';0.846;0.986;0.986
'Response(s, n)';'Response';'s';'n';0.668;0.779;0.779
'CoExistence(s, o)';'CoExistence';'s';'o';0.786;0.802;0.802
'RespondedExistence(s, o)';'RespondedExistence';'s';'o';0.786;0.916;0.916
'CoExistence(s, p)';'CoExistence';'s';'p';0.852;0.859;0.859
'RespondedExistence(s, p)';'RespondedExistence';'s';'p';0.852;0.993;0.993
'Response(s, p)';'Response';'s';'p';0.564;0.657;0.657
'CoExistence(s, q)';'CoExistence';'s';'q';0.760;0.774;0.774
'RespondedExistence(s, q)';'RespondedExistence';'s';'q';0.760;0.886;0.886
'NotSuccession(s, r)';'NotSuccession';'s';'r';0.824;0.941;0.941
'NotCoExistence(s, r)';'NotCoExistence';'s';'r';0.802;0.916;0.916
'CoExistence(s, t)';'CoExistence';'s';'t';0.858;0.877;0.877
'RespondedExistence(s, t)';'RespondedExistence';'s';'t';0.858;1.000;1.000
'Response(s, t)';'Response';'s';'t';0.472;0.550;0.550
'CoExistence(s, u)';'CoExistence';'s';'u';0.796;0.809;0.809
'RespondedExistence(s, u)';'RespondedExistence';'s';'u';0.796;0.928;0.928
'CoExistence(s, v)';'CoExistence';'s';'v';0.760;0.780;0.780
'RespondedExistence(s, v)';'RespondedExistence';'s';'v';0.760;0.886;0.886
'CoExistence(s, w)';'CoExistence';'s';'w';0.796;0.816;0.816
'RespondedExistence(s, w)';'RespondedExistence';'s';'w';0.796;0.928;0.928
'CoExistence(s, z)';'CoExistence';'s';'z';0.774;0.788;0.788
'RespondedExistence(s, z)';'RespondedExistence';'s';'z';0.774;0.902;0.902
'Participation(t)';'Participation';'t';;0.978;0.978;0.978
'Precedence(d, t)';'Precedence';'t';'d';0.510;0.521;0.521
'Precedence(f, t)';'Precedence';'t';'f';0.524;0.536;0.536
'Precedence(g, t)';'Precedence';'t';'g';0.490;0.501;0.501
'Precedence(i, t)';'Precedence';'t';'i';0.498;0.509;0.509
'Precedence(p, t)';'Precedence';'t';'p';0.660;0.675;0.675
'CoExistence(t, a)';'CoExistence';'t';'a';0.978;0.978;0.978
'CoExistence(t, b)';'CoExistence';'t';'b';0.978;0.978;0.978
'Succession(t, b)';'Succession';'t';'b';0.512;0.512;0.512
'CoExistence(t, c)';'CoExistence';'t';'c';0.856;0.859;0.859
'RespondedExistence(t, c)';'RespondedExistence';'t';'c';0.856;0.875;0.875
'NotSuccession(t, c)';'NotSuccession';'t';'c';0.580;0.582;0.582
'CoExistence(t, d)';'CoExistence';'t';'d';0.978;0.978;0.978
'CoExistence(t, e)';'CoExistence';'t';'e';0.858;0.867;0.867
'RespondedExistence(t, e)';'RespondedExistence';'t';'e';0.858;0.877;0.877
'CoExistence(t, f)';'CoExistence';'t';'f';0.948;0.956;0.956
'RespondedExistence(t, f)';'RespondedExistence';'t';'f';0.948;0.969;0.969
'Response(t, f)';'Response';'t';'f';0.684;0.699;0.699
'CoExistence(t, g)';'CoExistence';'t';'g';0.904;0.909;0.909
'RespondedExistence(t, g)';'RespondedExistence';'t';'g';0.904;0.924;0.924
'CoExistence(t, h)';'CoExistence';'t';'h';0.642;0.650;0.650
'RespondedExistence(t, h)';'RespondedExistence';'t';'h';0.642;0.656;0.656
'CoExistence(t, i)';'CoExistence';'t';'i';0.890;0.895;0.895
'RespondedExistence(t, i)';'RespondedExistence';'t';'i';0.890;0.910;0.910
'CoExistence(t, l)';'CoExistence';'t';'l';0.652;0.660;0.660
'RespondedExistence(t, l)';'RespondedExistence';'t';'l';0.652;0.667;0.667
'NotSuccession(t, l)';'NotSuccession';'t';'l';0.518;0.524;0.524
'CoExistence(t, m)';'CoExistence';'t';'m';0.846;0.858;0.858
'RespondedExistence(t, m)';'RespondedExistence';'t';'m';0.846;0.865;0.865
'CoExistence(t, n)';'CoExistence';'t';'n';0.954;0.960;0.960
'RespondedExistence(t, n)';'RespondedExistence';'t';'n';0.954;0.975;0.975
'Response(t, n)';'Response';'t';'n';0.702;0.718;0.718
'CoExistence(t, o)';'CoExistence';'t';'o';0.890;0.894;0.894
'RespondedExistence(t, o)';'RespondedExistence';'t';'o';0.890;0.910;0.910
'CoExistence(t, p)';'CoExistence';'t';'p';0.968;0.972;0.972
'RespondedExistence(t, p)';'RespondedExistence';'t';'p';0.968;0.990;0.990
'Response(t, p)';'Response';'t';'p';0.576;0.589;0.589
'CoExistence(t, q)';'CoExistence';'t';'q';0.868;0.873;0.873
'RespondedExistence(t, q)';'RespondedExistence';'t';'q';0.868;0.888;0.888
'NotSuccession(t, r)';'NotSuccession';'t';'r';0.916;0.937;0.937
'NotCoExistence(t, r)';'NotCoExistence';'t';'r';0.886;0.906;0.906
'CoExistence(t, s)';'CoExistence';'t';'s';0.858;0.877;0.877
'RespondedExistence(t, s)';'RespondedExistence';'t';'s';0.858;0.877;0.877
'CoExistence(t, u)';'CoExistence';'t';'u';0.900;0.900;0.900
'RespondedExistence(t, u)';'RespondedExistence';'t';'u';0.900;0.920;0.920
'CoExistence(t, v)';'CoExistence';'t';'v';0.860;0.865;0.865
'RespondedExistence(t, v)';'RespondedExistence';'t';'v';0.860;0.879;0.879
'CoExistence(t, w)';'CoExistence';'t';'w';0.904;0.915;0.915
'RespondedExistence(t, w)';'RespondedExistence';'t';'w';0.904;0.924;0.924
'CoExistence(t, z)';'CoExistence';'t';'z';0.878;0.880;0.880
'RespondedExistence(t, z)';'RespondedExistence';'t';'z';0.878;0.898;0.898
'Precedence(w, t)';'Precedence';'t';'w';0.516;0.528;0.528
'Participation(u)';'Participation';'u';;0.922;0.922;0.922
'Precedence(g, u)';'Precedence';'u';'g';0.462;0.501;0.501
'Precedence(p, u)';'Precedence';'u';'p';0.600;0.651;0.651
'CoExistence(u, a)';'CoExistence';'u';'a';0.922;0.922;0.922
'CoExistence(u, b)';'CoExistence';'u';'b';0.922;0.922;0.922
'Succession(u, b)';'Succession';'u';'b';0.504;0.504;0.504
'CoExistence(u, c)';'CoExistence';'u';'c';0.816;0.833;0.833
'RespondedExistence(u, c)';'RespondedExistence';'u';'c';0.816;0.885;0.885
'NotSuccession(u, c)';'NotSuccession';'u';'c';0.574;0.586;0.586
'CoExistence(u, d)';'CoExistence';'u';'d';0.922;0.922;0.922
'Response(u, d)';'Response';'u';'d';0.516;0.560;0.560
'CoExistence(u, e)';'CoExistence';'u';'e';0.812;0.829;0.829
'RespondedExistence(u, e)';'RespondedExistence';'u';'e';0.812;0.881;0.881
'CoExistence(u, f)';'CoExistence';'u';'f';0.894;0.903;0.903
'RespondedExistence(u, f)';'RespondedExistence';'u';'f';0.894;0.970;0.970
'Response(u, f)';'Response';'u';'f';0.746;0.809;0.809
'CoExistence(u, g)';'CoExistence';'u';'g';0.860;0.876;0.876
'RespondedExistence(u, g)';'RespondedExistence';'u';'g';0.860;0.933;0.933
'CoExistence(u, h)';'CoExistence';'u';'h';0.606;0.626;0.626
'RespondedExistence(u, h)';'RespondedExistence';'u';'h';0.606;0.657;0.657
'CoExistence(u, i)';'CoExistence';'u';'i';0.844;0.858;0.858
'RespondedExistence(u, i)';'RespondedExistence';'u';'i';0.844;0.915;0.915
'Response(u, i)';'Response';'u';'i';0.464;0.503;0.503
'CoExistence(u, l)';'CoExistence';'u';'l';0.624;0.650;0.650
'RespondedExistence(u, l)';'RespondedExistence';'u';'l';0.624;0.677;0.677
'CoExistence(u, m)';'CoExistence';'u';'m';0.796;0.812;0.812
'RespondedExistence(u, m)';'RespondedExistence';'u';'m';0.796;0.863;0.863
'CoExistence(u, n)';'CoExistence';'u';'n';0.904;0.915;0.915
'RespondedExistence(u, n)';'RespondedExistence';'u';'n';0.904;0.980;0.980
'Response(u, n)';'Response';'u';'n';0.728;0.790;0.790
'CoExistence(u, o)';'CoExistence';'u';'o';0.844;0.856;0.856
'RespondedExistence(u, o)';'RespondedExistence';'u';'o';0.844;0.915;0.915
'CoExistence(u, p)';'CoExistence';'u';'p';0.910;0.912;0.912
'RespondedExistence(u, p)';'RespondedExistence';'u';'p';0.910;0.987;0.987
'Response(u, p)';'Response';'u';'p';0.596;0.646;0.646
'CoExistence(u, q)';'CoExistence';'u';'q';0.824;0.839;0.839
'RespondedExistence(u, q)';'RespondedExistence';'u';'q';0.824;0.894;0.894
'NotSuccession(u, r)';'NotSuccession';'u';'r';0.866;0.937;0.937
'NotCoExistence(u, r)';'NotCoExistence';'u';'r';0.834;0.903;0.903
'CoExistence(u, s)';'CoExistence';'u';'s';0.796;0.809;0.809
'RespondedExistence(u, s)';'RespondedExistence';'u';'s';0.796;0.863;0.863
'CoExistence(u, t)';'CoExistence';'u';'t';0.900;0.900;0.900
'RespondedExistence(u, t)';'RespondedExistence';'u';'t';0.900;0.976;0.976
'Response(u, t)';'Response';'u';'t';0.526;0.570;0.570
'CoExistence(u, v)';'CoExistence';'u';'v';0.820;0.838;0.838
'RespondedExistence(u, v)';'RespondedExistence';'u';'v';0.820;0.889;0.889
'CoExistence(u, w)';'CoExistence';'u';'w';0.848;0.858;0.858
'RespondedExistence(u, w)';'RespondedExistence';'u';'w';0.848;0.920;0.920
'CoExistence(u, z)';'CoExistence';'u';'z';0.834;0.846;0.846
'RespondedExistence(u, z)';'RespondedExistence';'u';'z';0.834;0.905;0.905
'Participation(v)';'Participation';'v';;0.876;0.876;0.876
'Precedence(p, v)';'Precedence';'v';'p';0.556;0.635;0.635
'CoExistence(v, a)';'CoExistence';'v';'a';0.876;0.876;0.876
'CoExistence(v, b)';'CoExistence';'v';'b';0.876;0.876;0.876
'CoExistence(v, c)';'CoExistence';'v';'c';0.774;0.793;0.793
'RespondedExistence(v, c)';'RespondedExistence';'v';'c';0.774;0.884;0.884
'NotSuccession(v, c)';'NotSuccession';'v';'c';0.580;0.594;0.594
'CoExistence(v, d)';'CoExistence';'v';'d';0.876;0.876;0.876
'Response(v, d)';'Response';'v';'d';0.484;0.553;0.553
'CoExistence(v, e)';'CoExistence';'v';'e';0.768;0.785;0.785
'RespondedExistence(v, e)';'RespondedExistence';'v';'e';0.768;0.877;0.877
'CoExistence(v, f)';'CoExistence';'v';'f';0.846;0.853;0.853
'RespondedExistence(v, f)';'RespondedExistence';'v';'f';0.846;0.966;0.966
'Response(v, f)';'Response';'v';'f';0.676;0.772;0.772
'CoExistence(v, g)';'CoExistence';'v';'g';0.808;0.818;0.818
'RespondedExistence(v, g)';'RespondedExistence';'v';'g';0.808;0.922;0.922
'CoExistence(v, h)';'CoExistence';'v';'h';0.572;0.598;0.598
'RespondedExistence(v, h)';'RespondedExistence';'v';'h';0.572;0.653;0.653
'CoExistence(v, i)';'CoExistence';'v';'i';0.794;0.804;0.804
'RespondedExistence(v, i)';'RespondedExistence';'v';'i';0.794;0.906;0.906
'CoExistence(v, l)';'CoExistence';'v';'l';0.590;0.622;0.622
'RespondedExistence(v, l)';'RespondedExistence';'v';'l';0.590;0.674;0.674
'NotSuccession(v, l)';'NotSuccession';'v';'l';0.482;0.508;0.508
'CoExistence(v, m)';'CoExistence';'v';'m';0.754;0.773;0.773
'RespondedExistence(v, m)';'RespondedExistence';'v';'m';0.754;0.861;0.861
'CoExistence(v, n)';'CoExistence';'v';'n';0.856;0.865;0.865
'RespondedExistence(v, n)';'RespondedExistence';'v';'n';0.856;0.977;0.977
'Response(v, n)';'Response';'v';'n';0.652;0.744;0.744
'CoExistence(v, o)';'CoExistence';'v';'o';0.794;0.802;0.802
'RespondedExistence(v, o)';'RespondedExistence';'v';'o';0.794;0.906;0.906
'CoExistence(v, p)';'CoExistence';'v';'p';0.870;0.877;0.877
'RespondedExistence(v, p)';'RespondedExistence';'v';'p';0.870;0.993;0.993
'Response(v, p)';'Response';'v';'p';0.564;0.644;0.644
'CoExistence(v, q)';'CoExistence';'v';'q';0.786;0.807;0.807
'RespondedExistence(v, q)';'RespondedExistence';'v';'q';0.786;0.897;0.897
'NotSuccession(v, r)';'NotSuccession';'v';'r';0.824;0.934;0.934
'NotCoExistence(v, r)';'NotCoExistence';'v';'r';0.796;0.902;0.902
'CoExistence(v, s)';'CoExistence';'v';'s';0.760;0.780;0.780
'RespondedExistence(v, s)';'RespondedExistence';'v';'s';0.760;0.868;0.868
'CoExistence(v, t)';'CoExistence';'v';'t';0.860;0.865;0.865
'RespondedExistence(v, t)';'RespondedExistence';'v';'t';0.860;0.982;0.982
'Response(v, t)';'Response';'v';'t';0.480;0.548;0.548
'CoExistence(v, u)';'CoExistence';'v';'u';0.820;0.838;0.838
'RespondedExistence(v, u)';'RespondedExistence';'v';'u';0.820;0.936;0.936
'CoExistence(v, w)';'CoExistence';'v';'w';0.810;0.827;0.827
'RespondedExistence(v, w)';'RespondedExistence';'v';'w';0.810;0.925;0.925
'CoExistence(v, z)';'CoExistence';'v';'z';0.804;0.829;0.829
'RespondedExistence(v, z)';'RespondedExistence';'v';'z';0.804;0.918;0.918
'Participation(w)';'Participation';'w';;0.914;0.914;0.914
'Precedence(p, w)';'Precedence';'w';'p';0.556;0.608;0.608
'CoExistence(w, a)';'CoExistence';'w';'a';0.914;0.914;0.914
'CoExistence(w, b)';'CoExistence';'w';'b';0.914;0.914;0.914
'Succession(w, b)';'Succession';'w';'b';0.512;0.512;0.512
'CoExistence(w, c)';'CoExistence';'w';'c';0.804;0.817;0.817
'RespondedExistence(w, c)';'RespondedExistence';'w';'c';0.804;0.880;0.880
'NotSuccession(w, c)';'NotSuccession';'w';'c';0.564;0.573;0.573
'CoExistence(w, d)';'CoExistence';'w';'d';0.914;0.914;0.914
'Response(w, d)';'Response';'w';'d';0.540;0.591;0.591
'CoExistence(w, e)';'CoExistence';'w';'e';0.806;0.824;0.824
'RespondedExistence(w, e)';'RespondedExistence';'w';'e';0.806;0.882;0.882
'CoExistence(w, f)';'CoExistence';'w';'f';0.894;0.910;0.910
'RespondedExistence(w, f)';'RespondedExistence';'w';'f';0.894;0.978;0.978
'Response(w, f)';'Response';'w';'f';0.718;0.786;0.786
'CoExistence(w, g)';'CoExistence';'w';'g';0.844;0.853;0.853
'RespondedExistence(w, g)';'RespondedExistence';'w';'g';0.844;0.923;0.923
'CoExistence(w, h)';'CoExistence';'w';'h';0.602;0.624;0.624
'RespondedExistence(w, h)';'RespondedExistence';'w';'h';0.602;0.659;0.659
'CoExistence(w, i)';'CoExistence';'w';'i';0.840;0.857;0.857
'RespondedExistence(w, i)';'RespondedExistence';'w';'i';0.840;0.919;0.919
'CoExistence(w, l)';'CoExistence';'w';'l';0.616;0.642;0.642
'RespondedExistence(w, l)';'RespondedExistence';'w';'l';0.616;0.674;0.674
'CoExistence(w, m)';'CoExistence';'w';'m';0.796;0.819;0.819
'RespondedExistence(w, m)';'RespondedExistence';'w';'m';0.796;0.871;0.871
'CoExistence(w, n)';'CoExistence';'w';'n';0.894;0.903;0.903
'RespondedExistence(w, n)';'RespondedExistence';'w';'n';0.894;0.978;0.978
'Response(w, n)';'Response';'w';'n';0.724;0.792;0.792
'CoExistence(w, o)';'CoExistence';'w';'o';0.830;0.837;0.837
'RespondedExistence(w, o)';'RespondedExistence';'w';'o';0.830;0.908;0.908
'CoExistence(w, p)';'CoExistence';'w';'p';0.906;0.911;0.911
'RespondedExistence(w, p)';'RespondedExistence';'w';'p';0.906;0.991;0.991
'Response(w, p)';'Response';'w';'p';0.588;0.643;0.643
'CoExistence(w, q)';'CoExistence';'w';'q';0.814;0.827;0.827
'RespondedExistence(w, q)';'RespondedExistence';'w';'q';0.814;0.891;0.891
'Response(w, q)';'Response';'w';'q';0.460;0.503;0.503
'NotSuccession(w, r)';'NotSuccession';'w';'r';0.860;0.935;0.935
'NotCoExistence(w, r)';'NotCoExistence';'w';'r';0.834;0.907;0.907
'CoExistence(w, s)';'CoExistence';'w';'s';0.796;0.816;0.816
'RespondedExistence(w, s)';'RespondedExistence';'w';'s';0.796;0.871;0.871
'CoExistence(w, t)';'CoExistence';'w';'t';0.904;0.915;0.915
'RespondedExistence(w, t)';'RespondedExistence';'w';'t';0.904;0.989;0.989
'Response(w, t)';'Response';'w';'t';0.502;0.549;0.549
'CoExistence(w, u)';'CoExistence';'w';'u';0.848;0.858;0.858
'RespondedExistence(w, u)';'RespondedExistence';'w';'u';0.848;0.928;0.928
'CoExistence(w, v)';'CoExistence';'w';'v';0.810;0.827;0.827
'RespondedExistence(w, v)';'RespondedExistence';'w';'v';0.810;0.886;0.886
'CoExistence(w, z)';'CoExistence';'w';'z';0.826;0.838;0.838
'RespondedExistence(w, z)';'RespondedExistence';'w';'z';0.826;0.904;0.904
'Participation(z)';'Participation';'z';;0.898;0.898;0.898
'Precedence(p, z)';'Precedence';'z';'p';0.584;0.650;0.650
'CoExistence(z, a)';'CoExistence';'z';'a';0.898;0.898;0.898
'CoExistence(z, b)';'CoExistence';'z';'b';0.898;0.898;0.898
'Succession(z, b)';'Succession';'z';'b';0.508;0.508;0.508
'CoExistence(z, c)';'CoExistence';'z';'c';0.796;0.816;0.816
'RespondedExistence(z, c)';'RespondedExistence';'z';'c';0.796;0.886;0.886
'NotSuccession(z, c)';'NotSuccession';'z';'c';0.556;0.570;0.570
'CoExistence(z, d)';'CoExistence';'z';'d';0.898;0.898;0.898
'Response(z, d)';'Response';'z';'d';0.504;0.561;0.561
'CoExistence(z, e)';'CoExistence';'z';'e';0.798;0.823;0.823
'RespondedExistence(z, e)';'RespondedExistence';'z';'e';0.798;0.889;0.889
'CoExistence(z, f)';'CoExistence';'z';'f';0.872;0.883;0.883
'RespondedExistence(z, f)';'RespondedExistence';'z';'f';0.872;0.971;0.971
'Response(z, f)';'Response';'z';'f';0.700;0.780;0.780
'CoExistence(z, g)';'CoExistence';'z';'g';0.842;0.863;0.863
'RespondedExistence(z, g)';'RespondedExistence';'z';'g';0.842;0.938;0.938
'Response(z, g)';'Response';'z';'g';0.450;0.501;0.501
'CoExistence(z, h)';'CoExistence';'z';'h';0.592;0.618;0.618
'RespondedExistence(z, h)';'RespondedExistence';'z';'h';0.592;0.659;0.659
'CoExistence(z, i)';'CoExistence';'z';'i';0.818;0.830;0.830
'RespondedExistence(z, i)';'RespondedExistence';'z';'i';0.818;0.911;0.911
'CoExistence(z, l)';'CoExistence';'z';'l';0.604;0.632;0.632
'RespondedExistence(z, l)';'RespondedExistence';'z';'l';0.604;0.673;0.673
'CoExistence(z, m)';'CoExistence';'z';'m';0.776;0.795;0.795
'RespondedExistence(z, m)';'RespondedExistence';'z';'m';0.776;0.864;0.864
'CoExistence(z, n)';'CoExistence';'z';'n';0.880;0.891;0.891
'RespondedExistence(z, n)';'RespondedExistence';'z';'n';0.880;0.980;0.980
'Response(z, n)';'Response';'z';'n';0.672;0.748;0.748
'CoExistence(z, o)';'CoExistence';'z';'o';0.828;0.847;0.847
'RespondedExistence(z, o)';'RespondedExistence';'z';'o';0.828;0.922;0.922
'CoExistence(z, p)';'CoExistence';'z';'p';0.890;0.895;0.895
'RespondedExistence(z, p)';'RespondedExistence';'z';'p';0.890;0.991;0.991
'Response(z, p)';'Response';'z';'p';0.610;0.679;0.679
'CoExistence(z, q)';'CoExistence';'z';'q';0.796;0.807;0.807
'RespondedExistence(z, q)';'RespondedExistence';'z';'q';0.796;0.886;0.886
'NotSuccession(z, r)';'NotSuccession';'z';'r';0.846;0.936;0.936
'NotCoExistence(z, r)';'NotCoExistence';'z';'r';0.818;0.905;0.905
'CoExistence(z, s)';'CoExistence';'z';'s';0.774;0.788;0.788
'RespondedExistence(z, s)';'RespondedExistence';'z';'s';0.774;0.862;0.862
'CoExistence(z, t)';'CoExistence';'z';'t';0.878;0.880;0.880
'RespondedExistence(z, t)';'RespondedExistence';'z';'t';0.878;0.978;0.978
'Response(z, t)';'Response';'z';'t';0.510;0.568;0.568
'CoExistence(z, u)';'CoExistence';'z';'u';0.834;0.846;0.846
'RespondedExistence(z, u)';'RespondedExistence';'z';'u';0.834;0.929;0.929
'CoExistence(z, v)';'CoExistence';'z';'v';0.804;0.829;0.829
'RespondedExistence(z, v)';'RespondedExistence';'z';'v';0.804;0.895;0.895
'CoExistence(z, w)';'CoExistence';'z';'w';0.826;0.838;0.838
'RespondedExistence(z, w)';'RespondedExistence';'z';'w';0.826;0.920;0.920
