Rank-25-true;Rank-25-TOT;Measure
11;1298;ORIGINAL-MODEL
5;26;Conviction
4;26;Odd Multiplier
3;685;Recall
3;232;Coverage
3;27;Lift
2;431;Ylue Y
2;431;Ylue Q
2;43;Prevalence
2;41;Sebag-Schoenauer
2;33;Compliance
2;26;Laplace Correction
2;26;Example and Counterexample Rate
2;26;Confidence
1;431;Odds Ratio
1;34;Support
1;34;Least Contradiction
1;34;Jaccard
1;34;Cosine
1;34;Accuracy
1;30;Added Value
1;29;Information Gain
1;26;One-way Support
0;427;Specificity
0;427;Relative Risk
0;31;Piatetsky-Shapiro
0;28;Lovinger
0;28;Linear Correlation Coefficient
0;28;Leverage
0;26;Zhang
0;26;Two-way Support Variation
0;26;Two-way Support
0;26;Klosgen
0;26;J Measure
0;26;Interestingness Weighting Dependency
0;26;Gini Index
0;26;Collective Strength
0;26;Certainty factor
