Rank-500-true;Rank-500-TOT;Measure
11;1298;ORIGINAL-MODEL
11;502;Compliance
11;501;Example and Counterexample Rate
11;501;Confidence
10;501;Lovinger
10;501;Laplace Correction
9;504;Accuracy
8;504;Jaccard
8;502;Cosine
8;501;Leverage
8;501;Least Contradiction
7;525;Prevalence
7;507;Information Gain
7;502;Two-way Support
7;502;Odd Multiplier
7;502;Linear Correlation Coefficient
7;502;Certainty factor
7;501;Zhang
7;501;Ylue Y
7;501;Ylue Q
7;501;Piatetsky-Shapiro
7;501;One-way Support
7;501;Lift
7;501;Klosgen
7;501;Interestingness Weighting Dependency
7;501;Gini Index
7;501;Conviction
7;501;Added Value
6;502;Support
6;501;Two-way Support Variation
6;501;Specificity
6;501;Sebag-Schoenauer
6;501;Relative Risk
6;501;J Measure
4;501;Collective Strength
3;685;Recall
3;523;Coverage
3;501;Odds Ratio
