Rank-50-true;Rank-50-TOT;Measure
11;1298;ORIGINAL-MODEL
6;51;Conviction
5;51;Odd Multiplier
5;51;Certainty factor
4;51;Zhang
3;685;Recall
3;232;Coverage
3;71;Prevalence
3;51;Two-way Support
3;51;One-way Support
3;51;Lift
3;51;Laplace Correction
3;51;Klosgen
3;51;Interestingness Weighting Dependency
3;51;Information Gain
3;51;Example and Counterexample Rate
3;51;Confidence
3;51;Compliance
3;51;Added Value
2;431;Ylue Y
2;431;Ylue Q
2;51;Two-way Support Variation
2;51;Sebag-Schoenauer
2;51;Piatetsky-Shapiro
1;431;Odds Ratio
1;63;Support
1;53;Accuracy
1;52;Least Contradiction
1;52;Jaccard
1;52;Cosine
1;51;Lovinger
1;51;Leverage
1;51;Gini Index
0;427;Specificity
0;427;Relative Risk
0;51;Linear Correlation Coefficient
0;51;J Measure
0;51;Collective Strength
