Rank-10-true;Rank-10-TOT;Measure
11;1298;ORIGINAL-MODEL
4;11;Conviction
3;685;Recall
3;11;Odd Multiplier
2;431;Ylue Y
2;431;Ylue Q
2;18;Sebag-Schoenauer
2;18;Example and Counterexample Rate
2;18;Confidence
2;18;Compliance
2;14;Laplace Correction
2;11;Lift
1;431;Odds Ratio
1;14;Support
1;14;Prevalence
1;14;Least Contradiction
1;14;Jaccard
1;14;Cosine
1;14;Accuracy
1;11;One-way Support
1;11;Information Gain
0;427;Specificity
0;427;Relative Risk
0;28;Linear Correlation Coefficient
0;23;Leverage
0;15;Lovinger
0;15;Coverage
0;11;Zhang
0;11;Two-way Support Variation
0;11;Two-way Support
0;11;Piatetsky-Shapiro
0;11;Klosgen
0;11;J Measure
0;11;Interestingness Weighting Dependency
0;11;Gini Index
0;11;Collective Strength
0;11;Certainty factor
0;11;Added Value
