Rank-100-true;Rank-100-TOT;Measure
11;1298;ORIGINAL-MODEL
7;101;Odd Multiplier
7;101;Conviction
6;102;Piatetsky-Shapiro
6;102;Linear Correlation Coefficient
6;101;Zhang
6;101;Two-way Support Variation
6;101;Two-way Support
6;101;Interestingness Weighting Dependency
6;101;Compliance
6;101;Certainty factor
5;101;Laplace Correction
5;101;Example and Counterexample Rate
5;101;Confidence
4;296;Lovinger
4;102;Lift
4;101;One-way Support
4;101;Klosgen
4;101;Information Gain
4;101;Added Value
3;685;Recall
3;232;Coverage
3;102;Prevalence
3;101;Support
2;431;Ylue Y
2;431;Ylue Q
2;101;Sebag-Schoenauer
1;431;Odds Ratio
1;102;Least Contradiction
1;102;Jaccard
1;102;Gini Index
1;102;Cosine
1;101;Leverage
1;101;Accuracy
0;427;Specificity
0;427;Relative Risk
0;101;J Measure
0;101;Collective Strength
