Rank-200-true;Rank-200-TOT;Measure
11;1298;ORIGINAL-MODEL
9;201;Laplace Correction
9;201;Example and Counterexample Rate
9;201;Confidence
7;207;Compliance
7;202;Gini Index
7;202;Conviction
7;201;Zhang
7;201;Odd Multiplier
7;201;Linear Correlation Coefficient
7;201;Certainty factor
6;204;Information Gain
6;202;Two-way Support Variation
6;202;Klosgen
6;201;Two-way Support
6;201;Piatetsky-Shapiro
6;201;One-way Support
6;201;Lift
6;201;Interestingness Weighting Dependency
6;201;Added Value
5;208;Prevalence
5;203;Sebag-Schoenauer
5;201;Accuracy
4;296;Lovinger
4;201;Least Contradiction
3;685;Recall
3;232;Coverage
3;203;Support
3;201;Leverage
3;201;Jaccard
3;201;J Measure
3;201;Cosine
2;431;Ylue Y
2;431;Ylue Q
1;431;Odds Ratio
0;427;Specificity
0;427;Relative Risk
0;201;Collective Strength
