Rank-1500-true;Rank-1500-TOT;Measure
11;1298;ORIGINAL-MODEL
11;1298;Two-way Support
11;1298;Support
11;1298;Sebag-Schoenauer
11;1298;Recall
11;1298;Prevalence
11;1298;Piatetsky-Shapiro
11;1298;One-way Support
11;1298;Lift
11;1298;Leverage
11;1298;Least Contradiction
11;1298;Laplace Correction
11;1298;Klosgen
11;1298;Jaccard
11;1298;Interestingness Weighting Dependency
11;1298;Information Gain
11;1298;Example and Counterexample Rate
11;1298;Coverage
11;1298;Cosine
11;1298;Confidence
11;1298;Compliance
11;1298;Added Value
11;1298;Accuracy
10;1285;Zhang
10;1285;Odd Multiplier
10;1285;Lovinger
10;1285;Conviction
10;1285;Certainty factor
9;1281;J Measure
8;1081;Linear Correlation Coefficient
8;1040;Ylue Y
8;1040;Ylue Q
8;1040;Specificity
8;1040;Relative Risk
8;1040;Odds Ratio
8;1040;Gini Index
8;1040;Collective Strength
6;604;Two-way Support Variation
