Rank-1-true;Rank-1-TOT;Measure
11;1298;ORIGINAL-MODEL
3;685;Recall
2;431;Ylue Y
2;431;Ylue Q
2;18;Sebag-Schoenauer
2;18;Example and Counterexample Rate
2;18;Confidence
2;18;Compliance
2;14;Laplace Correction
2;5;Odd Multiplier
2;5;Conviction
1;431;Odds Ratio
1;14;Support
1;14;Prevalence
1;14;Least Contradiction
1;14;Jaccard
1;14;Cosine
1;14;Accuracy
1;2;Lift
0;427;Specificity
0;427;Relative Risk
0;28;Linear Correlation Coefficient
0;6;Lovinger
0;5;Information Gain
0;4;Coverage
0;3;Piatetsky-Shapiro
0;2;Zhang
0;2;Two-way Support Variation
0;2;Two-way Support
0;2;One-way Support
0;2;Leverage
0;2;Klosgen
0;2;J Measure
0;2;Interestingness Weighting Dependency
0;2;Gini Index
0;2;Collective Strength
0;2;Certainty factor
0;2;Added Value
