Rank-5-true;Rank-5-TOT;Measure
11;1298;ORIGINAL-MODEL
3;685;Recall
2;431;Ylue Y
2;431;Ylue Q
2;18;Sebag-Schoenauer
2;18;Example and Counterexample Rate
2;18;Confidence
2;18;Compliance
2;14;Laplace Correction
2;6;Odd Multiplier
2;6;Conviction
1;431;Odds Ratio
1;14;Support
1;14;Prevalence
1;14;Least Contradiction
1;14;Jaccard
1;14;Cosine
1;14;Accuracy
1;10;Information Gain
1;6;Lift
0;427;Specificity
0;427;Relative Risk
0;28;Linear Correlation Coefficient
0;15;Coverage
0;8;Piatetsky-Shapiro
0;8;Added Value
0;7;Two-way Support Variation
0;6;Zhang
0;6;Two-way Support
0;6;One-way Support
0;6;Lovinger
0;6;Leverage
0;6;Klosgen
0;6;J Measure
0;6;Interestingness Weighting Dependency
0;6;Gini Index
0;6;Collective Strength
0;6;Certainty factor
