Rank-1000-true;Rank-1000-TOT;Measure
11;1298;ORIGINAL-MODEL
11;1007;Accuracy
11;1002;Compliance
11;1001;Sebag-Schoenauer
11;1001;Least Contradiction
11;1001;Laplace Correction
11;1001;Example and Counterexample Rate
11;1001;Confidence
10;1001;Support
10;1001;Prevalence
10;1001;Lovinger
10;1001;Jaccard
10;1001;Cosine
9;1222;Odd Multiplier
9;1195;Conviction
8;1001;Ylue Y
8;1001;Ylue Q
8;1001;Relative Risk
8;1001;Leverage
8;1001;Gini Index
8;1001;Collective Strength
7;1004;Lift
7;1002;Specificity
7;1001;Zhang
7;1001;Two-way Support
7;1001;Piatetsky-Shapiro
7;1001;One-way Support
7;1001;Odds Ratio
7;1001;Linear Correlation Coefficient
7;1001;Klosgen
7;1001;Interestingness Weighting Dependency
7;1001;Information Gain
7;1001;Certainty factor
7;1001;Added Value
6;1001;Recall
6;1001;J Measure
6;604;Two-way Support Variation
5;1003;Coverage
