'Constraint';'Template';'Activation';'Target';'Support';'Confidence level';'Interest factor'
'Init(a)';'Init';'a';;1.000;1.000;1.000
'CoExistence(a, b)';'CoExistence';'a';'b';1.000;1.000;1.000
'Succession(a, b)';'Succession';'a';'b';1.000;1.000;1.000
'RespondedExistence(a, b)';'RespondedExistence';'a';'b';1.000;1.000;1.000
'Response(a, b)';'Response';'a';'b';1.000;1.000;1.000
'CoExistence(a, c)';'CoExistence';'a';'c';0.858;0.858;0.858
'RespondedExistence(a, c)';'RespondedExistence';'a';'c';0.858;0.858;0.858
'CoExistence(a, d)';'CoExistence';'a';'d';1.000;1.000;1.000
'Succession(a, d)';'Succession';'a';'d';0.596;0.596;0.596
'RespondedExistence(a, d)';'RespondedExistence';'a';'d';1.000;1.000;1.000
'Response(a, d)';'Response';'a';'d';0.596;0.596;0.596
'CoExistence(a, e)';'CoExistence';'a';'e';0.880;0.880;0.880
'RespondedExistence(a, e)';'RespondedExistence';'a';'e';0.880;0.880;0.880
'CoExistence(a, f)';'CoExistence';'a';'f';0.970;0.970;0.970
'Succession(a, f)';'Succession';'a';'f';0.796;0.796;0.796
'RespondedExistence(a, f)';'RespondedExistence';'a';'f';0.970;0.970;0.970
'Response(a, f)';'Response';'a';'f';0.796;0.796;0.796
'CoExistence(a, g)';'CoExistence';'a';'g';0.868;0.868;0.868
'RespondedExistence(a, g)';'RespondedExistence';'a';'g';0.868;0.868;0.868
'CoExistence(a, h)';'CoExistence';'a';'h';0.634;0.634;0.634
'RespondedExistence(a, h)';'RespondedExistence';'a';'h';0.634;0.634;0.634
'CoExistence(a, i)';'CoExistence';'a';'i';0.892;0.892;0.892
'Succession(a, i)';'Succession';'a';'i';0.524;0.524;0.524
'RespondedExistence(a, i)';'RespondedExistence';'a';'i';0.892;0.892;0.892
'Response(a, i)';'Response';'a';'i';0.524;0.524;0.524
'CoExistence(a, l)';'CoExistence';'a';'l';0.648;0.648;0.648
'RespondedExistence(a, l)';'RespondedExistence';'a';'l';0.648;0.648;0.648
'CoExistence(a, m)';'CoExistence';'a';'m';0.868;0.868;0.868
'RespondedExistence(a, m)';'RespondedExistence';'a';'m';0.868;0.868;0.868
'CoExistence(a, n)';'CoExistence';'a';'n';0.978;0.978;0.978
'Succession(a, n)';'Succession';'a';'n';0.810;0.810;0.810
'RespondedExistence(a, n)';'RespondedExistence';'a';'n';0.978;0.978;0.978
'Response(a, n)';'Response';'a';'n';0.810;0.810;0.810
'CoExistence(a, o)';'CoExistence';'a';'o';0.896;0.896;0.896
'Succession(a, o)';'Succession';'a';'o';0.504;0.504;0.504
'RespondedExistence(a, o)';'RespondedExistence';'a';'o';0.896;0.896;0.896
'Response(a, o)';'Response';'a';'o';0.504;0.504;0.504
'CoExistence(a, p)';'CoExistence';'a';'p';0.984;0.984;0.984
'Succession(a, p)';'Succession';'a';'p';0.670;0.670;0.670
'RespondedExistence(a, p)';'RespondedExistence';'a';'p';0.984;0.984;0.984
'Response(a, p)';'Response';'a';'p';0.670;0.670;0.670
'CoExistence(a, q)';'CoExistence';'a';'q';0.908;0.908;0.908
'Succession(a, q)';'Succession';'a';'q';0.504;0.504;0.504
'RespondedExistence(a, q)';'RespondedExistence';'a';'q';0.908;0.908;0.908
'Response(a, q)';'Response';'a';'q';0.504;0.504;0.504
'NotSuccession(a, r)';'NotSuccession';'a';'r';0.892;0.892;0.892
'NotCoExistence(a, r)';'NotCoExistence';'a';'r';0.892;0.892;0.892
'CoExistence(a, s)';'CoExistence';'a';'s';0.890;0.890;0.890
'RespondedExistence(a, s)';'RespondedExistence';'a';'s';0.890;0.890;0.890
'CoExistence(a, t)';'CoExistence';'a';'t';0.984;0.984;0.984
'Succession(a, t)';'Succession';'a';'t';0.610;0.610;0.610
'RespondedExistence(a, t)';'RespondedExistence';'a';'t';0.984;0.984;0.984
'Response(a, t)';'Response';'a';'t';0.610;0.610;0.610
'CoExistence(a, u)';'CoExistence';'a';'u';0.862;0.862;0.862
'RespondedExistence(a, u)';'RespondedExistence';'a';'u';0.862;0.862;0.862
'CoExistence(a, v)';'CoExistence';'a';'v';0.866;0.866;0.866
'RespondedExistence(a, v)';'RespondedExistence';'a';'v';0.866;0.866;0.866
'CoExistence(a, w)';'CoExistence';'a';'w';0.882;0.882;0.882
'RespondedExistence(a, w)';'RespondedExistence';'a';'w';0.882;0.882;0.882
'CoExistence(a, z)';'CoExistence';'a';'z';0.870;0.870;0.870
'Succession(a, z)';'Succession';'a';'z';0.502;0.502;0.502
'RespondedExistence(a, z)';'RespondedExistence';'a';'z';0.870;0.870;0.870
'Response(a, z)';'Response';'a';'z';0.502;0.502;0.502
'End(b)';'End';'b';;1.000;1.000;1.000
'Precedence(a, b)';'Precedence';'b';'a';1.000;1.000;1.000
'CoExistence(b, a)';'CoExistence';'b';'a';1.000;1.000;1.000
'RespondedExistence(b, a)';'RespondedExistence';'b';'a';1.000;1.000;1.000
'CoExistence(b, c)';'CoExistence';'b';'c';0.858;0.858;0.858
'RespondedExistence(b, c)';'RespondedExistence';'b';'c';0.858;0.858;0.858
'NotSuccession(b, c)';'NotSuccession';'b';'c';0.616;0.616;0.616
'CoExistence(b, d)';'CoExistence';'b';'d';1.000;1.000;1.000
'RespondedExistence(b, d)';'RespondedExistence';'b';'d';1.000;1.000;1.000
'CoExistence(b, e)';'CoExistence';'b';'e';0.880;0.880;0.880
'RespondedExistence(b, e)';'RespondedExistence';'b';'e';0.880;0.880;0.880
'CoExistence(b, f)';'CoExistence';'b';'f';0.970;0.970;0.970
'RespondedExistence(b, f)';'RespondedExistence';'b';'f';0.970;0.970;0.970
'CoExistence(b, g)';'CoExistence';'b';'g';0.868;0.868;0.868
'RespondedExistence(b, g)';'RespondedExistence';'b';'g';0.868;0.868;0.868
'CoExistence(b, h)';'CoExistence';'b';'h';0.634;0.634;0.634
'RespondedExistence(b, h)';'RespondedExistence';'b';'h';0.634;0.634;0.634
'CoExistence(b, i)';'CoExistence';'b';'i';0.892;0.892;0.892
'RespondedExistence(b, i)';'RespondedExistence';'b';'i';0.892;0.892;0.892
'CoExistence(b, l)';'CoExistence';'b';'l';0.648;0.648;0.648
'RespondedExistence(b, l)';'RespondedExistence';'b';'l';0.648;0.648;0.648
'NotSuccession(b, l)';'NotSuccession';'b';'l';0.540;0.540;0.540
'CoExistence(b, m)';'CoExistence';'b';'m';0.868;0.868;0.868
'RespondedExistence(b, m)';'RespondedExistence';'b';'m';0.868;0.868;0.868
'CoExistence(b, n)';'CoExistence';'b';'n';0.978;0.978;0.978
'RespondedExistence(b, n)';'RespondedExistence';'b';'n';0.978;0.978;0.978
'CoExistence(b, o)';'CoExistence';'b';'o';0.896;0.896;0.896
'RespondedExistence(b, o)';'RespondedExistence';'b';'o';0.896;0.896;0.896
'CoExistence(b, p)';'CoExistence';'b';'p';0.984;0.984;0.984
'RespondedExistence(b, p)';'RespondedExistence';'b';'p';0.984;0.984;0.984
'CoExistence(b, q)';'CoExistence';'b';'q';0.908;0.908;0.908
'RespondedExistence(b, q)';'RespondedExistence';'b';'q';0.908;0.908;0.908
'NotSuccession(b, r)';'NotSuccession';'b';'r';0.938;0.938;0.938
'NotCoExistence(b, r)';'NotCoExistence';'b';'r';0.892;0.892;0.892
'CoExistence(b, s)';'CoExistence';'b';'s';0.890;0.890;0.890
'RespondedExistence(b, s)';'RespondedExistence';'b';'s';0.890;0.890;0.890
'CoExistence(b, t)';'CoExistence';'b';'t';0.984;0.984;0.984
'RespondedExistence(b, t)';'RespondedExistence';'b';'t';0.984;0.984;0.984
'CoExistence(b, u)';'CoExistence';'b';'u';0.862;0.862;0.862
'RespondedExistence(b, u)';'RespondedExistence';'b';'u';0.862;0.862;0.862
'CoExistence(b, v)';'CoExistence';'b';'v';0.866;0.866;0.866
'RespondedExistence(b, v)';'RespondedExistence';'b';'v';0.866;0.866;0.866
'CoExistence(b, w)';'CoExistence';'b';'w';0.882;0.882;0.882
'RespondedExistence(b, w)';'RespondedExistence';'b';'w';0.882;0.882;0.882
'CoExistence(b, z)';'CoExistence';'b';'z';0.870;0.870;0.870
'RespondedExistence(b, z)';'RespondedExistence';'b';'z';0.870;0.870;0.870
'Precedence(d, b)';'Precedence';'b';'d';0.504;0.504;0.504
'Precedence(m, b)';'Precedence';'b';'m';0.504;0.504;0.504
'Precedence(o, b)';'Precedence';'b';'o';0.500;0.500;0.500
'Precedence(p, b)';'Precedence';'b';'p';0.678;0.678;0.678
'Precedence(s, b)';'Precedence';'b';'s';0.534;0.534;0.534
'AtMostOne(c)';'AtMostOne';'c';;0.858;1.000;1.000
'Participation(c)';'Participation';'c';;0.858;0.858;0.858
'CoExistence(c, a)';'CoExistence';'c';'a';0.858;0.858;0.858
'Response(c, a)';'Response';'c';'a';0.618;0.720;0.720
'AlternateResponse(c, a)';'AlternateResponse';'c';'a';0.618;0.720;0.720
'CoExistence(c, b)';'CoExistence';'c';'b';0.858;0.858;0.858
'CoExistence(c, d)';'CoExistence';'c';'d';0.858;0.858;0.858
'Response(c, d)';'Response';'c';'d';0.704;0.821;0.821
'AlternateResponse(c, d)';'AlternateResponse';'c';'d';0.704;0.821;0.821
'CoExistence(c, e)';'CoExistence';'c';'e';0.768;0.792;0.792
'RespondedExistence(c, e)';'RespondedExistence';'c';'e';0.768;0.895;0.895
'Response(c, e)';'Response';'c';'e';0.618;0.720;0.720
'AlternateResponse(c, e)';'AlternateResponse';'c';'e';0.618;0.720;0.720
'CoExistence(c, f)';'CoExistence';'c';'f';0.842;0.854;0.854
'RespondedExistence(c, f)';'RespondedExistence';'c';'f';0.842;0.981;0.981
'Response(c, f)';'Response';'c';'f';0.796;0.928;0.928
'AlternateResponse(c, f)';'AlternateResponse';'c';'f';0.796;0.928;0.928
'CoExistence(c, g)';'CoExistence';'c';'g';0.746;0.761;0.761
'RespondedExistence(c, g)';'RespondedExistence';'c';'g';0.746;0.869;0.869
'Response(c, g)';'Response';'c';'g';0.626;0.730;0.730
'AlternateResponse(c, g)';'AlternateResponse';'c';'g';0.626;0.730;0.730
'CoExistence(c, h)';'CoExistence';'c';'h';0.546;0.577;0.577
'RespondedExistence(c, h)';'RespondedExistence';'c';'h';0.546;0.636;0.636
'Response(c, h)';'Response';'c';'h';0.482;0.562;0.562
'AlternateResponse(c, h)';'AlternateResponse';'c';'h';0.482;0.562;0.562
'CoExistence(c, i)';'CoExistence';'c';'i';0.778;0.800;0.800
'RespondedExistence(c, i)';'RespondedExistence';'c';'i';0.778;0.907;0.907
'Response(c, i)';'Response';'c';'i';0.642;0.748;0.748
'AlternateResponse(c, i)';'AlternateResponse';'c';'i';0.642;0.748;0.748
'CoExistence(c, l)';'CoExistence';'c';'l';0.578;0.623;0.623
'RespondedExistence(c, l)';'RespondedExistence';'c';'l';0.578;0.674;0.674
'Response(c, l)';'Response';'c';'l';0.462;0.538;0.538
'AlternateResponse(c, l)';'AlternateResponse';'c';'l';0.462;0.538;0.538
'NotSuccession(c, l)';'NotSuccession';'c';'l';0.466;0.502;0.502
'CoExistence(c, m)';'CoExistence';'c';'m';0.768;0.802;0.802
'RespondedExistence(c, m)';'RespondedExistence';'c';'m';0.768;0.895;0.895
'Response(c, m)';'Response';'c';'m';0.544;0.634;0.634
'AlternateResponse(c, m)';'AlternateResponse';'c';'m';0.544;0.634;0.634
'CoExistence(c, n)';'CoExistence';'c';'n';0.844;0.851;0.851
'RespondedExistence(c, n)';'RespondedExistence';'c';'n';0.844;0.984;0.984
'Response(c, n)';'Response';'c';'n';0.788;0.918;0.918
'AlternateResponse(c, n)';'AlternateResponse';'c';'n';0.788;0.918;0.918
'CoExistence(c, o)';'CoExistence';'c';'o';0.782;0.805;0.805
'RespondedExistence(c, o)';'RespondedExistence';'c';'o';0.782;0.911;0.911
'Response(c, o)';'Response';'c';'o';0.660;0.769;0.769
'AlternateResponse(c, o)';'AlternateResponse';'c';'o';0.660;0.769;0.769
'CoExistence(c, p)';'CoExistence';'c';'p';0.848;0.853;0.853
'RespondedExistence(c, p)';'RespondedExistence';'c';'p';0.848;0.988;0.988
'Response(c, p)';'Response';'c';'p';0.768;0.895;0.895
'AlternateResponse(c, p)';'AlternateResponse';'c';'p';0.768;0.895;0.895
'CoExistence(c, q)';'CoExistence';'c';'q';0.786;0.802;0.802
'RespondedExistence(c, q)';'RespondedExistence';'c';'q';0.786;0.916;0.916
'Response(c, q)';'Response';'c';'q';0.642;0.748;0.748
'AlternateResponse(c, q)';'AlternateResponse';'c';'q';0.642;0.748;0.748
'NotSuccession(c, r)';'NotSuccession';'c';'r';0.804;0.928;0.928
'NotCoExistence(c, r)';'NotCoExistence';'c';'r';0.766;0.885;0.885
'CoExistence(c, s)';'CoExistence';'c';'s';0.784;0.813;0.813
'RespondedExistence(c, s)';'RespondedExistence';'c';'s';0.784;0.914;0.914
'Response(c, s)';'Response';'c';'s';0.630;0.734;0.734
'AlternateResponse(c, s)';'AlternateResponse';'c';'s';0.630;0.734;0.734
'CoExistence(c, t)';'CoExistence';'c';'t';0.850;0.857;0.857
'RespondedExistence(c, t)';'RespondedExistence';'c';'t';0.850;0.991;0.991
'Response(c, t)';'Response';'c';'t';0.712;0.830;0.830
'AlternateResponse(c, t)';'AlternateResponse';'c';'t';0.712;0.830;0.830
'CoExistence(c, u)';'CoExistence';'c';'u';0.748;0.770;0.770
'RespondedExistence(c, u)';'RespondedExistence';'c';'u';0.748;0.872;0.872
'Response(c, u)';'Response';'c';'u';0.612;0.713;0.713
'AlternateResponse(c, u)';'AlternateResponse';'c';'u';0.612;0.713;0.713
'CoExistence(c, v)';'CoExistence';'c';'v';0.752;0.774;0.774
'RespondedExistence(c, v)';'RespondedExistence';'c';'v';0.752;0.876;0.876
'Response(c, v)';'Response';'c';'v';0.630;0.734;0.734
'AlternateResponse(c, v)';'AlternateResponse';'c';'v';0.630;0.734;0.734
'CoExistence(c, w)';'CoExistence';'c';'w';0.750;0.758;0.758
'RespondedExistence(c, w)';'RespondedExistence';'c';'w';0.750;0.874;0.874
'Response(c, w)';'Response';'c';'w';0.622;0.725;0.725
'AlternateResponse(c, w)';'AlternateResponse';'c';'w';0.622;0.725;0.725
'CoExistence(c, z)';'CoExistence';'c';'z';0.752;0.770;0.770
'RespondedExistence(c, z)';'RespondedExistence';'c';'z';0.752;0.876;0.876
'Response(c, z)';'Response';'c';'z';0.618;0.720;0.720
'AlternateResponse(c, z)';'AlternateResponse';'c';'z';0.618;0.720;0.720
'Precedence(p, c)';'Precedence';'c';'p';0.506;0.590;0.590
'AlternatePrecedence(p, c)';'AlternatePrecedence';'c';'p';0.506;0.590;0.590
'Participation(d)';'Participation';'d';;1.000;1.000;1.000
'Precedence(a, d)';'Precedence';'d';'a';1.000;1.000;1.000
'AlternatePrecedence(a, d)';'AlternatePrecedence';'d';'a';0.502;0.502;0.502
'CoExistence(d, a)';'CoExistence';'d';'a';1.000;1.000;1.000
'RespondedExistence(d, a)';'RespondedExistence';'d';'a';1.000;1.000;1.000
'CoExistence(d, b)';'CoExistence';'d';'b';1.000;1.000;1.000
'Succession(d, b)';'Succession';'d';'b';0.504;0.504;0.504
'RespondedExistence(d, b)';'RespondedExistence';'d';'b';1.000;1.000;1.000
'Response(d, b)';'Response';'d';'b';1.000;1.000;1.000
'CoExistence(d, c)';'CoExistence';'d';'c';0.858;0.858;0.858
'RespondedExistence(d, c)';'RespondedExistence';'d';'c';0.858;0.858;0.858
'NotSuccession(d, c)';'NotSuccession';'d';'c';0.592;0.592;0.592
'CoExistence(d, e)';'CoExistence';'d';'e';0.880;0.880;0.880
'RespondedExistence(d, e)';'RespondedExistence';'d';'e';0.880;0.880;0.880
'CoExistence(d, f)';'CoExistence';'d';'f';0.970;0.970;0.970
'RespondedExistence(d, f)';'RespondedExistence';'d';'f';0.970;0.970;0.970
'Response(d, f)';'Response';'d';'f';0.732;0.732;0.732
'CoExistence(d, g)';'CoExistence';'d';'g';0.868;0.868;0.868
'RespondedExistence(d, g)';'RespondedExistence';'d';'g';0.868;0.868;0.868
'CoExistence(d, h)';'CoExistence';'d';'h';0.634;0.634;0.634
'RespondedExistence(d, h)';'RespondedExistence';'d';'h';0.634;0.634;0.634
'NotSuccession(d, h)';'NotSuccession';'d';'h';0.512;0.512;0.512
'CoExistence(d, i)';'CoExistence';'d';'i';0.892;0.892;0.892
'RespondedExistence(d, i)';'RespondedExistence';'d';'i';0.892;0.892;0.892
'CoExistence(d, l)';'CoExistence';'d';'l';0.648;0.648;0.648
'RespondedExistence(d, l)';'RespondedExistence';'d';'l';0.648;0.648;0.648
'NotSuccession(d, l)';'NotSuccession';'d';'l';0.548;0.548;0.548
'CoExistence(d, m)';'CoExistence';'d';'m';0.868;0.868;0.868
'RespondedExistence(d, m)';'RespondedExistence';'d';'m';0.868;0.868;0.868
'CoExistence(d, n)';'CoExistence';'d';'n';0.978;0.978;0.978
'RespondedExistence(d, n)';'RespondedExistence';'d';'n';0.978;0.978;0.978
'Response(d, n)';'Response';'d';'n';0.732;0.732;0.732
'CoExistence(d, o)';'CoExistence';'d';'o';0.896;0.896;0.896
'RespondedExistence(d, o)';'RespondedExistence';'d';'o';0.896;0.896;0.896
'CoExistence(d, p)';'CoExistence';'d';'p';0.984;0.984;0.984
'RespondedExistence(d, p)';'RespondedExistence';'d';'p';0.984;0.984;0.984
'Response(d, p)';'Response';'d';'p';0.568;0.568;0.568
'CoExistence(d, q)';'CoExistence';'d';'q';0.908;0.908;0.908
'RespondedExistence(d, q)';'RespondedExistence';'d';'q';0.908;0.908;0.908
'NotSuccession(d, r)';'NotSuccession';'d';'r';0.932;0.932;0.932
'NotCoExistence(d, r)';'NotCoExistence';'d';'r';0.892;0.892;0.892
'CoExistence(d, s)';'CoExistence';'d';'s';0.890;0.890;0.890
'RespondedExistence(d, s)';'RespondedExistence';'d';'s';0.890;0.890;0.890
'CoExistence(d, t)';'CoExistence';'d';'t';0.984;0.984;0.984
'RespondedExistence(d, t)';'RespondedExistence';'d';'t';0.984;0.984;0.984
'CoExistence(d, u)';'CoExistence';'d';'u';0.862;0.862;0.862
'RespondedExistence(d, u)';'RespondedExistence';'d';'u';0.862;0.862;0.862
'CoExistence(d, v)';'CoExistence';'d';'v';0.866;0.866;0.866
'RespondedExistence(d, v)';'RespondedExistence';'d';'v';0.866;0.866;0.866
'CoExistence(d, w)';'CoExistence';'d';'w';0.882;0.882;0.882
'RespondedExistence(d, w)';'RespondedExistence';'d';'w';0.882;0.882;0.882
'CoExistence(d, z)';'CoExistence';'d';'z';0.870;0.870;0.870
'RespondedExistence(d, z)';'RespondedExistence';'d';'z';0.870;0.870;0.870
'Precedence(i, d)';'Precedence';'d';'i';0.504;0.504;0.504
'Precedence(m, d)';'Precedence';'d';'m';0.500;0.500;0.500
'Precedence(p, d)';'Precedence';'d';'p';0.654;0.654;0.654
'Precedence(q, d)';'Precedence';'d';'q';0.502;0.502;0.502
'Precedence(s, d)';'Precedence';'d';'s';0.512;0.512;0.512
'Participation(e)';'Participation';'e';;0.880;0.880;0.880
'CoExistence(e, a)';'CoExistence';'e';'a';0.880;0.880;0.880
'CoExistence(e, b)';'CoExistence';'e';'b';0.880;0.880;0.880
'CoExistence(e, c)';'CoExistence';'e';'c';0.768;0.792;0.792
'RespondedExistence(e, c)';'RespondedExistence';'e';'c';0.768;0.873;0.873
'NotSuccession(e, c)';'NotSuccession';'e';'c';0.606;0.625;0.625
'CoExistence(e, d)';'CoExistence';'e';'d';0.880;0.880;0.880
'Response(e, d)';'Response';'e';'d';0.486;0.552;0.552
'CoExistence(e, f)';'CoExistence';'e';'f';0.880;0.907;0.907
'Succession(e, f)';'Succession';'e';'f';0.514;0.530;0.530
'Response(e, f)';'Response';'e';'f';0.880;1.000;1.000
'CoExistence(e, g)';'CoExistence';'e';'g';0.780;0.806;0.806
'RespondedExistence(e, g)';'RespondedExistence';'e';'g';0.780;0.886;0.886
'CoExistence(e, h)';'CoExistence';'e';'h';0.576;0.614;0.614
'RespondedExistence(e, h)';'RespondedExistence';'e';'h';0.576;0.655;0.655
'CoExistence(e, i)';'CoExistence';'e';'i';0.794;0.812;0.812
'RespondedExistence(e, i)';'RespondedExistence';'e';'i';0.794;0.902;0.902
'CoExistence(e, l)';'CoExistence';'e';'l';0.580;0.612;0.612
'RespondedExistence(e, l)';'RespondedExistence';'e';'l';0.580;0.659;0.659
'NotSuccession(e, l)';'NotSuccession';'e';'l';0.492;0.519;0.519
'CoExistence(e, m)';'CoExistence';'e';'m';0.788;0.821;0.821
'RespondedExistence(e, m)';'RespondedExistence';'e';'m';0.788;0.895;0.895
'CoExistence(e, n)';'CoExistence';'e';'n';0.874;0.888;0.888
'RespondedExistence(e, n)';'RespondedExistence';'e';'n';0.874;0.993;0.993
'Response(e, n)';'Response';'e';'n';0.724;0.823;0.823
'CoExistence(e, o)';'CoExistence';'e';'o';0.798;0.816;0.816
'RespondedExistence(e, o)';'RespondedExistence';'e';'o';0.798;0.907;0.907
'CoExistence(e, p)';'CoExistence';'e';'p';0.874;0.883;0.883
'RespondedExistence(e, p)';'RespondedExistence';'e';'p';0.874;0.993;0.993
'Response(e, p)';'Response';'e';'p';0.576;0.655;0.655
'CoExistence(e, q)';'CoExistence';'e';'q';0.810;0.828;0.828
'RespondedExistence(e, q)';'RespondedExistence';'e';'q';0.810;0.920;0.920
'NotSuccession(e, r)';'NotSuccession';'e';'r';0.816;0.917;0.917
'NotCoExistence(e, r)';'NotCoExistence';'e';'r';0.792;0.890;0.890
'CoExistence(e, s)';'CoExistence';'e';'s';0.798;0.821;0.821
'RespondedExistence(e, s)';'RespondedExistence';'e';'s';0.798;0.907;0.907
'CoExistence(e, t)';'CoExistence';'e';'t';0.874;0.883;0.883
'RespondedExistence(e, t)';'RespondedExistence';'e';'t';0.874;0.993;0.993
'Response(e, t)';'Response';'e';'t';0.494;0.561;0.561
'CoExistence(e, u)';'CoExistence';'e';'u';0.770;0.792;0.792
'RespondedExistence(e, u)';'RespondedExistence';'e';'u';0.770;0.875;0.875
'CoExistence(e, v)';'CoExistence';'e';'v';0.778;0.804;0.804
'RespondedExistence(e, v)';'RespondedExistence';'e';'v';0.778;0.884;0.884
'CoExistence(e, w)';'CoExistence';'e';'w';0.790;0.813;0.813
'RespondedExistence(e, w)';'RespondedExistence';'e';'w';0.790;0.898;0.898
'CoExistence(e, z)';'CoExistence';'e';'z';0.776;0.797;0.797
'RespondedExistence(e, z)';'RespondedExistence';'e';'z';0.776;0.882;0.882
'Precedence(p, e)';'Precedence';'e';'p';0.564;0.641;0.641
'Participation(f)';'Participation';'f';;0.970;0.970;0.970
'Precedence(b, f)';'Precedence';'f';'b';0.502;0.518;0.518
'Precedence(c, f)';'Precedence';'f';'c';0.490;0.505;0.505
'Precedence(d, f)';'Precedence';'f';'d';0.506;0.522;0.522
'Precedence(e, f)';'Precedence';'f';'e';0.514;0.530;0.530
'CoExistence(f, a)';'CoExistence';'f';'a';0.970;0.970;0.970
'CoExistence(f, b)';'CoExistence';'f';'b';0.970;0.970;0.970
'CoExistence(f, c)';'CoExistence';'f';'c';0.842;0.854;0.854
'RespondedExistence(f, c)';'RespondedExistence';'f';'c';0.842;0.868;0.868
'NotSuccession(f, c)';'NotSuccession';'f';'c';0.634;0.643;0.643
'CoExistence(f, d)';'CoExistence';'f';'d';0.970;0.970;0.970
'CoExistence(f, e)';'CoExistence';'f';'e';0.880;0.907;0.907
'RespondedExistence(f, e)';'RespondedExistence';'f';'e';0.880;0.907;0.907
'CoExistence(f, g)';'CoExistence';'f';'g';0.846;0.853;0.853
'RespondedExistence(f, g)';'RespondedExistence';'f';'g';0.846;0.872;0.872
'CoExistence(f, h)';'CoExistence';'f';'h';0.622;0.633;0.633
'RespondedExistence(f, h)';'RespondedExistence';'f';'h';0.622;0.641;0.641
'NotSuccession(f, h)';'NotSuccession';'f';'h';0.504;0.513;0.513
'CoExistence(f, i)';'CoExistence';'f';'i';0.876;0.888;0.888
'RespondedExistence(f, i)';'RespondedExistence';'f';'i';0.876;0.903;0.903
'CoExistence(f, l)';'CoExistence';'f';'l';0.640;0.654;0.654
'RespondedExistence(f, l)';'RespondedExistence';'f';'l';0.640;0.660;0.660
'NotSuccession(f, l)';'NotSuccession';'f';'l';0.526;0.538;0.538
'CoExistence(f, m)';'CoExistence';'f';'m';0.854;0.868;0.868
'RespondedExistence(f, m)';'RespondedExistence';'f';'m';0.854;0.880;0.880
'CoExistence(f, n)';'CoExistence';'f';'n';0.952;0.956;0.956
'RespondedExistence(f, n)';'RespondedExistence';'f';'n';0.952;0.981;0.981
'CoExistence(f, o)';'CoExistence';'f';'o';0.880;0.892;0.892
'RespondedExistence(f, o)';'RespondedExistence';'f';'o';0.880;0.907;0.907
'CoExistence(f, p)';'CoExistence';'f';'p';0.964;0.974;0.974
'RespondedExistence(f, p)';'RespondedExistence';'f';'p';0.964;0.994;0.994
'CoExistence(f, q)';'CoExistence';'f';'q';0.884;0.889;0.889
'RespondedExistence(f, q)';'RespondedExistence';'f';'q';0.884;0.911;0.911
'NotSuccession(f, r)';'NotSuccession';'f';'r';0.906;0.930;0.930
'NotCoExistence(f, r)';'NotCoExistence';'f';'r';0.870;0.893;0.893
'CoExistence(f, s)';'CoExistence';'f';'s';0.874;0.886;0.886
'RespondedExistence(f, s)';'RespondedExistence';'f';'s';0.874;0.901;0.901
'CoExistence(f, t)';'CoExistence';'f';'t';0.962;0.970;0.970
'RespondedExistence(f, t)';'RespondedExistence';'f';'t';0.962;0.992;0.992
'CoExistence(f, u)';'CoExistence';'f';'u';0.848;0.862;0.862
'RespondedExistence(f, u)';'RespondedExistence';'f';'u';0.848;0.874;0.874
'CoExistence(f, v)';'CoExistence';'f';'v';0.846;0.855;0.855
'RespondedExistence(f, v)';'RespondedExistence';'f';'v';0.846;0.872;0.872
'CoExistence(f, w)';'CoExistence';'f';'w';0.864;0.874;0.874
'RespondedExistence(f, w)';'RespondedExistence';'f';'w';0.864;0.891;0.891
'CoExistence(f, z)';'CoExistence';'f';'z';0.852;0.862;0.862
'RespondedExistence(f, z)';'RespondedExistence';'f';'z';0.852;0.878;0.878
'Precedence(i, f)';'Precedence';'f';'i';0.498;0.513;0.513
'Precedence(p, f)';'Precedence';'f';'p';0.654;0.674;0.674
'Precedence(q, f)';'Precedence';'f';'q';0.498;0.513;0.513
'Precedence(s, f)';'Precedence';'f';'s';0.536;0.553;0.553
'Precedence(v, f)';'Precedence';'f';'v';0.494;0.509;0.509
'Precedence(w, f)';'Precedence';'f';'w';0.500;0.515;0.515
'Participation(g)';'Participation';'g';;0.868;0.868;0.868
'CoExistence(g, a)';'CoExistence';'g';'a';0.868;0.868;0.868
'CoExistence(g, b)';'CoExistence';'g';'b';0.868;0.868;0.868
'CoExistence(g, c)';'CoExistence';'g';'c';0.746;0.761;0.761
'RespondedExistence(g, c)';'RespondedExistence';'g';'c';0.746;0.859;0.859
'NotSuccession(g, c)';'NotSuccession';'g';'c';0.632;0.645;0.645
'CoExistence(g, d)';'CoExistence';'g';'d';0.868;0.868;0.868
'Response(g, d)';'Response';'g';'d';0.478;0.551;0.551
'CoExistence(g, e)';'CoExistence';'g';'e';0.780;0.806;0.806
'RespondedExistence(g, e)';'RespondedExistence';'g';'e';0.780;0.899;0.899
'CoExistence(g, f)';'CoExistence';'g';'f';0.846;0.853;0.853
'RespondedExistence(g, f)';'RespondedExistence';'g';'f';0.846;0.975;0.975
'Response(g, f)';'Response';'g';'f';0.694;0.800;0.800
'CoExistence(g, h)';'CoExistence';'g';'h';0.634;0.730;0.730
'RespondedExistence(g, h)';'RespondedExistence';'g';'h';0.634;0.730;0.730
'CoExistence(g, i)';'CoExistence';'g';'i';0.774;0.785;0.785
'RespondedExistence(g, i)';'RespondedExistence';'g';'i';0.774;0.892;0.892
'CoExistence(g, l)';'CoExistence';'g';'l';0.568;0.599;0.599
'RespondedExistence(g, l)';'RespondedExistence';'g';'l';0.568;0.654;0.654
'NotSuccession(g, l)';'NotSuccession';'g';'l';0.498;0.525;0.525
'CoExistence(g, m)';'CoExistence';'g';'m';0.764;0.786;0.786
'RespondedExistence(g, m)';'RespondedExistence';'g';'m';0.764;0.880;0.880
'CoExistence(g, n)';'CoExistence';'g';'n';0.856;0.865;0.865
'RespondedExistence(g, n)';'RespondedExistence';'g';'n';0.856;0.986;0.986
'Response(g, n)';'Response';'g';'n';0.662;0.763;0.763
'CoExistence(g, o)';'CoExistence';'g';'o';0.788;0.807;0.807
'RespondedExistence(g, o)';'RespondedExistence';'g';'o';0.788;0.908;0.908
'CoExistence(g, p)';'CoExistence';'g';'p';0.858;0.863;0.863
'RespondedExistence(g, p)';'RespondedExistence';'g';'p';0.858;0.988;0.988
'Response(g, p)';'Response';'g';'p';0.554;0.638;0.638
'CoExistence(g, q)';'CoExistence';'g';'q';0.794;0.809;0.809
'RespondedExistence(g, q)';'RespondedExistence';'g';'q';0.794;0.915;0.915
'NotSuccession(g, r)';'NotSuccession';'g';'r';0.832;0.939;0.939
'NotCoExistence(g, r)';'NotCoExistence';'g';'r';0.796;0.898;0.898
'CoExistence(g, s)';'CoExistence';'g';'s';0.780;0.798;0.798
'RespondedExistence(g, s)';'RespondedExistence';'g';'s';0.780;0.899;0.899
'CoExistence(g, t)';'CoExistence';'g';'t';0.856;0.859;0.859
'RespondedExistence(g, t)';'RespondedExistence';'g';'t';0.856;0.986;0.986
'Response(g, t)';'Response';'g';'t';0.478;0.551;0.551
'CoExistence(g, u)';'CoExistence';'g';'u';0.760;0.784;0.784
'RespondedExistence(g, u)';'RespondedExistence';'g';'u';0.760;0.876;0.876
'CoExistence(g, v)';'CoExistence';'g';'v';0.754;0.769;0.769
'RespondedExistence(g, v)';'RespondedExistence';'g';'v';0.754;0.869;0.869
'CoExistence(g, w)';'CoExistence';'g';'w';0.770;0.786;0.786
'RespondedExistence(g, w)';'RespondedExistence';'g';'w';0.770;0.887;0.887
'CoExistence(g, z)';'CoExistence';'g';'z';0.766;0.788;0.788
'RespondedExistence(g, z)';'RespondedExistence';'g';'z';0.766;0.882;0.882
'Precedence(p, g)';'Precedence';'g';'p';0.536;0.618;0.618
'Participation(h)';'Participation';'h';;0.634;0.634;0.634
'AlternatePrecedence(a, h)';'AlternatePrecedence';'h';'a';0.362;0.571;0.571
'Precedence(b, h)';'Precedence';'h';'b';0.434;0.685;0.685
'Precedence(c, h)';'Precedence';'h';'c';0.412;0.650;0.650
'Precedence(d, h)';'Precedence';'h';'d';0.410;0.647;0.647
'Precedence(e, h)';'Precedence';'h';'e';0.412;0.650;0.650
'Precedence(f, h)';'Precedence';'h';'f';0.380;0.599;0.599
'Precedence(g, h)';'Precedence';'h';'g';0.634;1.000;1.000
'AlternatePrecedence(g, h)';'AlternatePrecedence';'h';'g';0.358;0.565;0.565
'CoExistence(h, a)';'CoExistence';'h';'a';0.634;0.634;0.634
'NotSuccession(h, a)';'NotSuccession';'h';'a';0.630;0.630;0.630
'CoExistence(h, b)';'CoExistence';'h';'b';0.634;0.634;0.634
'AlternateResponse(h, b)';'AlternateResponse';'h';'b';0.352;0.555;0.555
'CoExistence(h, c)';'CoExistence';'h';'c';0.546;0.577;0.577
'RespondedExistence(h, c)';'RespondedExistence';'h';'c';0.546;0.861;0.861
'NotSuccession(h, c)';'NotSuccession';'h';'c';0.812;0.858;0.858
'CoExistence(h, d)';'CoExistence';'h';'d';0.634;0.634;0.634
'NotSuccession(h, d)';'NotSuccession';'h';'d';0.584;0.584;0.584
'CoExistence(h, e)';'CoExistence';'h';'e';0.576;0.614;0.614
'RespondedExistence(h, e)';'RespondedExistence';'h';'e';0.576;0.909;0.909
'NotSuccession(h, e)';'NotSuccession';'h';'e';0.550;0.586;0.586
'CoExistence(h, f)';'CoExistence';'h';'f';0.622;0.633;0.633
'RespondedExistence(h, f)';'RespondedExistence';'h';'f';0.622;0.981;0.981
'Response(h, f)';'Response';'h';'f';0.486;0.767;0.767
'CoExistence(h, g)';'CoExistence';'h';'g';0.634;0.730;0.730
'NotSuccession(h, g)';'NotSuccession';'h';'g';0.488;0.562;0.562
'CoExistence(h, i)';'CoExistence';'h';'i';0.568;0.593;0.593
'RespondedExistence(h, i)';'RespondedExistence';'h';'i';0.568;0.896;0.896
'NotSuccession(h, i)';'NotSuccession';'h';'i';0.594;0.620;0.620
'RespondedExistence(h, l)';'RespondedExistence';'h';'l';0.426;0.672;0.672
'NotSuccession(h, l)';'NotSuccession';'h';'l';0.606;0.708;0.708
'NotCoExistence(h, l)';'NotCoExistence';'h';'l';0.430;0.502;0.502
'CoExistence(h, m)';'CoExistence';'h';'m';0.566;0.605;0.605
'RespondedExistence(h, m)';'RespondedExistence';'h';'m';0.566;0.893;0.893
'NotSuccession(h, m)';'NotSuccession';'h';'m';0.696;0.744;0.744
'CoExistence(h, n)';'CoExistence';'h';'n';0.628;0.638;0.638
'RespondedExistence(h, n)';'RespondedExistence';'h';'n';0.628;0.991;0.991
'Response(h, n)';'Response';'h';'n';0.486;0.767;0.767
'CoExistence(h, o)';'CoExistence';'h';'o';0.578;0.607;0.607
'RespondedExistence(h, o)';'RespondedExistence';'h';'o';0.578;0.912;0.912
'NotSuccession(h, o)';'NotSuccession';'h';'o';0.562;0.590;0.590
'CoExistence(h, p)';'CoExistence';'h';'p';0.628;0.634;0.634
'RespondedExistence(h, p)';'RespondedExistence';'h';'p';0.628;0.991;0.991
'Response(h, p)';'Response';'h';'p';0.378;0.596;0.596
'NotSuccession(h, p)';'NotSuccession';'h';'p';0.496;0.501;0.501
'CoExistence(h, q)';'CoExistence';'h';'q';0.584;0.610;0.610
'RespondedExistence(h, q)';'RespondedExistence';'h';'q';0.584;0.921;0.921
'NotSuccession(h, q)';'NotSuccession';'h';'q';0.580;0.605;0.605
'NotSuccession(h, r)';'NotSuccession';'h';'r';0.646;0.956;0.956
'NotCoExistence(h, r)';'NotCoExistence';'h';'r';0.610;0.902;0.902
'CoExistence(h, s)';'CoExistence';'h';'s';0.564;0.588;0.588
'RespondedExistence(h, s)';'RespondedExistence';'h';'s';0.564;0.890;0.890
'NotSuccession(h, s)';'NotSuccession';'h';'s';0.588;0.613;0.613
'CoExistence(h, t)';'CoExistence';'h';'t';0.628;0.634;0.634
'RespondedExistence(h, t)';'RespondedExistence';'h';'t';0.628;0.991;0.991
'Response(h, t)';'Response';'h';'t';0.332;0.524;0.524
'NotSuccession(h, t)';'NotSuccession';'h';'t';0.530;0.535;0.535
'CoExistence(h, u)';'CoExistence';'h';'u';0.562;0.602;0.602
'RespondedExistence(h, u)';'RespondedExistence';'h';'u';0.562;0.886;0.886
'NotSuccession(h, u)';'NotSuccession';'h';'u';0.562;0.602;0.602
'CoExistence(h, v)';'CoExistence';'h';'v';0.546;0.572;0.572
'RespondedExistence(h, v)';'RespondedExistence';'h';'v';0.546;0.861;0.861
'NotSuccession(h, v)';'NotSuccession';'h';'v';0.588;0.616;0.616
'CoExistence(h, w)';'CoExistence';'h';'w';0.554;0.576;0.576
'RespondedExistence(h, w)';'RespondedExistence';'h';'w';0.554;0.874;0.874
'NotSuccession(h, w)';'NotSuccession';'h';'w';0.594;0.617;0.617
'CoExistence(h, z)';'CoExistence';'h';'z';0.558;0.590;0.590
'RespondedExistence(h, z)';'RespondedExistence';'h';'z';0.558;0.880;0.880
'NotSuccession(h, z)';'NotSuccession';'h';'z';0.598;0.632;0.632
'Precedence(i, h)';'Precedence';'h';'i';0.404;0.637;0.637
'Precedence(m, h)';'Precedence';'h';'m';0.440;0.694;0.694
'Precedence(n, h)';'Precedence';'h';'n';0.410;0.647;0.647
'Precedence(o, h)';'Precedence';'h';'o';0.390;0.615;0.615
'Precedence(p, h)';'Precedence';'h';'p';0.528;0.833;0.833
'AlternatePrecedence(p, h)';'AlternatePrecedence';'h';'p';0.334;0.527;0.527
'Precedence(q, h)';'Precedence';'h';'q';0.428;0.675;0.675
'Precedence(s, h)';'Precedence';'h';'s';0.414;0.653;0.653
'Precedence(t, h)';'Precedence';'h';'t';0.390;0.615;0.615
'Precedence(u, h)';'Precedence';'h';'u';0.414;0.653;0.653
'Precedence(v, h)';'Precedence';'h';'v';0.392;0.618;0.618
'Precedence(w, h)';'Precedence';'h';'w';0.406;0.640;0.640
'Precedence(z, h)';'Precedence';'h';'z';0.400;0.631;0.631
'Participation(i)';'Participation';'i';;0.892;0.892;0.892
'CoExistence(i, a)';'CoExistence';'i';'a';0.892;0.892;0.892
'CoExistence(i, b)';'CoExistence';'i';'b';0.892;0.892;0.892
'CoExistence(i, c)';'CoExistence';'i';'c';0.778;0.800;0.800
'RespondedExistence(i, c)';'RespondedExistence';'i';'c';0.778;0.872;0.872
'NotSuccession(i, c)';'NotSuccession';'i';'c';0.580;0.597;0.597
'CoExistence(i, d)';'CoExistence';'i';'d';0.892;0.892;0.892
'Response(i, d)';'Response';'i';'d';0.480;0.538;0.538
'CoExistence(i, e)';'CoExistence';'i';'e';0.794;0.812;0.812
'RespondedExistence(i, e)';'RespondedExistence';'i';'e';0.794;0.890;0.890
'CoExistence(i, f)';'CoExistence';'i';'f';0.876;0.888;0.888
'RespondedExistence(i, f)';'RespondedExistence';'i';'f';0.876;0.982;0.982
'Response(i, f)';'Response';'i';'f';0.688;0.771;0.771
'CoExistence(i, g)';'CoExistence';'i';'g';0.774;0.785;0.785
'RespondedExistence(i, g)';'RespondedExistence';'i';'g';0.774;0.868;0.868
'CoExistence(i, h)';'CoExistence';'i';'h';0.568;0.593;0.593
'RespondedExistence(i, h)';'RespondedExistence';'i';'h';0.568;0.637;0.637
'CoExistence(i, l)';'CoExistence';'i';'l';0.648;0.726;0.726
'RespondedExistence(i, l)';'RespondedExistence';'i';'l';0.648;0.726;0.726
'CoExistence(i, m)';'CoExistence';'i';'m';0.786;0.807;0.807
'RespondedExistence(i, m)';'RespondedExistence';'i';'m';0.786;0.881;0.881
'CoExistence(i, n)';'CoExistence';'i';'n';0.876;0.881;0.881
'RespondedExistence(i, n)';'RespondedExistence';'i';'n';0.876;0.982;0.982
'Response(i, n)';'Response';'i';'n';0.698;0.783;0.783
'CoExistence(i, o)';'CoExistence';'i';'o';0.798;0.806;0.806
'RespondedExistence(i, o)';'RespondedExistence';'i';'o';0.798;0.895;0.895
'CoExistence(i, p)';'CoExistence';'i';'p';0.878;0.880;0.880
'RespondedExistence(i, p)';'RespondedExistence';'i';'p';0.878;0.984;0.984
'Response(i, p)';'Response';'i';'p';0.548;0.614;0.614
'CoExistence(i, q)';'CoExistence';'i';'q';0.820;0.837;0.837
'RespondedExistence(i, q)';'RespondedExistence';'i';'q';0.820;0.919;0.919
'NotSuccession(i, r)';'NotSuccession';'i';'r';0.828;0.926;0.926
'NotCoExistence(i, r)';'NotCoExistence';'i';'r';0.788;0.881;0.881
'CoExistence(i, s)';'CoExistence';'i';'s';0.802;0.818;0.818
'RespondedExistence(i, s)';'RespondedExistence';'i';'s';0.802;0.899;0.899
'CoExistence(i, t)';'CoExistence';'i';'t';0.882;0.887;0.887
'RespondedExistence(i, t)';'RespondedExistence';'i';'t';0.882;0.989;0.989
'Response(i, t)';'Response';'i';'t';0.504;0.565;0.565
'CoExistence(i, u)';'CoExistence';'i';'u';0.776;0.793;0.793
'RespondedExistence(i, u)';'RespondedExistence';'i';'u';0.776;0.870;0.870
'CoExistence(i, v)';'CoExistence';'i';'v';0.780;0.798;0.798
'RespondedExistence(i, v)';'RespondedExistence';'i';'v';0.780;0.874;0.874
'CoExistence(i, w)';'CoExistence';'i';'w';0.784;0.792;0.792
'RespondedExistence(i, w)';'RespondedExistence';'i';'w';0.784;0.879;0.879
'CoExistence(i, z)';'CoExistence';'i';'z';0.786;0.805;0.805
'RespondedExistence(i, z)';'RespondedExistence';'i';'z';0.786;0.881;0.881
'Precedence(p, i)';'Precedence';'i';'p';0.542;0.608;0.608
'AtMostOne(l)';'AtMostOne';'l';;0.458;0.707;0.707
'Participation(l)';'Participation';'l';;0.648;0.648;0.648
'AlternatePrecedence(a, l)';'AlternatePrecedence';'l';'a';0.576;0.889;0.889
'Precedence(b, l)';'Precedence';'l';'b';0.408;0.630;0.630
'AlternatePrecedence(b, l)';'AlternatePrecedence';'l';'b';0.348;0.537;0.537
'Precedence(c, l)';'Precedence';'l';'c';0.402;0.620;0.620
'Precedence(d, l)';'Precedence';'l';'d';0.392;0.605;0.605
'AlternatePrecedence(d, l)';'AlternatePrecedence';'l';'d';0.332;0.512;0.512
'Precedence(e, l)';'Precedence';'l';'e';0.406;0.627;0.627
'AlternatePrecedence(e, l)';'AlternatePrecedence';'l';'e';0.350;0.540;0.540
'Precedence(f, l)';'Precedence';'l';'f';0.402;0.620;0.620
'AlternatePrecedence(f, l)';'AlternatePrecedence';'l';'f';0.348;0.537;0.537
'Precedence(g, l)';'Precedence';'l';'g';0.400;0.617;0.617
'AlternatePrecedence(g, l)';'AlternatePrecedence';'l';'g';0.352;0.543;0.543
'AlternatePrecedence(i, l)';'AlternatePrecedence';'l';'i';0.648;1.000;1.000
'CoExistence(l, a)';'CoExistence';'l';'a';0.648;0.648;0.648
'NotSuccession(l, a)';'NotSuccession';'l';'a';0.598;0.598;0.598
'CoExistence(l, b)';'CoExistence';'l';'b';0.648;0.648;0.648
'AlternateResponse(l, b)';'AlternateResponse';'l';'b';0.552;0.852;0.852
'CoExistence(l, c)';'CoExistence';'l';'c';0.578;0.623;0.623
'RespondedExistence(l, c)';'RespondedExistence';'l';'c';0.578;0.892;0.892
'NotSuccession(l, c)';'NotSuccession';'l';'c';0.752;0.810;0.810
'CoExistence(l, d)';'CoExistence';'l';'d';0.648;0.648;0.648
'Response(l, d)';'Response';'l';'d';0.410;0.633;0.633
'AlternateResponse(l, d)';'AlternateResponse';'l';'d';0.342;0.528;0.528
'NotSuccession(l, d)';'NotSuccession';'l';'d';0.524;0.524;0.524
'CoExistence(l, e)';'CoExistence';'l';'e';0.580;0.612;0.612
'RespondedExistence(l, e)';'RespondedExistence';'l';'e';0.580;0.895;0.895
'NotSuccession(l, e)';'NotSuccession';'l';'e';0.560;0.591;0.591
'CoExistence(l, f)';'CoExistence';'l';'f';0.640;0.654;0.654
'RespondedExistence(l, f)';'RespondedExistence';'l';'f';0.640;0.988;0.988
'Response(l, f)';'Response';'l';'f';0.552;0.852;0.852
'AlternateResponse(l, f)';'AlternateResponse';'l';'f';0.450;0.694;0.694
'CoExistence(l, g)';'CoExistence';'l';'g';0.568;0.599;0.599
'RespondedExistence(l, g)';'RespondedExistence';'l';'g';0.568;0.877;0.877
'NotSuccession(l, g)';'NotSuccession';'l';'g';0.568;0.599;0.599
'RespondedExistence(l, h)';'RespondedExistence';'l';'h';0.426;0.657;0.657
'NotSuccession(l, h)';'NotSuccession';'l';'h';0.544;0.636;0.636
'NotCoExistence(l, h)';'NotCoExistence';'l';'h';0.430;0.502;0.502
'CoExistence(l, i)';'CoExistence';'l';'i';0.648;0.726;0.726
'NotSuccession(l, i)';'NotSuccession';'l';'i';0.486;0.545;0.545
'CoExistence(l, m)';'CoExistence';'l';'m';0.580;0.620;0.620
'RespondedExistence(l, m)';'RespondedExistence';'l';'m';0.580;0.895;0.895
'NotSuccession(l, m)';'NotSuccession';'l';'m';0.638;0.682;0.682
'CoExistence(l, n)';'CoExistence';'l';'n';0.642;0.652;0.652
'RespondedExistence(l, n)';'RespondedExistence';'l';'n';0.642;0.991;0.991
'Response(l, n)';'Response';'l';'n';0.536;0.827;0.827
'AlternateResponse(l, n)';'AlternateResponse';'l';'n';0.452;0.698;0.698
'CoExistence(l, o)';'CoExistence';'l';'o';0.586;0.612;0.612
'RespondedExistence(l, o)';'RespondedExistence';'l';'o';0.586;0.904;0.904
'Response(l, o)';'Response';'l';'o';0.338;0.522;0.522
'NotSuccession(l, o)';'NotSuccession';'l';'o';0.540;0.564;0.564
'CoExistence(l, p)';'CoExistence';'l';'p';0.640;0.645;0.645
'RespondedExistence(l, p)';'RespondedExistence';'l';'p';0.640;0.988;0.988
'Response(l, p)';'Response';'l';'p';0.476;0.735;0.735
'AlternateResponse(l, p)';'AlternateResponse';'l';'p';0.460;0.710;0.710
'CoExistence(l, q)';'CoExistence';'l';'q';0.596;0.621;0.621
'RespondedExistence(l, q)';'RespondedExistence';'l';'q';0.596;0.920;0.920
'Response(l, q)';'Response';'l';'q';0.348;0.537;0.537
'NotSuccession(l, q)';'NotSuccession';'l';'q';0.548;0.571;0.571
'NotSuccession(l, r)';'NotSuccession';'l';'r';0.654;0.951;0.951
'NotCoExistence(l, r)';'NotCoExistence';'l';'r';0.620;0.901;0.901
'CoExistence(l, s)';'CoExistence';'l';'s';0.592;0.626;0.626
'RespondedExistence(l, s)';'RespondedExistence';'l';'s';0.592;0.914;0.914
'NotSuccession(l, s)';'NotSuccession';'l';'s';0.556;0.588;0.588
'CoExistence(l, t)';'CoExistence';'l';'t';0.644;0.652;0.652
'RespondedExistence(l, t)';'RespondedExistence';'l';'t';0.644;0.994;0.994
'Response(l, t)';'Response';'l';'t';0.412;0.636;0.636
'AlternateResponse(l, t)';'AlternateResponse';'l';'t';0.352;0.543;0.543
'NotSuccession(l, t)';'NotSuccession';'l';'t';0.518;0.524;0.524
'CoExistence(l, u)';'CoExistence';'l';'u';0.584;0.631;0.631
'RespondedExistence(l, u)';'RespondedExistence';'l';'u';0.584;0.901;0.901
'Response(l, u)';'Response';'l';'u';0.340;0.525;0.525
'NotSuccession(l, u)';'NotSuccession';'l';'u';0.522;0.564;0.564
'CoExistence(l, v)';'CoExistence';'l';'v';0.568;0.600;0.600
'RespondedExistence(l, v)';'RespondedExistence';'l';'v';0.568;0.877;0.877
'NotSuccession(l, v)';'NotSuccession';'l';'v';0.556;0.588;0.588
'CoExistence(l, w)';'CoExistence';'l';'w';0.564;0.584;0.584
'RespondedExistence(l, w)';'RespondedExistence';'l';'w';0.564;0.870;0.870
'NotSuccession(l, w)';'NotSuccession';'l';'w';0.572;0.592;0.592
'CoExistence(l, z)';'CoExistence';'l';'z';0.568;0.598;0.598
'RespondedExistence(l, z)';'RespondedExistence';'l';'z';0.568;0.877;0.877
'NotSuccession(l, z)';'NotSuccession';'l';'z';0.564;0.594;0.594
'Precedence(m, l)';'Precedence';'l';'m';0.434;0.670;0.670
'AlternatePrecedence(m, l)';'AlternatePrecedence';'l';'m';0.352;0.543;0.543
'Precedence(n, l)';'Precedence';'l';'n';0.404;0.623;0.623
'AlternatePrecedence(n, l)';'AlternatePrecedence';'l';'n';0.346;0.534;0.534
'Precedence(o, l)';'Precedence';'l';'o';0.388;0.599;0.599
'AlternatePrecedence(o, l)';'AlternatePrecedence';'l';'o';0.348;0.537;0.537
'Precedence(p, l)';'Precedence';'l';'p';0.512;0.790;0.790
'AlternatePrecedence(p, l)';'AlternatePrecedence';'l';'p';0.484;0.747;0.747
'Precedence(q, l)';'Precedence';'l';'q';0.414;0.639;0.639
'AlternatePrecedence(q, l)';'AlternatePrecedence';'l';'q';0.346;0.534;0.534
'Precedence(s, l)';'Precedence';'l';'s';0.432;0.667;0.667
'AlternatePrecedence(s, l)';'AlternatePrecedence';'l';'s';0.386;0.596;0.596
'Precedence(t, l)';'Precedence';'l';'t';0.404;0.623;0.623
'AlternatePrecedence(t, l)';'AlternatePrecedence';'l';'t';0.348;0.537;0.537
'Precedence(u, l)';'Precedence';'l';'u';0.416;0.642;0.642
'AlternatePrecedence(u, l)';'AlternatePrecedence';'l';'u';0.356;0.549;0.549
'Precedence(v, l)';'Precedence';'l';'v';0.404;0.623;0.623
'AlternatePrecedence(v, l)';'AlternatePrecedence';'l';'v';0.358;0.552;0.552
'Precedence(w, l)';'Precedence';'l';'w';0.396;0.611;0.611
'AlternatePrecedence(w, l)';'AlternatePrecedence';'l';'w';0.326;0.503;0.503
'Precedence(z, l)';'Precedence';'l';'z';0.364;0.562;0.562
'AtMostOne(m)';'AtMostOne';'m';;0.492;0.567;0.567
'Participation(m)';'Participation';'m';;0.868;0.868;0.868
'AlternatePrecedence(a, m)';'AlternatePrecedence';'m';'a';0.680;0.783;0.783
'CoExistence(m, a)';'CoExistence';'m';'a';0.868;0.868;0.868
'Response(m, a)';'Response';'m';'a';0.522;0.601;0.601
'CoExistence(m, b)';'CoExistence';'m';'b';0.868;0.868;0.868
'Succession(m, b)';'Succession';'m';'b';0.504;0.504;0.504
'AlternateResponse(m, b)';'AlternateResponse';'m';'b';0.692;0.797;0.797
'CoExistence(m, c)';'CoExistence';'m';'c';0.768;0.802;0.802
'RespondedExistence(m, c)';'RespondedExistence';'m';'c';0.768;0.885;0.885
'NotSuccession(m, c)';'NotSuccession';'m';'c';0.578;0.603;0.603
'CoExistence(m, d)';'CoExistence';'m';'d';0.868;0.868;0.868
'Response(m, d)';'Response';'m';'d';0.606;0.698;0.698
'AlternateResponse(m, d)';'AlternateResponse';'m';'d';0.494;0.569;0.569
'CoExistence(m, e)';'CoExistence';'m';'e';0.788;0.821;0.821
'RespondedExistence(m, e)';'RespondedExistence';'m';'e';0.788;0.908;0.908
'Response(m, e)';'Response';'m';'e';0.522;0.601;0.601
'AlternateResponse(m, e)';'AlternateResponse';'m';'e';0.436;0.502;0.502
'CoExistence(m, f)';'CoExistence';'m';'f';0.854;0.868;0.868
'RespondedExistence(m, f)';'RespondedExistence';'m';'f';0.854;0.984;0.984
'Response(m, f)';'Response';'m';'f';0.746;0.859;0.859
'AlternateResponse(m, f)';'AlternateResponse';'m';'f';0.582;0.671;0.671
'CoExistence(m, g)';'CoExistence';'m';'g';0.764;0.786;0.786
'RespondedExistence(m, g)';'RespondedExistence';'m';'g';0.764;0.880;0.880
'Response(m, g)';'Response';'m';'g';0.518;0.597;0.597
'AlternateResponse(m, g)';'AlternateResponse';'m';'g';0.436;0.502;0.502
'CoExistence(m, h)';'CoExistence';'m';'h';0.566;0.605;0.605
'RespondedExistence(m, h)';'RespondedExistence';'m';'h';0.566;0.652;0.652
'Response(m, h)';'Response';'m';'h';0.436;0.502;0.502
'CoExistence(m, i)';'CoExistence';'m';'i';0.786;0.807;0.807
'RespondedExistence(m, i)';'RespondedExistence';'m';'i';0.786;0.906;0.906
'Response(m, i)';'Response';'m';'i';0.542;0.624;0.624
'AlternateResponse(m, i)';'AlternateResponse';'m';'i';0.446;0.514;0.514
'CoExistence(m, l)';'CoExistence';'m';'l';0.580;0.620;0.620
'RespondedExistence(m, l)';'RespondedExistence';'m';'l';0.580;0.668;0.668
'CoExistence(m, n)';'CoExistence';'m';'n';0.868;0.888;0.888
'Succession(m, n)';'Succession';'m';'n';0.492;0.503;0.503
'AlternateResponse(m, n)';'AlternateResponse';'m';'n';0.868;1.000;1.000
'CoExistence(m, o)';'CoExistence';'m';'o';0.788;0.807;0.807
'RespondedExistence(m, o)';'RespondedExistence';'m';'o';0.788;0.908;0.908
'Response(m, o)';'Response';'m';'o';0.550;0.634;0.634
'AlternateResponse(m, o)';'AlternateResponse';'m';'o';0.442;0.509;0.509
'CoExistence(m, p)';'CoExistence';'m';'p';0.862;0.871;0.871
'RespondedExistence(m, p)';'RespondedExistence';'m';'p';0.862;0.993;0.993
'Response(m, p)';'Response';'m';'p';0.684;0.788;0.788
'AlternateResponse(m, p)';'AlternateResponse';'m';'p';0.602;0.694;0.694
'CoExistence(m, q)';'CoExistence';'m';'q';0.796;0.812;0.812
'RespondedExistence(m, q)';'RespondedExistence';'m';'q';0.796;0.917;0.917
'Response(m, q)';'Response';'m';'q';0.514;0.592;0.592
'NotSuccession(m, r)';'NotSuccession';'m';'r';0.826;0.930;0.930
'NotCoExistence(m, r)';'NotCoExistence';'m';'r';0.800;0.901;0.901
'CoExistence(m, s)';'CoExistence';'m';'s';0.786;0.809;0.809
'RespondedExistence(m, s)';'RespondedExistence';'m';'s';0.786;0.906;0.906
'Response(m, s)';'Response';'m';'s';0.498;0.574;0.574
'CoExistence(m, t)';'CoExistence';'m';'t';0.862;0.871;0.871
'RespondedExistence(m, t)';'RespondedExistence';'m';'t';0.862;0.993;0.993
'Response(m, t)';'Response';'m';'t';0.592;0.682;0.682
'AlternateResponse(m, t)';'AlternateResponse';'m';'t';0.460;0.530;0.530
'CoExistence(m, u)';'CoExistence';'m';'u';0.762;0.787;0.787
'RespondedExistence(m, u)';'RespondedExistence';'m';'u';0.762;0.878;0.878
'Response(m, u)';'Response';'m';'u';0.494;0.569;0.569
'CoExistence(m, v)';'CoExistence';'m';'v';0.764;0.788;0.788
'RespondedExistence(m, v)';'RespondedExistence';'m';'v';0.764;0.880;0.880
'Response(m, v)';'Response';'m';'v';0.494;0.569;0.569
'CoExistence(m, w)';'CoExistence';'m';'w';0.774;0.793;0.793
'RespondedExistence(m, w)';'RespondedExistence';'m';'w';0.774;0.892;0.892
'Response(m, w)';'Response';'m';'w';0.502;0.578;0.578
'CoExistence(m, z)';'CoExistence';'m';'z';0.780;0.814;0.814
'RespondedExistence(m, z)';'RespondedExistence';'m';'z';0.780;0.899;0.899
'Response(m, z)';'Response';'m';'z';0.530;0.611;0.611
'AlternateResponse(m, z)';'AlternateResponse';'m';'z';0.436;0.502;0.502
'Precedence(p, m)';'Precedence';'m';'p';0.534;0.615;0.615
'AlternatePrecedence(p, m)';'AlternatePrecedence';'m';'p';0.480;0.553;0.553
'Participation(n)';'Participation';'n';;0.978;0.978;0.978
'Precedence(b, n)';'Precedence';'n';'b';0.500;0.511;0.511
'Precedence(d, n)';'Precedence';'n';'d';0.496;0.507;0.507
'Precedence(i, n)';'Precedence';'n';'i';0.494;0.505;0.505
'Precedence(m, n)';'Precedence';'n';'m';0.492;0.503;0.503
'CoExistence(n, a)';'CoExistence';'n';'a';0.978;0.978;0.978
'CoExistence(n, b)';'CoExistence';'n';'b';0.978;0.978;0.978
'CoExistence(n, c)';'CoExistence';'n';'c';0.844;0.851;0.851
'RespondedExistence(n, c)';'RespondedExistence';'n';'c';0.844;0.863;0.863
'NotSuccession(n, c)';'NotSuccession';'n';'c';0.612;0.617;0.617
'CoExistence(n, d)';'CoExistence';'n';'d';0.978;0.978;0.978
'CoExistence(n, e)';'CoExistence';'n';'e';0.874;0.888;0.888
'RespondedExistence(n, e)';'RespondedExistence';'n';'e';0.874;0.894;0.894
'CoExistence(n, f)';'CoExistence';'n';'f';0.952;0.956;0.956
'RespondedExistence(n, f)';'RespondedExistence';'n';'f';0.952;0.973;0.973
'CoExistence(n, g)';'CoExistence';'n';'g';0.856;0.865;0.865
'RespondedExistence(n, g)';'RespondedExistence';'n';'g';0.856;0.875;0.875
'CoExistence(n, h)';'CoExistence';'n';'h';0.628;0.638;0.638
'RespondedExistence(n, h)';'RespondedExistence';'n';'h';0.628;0.642;0.642
'NotSuccession(n, h)';'NotSuccession';'n';'h';0.502;0.510;0.510
'CoExistence(n, i)';'CoExistence';'n';'i';0.876;0.881;0.881
'RespondedExistence(n, i)';'RespondedExistence';'n';'i';0.876;0.896;0.896
'CoExistence(n, l)';'CoExistence';'n';'l';0.642;0.652;0.652
'RespondedExistence(n, l)';'RespondedExistence';'n';'l';0.642;0.656;0.656
'NotSuccession(n, l)';'NotSuccession';'n';'l';0.522;0.530;0.530
'CoExistence(n, m)';'CoExistence';'n';'m';0.868;0.888;0.888
'RespondedExistence(n, m)';'RespondedExistence';'n';'m';0.868;0.888;0.888
'CoExistence(n, o)';'CoExistence';'n';'o';0.880;0.885;0.885
'RespondedExistence(n, o)';'RespondedExistence';'n';'o';0.880;0.900;0.900
'CoExistence(n, p)';'CoExistence';'n';'p';0.966;0.970;0.970
'RespondedExistence(n, p)';'RespondedExistence';'n';'p';0.966;0.988;0.988
'CoExistence(n, q)';'CoExistence';'n';'q';0.894;0.901;0.901
'RespondedExistence(n, q)';'RespondedExistence';'n';'q';0.894;0.914;0.914
'NotSuccession(n, r)';'NotSuccession';'n';'r';0.912;0.933;0.933
'NotCoExistence(n, r)';'NotCoExistence';'n';'r';0.870;0.890;0.890
'CoExistence(n, s)';'CoExistence';'n';'s';0.878;0.887;0.887
'RespondedExistence(n, s)';'RespondedExistence';'n';'s';0.878;0.898;0.898
'CoExistence(n, t)';'CoExistence';'n';'t';0.968;0.974;0.974
'RespondedExistence(n, t)';'RespondedExistence';'n';'t';0.968;0.990;0.990
'CoExistence(n, u)';'CoExistence';'n';'u';0.850;0.859;0.859
'RespondedExistence(n, u)';'RespondedExistence';'n';'u';0.850;0.869;0.869
'CoExistence(n, v)';'CoExistence';'n';'v';0.854;0.863;0.863
'RespondedExistence(n, v)';'RespondedExistence';'n';'v';0.854;0.873;0.873
'CoExistence(n, w)';'CoExistence';'n';'w';0.868;0.875;0.875
'RespondedExistence(n, w)';'RespondedExistence';'n';'w';0.868;0.888;0.888
'CoExistence(n, z)';'CoExistence';'n';'z';0.856;0.863;0.863
'RespondedExistence(n, z)';'RespondedExistence';'n';'z';0.856;0.875;0.875
'Precedence(p, n)';'Precedence';'n';'p';0.650;0.665;0.665
'Precedence(q, n)';'Precedence';'n';'q';0.490;0.501;0.501
'Precedence(s, n)';'Precedence';'n';'s';0.530;0.542;0.542
'Precedence(w, n)';'Precedence';'n';'w';0.492;0.503;0.503
'Participation(o)';'Participation';'o';;0.896;0.896;0.896
'Precedence(m, o)';'Precedence';'o';'m';0.452;0.504;0.504
'CoExistence(o, a)';'CoExistence';'o';'a';0.896;0.896;0.896
'CoExistence(o, b)';'CoExistence';'o';'b';0.896;0.896;0.896
'Succession(o, b)';'Succession';'o';'b';0.500;0.500;0.500
'CoExistence(o, c)';'CoExistence';'o';'c';0.782;0.805;0.805
'RespondedExistence(o, c)';'RespondedExistence';'o';'c';0.782;0.873;0.873
'NotSuccession(o, c)';'NotSuccession';'o';'c';0.620;0.638;0.638
'CoExistence(o, d)';'CoExistence';'o';'d';0.896;0.896;0.896
'Response(o, d)';'Response';'o';'d';0.478;0.533;0.533
'CoExistence(o, e)';'CoExistence';'o';'e';0.798;0.816;0.816
'RespondedExistence(o, e)';'RespondedExistence';'o';'e';0.798;0.891;0.891
'CoExistence(o, f)';'CoExistence';'o';'f';0.880;0.892;0.892
'RespondedExistence(o, f)';'RespondedExistence';'o';'f';0.880;0.982;0.982
'Response(o, f)';'Response';'o';'f';0.694;0.775;0.775
'CoExistence(o, g)';'CoExistence';'o';'g';0.788;0.807;0.807
'RespondedExistence(o, g)';'RespondedExistence';'o';'g';0.788;0.879;0.879
'CoExistence(o, h)';'CoExistence';'o';'h';0.578;0.607;0.607
'RespondedExistence(o, h)';'RespondedExistence';'o';'h';0.578;0.645;0.645
'CoExistence(o, i)';'CoExistence';'o';'i';0.798;0.806;0.806
'RespondedExistence(o, i)';'RespondedExistence';'o';'i';0.798;0.891;0.891
'CoExistence(o, l)';'CoExistence';'o';'l';0.586;0.612;0.612
'RespondedExistence(o, l)';'RespondedExistence';'o';'l';0.586;0.654;0.654
'NotSuccession(o, l)';'NotSuccession';'o';'l';0.500;0.522;0.522
'CoExistence(o, m)';'CoExistence';'o';'m';0.788;0.807;0.807
'RespondedExistence(o, m)';'RespondedExistence';'o';'m';0.788;0.879;0.879
'CoExistence(o, n)';'CoExistence';'o';'n';0.880;0.885;0.885
'RespondedExistence(o, n)';'RespondedExistence';'o';'n';0.880;0.982;0.982
'Response(o, n)';'Response';'o';'n';0.672;0.750;0.750
'CoExistence(o, p)';'CoExistence';'o';'p';0.896;0.911;0.911
'ChainResponse(o, p)';'ChainResponse';'o';'p';0.896;1.000;1.000
'CoExistence(o, q)';'CoExistence';'o';'q';0.814;0.822;0.822
'RespondedExistence(o, q)';'RespondedExistence';'o';'q';0.814;0.908;0.908
'NotSuccession(o, r)';'NotSuccession';'o';'r';0.854;0.938;0.938
'NotCoExistence(o, r)';'NotCoExistence';'o';'r';0.816;0.897;0.897
'CoExistence(o, s)';'CoExistence';'o';'s';0.806;0.822;0.822
'RespondedExistence(o, s)';'RespondedExistence';'o';'s';0.806;0.900;0.900
'CoExistence(o, t)';'CoExistence';'o';'t';0.888;0.895;0.895
'RespondedExistence(o, t)';'RespondedExistence';'o';'t';0.888;0.991;0.991
'Response(o, t)';'Response';'o';'t';0.476;0.531;0.531
'CoExistence(o, u)';'CoExistence';'o';'u';0.774;0.787;0.787
'RespondedExistence(o, u)';'RespondedExistence';'o';'u';0.774;0.864;0.864
'CoExistence(o, v)';'CoExistence';'o';'v';0.782;0.798;0.798
'RespondedExistence(o, v)';'RespondedExistence';'o';'v';0.782;0.873;0.873
'CoExistence(o, w)';'CoExistence';'o';'w';0.800;0.818;0.818
'RespondedExistence(o, w)';'RespondedExistence';'o';'w';0.800;0.893;0.893
'CoExistence(o, z)';'CoExistence';'o';'z';0.792;0.813;0.813
'RespondedExistence(o, z)';'RespondedExistence';'o';'z';0.792;0.884;0.884
'Precedence(s, o)';'Precedence';'o';'s';0.450;0.502;0.502
'Participation(p)';'Participation';'p';;0.984;0.984;0.984
'CoExistence(p, a)';'CoExistence';'p';'a';0.984;0.984;0.984
'CoExistence(p, b)';'CoExistence';'p';'b';0.984;0.984;0.984
'Succession(p, b)';'Succession';'p';'b';0.678;0.678;0.678
'CoExistence(p, c)';'CoExistence';'p';'c';0.848;0.853;0.853
'RespondedExistence(p, c)';'RespondedExistence';'p';'c';0.848;0.862;0.862
'CoExistence(p, d)';'CoExistence';'p';'d';0.984;0.984;0.984
'CoExistence(p, e)';'CoExistence';'p';'e';0.874;0.883;0.883
'RespondedExistence(p, e)';'RespondedExistence';'p';'e';0.874;0.888;0.888
'CoExistence(p, f)';'CoExistence';'p';'f';0.964;0.974;0.974
'RespondedExistence(p, f)';'RespondedExistence';'p';'f';0.964;0.980;0.980
'Response(p, f)';'Response';'p';'f';0.700;0.711;0.711
'CoExistence(p, g)';'CoExistence';'p';'g';0.858;0.863;0.863
'RespondedExistence(p, g)';'RespondedExistence';'p';'g';0.858;0.872;0.872
'CoExistence(p, h)';'CoExistence';'p';'h';0.628;0.634;0.634
'RespondedExistence(p, h)';'RespondedExistence';'p';'h';0.628;0.638;0.638
'CoExistence(p, i)';'CoExistence';'p';'i';0.878;0.880;0.880
'RespondedExistence(p, i)';'RespondedExistence';'p';'i';0.878;0.892;0.892
'CoExistence(p, l)';'CoExistence';'p';'l';0.640;0.645;0.645
'RespondedExistence(p, l)';'RespondedExistence';'p';'l';0.640;0.650;0.650
'CoExistence(p, m)';'CoExistence';'p';'m';0.862;0.871;0.871
'RespondedExistence(p, m)';'RespondedExistence';'p';'m';0.862;0.876;0.876
'CoExistence(p, n)';'CoExistence';'p';'n';0.966;0.970;0.970
'RespondedExistence(p, n)';'RespondedExistence';'p';'n';0.966;0.982;0.982
'Response(p, n)';'Response';'p';'n';0.676;0.687;0.687
'CoExistence(p, o)';'CoExistence';'p';'o';0.896;0.911;0.911
'RespondedExistence(p, o)';'RespondedExistence';'p';'o';0.896;0.911;0.911
'CoExistence(p, q)';'CoExistence';'p';'q';0.892;0.892;0.892
'RespondedExistence(p, q)';'RespondedExistence';'p';'q';0.892;0.907;0.907
'NotSuccession(p, r)';'NotSuccession';'p';'r';0.910;0.919;0.919
'NotCoExistence(p, r)';'NotCoExistence';'p';'r';0.888;0.897;0.897
'CoExistence(p, s)';'CoExistence';'p';'s';0.882;0.889;0.889
'RespondedExistence(p, s)';'RespondedExistence';'p';'s';0.882;0.896;0.896
'CoExistence(p, t)';'CoExistence';'p';'t';0.974;0.980;0.980
'RespondedExistence(p, t)';'RespondedExistence';'p';'t';0.974;0.990;0.990
'CoExistence(p, u)';'CoExistence';'p';'u';0.854;0.861;0.861
'RespondedExistence(p, u)';'RespondedExistence';'p';'u';0.854;0.868;0.868
'CoExistence(p, v)';'CoExistence';'p';'v';0.854;0.857;0.857
'RespondedExistence(p, v)';'RespondedExistence';'p';'v';0.854;0.868;0.868
'CoExistence(p, w)';'CoExistence';'p';'w';0.872;0.877;0.877
'RespondedExistence(p, w)';'RespondedExistence';'p';'w';0.872;0.886;0.886
'CoExistence(p, z)';'CoExistence';'p';'z';0.860;0.865;0.865
'RespondedExistence(p, z)';'RespondedExistence';'p';'z';0.860;0.874;0.874
'Participation(q)';'Participation';'q';;0.908;0.908;0.908
'Precedence(p, q)';'Precedence';'q';'p';0.562;0.619;0.619
'CoExistence(q, a)';'CoExistence';'q';'a';0.908;0.908;0.908
'CoExistence(q, b)';'CoExistence';'q';'b';0.908;0.908;0.908
'CoExistence(q, c)';'CoExistence';'q';'c';0.786;0.802;0.802
'RespondedExistence(q, c)';'RespondedExistence';'q';'c';0.786;0.866;0.866
'NotSuccession(q, c)';'NotSuccession';'q';'c';0.588;0.600;0.600
'CoExistence(q, d)';'CoExistence';'q';'d';0.908;0.908;0.908
'Response(q, d)';'Response';'q';'d';0.494;0.544;0.544
'CoExistence(q, e)';'CoExistence';'q';'e';0.810;0.828;0.828
'RespondedExistence(q, e)';'RespondedExistence';'q';'e';0.810;0.892;0.892
'CoExistence(q, f)';'CoExistence';'q';'f';0.884;0.889;0.889
'RespondedExistence(q, f)';'RespondedExistence';'q';'f';0.884;0.974;0.974
'Response(q, f)';'Response';'q';'f';0.686;0.756;0.756
'CoExistence(q, g)';'CoExistence';'q';'g';0.794;0.809;0.809
'RespondedExistence(q, g)';'RespondedExistence';'q';'g';0.794;0.874;0.874
'CoExistence(q, h)';'CoExistence';'q';'h';0.584;0.610;0.610
'RespondedExistence(q, h)';'RespondedExistence';'q';'h';0.584;0.643;0.643
'CoExistence(q, i)';'CoExistence';'q';'i';0.820;0.837;0.837
'RespondedExistence(q, i)';'RespondedExistence';'q';'i';0.820;0.903;0.903
'CoExistence(q, l)';'CoExistence';'q';'l';0.596;0.621;0.621
'RespondedExistence(q, l)';'RespondedExistence';'q';'l';0.596;0.656;0.656
'NotSuccession(q, l)';'NotSuccession';'q';'l';0.508;0.529;0.529
'CoExistence(q, m)';'CoExistence';'q';'m';0.796;0.812;0.812
'RespondedExistence(q, m)';'RespondedExistence';'q';'m';0.796;0.877;0.877
'CoExistence(q, n)';'CoExistence';'q';'n';0.894;0.901;0.901
'RespondedExistence(q, n)';'RespondedExistence';'q';'n';0.894;0.985;0.985
'Response(q, n)';'Response';'q';'n';0.722;0.795;0.795
'CoExistence(q, o)';'CoExistence';'q';'o';0.814;0.822;0.822
'RespondedExistence(q, o)';'RespondedExistence';'q';'o';0.814;0.896;0.896
'CoExistence(q, p)';'CoExistence';'q';'p';0.892;0.892;0.892
'RespondedExistence(q, p)';'RespondedExistence';'q';'p';0.892;0.982;0.982
'Response(q, p)';'Response';'q';'p';0.574;0.632;0.632
'NotSuccession(q, r)';'NotSuccession';'q';'r';0.800;0.881;0.881
'NotCoExistence(q, r)';'NotCoExistence';'q';'r';0.800;0.881;0.881
'CoExistence(q, s)';'CoExistence';'q';'s';0.822;0.842;0.842
'RespondedExistence(q, s)';'RespondedExistence';'q';'s';0.822;0.905;0.905
'CoExistence(q, t)';'CoExistence';'q';'t';0.894;0.896;0.896
'RespondedExistence(q, t)';'RespondedExistence';'q';'t';0.894;0.985;0.985
'Response(q, t)';'Response';'q';'t';0.496;0.546;0.546
'CoExistence(q, u)';'CoExistence';'q';'u';0.788;0.802;0.802
'RespondedExistence(q, u)';'RespondedExistence';'q';'u';0.788;0.868;0.868
'CoExistence(q, v)';'CoExistence';'q';'v';0.802;0.825;0.825
'RespondedExistence(q, v)';'RespondedExistence';'q';'v';0.802;0.883;0.883
'CoExistence(q, w)';'CoExistence';'q';'w';0.804;0.815;0.815
'RespondedExistence(q, w)';'RespondedExistence';'q';'w';0.804;0.885;0.885
'CoExistence(q, z)';'CoExistence';'q';'z';0.800;0.818;0.818
'RespondedExistence(q, z)';'RespondedExistence';'q';'z';0.800;0.881;0.881
'AtMostOne(r)';'AtMostOne';'r';;0.106;0.981;0.981
'AlternatePrecedence(a, r)';'AlternatePrecedence';'r';'a';0.106;0.981;0.981
'Precedence(b, r)';'Precedence';'r';'b';0.060;0.556;0.556
'AlternatePrecedence(b, r)';'AlternatePrecedence';'r';'b';0.060;0.556;0.556
'Precedence(c, r)';'Precedence';'r';'c';0.062;0.574;0.574
'AlternatePrecedence(c, r)';'AlternatePrecedence';'r';'c';0.062;0.574;0.574
'Precedence(d, r)';'Precedence';'r';'d';0.068;0.630;0.630
'AlternatePrecedence(d, r)';'AlternatePrecedence';'r';'d';0.068;0.630;0.630
'Precedence(e, r)';'Precedence';'r';'e';0.074;0.685;0.685
'AlternatePrecedence(e, r)';'AlternatePrecedence';'r';'e';0.074;0.685;0.685
'Precedence(f, r)';'Precedence';'r';'f';0.068;0.630;0.630
'AlternatePrecedence(f, r)';'AlternatePrecedence';'r';'f';0.066;0.611;0.611
'Precedence(g, r)';'Precedence';'r';'g';0.054;0.500;0.500
'Precedence(i, r)';'Precedence';'r';'i';0.066;0.611;0.611
'AlternatePrecedence(i, r)';'AlternatePrecedence';'r';'i';0.064;0.593;0.593
'Precedence(m, r)';'Precedence';'r';'m';0.062;0.574;0.574
'AlternatePrecedence(m, r)';'AlternatePrecedence';'r';'m';0.062;0.574;0.574
'Precedence(n, r)';'Precedence';'r';'n';0.066;0.611;0.611
'AlternatePrecedence(n, r)';'AlternatePrecedence';'r';'n';0.066;0.611;0.611
'Precedence(o, r)';'Precedence';'r';'o';0.056;0.519;0.519
'AlternatePrecedence(o, r)';'AlternatePrecedence';'r';'o';0.054;0.500;0.500
'Precedence(p, r)';'Precedence';'r';'p';0.080;0.741;0.741
'AlternatePrecedence(p, r)';'AlternatePrecedence';'r';'p';0.078;0.722;0.722
'ChainPrecedence(q, r)';'ChainPrecedence';'r';'q';0.108;1.000;1.000
'NotSuccession(r, a)';'NotSuccession';'r';'a';0.952;0.952;0.952
'NotCoExistence(r, a)';'NotCoExistence';'r';'a';0.892;0.892;0.892
'AlternateResponse(r, b)';'AlternateResponse';'r';'b';0.108;1.000;1.000
'NotSuccession(r, b)';'NotSuccession';'r';'b';0.892;0.892;0.892
'NotCoExistence(r, b)';'NotCoExistence';'r';'b';0.892;0.892;0.892
'RespondedExistence(r, c)';'RespondedExistence';'r';'c';0.100;0.926;0.926
'NotSuccession(r, c)';'NotSuccession';'r';'c';0.828;0.956;0.956
'NotCoExistence(r, c)';'NotCoExistence';'r';'c';0.766;0.885;0.885
'Response(r, d)';'Response';'r';'d';0.074;0.685;0.685
'AlternateResponse(r, d)';'AlternateResponse';'r';'d';0.072;0.667;0.667
'NotSuccession(r, d)';'NotSuccession';'r';'d';0.926;0.926;0.926
'NotCoExistence(r, d)';'NotCoExistence';'r';'d';0.892;0.892;0.892
'RespondedExistence(r, e)';'RespondedExistence';'r';'e';0.098;0.907;0.907
'Response(r, e)';'Response';'r';'e';0.058;0.537;0.537
'AlternateResponse(r, e)';'AlternateResponse';'r';'e';0.058;0.537;0.537
'NotSuccession(r, e)';'NotSuccession';'r';'e';0.832;0.935;0.935
'NotCoExistence(r, e)';'NotCoExistence';'r';'e';0.792;0.890;0.890
'RespondedExistence(r, f)';'RespondedExistence';'r';'f';0.104;0.963;0.963
'Response(r, f)';'Response';'r';'f';0.082;0.759;0.759
'AlternateResponse(r, f)';'AlternateResponse';'r';'f';0.082;0.759;0.759
'NotSuccession(r, f)';'NotSuccession';'r';'f';0.892;0.916;0.916
'NotCoExistence(r, f)';'NotCoExistence';'r';'f';0.870;0.893;0.893
'RespondedExistence(r, g)';'RespondedExistence';'r';'g';0.090;0.833;0.833
'Response(r, g)';'Response';'r';'g';0.062;0.574;0.574
'AlternateResponse(r, g)';'AlternateResponse';'r';'g';0.062;0.574;0.574
'NotSuccession(r, g)';'NotSuccession';'r';'g';0.824;0.930;0.930
'NotCoExistence(r, g)';'NotCoExistence';'r';'g';0.796;0.898;0.898
'RespondedExistence(r, h)';'RespondedExistence';'r';'h';0.066;0.611;0.611
'NotSuccession(r, h)';'NotSuccession';'r';'h';0.626;0.926;0.926
'NotCoExistence(r, h)';'NotCoExistence';'r';'h';0.610;0.902;0.902
'RespondedExistence(r, i)';'RespondedExistence';'r';'i';0.106;0.981;0.981
'Response(r, i)';'Response';'r';'i';0.064;0.593;0.593
'AlternateResponse(r, i)';'AlternateResponse';'r';'i';0.062;0.574;0.574
'NotSuccession(r, i)';'NotSuccession';'r';'i';0.830;0.928;0.928
'NotCoExistence(r, i)';'NotCoExistence';'r';'i';0.788;0.881;0.881
'RespondedExistence(r, l)';'RespondedExistence';'r';'l';0.068;0.630;0.630
'NotSuccession(r, l)';'NotSuccession';'r';'l';0.648;0.942;0.942
'NotCoExistence(r, l)';'NotCoExistence';'r';'l';0.620;0.901;0.901
'RespondedExistence(r, m)';'RespondedExistence';'r';'m';0.088;0.815;0.815
'NotSuccession(r, m)';'NotSuccession';'r';'m';0.844;0.950;0.950
'NotCoExistence(r, m)';'NotCoExistence';'r';'m';0.800;0.901;0.901
'RespondedExistence(r, n)';'RespondedExistence';'r';'n';0.108;1.000;1.000
'Response(r, n)';'Response';'r';'n';0.088;0.815;0.815
'AlternateResponse(r, n)';'AlternateResponse';'r';'n';0.086;0.796;0.796
'NotSuccession(r, n)';'NotSuccession';'r';'n';0.890;0.910;0.910
'NotCoExistence(r, n)';'NotCoExistence';'r';'n';0.870;0.890;0.890
'RespondedExistence(r, o)';'RespondedExistence';'r';'o';0.094;0.870;0.870
'Response(r, o)';'Response';'r';'o';0.062;0.574;0.574
'AlternateResponse(r, o)';'AlternateResponse';'r';'o';0.062;0.574;0.574
'NotSuccession(r, o)';'NotSuccession';'r';'o';0.848;0.932;0.932
'NotCoExistence(r, o)';'NotCoExistence';'r';'o';0.816;0.897;0.897
'RespondedExistence(r, p)';'RespondedExistence';'r';'p';0.102;0.944;0.944
'Response(r, p)';'Response';'r';'p';0.076;0.704;0.704
'AlternateResponse(r, p)';'AlternateResponse';'r';'p';0.074;0.685;0.685
'NotSuccession(r, p)';'NotSuccession';'r';'p';0.914;0.923;0.923
'NotCoExistence(r, p)';'NotCoExistence';'r';'p';0.888;0.897;0.897
'NotSuccession(r, q)';'NotSuccession';'r';'q';0.856;0.943;0.943
'NotCoExistence(r, q)';'NotCoExistence';'r';'q';0.800;0.881;0.881
'RespondedExistence(r, s)';'RespondedExistence';'r';'s';0.100;0.926;0.926
'Response(r, s)';'Response';'r';'s';0.074;0.685;0.685
'AlternateResponse(r, s)';'AlternateResponse';'r';'s';0.072;0.667;0.667
'NotSuccession(r, s)';'NotSuccession';'r';'s';0.824;0.918;0.918
'NotCoExistence(r, s)';'NotCoExistence';'r';'s';0.798;0.889;0.889
'RespondedExistence(r, t)';'RespondedExistence';'r';'t';0.106;0.981;0.981
'Response(r, t)';'Response';'r';'t';0.076;0.704;0.704
'AlternateResponse(r, t)';'AlternateResponse';'r';'t';0.074;0.685;0.685
'NotSuccession(r, t)';'NotSuccession';'r';'t';0.910;0.923;0.923
'NotCoExistence(r, t)';'NotCoExistence';'r';'t';0.880;0.892;0.892
'RespondedExistence(r, u)';'RespondedExistence';'r';'u';0.086;0.796;0.796
'NotSuccession(r, u)';'NotSuccession';'r';'u';0.834;0.943;0.943
'NotCoExistence(r, u)';'NotCoExistence';'r';'u';0.798;0.903;0.903
'RespondedExistence(r, v)';'RespondedExistence';'r';'v';0.098;0.907;0.907
'Response(r, v)';'Response';'r';'v';0.068;0.630;0.630
'AlternateResponse(r, v)';'AlternateResponse';'r';'v';0.068;0.630;0.630
'NotSuccession(r, v)';'NotSuccession';'r';'v';0.808;0.922;0.922
'NotCoExistence(r, v)';'NotCoExistence';'r';'v';0.778;0.888;0.888
'RespondedExistence(r, w)';'RespondedExistence';'r';'w';0.094;0.870;0.870
'Response(r, w)';'Response';'r';'w';0.064;0.593;0.593
'AlternateResponse(r, w)';'AlternateResponse';'r';'w';0.064;0.593;0.593
'NotSuccession(r, w)';'NotSuccession';'r';'w';0.832;0.929;0.929
'NotCoExistence(r, w)';'NotCoExistence';'r';'w';0.802;0.895;0.895
'RespondedExistence(r, z)';'RespondedExistence';'r';'z';0.098;0.907;0.907
'Response(r, z)';'Response';'r';'z';0.068;0.630;0.630
'AlternateResponse(r, z)';'AlternateResponse';'r';'z';0.066;0.611;0.611
'NotSuccession(r, z)';'NotSuccession';'r';'z';0.812;0.923;0.923
'NotCoExistence(r, z)';'NotCoExistence';'r';'z';0.782;0.889;0.889
'Precedence(s, r)';'Precedence';'r';'s';0.064;0.593;0.593
'AlternatePrecedence(s, r)';'AlternatePrecedence';'r';'s';0.064;0.593;0.593
'Precedence(t, r)';'Precedence';'r';'t';0.066;0.611;0.611
'AlternatePrecedence(t, r)';'AlternatePrecedence';'r';'t';0.064;0.593;0.593
'Precedence(u, r)';'Precedence';'r';'u';0.058;0.537;0.537
'AlternatePrecedence(u, r)';'AlternatePrecedence';'r';'u';0.056;0.519;0.519
'Precedence(v, r)';'Precedence';'r';'v';0.066;0.611;0.611
'AlternatePrecedence(v, r)';'AlternatePrecedence';'r';'v';0.064;0.593;0.593
'Precedence(w, r)';'Precedence';'r';'w';0.056;0.519;0.519
'AlternatePrecedence(w, r)';'AlternatePrecedence';'r';'w';0.054;0.500;0.500
'Precedence(z, r)';'Precedence';'r';'z';0.062;0.574;0.574
'AlternatePrecedence(z, r)';'AlternatePrecedence';'r';'z';0.060;0.556;0.556
'Participation(s)';'Participation';'s';;0.890;0.890;0.890
'Precedence(p, s)';'Precedence';'s';'p';0.524;0.589;0.589
'CoExistence(s, a)';'CoExistence';'s';'a';0.890;0.890;0.890
'CoExistence(s, b)';'CoExistence';'s';'b';0.890;0.890;0.890
'Succession(s, b)';'Succession';'s';'b';0.534;0.534;0.534
'CoExistence(s, c)';'CoExistence';'s';'c';0.784;0.813;0.813
'RespondedExistence(s, c)';'RespondedExistence';'s';'c';0.784;0.881;0.881
'NotSuccession(s, c)';'NotSuccession';'s';'c';0.572;0.593;0.593
'CoExistence(s, d)';'CoExistence';'s';'d';0.890;0.890;0.890
'Response(s, d)';'Response';'s';'d';0.496;0.557;0.557
'CoExistence(s, e)';'CoExistence';'s';'e';0.798;0.821;0.821
'RespondedExistence(s, e)';'RespondedExistence';'s';'e';0.798;0.897;0.897
'CoExistence(s, f)';'CoExistence';'s';'f';0.874;0.886;0.886
'RespondedExistence(s, f)';'RespondedExistence';'s';'f';0.874;0.982;0.982
'Response(s, f)';'Response';'s';'f';0.684;0.769;0.769
'CoExistence(s, g)';'CoExistence';'s';'g';0.780;0.798;0.798
'RespondedExistence(s, g)';'RespondedExistence';'s';'g';0.780;0.876;0.876
'CoExistence(s, h)';'CoExistence';'s';'h';0.564;0.588;0.588
'RespondedExistence(s, h)';'RespondedExistence';'s';'h';0.564;0.634;0.634
'CoExistence(s, i)';'CoExistence';'s';'i';0.802;0.818;0.818
'RespondedExistence(s, i)';'RespondedExistence';'s';'i';0.802;0.901;0.901
'Response(s, i)';'Response';'s';'i';0.446;0.501;0.501
'CoExistence(s, l)';'CoExistence';'s';'l';0.592;0.626;0.626
'RespondedExistence(s, l)';'RespondedExistence';'s';'l';0.592;0.665;0.665
'CoExistence(s, m)';'CoExistence';'s';'m';0.786;0.809;0.809
'RespondedExistence(s, m)';'RespondedExistence';'s';'m';0.786;0.883;0.883
'CoExistence(s, n)';'CoExistence';'s';'n';0.878;0.887;0.887
'RespondedExistence(s, n)';'RespondedExistence';'s';'n';0.878;0.987;0.987
'Response(s, n)';'Response';'s';'n';0.716;0.804;0.804
'CoExistence(s, o)';'CoExistence';'s';'o';0.806;0.822;0.822
'RespondedExistence(s, o)';'RespondedExistence';'s';'o';0.806;0.906;0.906
'CoExistence(s, p)';'CoExistence';'s';'p';0.882;0.889;0.889
'RespondedExistence(s, p)';'RespondedExistence';'s';'p';0.882;0.991;0.991
'Response(s, p)';'Response';'s';'p';0.590;0.663;0.663
'CoExistence(s, q)';'CoExistence';'s';'q';0.822;0.842;0.842
'RespondedExistence(s, q)';'RespondedExistence';'s';'q';0.822;0.924;0.924
'NotSuccession(s, r)';'NotSuccession';'s';'r';0.834;0.929;0.929
'NotCoExistence(s, r)';'NotCoExistence';'s';'r';0.798;0.889;0.889
'CoExistence(s, t)';'CoExistence';'s';'t';0.890;0.904;0.904
'RespondedExistence(s, t)';'RespondedExistence';'s';'t';0.890;1.000;1.000
'Response(s, t)';'Response';'s';'t';0.516;0.580;0.580
'CoExistence(s, u)';'CoExistence';'s';'u';0.776;0.795;0.795
'RespondedExistence(s, u)';'RespondedExistence';'s';'u';0.776;0.872;0.872
'CoExistence(s, v)';'CoExistence';'s';'v';0.786;0.810;0.810
'RespondedExistence(s, v)';'RespondedExistence';'s';'v';0.786;0.883;0.883
'CoExistence(s, w)';'CoExistence';'s';'w';0.788;0.801;0.801
'RespondedExistence(s, w)';'RespondedExistence';'s';'w';0.788;0.885;0.885
'CoExistence(s, z)';'CoExistence';'s';'z';0.788;0.811;0.811
'RespondedExistence(s, z)';'RespondedExistence';'s';'z';0.788;0.885;0.885
'Participation(t)';'Participation';'t';;0.984;0.984;0.984
'AlternatePrecedence(a, t)';'AlternatePrecedence';'t';'a';0.502;0.510;0.510
'Precedence(b, t)';'Precedence';'t';'b';0.504;0.512;0.512
'Precedence(i, t)';'Precedence';'t';'i';0.492;0.500;0.500
'Precedence(n, t)';'Precedence';'t';'n';0.506;0.514;0.514
'Precedence(p, t)';'Precedence';'t';'p';0.642;0.652;0.652
'Precedence(q, t)';'Precedence';'t';'q';0.508;0.516;0.516
'Precedence(s, t)';'Precedence';'t';'s';0.498;0.506;0.506
'CoExistence(t, a)';'CoExistence';'t';'a';0.984;0.984;0.984
'CoExistence(t, b)';'CoExistence';'t';'b';0.984;0.984;0.984
'CoExistence(t, c)';'CoExistence';'t';'c';0.850;0.857;0.857
'RespondedExistence(t, c)';'RespondedExistence';'t';'c';0.850;0.864;0.864
'NotSuccession(t, c)';'NotSuccession';'t';'c';0.614;0.619;0.619
'CoExistence(t, d)';'CoExistence';'t';'d';0.984;0.984;0.984
'Response(t, d)';'Response';'t';'d';0.498;0.506;0.506
'CoExistence(t, e)';'CoExistence';'t';'e';0.874;0.883;0.883
'RespondedExistence(t, e)';'RespondedExistence';'t';'e';0.874;0.888;0.888
'CoExistence(t, f)';'CoExistence';'t';'f';0.962;0.970;0.970
'RespondedExistence(t, f)';'RespondedExistence';'t';'f';0.962;0.978;0.978
'Response(t, f)';'Response';'t';'f';0.708;0.720;0.720
'CoExistence(t, g)';'CoExistence';'t';'g';0.856;0.859;0.859
'RespondedExistence(t, g)';'RespondedExistence';'t';'g';0.856;0.870;0.870
'CoExistence(t, h)';'CoExistence';'t';'h';0.628;0.634;0.634
'RespondedExistence(t, h)';'RespondedExistence';'t';'h';0.628;0.638;0.638
'NotSuccession(t, h)';'NotSuccession';'t';'h';0.504;0.509;0.509
'CoExistence(t, i)';'CoExistence';'t';'i';0.882;0.887;0.887
'RespondedExistence(t, i)';'RespondedExistence';'t';'i';0.882;0.896;0.896
'CoExistence(t, l)';'CoExistence';'t';'l';0.644;0.652;0.652
'RespondedExistence(t, l)';'RespondedExistence';'t';'l';0.644;0.654;0.654
'NotSuccession(t, l)';'NotSuccession';'t';'l';0.534;0.540;0.540
'CoExistence(t, m)';'CoExistence';'t';'m';0.862;0.871;0.871
'RespondedExistence(t, m)';'RespondedExistence';'t';'m';0.862;0.876;0.876
'CoExistence(t, n)';'CoExistence';'t';'n';0.968;0.974;0.974
'RespondedExistence(t, n)';'RespondedExistence';'t';'n';0.968;0.984;0.984
'Response(t, n)';'Response';'t';'n';0.692;0.703;0.703
'CoExistence(t, o)';'CoExistence';'t';'o';0.888;0.895;0.895
'RespondedExistence(t, o)';'RespondedExistence';'t';'o';0.888;0.902;0.902
'CoExistence(t, p)';'CoExistence';'t';'p';0.974;0.980;0.980
'RespondedExistence(t, p)';'RespondedExistence';'t';'p';0.974;0.990;0.990
'Response(t, p)';'Response';'t';'p';0.590;0.600;0.600
'CoExistence(t, q)';'CoExistence';'t';'q';0.894;0.896;0.896
'RespondedExistence(t, q)';'RespondedExistence';'t';'q';0.894;0.909;0.909
'NotSuccession(t, r)';'NotSuccession';'t';'r';0.920;0.933;0.933
'NotCoExistence(t, r)';'NotCoExistence';'t';'r';0.880;0.892;0.892
'CoExistence(t, s)';'CoExistence';'t';'s';0.890;0.904;0.904
'RespondedExistence(t, s)';'RespondedExistence';'t';'s';0.890;0.904;0.904
'CoExistence(t, u)';'CoExistence';'t';'u';0.856;0.865;0.865
'RespondedExistence(t, u)';'RespondedExistence';'t';'u';0.856;0.870;0.870
'CoExistence(t, v)';'CoExistence';'t';'v';0.858;0.865;0.865
'RespondedExistence(t, v)';'RespondedExistence';'t';'v';0.858;0.872;0.872
'CoExistence(t, w)';'CoExistence';'t';'w';0.870;0.873;0.873
'RespondedExistence(t, w)';'RespondedExistence';'t';'w';0.870;0.884;0.884
'CoExistence(t, z)';'CoExistence';'t';'z';0.860;0.865;0.865
'RespondedExistence(t, z)';'RespondedExistence';'t';'z';0.860;0.874;0.874
'Participation(u)';'Participation';'u';;0.862;0.862;0.862
'Precedence(p, u)';'Precedence';'u';'p';0.530;0.615;0.615
'CoExistence(u, a)';'CoExistence';'u';'a';0.862;0.862;0.862
'CoExistence(u, b)';'CoExistence';'u';'b';0.862;0.862;0.862
'CoExistence(u, c)';'CoExistence';'u';'c';0.748;0.770;0.770
'RespondedExistence(u, c)';'RespondedExistence';'u';'c';0.748;0.868;0.868
'NotSuccession(u, c)';'NotSuccession';'u';'c';0.652;0.671;0.671
'CoExistence(u, d)';'CoExistence';'u';'d';0.862;0.862;0.862
'Response(u, d)';'Response';'u';'d';0.494;0.573;0.573
'CoExistence(u, e)';'CoExistence';'u';'e';0.770;0.792;0.792
'RespondedExistence(u, e)';'RespondedExistence';'u';'e';0.770;0.893;0.893
'CoExistence(u, f)';'CoExistence';'u';'f';0.848;0.862;0.862
'RespondedExistence(u, f)';'RespondedExistence';'u';'f';0.848;0.984;0.984
'Response(u, f)';'Response';'u';'f';0.688;0.798;0.798
'CoExistence(u, g)';'CoExistence';'u';'g';0.760;0.784;0.784
'RespondedExistence(u, g)';'RespondedExistence';'u';'g';0.760;0.882;0.882
'CoExistence(u, h)';'CoExistence';'u';'h';0.562;0.602;0.602
'RespondedExistence(u, h)';'RespondedExistence';'u';'h';0.562;0.652;0.652
'CoExistence(u, i)';'CoExistence';'u';'i';0.776;0.793;0.793
'RespondedExistence(u, i)';'RespondedExistence';'u';'i';0.776;0.900;0.900
'CoExistence(u, l)';'CoExistence';'u';'l';0.584;0.631;0.631
'RespondedExistence(u, l)';'RespondedExistence';'u';'l';0.584;0.677;0.677
'CoExistence(u, m)';'CoExistence';'u';'m';0.762;0.787;0.787
'RespondedExistence(u, m)';'RespondedExistence';'u';'m';0.762;0.884;0.884
'CoExistence(u, n)';'CoExistence';'u';'n';0.850;0.859;0.859
'RespondedExistence(u, n)';'RespondedExistence';'u';'n';0.850;0.986;0.986
'Response(u, n)';'Response';'u';'n';0.678;0.787;0.787
'CoExistence(u, o)';'CoExistence';'u';'o';0.774;0.787;0.787
'RespondedExistence(u, o)';'RespondedExistence';'u';'o';0.774;0.898;0.898
'CoExistence(u, p)';'CoExistence';'u';'p';0.854;0.861;0.861
'RespondedExistence(u, p)';'RespondedExistence';'u';'p';0.854;0.991;0.991
'Response(u, p)';'Response';'u';'p';0.562;0.652;0.652
'CoExistence(u, q)';'CoExistence';'u';'q';0.788;0.802;0.802
'RespondedExistence(u, q)';'RespondedExistence';'u';'q';0.788;0.914;0.914
'NotSuccession(u, r)';'NotSuccession';'u';'r';0.826;0.934;0.934
'NotCoExistence(u, r)';'NotCoExistence';'u';'r';0.798;0.903;0.903
'CoExistence(u, s)';'CoExistence';'u';'s';0.776;0.795;0.795
'RespondedExistence(u, s)';'RespondedExistence';'u';'s';0.776;0.900;0.900
'CoExistence(u, t)';'CoExistence';'u';'t';0.856;0.865;0.865
'RespondedExistence(u, t)';'RespondedExistence';'u';'t';0.856;0.993;0.993
'Response(u, t)';'Response';'u';'t';0.486;0.564;0.564
'CoExistence(u, v)';'CoExistence';'u';'v';0.760;0.785;0.785
'RespondedExistence(u, v)';'RespondedExistence';'u';'v';0.760;0.882;0.882
'CoExistence(u, w)';'CoExistence';'u';'w';0.766;0.783;0.783
'RespondedExistence(u, w)';'RespondedExistence';'u';'w';0.766;0.889;0.889
'CoExistence(u, z)';'CoExistence';'u';'z';0.748;0.760;0.760
'RespondedExistence(u, z)';'RespondedExistence';'u';'z';0.748;0.868;0.868
'Participation(v)';'Participation';'v';;0.866;0.866;0.866
'Precedence(p, v)';'Precedence';'v';'p';0.526;0.607;0.607
'CoExistence(v, a)';'CoExistence';'v';'a';0.866;0.866;0.866
'CoExistence(v, b)';'CoExistence';'v';'b';0.866;0.866;0.866
'CoExistence(v, c)';'CoExistence';'v';'c';0.752;0.774;0.774
'RespondedExistence(v, c)';'RespondedExistence';'v';'c';0.752;0.868;0.868
'NotSuccession(v, c)';'NotSuccession';'v';'c';0.616;0.634;0.634
'CoExistence(v, d)';'CoExistence';'v';'d';0.866;0.866;0.866
'Response(v, d)';'Response';'v';'d';0.476;0.550;0.550
'CoExistence(v, e)';'CoExistence';'v';'e';0.778;0.804;0.804
'RespondedExistence(v, e)';'RespondedExistence';'v';'e';0.778;0.898;0.898
'CoExistence(v, f)';'CoExistence';'v';'f';0.846;0.855;0.855
'RespondedExistence(v, f)';'RespondedExistence';'v';'f';0.846;0.977;0.977
'Response(v, f)';'Response';'v';'f';0.674;0.778;0.778
'CoExistence(v, g)';'CoExistence';'v';'g';0.754;0.769;0.769
'RespondedExistence(v, g)';'RespondedExistence';'v';'g';0.754;0.871;0.871
'CoExistence(v, h)';'CoExistence';'v';'h';0.546;0.572;0.572
'RespondedExistence(v, h)';'RespondedExistence';'v';'h';0.546;0.630;0.630
'CoExistence(v, i)';'CoExistence';'v';'i';0.780;0.798;0.798
'RespondedExistence(v, i)';'RespondedExistence';'v';'i';0.780;0.901;0.901
'CoExistence(v, l)';'CoExistence';'v';'l';0.568;0.600;0.600
'RespondedExistence(v, l)';'RespondedExistence';'v';'l';0.568;0.656;0.656
'NotSuccession(v, l)';'NotSuccession';'v';'l';0.482;0.510;0.510
'CoExistence(v, m)';'CoExistence';'v';'m';0.764;0.788;0.788
'RespondedExistence(v, m)';'RespondedExistence';'v';'m';0.764;0.882;0.882
'CoExistence(v, n)';'CoExistence';'v';'n';0.854;0.863;0.863
'RespondedExistence(v, n)';'RespondedExistence';'v';'n';0.854;0.986;0.986
'Response(v, n)';'Response';'v';'n';0.682;0.788;0.788
'CoExistence(v, o)';'CoExistence';'v';'o';0.782;0.798;0.798
'RespondedExistence(v, o)';'RespondedExistence';'v';'o';0.782;0.903;0.903
'CoExistence(v, p)';'CoExistence';'v';'p';0.854;0.857;0.857
'RespondedExistence(v, p)';'RespondedExistence';'v';'p';0.854;0.986;0.986
'Response(v, p)';'Response';'v';'p';0.574;0.663;0.663
'CoExistence(v, q)';'CoExistence';'v';'q';0.802;0.825;0.825
'RespondedExistence(v, q)';'RespondedExistence';'v';'q';0.802;0.926;0.926
'NotSuccession(v, r)';'NotSuccession';'v';'r';0.810;0.925;0.925
'NotCoExistence(v, r)';'NotCoExistence';'v';'r';0.778;0.888;0.888
'CoExistence(v, s)';'CoExistence';'v';'s';0.786;0.810;0.810
'RespondedExistence(v, s)';'RespondedExistence';'v';'s';0.786;0.908;0.908
'CoExistence(v, t)';'CoExistence';'v';'t';0.858;0.865;0.865
'RespondedExistence(v, t)';'RespondedExistence';'v';'t';0.858;0.991;0.991
'Response(v, t)';'Response';'v';'t';0.482;0.557;0.557
'CoExistence(v, u)';'CoExistence';'v';'u';0.760;0.785;0.785
'RespondedExistence(v, u)';'RespondedExistence';'v';'u';0.760;0.878;0.878
'CoExistence(v, w)';'CoExistence';'v';'w';0.770;0.787;0.787
'RespondedExistence(v, w)';'RespondedExistence';'v';'w';0.770;0.889;0.889
'CoExistence(v, z)';'CoExistence';'v';'z';0.766;0.790;0.790
'RespondedExistence(v, z)';'RespondedExistence';'v';'z';0.766;0.885;0.885
'Response(v, z)';'Response';'v';'z';0.442;0.510;0.510
'Participation(w)';'Participation';'w';;0.882;0.882;0.882
'Precedence(p, w)';'Precedence';'w';'p';0.560;0.635;0.635
'CoExistence(w, a)';'CoExistence';'w';'a';0.882;0.882;0.882
'CoExistence(w, b)';'CoExistence';'w';'b';0.882;0.882;0.882
'CoExistence(w, c)';'CoExistence';'w';'c';0.750;0.758;0.758
'RespondedExistence(w, c)';'RespondedExistence';'w';'c';0.750;0.850;0.850
'NotSuccession(w, c)';'NotSuccession';'w';'c';0.612;0.618;0.618
'CoExistence(w, d)';'CoExistence';'w';'d';0.882;0.882;0.882
'Response(w, d)';'Response';'w';'d';0.484;0.549;0.549
'CoExistence(w, e)';'CoExistence';'w';'e';0.790;0.813;0.813
'RespondedExistence(w, e)';'RespondedExistence';'w';'e';0.790;0.896;0.896
'CoExistence(w, f)';'CoExistence';'w';'f';0.864;0.874;0.874
'RespondedExistence(w, f)';'RespondedExistence';'w';'f';0.864;0.980;0.980
'Response(w, f)';'Response';'w';'f';0.684;0.776;0.776
'CoExistence(w, g)';'CoExistence';'w';'g';0.770;0.786;0.786
'RespondedExistence(w, g)';'RespondedExistence';'w';'g';0.770;0.873;0.873
'CoExistence(w, h)';'CoExistence';'w';'h';0.554;0.576;0.576
'RespondedExistence(w, h)';'RespondedExistence';'w';'h';0.554;0.628;0.628
'NotSuccession(w, h)';'NotSuccession';'w';'h';0.482;0.501;0.501
'CoExistence(w, i)';'CoExistence';'w';'i';0.784;0.792;0.792
'RespondedExistence(w, i)';'RespondedExistence';'w';'i';0.784;0.889;0.889
'CoExistence(w, l)';'CoExistence';'w';'l';0.564;0.584;0.584
'RespondedExistence(w, l)';'RespondedExistence';'w';'l';0.564;0.639;0.639
'NotSuccession(w, l)';'NotSuccession';'w';'l';0.518;0.536;0.536
'CoExistence(w, m)';'CoExistence';'w';'m';0.774;0.793;0.793
'RespondedExistence(w, m)';'RespondedExistence';'w';'m';0.774;0.878;0.878
'CoExistence(w, n)';'CoExistence';'w';'n';0.868;0.875;0.875
'RespondedExistence(w, n)';'RespondedExistence';'w';'n';0.868;0.984;0.984
'Response(w, n)';'Response';'w';'n';0.676;0.766;0.766
'CoExistence(w, o)';'CoExistence';'w';'o';0.800;0.818;0.818
'RespondedExistence(w, o)';'RespondedExistence';'w';'o';0.800;0.907;0.907
'CoExistence(w, p)';'CoExistence';'w';'p';0.872;0.877;0.877
'RespondedExistence(w, p)';'RespondedExistence';'w';'p';0.872;0.989;0.989
'Response(w, p)';'Response';'w';'p';0.578;0.655;0.655
'CoExistence(w, q)';'CoExistence';'w';'q';0.804;0.815;0.815
'RespondedExistence(w, q)';'RespondedExistence';'w';'q';0.804;0.912;0.912
'NotSuccession(w, r)';'NotSuccession';'w';'r';0.840;0.938;0.938
'NotCoExistence(w, r)';'NotCoExistence';'w';'r';0.802;0.895;0.895
'CoExistence(w, s)';'CoExistence';'w';'s';0.788;0.801;0.801
'RespondedExistence(w, s)';'RespondedExistence';'w';'s';0.788;0.893;0.893
'CoExistence(w, t)';'CoExistence';'w';'t';0.870;0.873;0.873
'RespondedExistence(w, t)';'RespondedExistence';'w';'t';0.870;0.986;0.986
'Response(w, t)';'Response';'w';'t';0.500;0.567;0.567
'CoExistence(w, u)';'CoExistence';'w';'u';0.766;0.783;0.783
'RespondedExistence(w, u)';'RespondedExistence';'w';'u';0.766;0.868;0.868
'CoExistence(w, v)';'CoExistence';'w';'v';0.770;0.787;0.787
'RespondedExistence(w, v)';'RespondedExistence';'w';'v';0.770;0.873;0.873
'CoExistence(w, z)';'CoExistence';'w';'z';0.774;0.791;0.791
'RespondedExistence(w, z)';'RespondedExistence';'w';'z';0.774;0.878;0.878
'Participation(z)';'Participation';'z';;0.870;0.870;0.870
'Precedence(p, z)';'Precedence';'z';'p';0.532;0.611;0.611
'Precedence(s, z)';'Precedence';'z';'s';0.444;0.510;0.510
'CoExistence(z, a)';'CoExistence';'z';'a';0.870;0.870;0.870
'CoExistence(z, b)';'CoExistence';'z';'b';0.870;0.870;0.870
'CoExistence(z, c)';'CoExistence';'z';'c';0.752;0.770;0.770
'RespondedExistence(z, c)';'RespondedExistence';'z';'c';0.752;0.864;0.864
'NotSuccession(z, c)';'NotSuccession';'z';'c';0.648;0.664;0.664
'CoExistence(z, d)';'CoExistence';'z';'d';0.870;0.870;0.870
'Response(z, d)';'Response';'z';'d';0.470;0.540;0.540
'CoExistence(z, e)';'CoExistence';'z';'e';0.776;0.797;0.797
'RespondedExistence(z, e)';'RespondedExistence';'z';'e';0.776;0.892;0.892
'CoExistence(z, f)';'CoExistence';'z';'f';0.852;0.862;0.862
'RespondedExistence(z, f)';'RespondedExistence';'z';'f';0.852;0.979;0.979
'Response(z, f)';'Response';'z';'f';0.662;0.761;0.761
'CoExistence(z, g)';'CoExistence';'z';'g';0.766;0.788;0.788
'RespondedExistence(z, g)';'RespondedExistence';'z';'g';0.766;0.880;0.880
'CoExistence(z, h)';'CoExistence';'z';'h';0.558;0.590;0.590
'RespondedExistence(z, h)';'RespondedExistence';'z';'h';0.558;0.641;0.641
'NotSuccession(z, h)';'NotSuccession';'z';'h';0.474;0.501;0.501
'CoExistence(z, i)';'CoExistence';'z';'i';0.786;0.805;0.805
'RespondedExistence(z, i)';'RespondedExistence';'z';'i';0.786;0.903;0.903
'CoExistence(z, l)';'CoExistence';'z';'l';0.568;0.598;0.598
'RespondedExistence(z, l)';'RespondedExistence';'z';'l';0.568;0.653;0.653
'NotSuccession(z, l)';'NotSuccession';'z';'l';0.528;0.556;0.556
'CoExistence(z, m)';'CoExistence';'z';'m';0.780;0.814;0.814
'RespondedExistence(z, m)';'RespondedExistence';'z';'m';0.780;0.897;0.897
'CoExistence(z, n)';'CoExistence';'z';'n';0.856;0.863;0.863
'RespondedExistence(z, n)';'RespondedExistence';'z';'n';0.856;0.984;0.984
'Response(z, n)';'Response';'z';'n';0.700;0.805;0.805
'CoExistence(z, o)';'CoExistence';'z';'o';0.792;0.813;0.813
'RespondedExistence(z, o)';'RespondedExistence';'z';'o';0.792;0.910;0.910
'CoExistence(z, p)';'CoExistence';'z';'p';0.860;0.865;0.865
'RespondedExistence(z, p)';'RespondedExistence';'z';'p';0.860;0.989;0.989
'Response(z, p)';'Response';'z';'p';0.546;0.628;0.628
'CoExistence(z, q)';'CoExistence';'z';'q';0.800;0.818;0.818
'RespondedExistence(z, q)';'RespondedExistence';'z';'q';0.800;0.920;0.920
'NotSuccession(z, r)';'NotSuccession';'z';'r';0.818;0.930;0.930
'NotCoExistence(z, r)';'NotCoExistence';'z';'r';0.782;0.889;0.889
'CoExistence(z, s)';'CoExistence';'z';'s';0.788;0.811;0.811
'RespondedExistence(z, s)';'RespondedExistence';'z';'s';0.788;0.906;0.906
'CoExistence(z, t)';'CoExistence';'z';'t';0.860;0.865;0.865
'RespondedExistence(z, t)';'RespondedExistence';'z';'t';0.860;0.989;0.989
'Response(z, t)';'Response';'z';'t';0.484;0.556;0.556
'CoExistence(z, u)';'CoExistence';'z';'u';0.748;0.760;0.760
'RespondedExistence(z, u)';'RespondedExistence';'z';'u';0.748;0.860;0.860
'CoExistence(z, v)';'CoExistence';'z';'v';0.766;0.790;0.790
'RespondedExistence(z, v)';'RespondedExistence';'z';'v';0.766;0.880;0.880
'CoExistence(z, w)';'CoExistence';'z';'w';0.774;0.791;0.791
'RespondedExistence(z, w)';'RespondedExistence';'z';'w';0.774;0.890;0.890
