Rank-25-true;Rank-25-TOT;Measure
11;1320;ORIGINAL-MODEL
11;31;Sebag-Schoenauer
11;31;Example and Counterexample Rate
11;31;Confidence
11;31;Compliance
9;26;Laplace Correction
7;456;Ylue Y
7;456;Ylue Q
7;456;Odds Ratio
7;33;Certainty factor
7;26;Odd Multiplier
7;26;Conviction
4;62;Prevalence
4;42;Least Contradiction
4;42;Jaccard
4;42;Cosine
4;42;Accuracy
3;707;Recall
3;238;Coverage
3;41;Support
3;28;Lift
2;26;Zhang
1;447;Specificity
1;28;Information Gain
1;26;One-way Support
1;26;Linear Correlation Coefficient
1;26;Leverage
1;26;Klosgen
1;26;Added Value
0;447;Relative Risk
0;28;J Measure
0;27;Two-way Support Variation
0;26;Two-way Support
0;26;Piatetsky-Shapiro
0;26;Lovinger
0;26;Interestingness Weighting Dependency
0;26;Gini Index
0;26;Collective Strength
