Rank-1000-true;Rank-1000-TOT;Measure
11;1320;ORIGINAL-MODEL
11;1224;Two-way Support
11;1224;Piatetsky-Shapiro
11;1224;One-way Support
11;1224;Lift
11;1224;Klosgen
11;1224;Interestingness Weighting Dependency
11;1224;Information Gain
11;1224;Added Value
11;1006;Accuracy
11;1002;Compliance
11;1001;Sebag-Schoenauer
11;1001;Least Contradiction
11;1001;Laplace Correction
11;1001;Jaccard
11;1001;Example and Counterexample Rate
11;1001;Cosine
11;1001;Confidence
10;1001;Support
10;1001;Prevalence
8;1003;Collective Strength
8;1001;Relative Risk
8;1001;Leverage
7;1211;Odd Multiplier
7;1203;Zhang
7;1203;Certainty factor
7;1188;Conviction
7;1006;Coverage
7;1002;Ylue Y
7;1002;Ylue Q
7;1002;Odds Ratio
7;1002;Lovinger
7;1002;Linear Correlation Coefficient
7;1001;Specificity
7;1001;Recall
7;1001;Gini Index
0;1002;J Measure
0;599;Two-way Support Variation
