Rank-200-true;Rank-200-TOT;Measure
11;1320;ORIGINAL-MODEL
11;203;Sebag-Schoenauer
11;202;Compliance
11;201;Laplace Correction
11;201;Example and Counterexample Rate
11;201;Confidence
8;203;Accuracy
8;201;Prevalence
7;456;Ylue Y
7;456;Ylue Q
7;456;Odds Ratio
7;218;Cosine
7;202;Least Contradiction
7;202;Jaccard
7;202;Conviction
7;201;Zhang
7;201;Odd Multiplier
7;201;Linear Correlation Coefficient
7;201;Certainty factor
6;224;Support
6;201;Two-way Support
6;201;Piatetsky-Shapiro
6;201;One-way Support
6;201;Lift
6;201;Klosgen
6;201;Interestingness Weighting Dependency
6;201;Information Gain
6;201;Gini Index
6;201;Added Value
3;707;Recall
3;238;Coverage
3;201;Leverage
1;447;Specificity
1;322;Lovinger
0;447;Relative Risk
0;201;Two-way Support Variation
0;201;J Measure
0;201;Collective Strength
