Rank-1500-true;Rank-1500-TOT;Measure
11;1320;ORIGINAL-MODEL
11;1320;Two-way Support
11;1320;Support
11;1320;Sebag-Schoenauer
11;1320;Recall
11;1320;Prevalence
11;1320;Piatetsky-Shapiro
11;1320;One-way Support
11;1320;Lift
11;1320;Leverage
11;1320;Least Contradiction
11;1320;Laplace Correction
11;1320;Klosgen
11;1320;Jaccard
11;1320;Interestingness Weighting Dependency
11;1320;Information Gain
11;1320;Example and Counterexample Rate
11;1320;Coverage
11;1320;Cosine
11;1320;Confidence
11;1320;Compliance
11;1320;Added Value
11;1320;Accuracy
8;1060;Specificity
8;1060;Relative Risk
8;1060;Gini Index
8;1060;Collective Strength
7;1299;Zhang
7;1299;Odd Multiplier
7;1299;Lovinger
7;1299;Conviction
7;1299;Certainty factor
7;1090;Linear Correlation Coefficient
7;1059;Ylue Y
7;1059;Ylue Q
7;1059;Odds Ratio
0;1290;J Measure
0;599;Two-way Support Variation
