Rank-500-true;Rank-500-TOT;Measure
11;1320;ORIGINAL-MODEL
11;524;Compliance
11;502;Accuracy
11;501;Sebag-Schoenauer
11;501;Laplace Correction
11;501;Example and Counterexample Rate
11;501;Confidence
10;502;Cosine
10;501;Least Contradiction
10;501;Jaccard
8;524;Prevalence
8;506;Support
8;501;Leverage
7;502;Ylue Y
7;502;Ylue Q
7;502;Two-way Support
7;502;Odds Ratio
7;502;Lovinger
7;502;Klosgen
7;502;Interestingness Weighting Dependency
7;502;Conviction
7;501;Zhang
7;501;Piatetsky-Shapiro
7;501;One-way Support
7;501;Odd Multiplier
7;501;Linear Correlation Coefficient
7;501;Certainty factor
7;501;Added Value
6;502;Information Gain
6;502;Gini Index
6;501;Relative Risk
6;501;Lift
5;501;Collective Strength
4;502;Specificity
3;707;Recall
3;507;Coverage
0;502;Two-way Support Variation
0;501;J Measure
