Rank-100-true;Rank-100-TOT;Measure
11;1320;ORIGINAL-MODEL
11;118;Compliance
11;102;Sebag-Schoenauer
11;102;Laplace Correction
11;101;Example and Counterexample Rate
11;101;Confidence
7;456;Ylue Y
7;456;Ylue Q
7;456;Odds Ratio
7;102;Zhang
7;102;Conviction
7;101;Odd Multiplier
7;101;Certainty factor
6;102;Linear Correlation Coefficient
6;101;Two-way Support
6;101;Piatetsky-Shapiro
6;101;Klosgen
6;101;Interestingness Weighting Dependency
5;107;Prevalence
5;101;Accuracy
4;101;One-way Support
4;101;Lift
4;101;Least Contradiction
4;101;Jaccard
4;101;Information Gain
4;101;Cosine
4;101;Added Value
3;707;Recall
3;238;Coverage
3;101;Support
3;101;Leverage
2;101;Gini Index
1;447;Specificity
0;447;Relative Risk
0;101;Two-way Support Variation
0;101;Lovinger
0;101;J Measure
0;101;Collective Strength
