Rank-1-true;Rank-1-TOT;Measure
11;1320;ORIGINAL-MODEL
11;31;Sebag-Schoenauer
11;31;Example and Counterexample Rate
11;31;Confidence
11;31;Compliance
7;456;Ylue Y
7;456;Ylue Q
7;456;Odds Ratio
7;10;Odd Multiplier
7;10;Conviction
4;22;Prevalence
4;21;Least Contradiction
4;21;Laplace Correction
4;21;Jaccard
4;21;Cosine
4;21;Accuracy
3;707;Recall
3;21;Support
1;447;Specificity
1;24;Linear Correlation Coefficient
1;2;Lift
0;447;Relative Risk
0;11;Piatetsky-Shapiro
0;11;Added Value
0;5;Coverage
0;2;Zhang
0;2;Two-way Support Variation
0;2;Two-way Support
0;2;One-way Support
0;2;Lovinger
0;2;Leverage
0;2;Klosgen
0;2;J Measure
0;2;Interestingness Weighting Dependency
0;2;Information Gain
0;2;Gini Index
0;2;Collective Strength
0;2;Certainty factor
