Rank-50-true;Rank-50-TOT;Measure
11;1320;ORIGINAL-MODEL
11;59;Compliance
11;52;Example and Counterexample Rate
11;52;Confidence
11;51;Sebag-Schoenauer
10;51;Laplace Correction
7;456;Ylue Y
7;456;Ylue Q
7;456;Odds Ratio
7;52;Odd Multiplier
7;52;Conviction
7;51;Zhang
7;51;Certainty factor
4;62;Prevalence
4;56;Least Contradiction
4;56;Jaccard
4;56;Cosine
4;56;Accuracy
3;707;Recall
3;238;Coverage
3;54;Lift
3;51;Two-way Support
3;51;Support
3;51;One-way Support
3;51;Klosgen
3;51;Interestingness Weighting Dependency
3;51;Information Gain
3;51;Added Value
2;52;Piatetsky-Shapiro
2;51;Linear Correlation Coefficient
1;447;Specificity
1;51;Leverage
0;447;Relative Risk
0;51;Two-way Support Variation
0;51;Lovinger
0;51;J Measure
0;51;Gini Index
0;51;Collective Strength
