Rank-100-true;Rank-100-TOT;Measure
11;1288;ORIGINAL-MODEL
7;102;Conviction
7;102;Certainty factor
7;101;Zhang
7;101;Odd Multiplier
7;101;Linear Correlation Coefficient
6;102;Two-way Support Variation
6;102;Interestingness Weighting Dependency
6;101;Piatetsky-Shapiro
5;228;Lovinger
5;102;Klosgen
5;102;Compliance
5;101;Two-way Support
5;101;Added Value
4;103;Information Gain
4;102;Laplace Correction
4;102;Example and Counterexample Rate
4;102;Confidence
4;101;One-way Support
4;101;Lift
4;101;Accuracy
3;677;Recall
3;170;Coverage
3;115;Prevalence
3;104;Support
3;101;Least Contradiction
3;101;Jaccard
3;101;Gini Index
3;101;Cosine
2;496;Ylue Y
2;496;Ylue Q
2;101;Sebag-Schoenauer
2;101;Leverage
1;496;Odds Ratio
1;101;J Measure
0;490;Specificity
0;490;Relative Risk
0;101;Collective Strength
