Rank-500-true;Rank-500-TOT;Measure
11;1288;ORIGINAL-MODEL
11;514;Compliance
11;504;Accuracy
11;501;Lovinger
10;506;Laplace Correction
10;501;Example and Counterexample Rate
10;501;Confidence
9;501;Least Contradiction
8;503;Cosine
8;502;Leverage
8;502;Jaccard
7;527;Prevalence
7;506;Information Gain
7;504;Certainty factor
7;503;Odd Multiplier
7;502;Klosgen
7;502;Interestingness Weighting Dependency
7;501;Zhang
7;501;Two-way Support
7;501;Support
7;501;Piatetsky-Shapiro
7;501;One-way Support
7;501;Linear Correlation Coefficient
7;501;Lift
7;501;J Measure
7;501;Gini Index
7;501;Conviction
7;501;Added Value
6;501;Two-way Support Variation
5;501;Sebag-Schoenauer
4;502;Collective Strength
3;677;Recall
3;506;Coverage
3;501;Ylue Y
3;501;Ylue Q
2;505;Specificity
1;502;Odds Ratio
0;501;Relative Risk
