Rank-25-true;Rank-25-TOT;Measure
11;1288;ORIGINAL-MODEL
4;26;Odd Multiplier
4;26;Conviction
3;677;Recall
3;170;Coverage
3;26;Lift
2;496;Ylue Y
2;496;Ylue Q
2;35;Prevalence
2;26;Zhang
2;26;Laplace Correction
2;26;Example and Counterexample Rate
2;26;Confidence
2;26;Compliance
1;496;Odds Ratio
1;27;Two-way Support Variation
1;27;Two-way Support
1;27;Piatetsky-Shapiro
1;27;Klosgen
1;27;Information Gain
1;27;Accuracy
1;26;Support
1;26;Sebag-Schoenauer
1;26;One-way Support
1;26;Least Contradiction
1;26;Jaccard
1;26;J Measure
1;26;Gini Index
1;26;Cosine
1;26;Certainty factor
1;26;Added Value
0;490;Specificity
0;490;Relative Risk
0;26;Lovinger
0;26;Linear Correlation Coefficient
0;26;Leverage
0;26;Interestingness Weighting Dependency
0;26;Collective Strength
