Rank-5-true;Rank-5-TOT;Measure
11;1288;ORIGINAL-MODEL
3;677;Recall
2;496;Ylue Y
2;496;Ylue Q
2;11;Example and Counterexample Rate
2;11;Confidence
2;7;Odd Multiplier
2;6;Laplace Correction
1;496;Odds Ratio
1;11;Sebag-Schoenauer
1;11;Compliance
1;10;Information Gain
1;7;Conviction
1;6;Support
1;6;Prevalence
1;6;Lift
1;6;Least Contradiction
1;6;Jaccard
1;6;J Measure
1;6;Cosine
1;6;Accuracy
0;490;Specificity
0;490;Relative Risk
0;19;Linear Correlation Coefficient
0;10;Leverage
0;7;Coverage
0;7;Collective Strength
0;6;Zhang
0;6;Two-way Support Variation
0;6;Two-way Support
0;6;Piatetsky-Shapiro
0;6;One-way Support
0;6;Lovinger
0;6;Klosgen
0;6;Interestingness Weighting Dependency
0;6;Gini Index
0;6;Certainty factor
0;6;Added Value
