Rank-200-true;Rank-200-TOT;Measure
11;1288;ORIGINAL-MODEL
9;205;Compliance
9;201;Laplace Correction
9;201;Example and Counterexample Rate
9;201;Confidence
7;225;Prevalence
7;202;Accuracy
7;201;Zhang
7;201;Odd Multiplier
7;201;Linear Correlation Coefficient
7;201;J Measure
7;201;Interestingness Weighting Dependency
7;201;Conviction
7;201;Certainty factor
6;206;Least Contradiction
6;202;Piatetsky-Shapiro
6;202;Lift
6;201;Two-way Support Variation
6;201;Two-way Support
6;201;One-way Support
6;201;Klosgen
6;201;Jaccard
6;201;Gini Index
6;201;Cosine
6;201;Added Value
5;228;Lovinger
5;201;Information Gain
3;677;Recall
3;226;Coverage
3;213;Support
3;201;Leverage
2;496;Ylue Y
2;496;Ylue Q
2;203;Sebag-Schoenauer
1;496;Odds Ratio
0;490;Specificity
0;490;Relative Risk
0;201;Collective Strength
