Rank-10-true;Rank-10-TOT;Measure
11;1288;ORIGINAL-MODEL
3;677;Recall
3;11;Odd Multiplier
3;11;Conviction
2;496;Ylue Y
2;496;Ylue Q
2;11;Prevalence
2;11;Lift
2;11;Laplace Correction
2;11;Example and Counterexample Rate
2;11;Confidence
1;496;Odds Ratio
1;16;Support
1;16;Least Contradiction
1;16;Jaccard
1;16;Cosine
1;16;Accuracy
1;11;Sebag-Schoenauer
1;11;One-way Support
1;11;J Measure
1;11;Information Gain
1;11;Compliance
0;490;Specificity
0;490;Relative Risk
0;19;Linear Correlation Coefficient
0;15;Leverage
0;14;Piatetsky-Shapiro
0;14;Added Value
0;13;Lovinger
0;13;Coverage
0;11;Zhang
0;11;Two-way Support Variation
0;11;Two-way Support
0;11;Klosgen
0;11;Interestingness Weighting Dependency
0;11;Gini Index
0;11;Collective Strength
0;11;Certainty factor
