Rank-1500-true;Rank-1500-TOT;Measure
11;1288;ORIGINAL-MODEL
11;1288;Two-way Support
11;1288;Support
11;1288;Sebag-Schoenauer
11;1288;Recall
11;1288;Prevalence
11;1288;Piatetsky-Shapiro
11;1288;One-way Support
11;1288;Lift
11;1288;Leverage
11;1288;Least Contradiction
11;1288;Laplace Correction
11;1288;Klosgen
11;1288;Jaccard
11;1288;Interestingness Weighting Dependency
11;1288;Information Gain
11;1288;Example and Counterexample Rate
11;1288;Coverage
11;1288;Cosine
11;1288;Confidence
11;1288;Compliance
11;1288;Added Value
11;1288;Accuracy
11;1284;Zhang
11;1284;Odd Multiplier
11;1284;Lovinger
11;1284;Conviction
11;1284;Certainty factor
10;1278;J Measure
8;1131;Linear Correlation Coefficient
8;1101;Ylue Y
8;1101;Ylue Q
8;1101;Specificity
8;1101;Relative Risk
8;1101;Odds Ratio
8;1101;Gini Index
8;1101;Collective Strength
6;596;Two-way Support Variation
