Rank-1-true;Rank-1-TOT;Measure
11;1288;ORIGINAL-MODEL
3;677;Recall
2;496;Ylue Y
2;496;Ylue Q
2;11;Example and Counterexample Rate
2;11;Confidence
2;7;Odd Multiplier
1;496;Odds Ratio
1;11;Sebag-Schoenauer
1;11;Compliance
1;7;Conviction
1;5;Support
1;5;Prevalence
1;5;Least Contradiction
1;5;Laplace Correction
1;5;Jaccard
1;5;Cosine
1;5;Accuracy
1;2;Lift
0;490;Specificity
0;490;Relative Risk
0;19;Linear Correlation Coefficient
0;5;Two-way Support Variation
0;5;Piatetsky-Shapiro
0;5;Added Value
0;4;Lovinger
0;2;Zhang
0;2;Two-way Support
0;2;One-way Support
0;2;Leverage
0;2;Klosgen
0;2;J Measure
0;2;Interestingness Weighting Dependency
0;2;Information Gain
0;2;Gini Index
0;2;Coverage
0;2;Collective Strength
0;2;Certainty factor
