Rank-50-true;Rank-50-TOT;Measure
11;1288;ORIGINAL-MODEL
6;51;Two-way Support Variation
6;51;Odd Multiplier
6;51;Conviction
5;51;Certainty factor
4;51;Zhang
3;677;Recall
3;170;Coverage
3;57;Laplace Correction
3;57;Compliance
3;53;Example and Counterexample Rate
3;53;Confidence
3;52;Two-way Support
3;52;Lift
3;51;One-way Support
3;51;Klosgen
3;51;Interestingness Weighting Dependency
3;51;Information Gain
3;51;Added Value
2;496;Ylue Y
2;496;Ylue Q
2;61;Prevalence
2;51;Piatetsky-Shapiro
1;496;Odds Ratio
1;53;Sebag-Schoenauer
1;53;Accuracy
1;52;Least Contradiction
1;52;Jaccard
1;52;Cosine
1;51;Support
1;51;Lovinger
1;51;Linear Correlation Coefficient
1;51;Leverage
1;51;J Measure
1;51;Gini Index
0;490;Specificity
0;490;Relative Risk
0;51;Collective Strength
