'Constraint';'Template';'Activation';'Target';'Support';'Confidence level';'Interest factor'
'Init(a)';'Init';'a';;0.960;0.960;0.960
'CoExistence(a, b)';'CoExistence';'a';'b';1.000;1.000;1.000
'RespondedExistence(a, b)';'RespondedExistence';'a';'b';1.000;1.000;1.000
'CoExistence(a, c)';'CoExistence';'a';'c';0.890;0.890;0.890
'RespondedExistence(a, c)';'RespondedExistence';'a';'c';0.890;0.890;0.890
'Succession(a, d)';'Succession';'a';'d';0.590;0.590;0.590
'Response(a, d)';'Response';'a';'d';0.592;0.592;0.592
'CoExistence(a, e)';'CoExistence';'a';'e';0.884;0.884;0.884
'RespondedExistence(a, e)';'RespondedExistence';'a';'e';0.884;0.884;0.884
'CoExistence(a, f)';'CoExistence';'a';'f';0.982;0.982;0.982
'Succession(a, f)';'Succession';'a';'f';0.786;0.786;0.786
'RespondedExistence(a, f)';'RespondedExistence';'a';'f';0.982;0.982;0.982
'Response(a, f)';'Response';'a';'f';0.788;0.788;0.788
'CoExistence(a, g)';'CoExistence';'a';'g';0.914;0.914;0.914
'Succession(a, g)';'Succession';'a';'g';0.502;0.502;0.502
'RespondedExistence(a, g)';'RespondedExistence';'a';'g';0.914;0.914;0.914
'Response(a, g)';'Response';'a';'g';0.502;0.502;0.502
'CoExistence(a, h)';'CoExistence';'a';'h';0.684;0.684;0.684
'RespondedExistence(a, h)';'RespondedExistence';'a';'h';0.684;0.684;0.684
'CoExistence(a, i)';'CoExistence';'a';'i';0.864;0.864;0.864
'RespondedExistence(a, i)';'RespondedExistence';'a';'i';0.864;0.864;0.864
'CoExistence(a, l)';'CoExistence';'a';'l';0.632;0.632;0.632
'RespondedExistence(a, l)';'RespondedExistence';'a';'l';0.632;0.632;0.632
'CoExistence(a, m)';'CoExistence';'a';'m';0.838;0.838;0.838
'RespondedExistence(a, m)';'RespondedExistence';'a';'m';0.838;0.838;0.838
'CoExistence(a, n)';'CoExistence';'a';'n';0.972;0.972;0.972
'Succession(a, n)';'Succession';'a';'n';0.786;0.786;0.786
'RespondedExistence(a, n)';'RespondedExistence';'a';'n';0.972;0.972;0.972
'Response(a, n)';'Response';'a';'n';0.786;0.786;0.786
'CoExistence(a, o)';'CoExistence';'a';'o';0.890;0.890;0.890
'Succession(a, o)';'Succession';'a';'o';0.516;0.516;0.516
'RespondedExistence(a, o)';'RespondedExistence';'a';'o';0.890;0.890;0.890
'Response(a, o)';'Response';'a';'o';0.516;0.516;0.516
'CoExistence(a, p)';'CoExistence';'a';'p';0.976;0.976;0.976
'Succession(a, p)';'Succession';'a';'p';0.694;0.694;0.694
'RespondedExistence(a, p)';'RespondedExistence';'a';'p';0.976;0.976;0.976
'Response(a, p)';'Response';'a';'p';0.696;0.696;0.696
'CoExistence(a, q)';'CoExistence';'a';'q';0.898;0.898;0.898
'RespondedExistence(a, q)';'RespondedExistence';'a';'q';0.898;0.898;0.898
'NotSuccession(a, r)';'NotSuccession';'a';'r';0.902;0.902;0.902
'NotCoExistence(a, r)';'NotCoExistence';'a';'r';0.902;0.902;0.902
'CoExistence(a, s)';'CoExistence';'a';'s';0.880;0.880;0.880
'RespondedExistence(a, s)';'RespondedExistence';'a';'s';0.880;0.880;0.880
'CoExistence(a, t)';'CoExistence';'a';'t';0.972;0.972;0.972
'Succession(a, t)';'Succession';'a';'t';0.584;0.584;0.584
'RespondedExistence(a, t)';'RespondedExistence';'a';'t';0.972;0.972;0.972
'Response(a, t)';'Response';'a';'t';0.584;0.584;0.584
'CoExistence(a, u)';'CoExistence';'a';'u';0.894;0.894;0.894
'RespondedExistence(a, u)';'RespondedExistence';'a';'u';0.894;0.894;0.894
'CoExistence(a, v)';'CoExistence';'a';'v';0.894;0.894;0.894
'RespondedExistence(a, v)';'RespondedExistence';'a';'v';0.894;0.894;0.894
'CoExistence(a, w)';'CoExistence';'a';'w';0.888;0.888;0.888
'RespondedExistence(a, w)';'RespondedExistence';'a';'w';0.888;0.888;0.888
'CoExistence(a, z)';'CoExistence';'a';'z';0.870;0.870;0.870
'RespondedExistence(a, z)';'RespondedExistence';'a';'z';0.870;0.870;0.870
'End(b)';'End';'b';;0.944;0.944;0.944
'CoExistence(b, a)';'CoExistence';'b';'a';1.000;1.000;1.000
'RespondedExistence(b, a)';'RespondedExistence';'b';'a';1.000;1.000;1.000
'CoExistence(b, c)';'CoExistence';'b';'c';0.890;0.890;0.890
'RespondedExistence(b, c)';'RespondedExistence';'b';'c';0.890;0.890;0.890
'NotSuccession(b, c)';'NotSuccession';'b';'c';0.578;0.578;0.578
'CoExistence(b, e)';'CoExistence';'b';'e';0.884;0.884;0.884
'RespondedExistence(b, e)';'RespondedExistence';'b';'e';0.884;0.884;0.884
'CoExistence(b, f)';'CoExistence';'b';'f';0.982;0.982;0.982
'RespondedExistence(b, f)';'RespondedExistence';'b';'f';0.982;0.982;0.982
'CoExistence(b, g)';'CoExistence';'b';'g';0.914;0.914;0.914
'RespondedExistence(b, g)';'RespondedExistence';'b';'g';0.914;0.914;0.914
'CoExistence(b, h)';'CoExistence';'b';'h';0.684;0.684;0.684
'RespondedExistence(b, h)';'RespondedExistence';'b';'h';0.684;0.684;0.684
'CoExistence(b, i)';'CoExistence';'b';'i';0.864;0.864;0.864
'RespondedExistence(b, i)';'RespondedExistence';'b';'i';0.864;0.864;0.864
'CoExistence(b, l)';'CoExistence';'b';'l';0.632;0.632;0.632
'RespondedExistence(b, l)';'RespondedExistence';'b';'l';0.632;0.632;0.632
'NotSuccession(b, l)';'NotSuccession';'b';'l';0.526;0.526;0.526
'CoExistence(b, m)';'CoExistence';'b';'m';0.838;0.838;0.838
'RespondedExistence(b, m)';'RespondedExistence';'b';'m';0.838;0.838;0.838
'CoExistence(b, n)';'CoExistence';'b';'n';0.972;0.972;0.972
'RespondedExistence(b, n)';'RespondedExistence';'b';'n';0.972;0.972;0.972
'CoExistence(b, o)';'CoExistence';'b';'o';0.890;0.890;0.890
'RespondedExistence(b, o)';'RespondedExistence';'b';'o';0.890;0.890;0.890
'CoExistence(b, p)';'CoExistence';'b';'p';0.976;0.976;0.976
'RespondedExistence(b, p)';'RespondedExistence';'b';'p';0.976;0.976;0.976
'CoExistence(b, q)';'CoExistence';'b';'q';0.898;0.898;0.898
'RespondedExistence(b, q)';'RespondedExistence';'b';'q';0.898;0.898;0.898
'NotSuccession(b, r)';'NotSuccession';'b';'r';0.932;0.932;0.932
'NotCoExistence(b, r)';'NotCoExistence';'b';'r';0.902;0.902;0.902
'CoExistence(b, s)';'CoExistence';'b';'s';0.880;0.880;0.880
'RespondedExistence(b, s)';'RespondedExistence';'b';'s';0.880;0.880;0.880
'CoExistence(b, t)';'CoExistence';'b';'t';0.972;0.972;0.972
'RespondedExistence(b, t)';'RespondedExistence';'b';'t';0.972;0.972;0.972
'CoExistence(b, u)';'CoExistence';'b';'u';0.894;0.894;0.894
'RespondedExistence(b, u)';'RespondedExistence';'b';'u';0.894;0.894;0.894
'CoExistence(b, v)';'CoExistence';'b';'v';0.894;0.894;0.894
'RespondedExistence(b, v)';'RespondedExistence';'b';'v';0.894;0.894;0.894
'CoExistence(b, w)';'CoExistence';'b';'w';0.888;0.888;0.888
'RespondedExistence(b, w)';'RespondedExistence';'b';'w';0.888;0.888;0.888
'CoExistence(b, z)';'CoExistence';'b';'z';0.870;0.870;0.870
'RespondedExistence(b, z)';'RespondedExistence';'b';'z';0.870;0.870;0.870
'Precedence(d, b)';'Precedence';'b';'d';0.510;0.510;0.510
'Precedence(f, b)';'Precedence';'b';'f';0.510;0.510;0.510
'Precedence(g, b)';'Precedence';'b';'g';0.506;0.506;0.506
'Precedence(o, b)';'Precedence';'b';'o';0.516;0.516;0.516
'Precedence(p, b)';'Precedence';'b';'p';0.668;0.668;0.668
'Precedence(s, b)';'Precedence';'b';'s';0.522;0.522;0.522
'Precedence(u, b)';'Precedence';'b';'u';0.510;0.510;0.510
'Precedence(v, b)';'Precedence';'b';'v';0.500;0.500;0.500
'AtMostOne(c)';'AtMostOne';'c';;0.876;0.984;0.984
'Participation(c)';'Participation';'c';;0.890;0.890;0.890
'CoExistence(c, a)';'CoExistence';'c';'a';0.890;0.890;0.890
'Response(c, a)';'Response';'c';'a';0.654;0.735;0.735
'AlternateResponse(c, a)';'AlternateResponse';'c';'a';0.644;0.724;0.724
'CoExistence(c, b)';'CoExistence';'c';'b';0.890;0.890;0.890
'CoExistence(c, d)';'CoExistence';'c';'d';0.888;0.888;0.888
'Response(c, d)';'Response';'c';'d';0.752;0.845;0.845
'AlternateResponse(c, d)';'AlternateResponse';'c';'d';0.744;0.836;0.836
'CoExistence(c, e)';'CoExistence';'c';'e';0.800;0.821;0.821
'RespondedExistence(c, e)';'RespondedExistence';'c';'e';0.800;0.899;0.899
'Response(c, e)';'Response';'c';'e';0.648;0.728;0.728
'AlternateResponse(c, e)';'AlternateResponse';'c';'e';0.644;0.724;0.724
'CoExistence(c, f)';'CoExistence';'c';'f';0.878;0.883;0.883
'RespondedExistence(c, f)';'RespondedExistence';'c';'f';0.878;0.987;0.987
'Response(c, f)';'Response';'c';'f';0.816;0.917;0.917
'AlternateResponse(c, f)';'AlternateResponse';'c';'f';0.810;0.910;0.910
'CoExistence(c, g)';'CoExistence';'c';'g';0.822;0.837;0.837
'RespondedExistence(c, g)';'RespondedExistence';'c';'g';0.822;0.924;0.924
'Response(c, g)';'Response';'c';'g';0.646;0.726;0.726
'AlternateResponse(c, g)';'AlternateResponse';'c';'g';0.638;0.717;0.717
'CoExistence(c, h)';'CoExistence';'c';'h';0.626;0.660;0.660
'RespondedExistence(c, h)';'RespondedExistence';'c';'h';0.626;0.703;0.703
'Response(c, h)';'Response';'c';'h';0.530;0.596;0.596
'AlternateResponse(c, h)';'AlternateResponse';'c';'h';0.526;0.591;0.591
'CoExistence(c, i)';'CoExistence';'c';'i';0.774;0.790;0.790
'RespondedExistence(c, i)';'RespondedExistence';'c';'i';0.774;0.870;0.870
'Response(c, i)';'Response';'c';'i';0.618;0.694;0.694
'AlternateResponse(c, i)';'AlternateResponse';'c';'i';0.610;0.685;0.685
'CoExistence(c, l)';'CoExistence';'c';'l';0.564;0.589;0.589
'RespondedExistence(c, l)';'RespondedExistence';'c';'l';0.564;0.634;0.634
'NotSuccession(c, l)';'NotSuccession';'c';'l';0.512;0.534;0.534
'CoExistence(c, m)';'CoExistence';'c';'m';0.766;0.796;0.796
'RespondedExistence(c, m)';'RespondedExistence';'c';'m';0.766;0.861;0.861
'Response(c, m)';'Response';'c';'m';0.554;0.622;0.622
'AlternateResponse(c, m)';'AlternateResponse';'c';'m';0.548;0.616;0.616
'CoExistence(c, n)';'CoExistence';'c';'n';0.876;0.888;0.888
'RespondedExistence(c, n)';'RespondedExistence';'c';'n';0.876;0.984;0.984
'Response(c, n)';'Response';'c';'n';0.814;0.915;0.915
'AlternateResponse(c, n)';'AlternateResponse';'c';'n';0.806;0.906;0.906
'CoExistence(c, o)';'CoExistence';'c';'o';0.800;0.816;0.816
'RespondedExistence(c, o)';'RespondedExistence';'c';'o';0.800;0.899;0.899
'Response(c, o)';'Response';'c';'o';0.650;0.730;0.730
'AlternateResponse(c, o)';'AlternateResponse';'c';'o';0.646;0.726;0.726
'CoExistence(c, p)';'CoExistence';'c';'p';0.874;0.881;0.881
'RespondedExistence(c, p)';'RespondedExistence';'c';'p';0.874;0.982;0.982
'Response(c, p)';'Response';'c';'p';0.788;0.885;0.885
'AlternateResponse(c, p)';'AlternateResponse';'c';'p';0.782;0.879;0.879
'CoExistence(c, q)';'CoExistence';'c';'q';0.812;0.832;0.832
'RespondedExistence(c, q)';'RespondedExistence';'c';'q';0.812;0.912;0.912
'Response(c, q)';'Response';'c';'q';0.652;0.733;0.733
'AlternateResponse(c, q)';'AlternateResponse';'c';'q';0.648;0.728;0.728
'NotSuccession(c, r)';'NotSuccession';'c';'r';0.818;0.917;0.917
'NotCoExistence(c, r)';'NotCoExistence';'c';'r';0.796;0.892;0.892
'CoExistence(c, s)';'CoExistence';'c';'s';0.792;0.810;0.810
'RespondedExistence(c, s)';'RespondedExistence';'c';'s';0.792;0.890;0.890
'Response(c, s)';'Response';'c';'s';0.618;0.694;0.694
'AlternateResponse(c, s)';'AlternateResponse';'c';'s';0.612;0.688;0.688
'CoExistence(c, t)';'CoExistence';'c';'t';0.872;0.881;0.881
'RespondedExistence(c, t)';'RespondedExistence';'c';'t';0.872;0.980;0.980
'Response(c, t)';'Response';'c';'t';0.722;0.811;0.811
'AlternateResponse(c, t)';'AlternateResponse';'c';'t';0.714;0.802;0.802
'CoExistence(c, u)';'CoExistence';'c';'u';0.806;0.824;0.824
'RespondedExistence(c, u)';'RespondedExistence';'c';'u';0.806;0.906;0.906
'Response(c, u)';'Response';'c';'u';0.640;0.719;0.719
'AlternateResponse(c, u)';'AlternateResponse';'c';'u';0.636;0.715;0.715
'CoExistence(c, v)';'CoExistence';'c';'v';0.802;0.817;0.817
'RespondedExistence(c, v)';'RespondedExistence';'c';'v';0.802;0.901;0.901
'Response(c, v)';'Response';'c';'v';0.628;0.706;0.706
'AlternateResponse(c, v)';'AlternateResponse';'c';'v';0.626;0.703;0.703
'CoExistence(c, w)';'CoExistence';'c';'w';0.804;0.825;0.825
'RespondedExistence(c, w)';'RespondedExistence';'c';'w';0.804;0.903;0.903
'Response(c, w)';'Response';'c';'w';0.634;0.712;0.712
'AlternateResponse(c, w)';'AlternateResponse';'c';'w';0.628;0.706;0.706
'CoExistence(c, z)';'CoExistence';'c';'z';0.780;0.796;0.796
'RespondedExistence(c, z)';'RespondedExistence';'c';'z';0.780;0.876;0.876
'Response(c, z)';'Response';'c';'z';0.620;0.697;0.697
'AlternateResponse(c, z)';'AlternateResponse';'c';'z';0.614;0.690;0.690
'Precedence(p, c)';'Precedence';'c';'p';0.552;0.620;0.620
'AlternatePrecedence(p, c)';'AlternatePrecedence';'c';'p';0.548;0.616;0.616
'Precedence(s, c)';'Precedence';'c';'s';0.462;0.519;0.519
'AlternatePrecedence(s, c)';'AlternatePrecedence';'c';'s';0.454;0.510;0.510
'Participation(d)';'Participation';'d';;0.998;0.998;0.998
'AlternatePrecedence(a, d)';'AlternatePrecedence';'d';'a';0.526;0.527;0.527
'Succession(d, b)';'Succession';'d';'b';0.500;0.500;0.500
'AlternateResponse(d, b)';'AlternateResponse';'d';'b';0.502;0.503;0.503
'CoExistence(d, c)';'CoExistence';'d';'c';0.888;0.888;0.888
'RespondedExistence(d, c)';'RespondedExistence';'d';'c';0.888;0.890;0.890
'NotSuccession(d, c)';'NotSuccession';'d';'c';0.588;0.588;0.588
'CoExistence(d, e)';'CoExistence';'d';'e';0.884;0.886;0.886
'RespondedExistence(d, e)';'RespondedExistence';'d';'e';0.884;0.886;0.886
'CoExistence(d, f)';'CoExistence';'d';'f';0.982;0.984;0.984
'RespondedExistence(d, f)';'RespondedExistence';'d';'f';0.982;0.984;0.984
'Response(d, f)';'Response';'d';'f';0.718;0.719;0.719
'CoExistence(d, g)';'CoExistence';'d';'g';0.912;0.912;0.912
'RespondedExistence(d, g)';'RespondedExistence';'d';'g';0.912;0.914;0.914
'CoExistence(d, h)';'CoExistence';'d';'h';0.684;0.685;0.685
'RespondedExistence(d, h)';'RespondedExistence';'d';'h';0.684;0.685;0.685
'CoExistence(d, i)';'CoExistence';'d';'i';0.864;0.866;0.866
'RespondedExistence(d, i)';'RespondedExistence';'d';'i';0.864;0.866;0.866
'CoExistence(d, l)';'CoExistence';'d';'l';0.632;0.633;0.633
'RespondedExistence(d, l)';'RespondedExistence';'d';'l';0.632;0.633;0.633
'NotSuccession(d, l)';'NotSuccession';'d';'l';0.536;0.537;0.537
'CoExistence(d, m)';'CoExistence';'d';'m';0.838;0.840;0.840
'RespondedExistence(d, m)';'RespondedExistence';'d';'m';0.838;0.840;0.840
'CoExistence(d, n)';'CoExistence';'d';'n';0.972;0.974;0.974
'RespondedExistence(d, n)';'RespondedExistence';'d';'n';0.972;0.974;0.974
'Response(d, n)';'Response';'d';'n';0.694;0.695;0.695
'CoExistence(d, o)';'CoExistence';'d';'o';0.890;0.892;0.892
'RespondedExistence(d, o)';'RespondedExistence';'d';'o';0.890;0.892;0.892
'CoExistence(d, p)';'CoExistence';'d';'p';0.976;0.978;0.978
'RespondedExistence(d, p)';'RespondedExistence';'d';'p';0.976;0.978;0.978
'Response(d, p)';'Response';'d';'p';0.566;0.567;0.567
'CoExistence(d, q)';'CoExistence';'d';'q';0.898;0.900;0.900
'RespondedExistence(d, q)';'RespondedExistence';'d';'q';0.898;0.900;0.900
'NotSuccession(d, r)';'NotSuccession';'d';'r';0.930;0.932;0.932
'NotCoExistence(d, r)';'NotCoExistence';'d';'r';0.900;0.902;0.902
'CoExistence(d, s)';'CoExistence';'d';'s';0.880;0.882;0.882
'RespondedExistence(d, s)';'RespondedExistence';'d';'s';0.880;0.882;0.882
'CoExistence(d, t)';'CoExistence';'d';'t';0.970;0.970;0.970
'RespondedExistence(d, t)';'RespondedExistence';'d';'t';0.970;0.972;0.972
'CoExistence(d, u)';'CoExistence';'d';'u';0.894;0.896;0.896
'RespondedExistence(d, u)';'RespondedExistence';'d';'u';0.894;0.896;0.896
'CoExistence(d, v)';'CoExistence';'d';'v';0.892;0.892;0.892
'RespondedExistence(d, v)';'RespondedExistence';'d';'v';0.892;0.894;0.894
'CoExistence(d, w)';'CoExistence';'d';'w';0.886;0.886;0.886
'RespondedExistence(d, w)';'RespondedExistence';'d';'w';0.886;0.888;0.888
'CoExistence(d, z)';'CoExistence';'d';'z';0.868;0.868;0.868
'RespondedExistence(d, z)';'RespondedExistence';'d';'z';0.868;0.870;0.870
'Precedence(e, d)';'Precedence';'d';'e';0.502;0.503;0.503
'Precedence(f, d)';'Precedence';'d';'f';0.510;0.511;0.511
'Precedence(g, d)';'Precedence';'d';'g';0.514;0.515;0.515
'Precedence(p, d)';'Precedence';'d';'p';0.658;0.659;0.659
'Precedence(q, d)';'Precedence';'d';'q';0.514;0.515;0.515
'Precedence(s, d)';'Precedence';'d';'s';0.504;0.505;0.505
'Precedence(u, d)';'Precedence';'d';'u';0.510;0.511;0.511
'Precedence(v, d)';'Precedence';'d';'v';0.506;0.507;0.507
'Participation(e)';'Participation';'e';;0.884;0.884;0.884
'CoExistence(e, a)';'CoExistence';'e';'a';0.884;0.884;0.884
'CoExistence(e, b)';'CoExistence';'e';'b';0.884;0.884;0.884
'CoExistence(e, c)';'CoExistence';'e';'c';0.800;0.821;0.821
'RespondedExistence(e, c)';'RespondedExistence';'e';'c';0.800;0.905;0.905
'NotSuccession(e, c)';'NotSuccession';'e';'c';0.548;0.563;0.563
'CoExistence(e, d)';'CoExistence';'e';'d';0.884;0.886;0.886
'Response(e, d)';'Response';'e';'d';0.502;0.568;0.568
'CoExistence(e, f)';'CoExistence';'e';'f';0.882;0.896;0.896
'Response(e, f)';'Response';'e';'f';0.856;0.968;0.968
'CoExistence(e, g)';'CoExistence';'e';'g';0.818;0.835;0.835
'RespondedExistence(e, g)';'RespondedExistence';'e';'g';0.818;0.925;0.925
'CoExistence(e, h)';'CoExistence';'e';'h';0.624;0.661;0.661
'RespondedExistence(e, h)';'RespondedExistence';'e';'h';0.624;0.706;0.706
'CoExistence(e, i)';'CoExistence';'e';'i';0.784;0.813;0.813
'RespondedExistence(e, i)';'RespondedExistence';'e';'i';0.784;0.887;0.887
'CoExistence(e, l)';'CoExistence';'e';'l';0.586;0.630;0.630
'RespondedExistence(e, l)';'RespondedExistence';'e';'l';0.586;0.663;0.663
'CoExistence(e, m)';'CoExistence';'e';'m';0.768;0.805;0.805
'RespondedExistence(e, m)';'RespondedExistence';'e';'m';0.768;0.869;0.869
'CoExistence(e, n)';'CoExistence';'e';'n';0.874;0.890;0.890
'RespondedExistence(e, n)';'RespondedExistence';'e';'n';0.874;0.989;0.989
'Response(e, n)';'Response';'e';'n';0.712;0.805;0.805
'CoExistence(e, o)';'CoExistence';'e';'o';0.796;0.814;0.814
'RespondedExistence(e, o)';'RespondedExistence';'e';'o';0.796;0.900;0.900
'CoExistence(e, p)';'CoExistence';'e';'p';0.870;0.879;0.879
'RespondedExistence(e, p)';'RespondedExistence';'e';'p';0.870;0.984;0.984
'Response(e, p)';'Response';'e';'p';0.580;0.656;0.656
'CoExistence(e, q)';'CoExistence';'e';'q';0.818;0.849;0.849
'RespondedExistence(e, q)';'RespondedExistence';'e';'q';0.818;0.925;0.925
'NotSuccession(e, r)';'NotSuccession';'e';'r';0.818;0.923;0.923
'NotCoExistence(e, r)';'NotCoExistence';'e';'r';0.790;0.892;0.892
'CoExistence(e, s)';'CoExistence';'e';'s';0.802;0.834;0.834
'RespondedExistence(e, s)';'RespondedExistence';'e';'s';0.802;0.907;0.907
'CoExistence(e, t)';'CoExistence';'e';'t';0.872;0.886;0.886
'RespondedExistence(e, t)';'RespondedExistence';'e';'t';0.872;0.986;0.986
'Response(e, t)';'Response';'e';'t';0.482;0.545;0.545
'CoExistence(e, u)';'CoExistence';'e';'u';0.806;0.829;0.829
'RespondedExistence(e, u)';'RespondedExistence';'e';'u';0.806;0.912;0.912
'CoExistence(e, v)';'CoExistence';'e';'v';0.802;0.822;0.822
'RespondedExistence(e, v)';'RespondedExistence';'e';'v';0.802;0.907;0.907
'CoExistence(e, w)';'CoExistence';'e';'w';0.800;0.823;0.823
'RespondedExistence(e, w)';'RespondedExistence';'e';'w';0.800;0.905;0.905
'CoExistence(e, z)';'CoExistence';'e';'z';0.794;0.827;0.827
'RespondedExistence(e, z)';'RespondedExistence';'e';'z';0.794;0.898;0.898
'Precedence(p, e)';'Precedence';'e';'p';0.532;0.602;0.602
'Participation(f)';'Participation';'f';;0.982;0.982;0.982
'CoExistence(f, a)';'CoExistence';'f';'a';0.982;0.982;0.982
'CoExistence(f, b)';'CoExistence';'f';'b';0.982;0.982;0.982
'Succession(f, b)';'Succession';'f';'b';0.502;0.502;0.502
'CoExistence(f, c)';'CoExistence';'f';'c';0.878;0.883;0.883
'RespondedExistence(f, c)';'RespondedExistence';'f';'c';0.878;0.894;0.894
'NotSuccession(f, c)';'NotSuccession';'f';'c';0.562;0.565;0.565
'CoExistence(f, d)';'CoExistence';'f';'d';0.982;0.984;0.984
'CoExistence(f, e)';'CoExistence';'f';'e';0.882;0.896;0.896
'RespondedExistence(f, e)';'RespondedExistence';'f';'e';0.882;0.898;0.898
'CoExistence(f, g)';'CoExistence';'f';'g';0.906;0.915;0.915
'RespondedExistence(f, g)';'RespondedExistence';'f';'g';0.906;0.923;0.923
'CoExistence(f, h)';'CoExistence';'f';'h';0.680;0.690;0.690
'RespondedExistence(f, h)';'RespondedExistence';'f';'h';0.680;0.692;0.692
'CoExistence(f, i)';'CoExistence';'f';'i';0.862;0.876;0.876
'RespondedExistence(f, i)';'RespondedExistence';'f';'i';0.862;0.878;0.878
'CoExistence(f, l)';'CoExistence';'f';'l';0.630;0.640;0.640
'RespondedExistence(f, l)';'RespondedExistence';'f';'l';0.630;0.642;0.642
'NotSuccession(f, l)';'NotSuccession';'f';'l';0.500;0.508;0.508
'CoExistence(f, m)';'CoExistence';'f';'m';0.834;0.846;0.846
'RespondedExistence(f, m)';'RespondedExistence';'f';'m';0.834;0.849;0.849
'CoExistence(f, n)';'CoExistence';'f';'n';0.962;0.970;0.970
'RespondedExistence(f, n)';'RespondedExistence';'f';'n';0.962;0.980;0.980
'CoExistence(f, o)';'CoExistence';'f';'o';0.882;0.891;0.891
'RespondedExistence(f, o)';'RespondedExistence';'f';'o';0.882;0.898;0.898
'CoExistence(f, p)';'CoExistence';'f';'p';0.964;0.970;0.970
'RespondedExistence(f, p)';'RespondedExistence';'f';'p';0.964;0.982;0.982
'CoExistence(f, q)';'CoExistence';'f';'q';0.894;0.907;0.907
'RespondedExistence(f, q)';'RespondedExistence';'f';'q';0.894;0.910;0.910
'NotSuccession(f, r)';'NotSuccession';'f';'r';0.914;0.931;0.931
'NotCoExistence(f, r)';'NotCoExistence';'f';'r';0.884;0.900;0.900
'CoExistence(f, s)';'CoExistence';'f';'s';0.876;0.888;0.888
'RespondedExistence(f, s)';'RespondedExistence';'f';'s';0.876;0.892;0.892
'CoExistence(f, t)';'CoExistence';'f';'t';0.960;0.966;0.966
'RespondedExistence(f, t)';'RespondedExistence';'f';'t';0.960;0.978;0.978
'CoExistence(f, u)';'CoExistence';'f';'u';0.884;0.891;0.891
'RespondedExistence(f, u)';'RespondedExistence';'f';'u';0.884;0.900;0.900
'CoExistence(f, v)';'CoExistence';'f';'v';0.882;0.887;0.887
'RespondedExistence(f, v)';'RespondedExistence';'f';'v';0.882;0.898;0.898
'CoExistence(f, w)';'CoExistence';'f';'w';0.882;0.893;0.893
'RespondedExistence(f, w)';'RespondedExistence';'f';'w';0.882;0.898;0.898
'CoExistence(f, z)';'CoExistence';'f';'z';0.866;0.878;0.878
'RespondedExistence(f, z)';'RespondedExistence';'f';'z';0.866;0.882;0.882
'Precedence(g, f)';'Precedence';'f';'g';0.496;0.505;0.505
'Precedence(p, f)';'Precedence';'f';'p';0.650;0.662;0.662
'Precedence(q, f)';'Precedence';'f';'q';0.526;0.536;0.536
'Participation(g)';'Participation';'g';;0.914;0.914;0.914
'CoExistence(g, a)';'CoExistence';'g';'a';0.914;0.914;0.914
'CoExistence(g, b)';'CoExistence';'g';'b';0.914;0.914;0.914
'Succession(g, b)';'Succession';'g';'b';0.500;0.500;0.500
'CoExistence(g, c)';'CoExistence';'g';'c';0.822;0.837;0.837
'RespondedExistence(g, c)';'RespondedExistence';'g';'c';0.822;0.899;0.899
'NotSuccession(g, c)';'NotSuccession';'g';'c';0.544;0.554;0.554
'CoExistence(g, d)';'CoExistence';'g';'d';0.912;0.912;0.912
'Response(g, d)';'Response';'g';'d';0.532;0.582;0.582
'CoExistence(g, e)';'CoExistence';'g';'e';0.818;0.835;0.835
'RespondedExistence(g, e)';'RespondedExistence';'g';'e';0.818;0.895;0.895
'CoExistence(g, f)';'CoExistence';'g';'f';0.906;0.915;0.915
'RespondedExistence(g, f)';'RespondedExistence';'g';'f';0.906;0.991;0.991
'Response(g, f)';'Response';'g';'f';0.736;0.805;0.805
'CoExistence(g, h)';'CoExistence';'g';'h';0.682;0.745;0.745
'RespondedExistence(g, h)';'RespondedExistence';'g';'h';0.682;0.746;0.746
'CoExistence(g, i)';'CoExistence';'g';'i';0.802;0.822;0.822
'RespondedExistence(g, i)';'RespondedExistence';'g';'i';0.802;0.877;0.877
'CoExistence(g, l)';'CoExistence';'g';'l';0.586;0.610;0.610
'RespondedExistence(g, l)';'RespondedExistence';'g';'l';0.586;0.641;0.641
'NotSuccession(g, l)';'NotSuccession';'g';'l';0.484;0.504;0.504
'CoExistence(g, m)';'CoExistence';'g';'m';0.782;0.806;0.806
'RespondedExistence(g, m)';'RespondedExistence';'g';'m';0.782;0.856;0.856
'CoExistence(g, n)';'CoExistence';'g';'n';0.896;0.905;0.905
'RespondedExistence(g, n)';'RespondedExistence';'g';'n';0.896;0.980;0.980
'Response(g, n)';'Response';'g';'n';0.700;0.766;0.766
'CoExistence(g, o)';'CoExistence';'g';'o';0.820;0.833;0.833
'RespondedExistence(g, o)';'RespondedExistence';'g';'o';0.820;0.897;0.897
'CoExistence(g, p)';'CoExistence';'g';'p';0.898;0.905;0.905
'RespondedExistence(g, p)';'RespondedExistence';'g';'p';0.898;0.982;0.982
'Response(g, p)';'Response';'g';'p';0.576;0.630;0.630
'CoExistence(g, q)';'CoExistence';'g';'q';0.832;0.849;0.849
'RespondedExistence(g, q)';'RespondedExistence';'g';'q';0.832;0.910;0.910
'NotSuccession(g, r)';'NotSuccession';'g';'r';0.844;0.913;0.913
'NotCoExistence(g, r)';'NotCoExistence';'g';'r';0.836;0.905;0.905
'CoExistence(g, s)';'CoExistence';'g';'s';0.824;0.849;0.849
'RespondedExistence(g, s)';'RespondedExistence';'g';'s';0.824;0.902;0.902
'CoExistence(g, t)';'CoExistence';'g';'t';0.898;0.909;0.909
'RespondedExistence(g, t)';'RespondedExistence';'g';'t';0.898;0.982;0.982
'Response(g, t)';'Response';'g';'t';0.490;0.536;0.536
'CoExistence(g, u)';'CoExistence';'g';'u';0.826;0.841;0.841
'RespondedExistence(g, u)';'RespondedExistence';'g';'u';0.826;0.904;0.904
'CoExistence(g, v)';'CoExistence';'g';'v';0.826;0.841;0.841
'RespondedExistence(g, v)';'RespondedExistence';'g';'v';0.826;0.904;0.904
'CoExistence(g, w)';'CoExistence';'g';'w';0.824;0.843;0.843
'RespondedExistence(g, w)';'RespondedExistence';'g';'w';0.824;0.902;0.902
'CoExistence(g, z)';'CoExistence';'g';'z';0.802;0.817;0.817
'RespondedExistence(g, z)';'RespondedExistence';'g';'z';0.802;0.877;0.877
'Precedence(p, g)';'Precedence';'g';'p';0.562;0.615;0.615
'Participation(h)';'Participation';'h';;0.684;0.684;0.684
'AlternatePrecedence(a, h)';'AlternatePrecedence';'h';'a';0.372;0.544;0.544
'Precedence(b, h)';'Precedence';'h';'b';0.428;0.626;0.626
'Precedence(c, h)';'Precedence';'h';'c';0.430;0.629;0.629
'Precedence(d, h)';'Precedence';'h';'d';0.428;0.626;0.626
'Precedence(e, h)';'Precedence';'h';'e';0.446;0.652;0.652
'Precedence(f, h)';'Precedence';'h';'f';0.450;0.658;0.658
'Precedence(g, h)';'Precedence';'h';'g';0.656;0.959;0.959
'AlternatePrecedence(g, h)';'AlternatePrecedence';'h';'g';0.342;0.500;0.500
'CoExistence(h, a)';'CoExistence';'h';'a';0.684;0.684;0.684
'NotSuccession(h, a)';'NotSuccession';'h';'a';0.580;0.580;0.580
'CoExistence(h, b)';'CoExistence';'h';'b';0.684;0.684;0.684
'AlternateResponse(h, b)';'AlternateResponse';'h';'b';0.350;0.512;0.512
'CoExistence(h, c)';'CoExistence';'h';'c';0.626;0.660;0.660
'RespondedExistence(h, c)';'RespondedExistence';'h';'c';0.626;0.915;0.915
'NotSuccession(h, c)';'NotSuccession';'h';'c';0.746;0.787;0.787
'CoExistence(h, d)';'CoExistence';'h';'d';0.684;0.685;0.685
'NotSuccession(h, d)';'NotSuccession';'h';'d';0.516;0.517;0.517
'CoExistence(h, e)';'CoExistence';'h';'e';0.624;0.661;0.661
'RespondedExistence(h, e)';'RespondedExistence';'h';'e';0.624;0.912;0.912
'NotSuccession(h, e)';'NotSuccession';'h';'e';0.548;0.581;0.581
'CoExistence(h, f)';'CoExistence';'h';'f';0.680;0.690;0.690
'RespondedExistence(h, f)';'RespondedExistence';'h';'f';0.680;0.994;0.994
'Response(h, f)';'Response';'h';'f';0.506;0.740;0.740
'CoExistence(h, g)';'CoExistence';'h';'g';0.682;0.745;0.745
'NotSuccession(h, g)';'NotSuccession';'h';'g';0.490;0.535;0.535
'CoExistence(h, i)';'CoExistence';'h';'i';0.602;0.636;0.636
'RespondedExistence(h, i)';'RespondedExistence';'h';'i';0.602;0.880;0.880
'NotSuccession(h, i)';'NotSuccession';'h';'i';0.544;0.575;0.575
'RespondedExistence(h, l)';'RespondedExistence';'h';'l';0.432;0.632;0.632
'NotSuccession(h, l)';'NotSuccession';'h';'l';0.602;0.681;0.681
'NotCoExistence(h, l)';'NotCoExistence';'h';'l';0.452;0.511;0.511
'CoExistence(h, m)';'CoExistence';'h';'m';0.600;0.651;0.651
'RespondedExistence(h, m)';'RespondedExistence';'h';'m';0.600;0.877;0.877
'NotSuccession(h, m)';'NotSuccession';'h';'m';0.582;0.631;0.631
'CoExistence(h, n)';'CoExistence';'h';'n';0.680;0.697;0.697
'RespondedExistence(h, n)';'RespondedExistence';'h';'n';0.680;0.994;0.994
'Response(h, n)';'Response';'h';'n';0.526;0.769;0.769
'CoExistence(h, o)';'CoExistence';'h';'o';0.616;0.643;0.643
'RespondedExistence(h, o)';'RespondedExistence';'h';'o';0.616;0.901;0.901
'NotSuccession(h, o)';'NotSuccession';'h';'o';0.530;0.553;0.553
'CoExistence(h, p)';'CoExistence';'h';'p';0.676;0.687;0.687
'RespondedExistence(h, p)';'RespondedExistence';'h';'p';0.676;0.988;0.988
'Response(h, p)';'Response';'h';'p';0.396;0.579;0.579
'CoExistence(h, q)';'CoExistence';'h';'q';0.636;0.672;0.672
'RespondedExistence(h, q)';'RespondedExistence';'h';'q';0.636;0.930;0.930
'NotSuccession(h, q)';'NotSuccession';'h';'q';0.532;0.562;0.562
'NotSuccession(h, r)';'NotSuccession';'h';'r';0.658;0.932;0.932
'NotCoExistence(h, r)';'NotCoExistence';'h';'r';0.630;0.892;0.892
'CoExistence(h, s)';'CoExistence';'h';'s';0.620;0.657;0.657
'RespondedExistence(h, s)';'RespondedExistence';'h';'s';0.620;0.906;0.906
'NotSuccession(h, s)';'NotSuccession';'h';'s';0.544;0.576;0.576
'CoExistence(h, t)';'CoExistence';'h';'t';0.674;0.686;0.686
'RespondedExistence(h, t)';'RespondedExistence';'h';'t';0.674;0.985;0.985
'NotSuccession(h, t)';'NotSuccession';'h';'t';0.520;0.530;0.530
'CoExistence(h, u)';'CoExistence';'h';'u';0.628;0.661;0.661
'RespondedExistence(h, u)';'RespondedExistence';'h';'u';0.628;0.918;0.918
'NotSuccession(h, u)';'NotSuccession';'h';'u';0.534;0.562;0.562
'CoExistence(h, v)';'CoExistence';'h';'v';0.616;0.640;0.640
'RespondedExistence(h, v)';'RespondedExistence';'h';'v';0.616;0.901;0.901
'NotSuccession(h, v)';'NotSuccession';'h';'v';0.540;0.561;0.561
'CoExistence(h, w)';'CoExistence';'h';'w';0.618;0.648;0.648
'RespondedExistence(h, w)';'RespondedExistence';'h';'w';0.618;0.904;0.904
'NotSuccession(h, w)';'NotSuccession';'h';'w';0.534;0.560;0.560
'CoExistence(h, z)';'CoExistence';'h';'z';0.604;0.636;0.636
'RespondedExistence(h, z)';'RespondedExistence';'h';'z';0.604;0.883;0.883
'NotSuccession(h, z)';'NotSuccession';'h';'z';0.554;0.583;0.583
'Precedence(i, h)';'Precedence';'h';'i';0.392;0.573;0.573
'Precedence(m, h)';'Precedence';'h';'m';0.410;0.599;0.599
'Precedence(n, h)';'Precedence';'h';'n';0.398;0.582;0.582
'Precedence(o, h)';'Precedence';'h';'o';0.440;0.643;0.643
'Precedence(p, h)';'Precedence';'h';'p';0.570;0.833;0.833
'AlternatePrecedence(p, h)';'AlternatePrecedence';'h';'p';0.366;0.535;0.535
'Precedence(q, h)';'Precedence';'h';'q';0.458;0.670;0.670
'Precedence(s, h)';'Precedence';'h';'s';0.466;0.681;0.681
'Precedence(t, h)';'Precedence';'h';'t';0.434;0.635;0.635
'Precedence(u, h)';'Precedence';'h';'u';0.454;0.664;0.664
'Precedence(v, h)';'Precedence';'h';'v';0.432;0.632;0.632
'Precedence(w, h)';'Precedence';'h';'w';0.412;0.602;0.602
'Precedence(z, h)';'Precedence';'h';'z';0.446;0.652;0.652
'Participation(i)';'Participation';'i';;0.864;0.864;0.864
'Precedence(e, i)';'Precedence';'i';'e';0.432;0.500;0.500
'CoExistence(i, a)';'CoExistence';'i';'a';0.864;0.864;0.864
'CoExistence(i, b)';'CoExistence';'i';'b';0.864;0.864;0.864
'CoExistence(i, c)';'CoExistence';'i';'c';0.774;0.790;0.790
'RespondedExistence(i, c)';'RespondedExistence';'i';'c';0.774;0.896;0.896
'NotSuccession(i, c)';'NotSuccession';'i';'c';0.588;0.600;0.600
'CoExistence(i, d)';'CoExistence';'i';'d';0.864;0.866;0.866
'Response(i, d)';'Response';'i';'d';0.504;0.583;0.583
'CoExistence(i, e)';'CoExistence';'i';'e';0.784;0.813;0.813
'RespondedExistence(i, e)';'RespondedExistence';'i';'e';0.784;0.907;0.907
'CoExistence(i, f)';'CoExistence';'i';'f';0.862;0.876;0.876
'RespondedExistence(i, f)';'RespondedExistence';'i';'f';0.862;0.998;0.998
'Response(i, f)';'Response';'i';'f';0.680;0.787;0.787
'CoExistence(i, g)';'CoExistence';'i';'g';0.802;0.822;0.822
'RespondedExistence(i, g)';'RespondedExistence';'i';'g';0.802;0.928;0.928
'CoExistence(i, h)';'CoExistence';'i';'h';0.602;0.636;0.636
'RespondedExistence(i, h)';'RespondedExistence';'i';'h';0.602;0.697;0.697
'CoExistence(i, l)';'CoExistence';'i';'l';0.630;0.727;0.727
'RespondedExistence(i, l)';'RespondedExistence';'i';'l';0.630;0.729;0.729
'CoExistence(i, m)';'CoExistence';'i';'m';0.750;0.788;0.788
'RespondedExistence(i, m)';'RespondedExistence';'i';'m';0.750;0.868;0.868
'CoExistence(i, n)';'CoExistence';'i';'n';0.854;0.870;0.870
'RespondedExistence(i, n)';'RespondedExistence';'i';'n';0.854;0.988;0.988
'Response(i, n)';'Response';'i';'n';0.668;0.773;0.773
'CoExistence(i, o)';'CoExistence';'i';'o';0.780;0.801;0.801
'RespondedExistence(i, o)';'RespondedExistence';'i';'o';0.780;0.903;0.903
'CoExistence(i, p)';'CoExistence';'i';'p';0.850;0.859;0.859
'RespondedExistence(i, p)';'RespondedExistence';'i';'p';0.850;0.984;0.984
'Response(i, p)';'Response';'i';'p';0.548;0.634;0.634
'CoExistence(i, q)';'CoExistence';'i';'q';0.792;0.816;0.816
'RespondedExistence(i, q)';'RespondedExistence';'i';'q';0.792;0.917;0.917
'NotSuccession(i, r)';'NotSuccession';'i';'r';0.810;0.925;0.925
'NotCoExistence(i, r)';'NotCoExistence';'i';'r';0.790;0.902;0.902
'CoExistence(i, s)';'CoExistence';'i';'s';0.784;0.817;0.817
'RespondedExistence(i, s)';'RespondedExistence';'i';'s';0.784;0.907;0.907
'CoExistence(i, t)';'CoExistence';'i';'t';0.852;0.866;0.866
'RespondedExistence(i, t)';'RespondedExistence';'i';'t';0.852;0.986;0.986
'Response(i, t)';'Response';'i';'t';0.466;0.539;0.539
'CoExistence(i, u)';'CoExistence';'i';'u';0.786;0.809;0.809
'RespondedExistence(i, u)';'RespondedExistence';'i';'u';0.786;0.910;0.910
'CoExistence(i, v)';'CoExistence';'i';'v';0.780;0.798;0.798
'RespondedExistence(i, v)';'RespondedExistence';'i';'v';0.780;0.903;0.903
'CoExistence(i, w)';'CoExistence';'i';'w';0.782;0.806;0.806
'RespondedExistence(i, w)';'RespondedExistence';'i';'w';0.782;0.905;0.905
'CoExistence(i, z)';'CoExistence';'i';'z';0.770;0.799;0.799
'RespondedExistence(i, z)';'RespondedExistence';'i';'z';0.770;0.891;0.891
'Precedence(p, i)';'Precedence';'i';'p';0.564;0.653;0.653
'Precedence(s, i)';'Precedence';'i';'s';0.432;0.500;0.500
'AtMostOne(l)';'AtMostOne';'l';;0.446;0.706;0.706
'Participation(l)';'Participation';'l';;0.632;0.632;0.632
'AlternatePrecedence(a, l)';'AlternatePrecedence';'l';'a';0.542;0.858;0.858
'Precedence(b, l)';'Precedence';'l';'b';0.418;0.661;0.661
'AlternatePrecedence(b, l)';'AlternatePrecedence';'l';'b';0.370;0.585;0.585
'Precedence(c, l)';'Precedence';'l';'c';0.402;0.636;0.636
'Precedence(d, l)';'Precedence';'l';'d';0.412;0.652;0.652
'AlternatePrecedence(d, l)';'AlternatePrecedence';'l';'d';0.370;0.585;0.585
'Precedence(e, l)';'Precedence';'l';'e';0.448;0.709;0.709
'AlternatePrecedence(e, l)';'AlternatePrecedence';'l';'e';0.390;0.617;0.617
'Precedence(f, l)';'Precedence';'l';'f';0.428;0.677;0.677
'AlternatePrecedence(f, l)';'AlternatePrecedence';'l';'f';0.370;0.585;0.585
'Precedence(g, l)';'Precedence';'l';'g';0.420;0.665;0.665
'AlternatePrecedence(g, l)';'AlternatePrecedence';'l';'g';0.354;0.560;0.560
'AlternatePrecedence(i, l)';'AlternatePrecedence';'l';'i';0.594;0.940;0.940
'CoExistence(l, a)';'CoExistence';'l';'a';0.632;0.632;0.632
'NotSuccession(l, a)';'NotSuccession';'l';'a';0.616;0.616;0.616
'CoExistence(l, b)';'CoExistence';'l';'b';0.632;0.632;0.632
'AlternateResponse(l, b)';'AlternateResponse';'l';'b';0.540;0.854;0.854
'CoExistence(l, c)';'CoExistence';'l';'c';0.564;0.589;0.589
'RespondedExistence(l, c)';'RespondedExistence';'l';'c';0.564;0.892;0.892
'NotSuccession(l, c)';'NotSuccession';'l';'c';0.792;0.827;0.827
'CoExistence(l, d)';'CoExistence';'l';'d';0.632;0.633;0.633
'Response(l, d)';'Response';'l';'d';0.396;0.627;0.627
'AlternateResponse(l, d)';'AlternateResponse';'l';'d';0.328;0.519;0.519
'NotSuccession(l, d)';'NotSuccession';'l';'d';0.540;0.541;0.541
'CoExistence(l, e)';'CoExistence';'l';'e';0.586;0.630;0.630
'RespondedExistence(l, e)';'RespondedExistence';'l';'e';0.586;0.927;0.927
'NotSuccession(l, e)';'NotSuccession';'l';'e';0.550;0.591;0.591
'CoExistence(l, f)';'CoExistence';'l';'f';0.630;0.640;0.640
'RespondedExistence(l, f)';'RespondedExistence';'l';'f';0.630;0.997;0.997
'Response(l, f)';'Response';'l';'f';0.528;0.835;0.835
'AlternateResponse(l, f)';'AlternateResponse';'l';'f';0.456;0.722;0.722
'CoExistence(l, g)';'CoExistence';'l';'g';0.586;0.610;0.610
'RespondedExistence(l, g)';'RespondedExistence';'l';'g';0.586;0.927;0.927
'NotSuccession(l, g)';'NotSuccession';'l';'g';0.582;0.606;0.606
'RespondedExistence(l, h)';'RespondedExistence';'l';'h';0.432;0.684;0.684
'NotSuccession(l, h)';'NotSuccession';'l';'h';0.584;0.661;0.661
'NotCoExistence(l, h)';'NotCoExistence';'l';'h';0.452;0.511;0.511
'CoExistence(l, i)';'CoExistence';'l';'i';0.630;0.727;0.727
'NotSuccession(l, i)';'NotSuccession';'l';'i';0.490;0.566;0.566
'CoExistence(l, m)';'CoExistence';'l';'m';0.562;0.619;0.619
'RespondedExistence(l, m)';'RespondedExistence';'l';'m';0.562;0.889;0.889
'NotSuccession(l, m)';'NotSuccession';'l';'m';0.616;0.678;0.678
'CoExistence(l, n)';'CoExistence';'l';'n';0.630;0.647;0.647
'RespondedExistence(l, n)';'RespondedExistence';'l';'n';0.630;0.997;0.997
'Response(l, n)';'Response';'l';'n';0.514;0.813;0.813
'AlternateResponse(l, n)';'AlternateResponse';'l';'n';0.436;0.690;0.690
'CoExistence(l, o)';'CoExistence';'l';'o';0.568;0.595;0.595
'RespondedExistence(l, o)';'RespondedExistence';'l';'o';0.568;0.899;0.899
'NotSuccession(l, o)';'NotSuccession';'l';'o';0.602;0.631;0.631
'CoExistence(l, p)';'CoExistence';'l';'p';0.622;0.631;0.631
'RespondedExistence(l, p)';'RespondedExistence';'l';'p';0.622;0.984;0.984
'Response(l, p)';'Response';'l';'p';0.420;0.665;0.665
'AlternateResponse(l, p)';'AlternateResponse';'l';'p';0.380;0.601;0.601
'NotSuccession(l, p)';'NotSuccession';'l';'p';0.498;0.505;0.505
'CoExistence(l, q)';'CoExistence';'l';'q';0.582;0.614;0.614
'RespondedExistence(l, q)';'RespondedExistence';'l';'q';0.582;0.921;0.921
'NotSuccession(l, q)';'NotSuccession';'l';'q';0.566;0.597;0.597
'NotSuccession(l, r)';'NotSuccession';'l';'r';0.624;0.943;0.943
'NotCoExistence(l, r)';'NotCoExistence';'l';'r';0.594;0.897;0.897
'CoExistence(l, s)';'CoExistence';'l';'s';0.572;0.609;0.609
'RespondedExistence(l, s)';'RespondedExistence';'l';'s';0.572;0.905;0.905
'NotSuccession(l, s)';'NotSuccession';'l';'s';0.550;0.585;0.585
'CoExistence(l, t)';'CoExistence';'l';'t';0.622;0.633;0.633
'RespondedExistence(l, t)';'RespondedExistence';'l';'t';0.622;0.984;0.984
'Response(l, t)';'Response';'l';'t';0.358;0.566;0.566
'NotSuccession(l, t)';'NotSuccession';'l';'t';0.554;0.564;0.564
'CoExistence(l, u)';'CoExistence';'l';'u';0.582;0.617;0.617
'RespondedExistence(l, u)';'RespondedExistence';'l';'u';0.582;0.921;0.921
'NotSuccession(l, u)';'NotSuccession';'l';'u';0.580;0.614;0.614
'CoExistence(l, v)';'CoExistence';'l';'v';0.572;0.600;0.600
'RespondedExistence(l, v)';'RespondedExistence';'l';'v';0.572;0.905;0.905
'NotSuccession(l, v)';'NotSuccession';'l';'v';0.578;0.606;0.606
'CoExistence(l, w)';'CoExistence';'l';'w';0.570;0.600;0.600
'RespondedExistence(l, w)';'RespondedExistence';'l';'w';0.570;0.902;0.902
'NotSuccession(l, w)';'NotSuccession';'l';'w';0.580;0.611;0.611
'CoExistence(l, z)';'CoExistence';'l';'z';0.552;0.581;0.581
'RespondedExistence(l, z)';'RespondedExistence';'l';'z';0.552;0.873;0.873
'NotSuccession(l, z)';'NotSuccession';'l';'z';0.602;0.634;0.634
'Precedence(m, l)';'Precedence';'l';'m';0.446;0.706;0.706
'AlternatePrecedence(m, l)';'AlternatePrecedence';'l';'m';0.360;0.570;0.570
'Precedence(n, l)';'Precedence';'l';'n';0.410;0.649;0.649
'AlternatePrecedence(n, l)';'AlternatePrecedence';'l';'n';0.364;0.576;0.576
'Precedence(o, l)';'Precedence';'l';'o';0.414;0.655;0.655
'AlternatePrecedence(o, l)';'AlternatePrecedence';'l';'o';0.364;0.576;0.576
'Precedence(p, l)';'Precedence';'l';'p';0.522;0.826;0.826
'AlternatePrecedence(p, l)';'AlternatePrecedence';'l';'p';0.476;0.753;0.753
'Precedence(q, l)';'Precedence';'l';'q';0.436;0.690;0.690
'AlternatePrecedence(q, l)';'AlternatePrecedence';'l';'q';0.368;0.582;0.582
'Precedence(s, l)';'Precedence';'l';'s';0.442;0.699;0.699
'AlternatePrecedence(s, l)';'AlternatePrecedence';'l';'s';0.386;0.611;0.611
'Precedence(t, l)';'Precedence';'l';'t';0.406;0.642;0.642
'AlternatePrecedence(t, l)';'AlternatePrecedence';'l';'t';0.348;0.551;0.551
'Precedence(u, l)';'Precedence';'l';'u';0.440;0.696;0.696
'AlternatePrecedence(u, l)';'AlternatePrecedence';'l';'u';0.374;0.592;0.592
'Precedence(v, l)';'Precedence';'l';'v';0.412;0.652;0.652
'AlternatePrecedence(v, l)';'AlternatePrecedence';'l';'v';0.368;0.582;0.582
'Precedence(w, l)';'Precedence';'l';'w';0.430;0.680;0.680
'AlternatePrecedence(w, l)';'AlternatePrecedence';'l';'w';0.382;0.604;0.604
'Precedence(z, l)';'Precedence';'l';'z';0.408;0.646;0.646
'AlternatePrecedence(z, l)';'AlternatePrecedence';'l';'z';0.362;0.573;0.573
'AtMostOne(m)';'AtMostOne';'m';;0.426;0.508;0.508
'Participation(m)';'Participation';'m';;0.838;0.838;0.838
'AlternatePrecedence(a, m)';'AlternatePrecedence';'m';'a';0.642;0.766;0.766
'CoExistence(m, a)';'CoExistence';'m';'a';0.838;0.838;0.838
'Response(m, a)';'Response';'m';'a';0.494;0.589;0.589
'CoExistence(m, b)';'CoExistence';'m';'b';0.838;0.838;0.838
'AlternateResponse(m, b)';'AlternateResponse';'m';'b';0.632;0.754;0.754
'CoExistence(m, c)';'CoExistence';'m';'c';0.766;0.796;0.796
'RespondedExistence(m, c)';'RespondedExistence';'m';'c';0.766;0.914;0.914
'NotSuccession(m, c)';'NotSuccession';'m';'c';0.556;0.578;0.578
'CoExistence(m, d)';'CoExistence';'m';'d';0.838;0.840;0.840
'Response(m, d)';'Response';'m';'d';0.584;0.697;0.697
'AlternateResponse(m, d)';'AlternateResponse';'m';'d';0.430;0.513;0.513
'CoExistence(m, e)';'CoExistence';'m';'e';0.768;0.805;0.805
'RespondedExistence(m, e)';'RespondedExistence';'m';'e';0.768;0.916;0.916
'Response(m, e)';'Response';'m';'e';0.434;0.518;0.518
'CoExistence(m, f)';'CoExistence';'m';'f';0.834;0.846;0.846
'RespondedExistence(m, f)';'RespondedExistence';'m';'f';0.834;0.995;0.995
'Response(m, f)';'Response';'m';'f';0.730;0.871;0.871
'AlternateResponse(m, f)';'AlternateResponse';'m';'f';0.564;0.673;0.673
'CoExistence(m, g)';'CoExistence';'m';'g';0.782;0.806;0.806
'RespondedExistence(m, g)';'RespondedExistence';'m';'g';0.782;0.933;0.933
'Response(m, g)';'Response';'m';'g';0.470;0.561;0.561
'CoExistence(m, h)';'CoExistence';'m';'h';0.600;0.651;0.651
'RespondedExistence(m, h)';'RespondedExistence';'m';'h';0.600;0.716;0.716
'CoExistence(m, i)';'CoExistence';'m';'i';0.750;0.788;0.788
'RespondedExistence(m, i)';'RespondedExistence';'m';'i';0.750;0.895;0.895
'Response(m, i)';'Response';'m';'i';0.446;0.532;0.532
'CoExistence(m, l)';'CoExistence';'m';'l';0.562;0.619;0.619
'RespondedExistence(m, l)';'RespondedExistence';'m';'l';0.562;0.671;0.671
'CoExistence(m, n)';'CoExistence';'m';'n';0.838;0.862;0.862
'Succession(m, n)';'Succession';'m';'n';0.498;0.512;0.512
'AlternateResponse(m, n)';'AlternateResponse';'m';'n';0.780;0.931;0.931
'CoExistence(m, o)';'CoExistence';'m';'o';0.758;0.781;0.781
'RespondedExistence(m, o)';'RespondedExistence';'m';'o';0.758;0.905;0.905
'Response(m, o)';'Response';'m';'o';0.448;0.535;0.535
'CoExistence(m, p)';'CoExistence';'m';'p';0.828;0.840;0.840
'RespondedExistence(m, p)';'RespondedExistence';'m';'p';0.828;0.988;0.988
'Response(m, p)';'Response';'m';'p';0.610;0.728;0.728
'AlternateResponse(m, p)';'AlternateResponse';'m';'p';0.538;0.642;0.642
'CoExistence(m, q)';'CoExistence';'m';'q';0.780;0.816;0.816
'RespondedExistence(m, q)';'RespondedExistence';'m';'q';0.780;0.931;0.931
'Response(m, q)';'Response';'m';'q';0.478;0.570;0.570
'NotSuccession(m, r)';'NotSuccession';'m';'r';0.790;0.927;0.927
'NotCoExistence(m, r)';'NotCoExistence';'m';'r';0.768;0.901;0.901
'CoExistence(m, s)';'CoExistence';'m';'s';0.762;0.797;0.797
'RespondedExistence(m, s)';'RespondedExistence';'m';'s';0.762;0.909;0.909
'Response(m, s)';'Response';'m';'s';0.440;0.525;0.525
'CoExistence(m, t)';'CoExistence';'m';'t';0.826;0.839;0.839
'RespondedExistence(m, t)';'RespondedExistence';'m';'t';0.826;0.986;0.986
'Response(m, t)';'Response';'m';'t';0.526;0.628;0.628
'CoExistence(m, u)';'CoExistence';'m';'u';0.764;0.789;0.789
'RespondedExistence(m, u)';'RespondedExistence';'m';'u';0.764;0.912;0.912
'Response(m, u)';'Response';'m';'u';0.458;0.547;0.547
'CoExistence(m, v)';'CoExistence';'m';'v';0.762;0.786;0.786
'RespondedExistence(m, v)';'RespondedExistence';'m';'v';0.762;0.909;0.909
'Response(m, v)';'Response';'m';'v';0.476;0.568;0.568
'CoExistence(m, w)';'CoExistence';'m';'w';0.758;0.783;0.783
'RespondedExistence(m, w)';'RespondedExistence';'m';'w';0.758;0.905;0.905
'Response(m, w)';'Response';'m';'w';0.452;0.539;0.539
'CoExistence(m, z)';'CoExistence';'m';'z';0.748;0.779;0.779
'RespondedExistence(m, z)';'RespondedExistence';'m';'z';0.748;0.893;0.893
'Response(m, z)';'Response';'m';'z';0.462;0.551;0.551
'Precedence(p, m)';'Precedence';'m';'p';0.514;0.613;0.613
'AlternatePrecedence(p, m)';'AlternatePrecedence';'m';'p';0.454;0.542;0.542
'Participation(n)';'Participation';'n';;0.972;0.972;0.972
'Precedence(b, n)';'Precedence';'n';'b';0.498;0.512;0.512
'Precedence(d, n)';'Precedence';'n';'d';0.520;0.535;0.535
'Precedence(e, n)';'Precedence';'n';'e';0.522;0.537;0.537
'Precedence(f, n)';'Precedence';'n';'f';0.498;0.512;0.512
'Precedence(g, n)';'Precedence';'n';'g';0.540;0.556;0.556
'Precedence(m, n)';'Precedence';'n';'m';0.514;0.529;0.529
'CoExistence(n, a)';'CoExistence';'n';'a';0.972;0.972;0.972
'CoExistence(n, b)';'CoExistence';'n';'b';0.972;0.972;0.972
'CoExistence(n, c)';'CoExistence';'n';'c';0.876;0.888;0.888
'RespondedExistence(n, c)';'RespondedExistence';'n';'c';0.876;0.901;0.901
'NotSuccession(n, c)';'NotSuccession';'n';'c';0.586;0.594;0.594
'CoExistence(n, d)';'CoExistence';'n';'d';0.972;0.974;0.974
'CoExistence(n, e)';'CoExistence';'n';'e';0.874;0.890;0.890
'RespondedExistence(n, e)';'RespondedExistence';'n';'e';0.874;0.899;0.899
'CoExistence(n, f)';'CoExistence';'n';'f';0.962;0.970;0.970
'RespondedExistence(n, f)';'RespondedExistence';'n';'f';0.962;0.990;0.990
'Response(n, f)';'Response';'n';'f';0.498;0.512;0.512
'CoExistence(n, g)';'CoExistence';'n';'g';0.896;0.905;0.905
'RespondedExistence(n, g)';'RespondedExistence';'n';'g';0.896;0.922;0.922
'CoExistence(n, h)';'CoExistence';'n';'h';0.680;0.697;0.697
'RespondedExistence(n, h)';'RespondedExistence';'n';'h';0.680;0.700;0.700
'CoExistence(n, i)';'CoExistence';'n';'i';0.854;0.870;0.870
'RespondedExistence(n, i)';'RespondedExistence';'n';'i';0.854;0.879;0.879
'CoExistence(n, l)';'CoExistence';'n';'l';0.630;0.647;0.647
'RespondedExistence(n, l)';'RespondedExistence';'n';'l';0.630;0.648;0.648
'NotSuccession(n, l)';'NotSuccession';'n';'l';0.522;0.536;0.536
'CoExistence(n, m)';'CoExistence';'n';'m';0.838;0.862;0.862
'RespondedExistence(n, m)';'RespondedExistence';'n';'m';0.838;0.862;0.862
'CoExistence(n, o)';'CoExistence';'n';'o';0.874;0.885;0.885
'RespondedExistence(n, o)';'RespondedExistence';'n';'o';0.874;0.899;0.899
'CoExistence(n, p)';'CoExistence';'n';'p';0.954;0.960;0.960
'RespondedExistence(n, p)';'RespondedExistence';'n';'p';0.954;0.981;0.981
'CoExistence(n, q)';'CoExistence';'n';'q';0.884;0.897;0.897
'RespondedExistence(n, q)';'RespondedExistence';'n';'q';0.884;0.909;0.909
'NotSuccession(n, r)';'NotSuccession';'n';'r';0.910;0.936;0.936
'NotCoExistence(n, r)';'NotCoExistence';'n';'r';0.874;0.899;0.899
'CoExistence(n, s)';'CoExistence';'n';'s';0.866;0.878;0.878
'RespondedExistence(n, s)';'RespondedExistence';'n';'s';0.866;0.891;0.891
'CoExistence(n, t)';'CoExistence';'n';'t';0.950;0.956;0.956
'RespondedExistence(n, t)';'RespondedExistence';'n';'t';0.950;0.977;0.977
'CoExistence(n, u)';'CoExistence';'n';'u';0.876;0.885;0.885
'RespondedExistence(n, u)';'RespondedExistence';'n';'u';0.876;0.901;0.901
'CoExistence(n, v)';'CoExistence';'n';'v';0.876;0.885;0.885
'RespondedExistence(n, v)';'RespondedExistence';'n';'v';0.876;0.901;0.901
'CoExistence(n, w)';'CoExistence';'n';'w';0.870;0.879;0.879
'RespondedExistence(n, w)';'RespondedExistence';'n';'w';0.870;0.895;0.895
'CoExistence(n, z)';'CoExistence';'n';'z';0.854;0.864;0.864
'RespondedExistence(n, z)';'RespondedExistence';'n';'z';0.854;0.879;0.879
'Precedence(o, n)';'Precedence';'n';'o';0.500;0.514;0.514
'Precedence(p, n)';'Precedence';'n';'p';0.654;0.673;0.673
'Precedence(q, n)';'Precedence';'n';'q';0.504;0.519;0.519
'Precedence(s, n)';'Precedence';'n';'s';0.528;0.543;0.543
'Precedence(u, n)';'Precedence';'n';'u';0.510;0.525;0.525
'Participation(o)';'Participation';'o';;0.890;0.890;0.890
'CoExistence(o, a)';'CoExistence';'o';'a';0.890;0.890;0.890
'CoExistence(o, b)';'CoExistence';'o';'b';0.890;0.890;0.890
'Succession(o, b)';'Succession';'o';'b';0.514;0.514;0.514
'CoExistence(o, c)';'CoExistence';'o';'c';0.800;0.816;0.816
'RespondedExistence(o, c)';'RespondedExistence';'o';'c';0.800;0.899;0.899
'NotSuccession(o, c)';'NotSuccession';'o';'c';0.568;0.580;0.580
'CoExistence(o, d)';'CoExistence';'o';'d';0.890;0.892;0.892
'Response(o, d)';'Response';'o';'d';0.512;0.575;0.575
'CoExistence(o, e)';'CoExistence';'o';'e';0.796;0.814;0.814
'RespondedExistence(o, e)';'RespondedExistence';'o';'e';0.796;0.894;0.894
'CoExistence(o, f)';'CoExistence';'o';'f';0.882;0.891;0.891
'RespondedExistence(o, f)';'RespondedExistence';'o';'f';0.882;0.991;0.991
'Response(o, f)';'Response';'o';'f';0.702;0.789;0.789
'CoExistence(o, g)';'CoExistence';'o';'g';0.820;0.833;0.833
'RespondedExistence(o, g)';'RespondedExistence';'o';'g';0.820;0.921;0.921
'CoExistence(o, h)';'CoExistence';'o';'h';0.616;0.643;0.643
'RespondedExistence(o, h)';'RespondedExistence';'o';'h';0.616;0.692;0.692
'CoExistence(o, i)';'CoExistence';'o';'i';0.780;0.801;0.801
'RespondedExistence(o, i)';'RespondedExistence';'o';'i';0.780;0.876;0.876
'CoExistence(o, l)';'CoExistence';'o';'l';0.568;0.595;0.595
'RespondedExistence(o, l)';'RespondedExistence';'o';'l';0.568;0.638;0.638
'NotSuccession(o, l)';'NotSuccession';'o';'l';0.488;0.512;0.512
'CoExistence(o, m)';'CoExistence';'o';'m';0.758;0.781;0.781
'RespondedExistence(o, m)';'RespondedExistence';'o';'m';0.758;0.852;0.852
'CoExistence(o, n)';'CoExistence';'o';'n';0.874;0.885;0.885
'RespondedExistence(o, n)';'RespondedExistence';'o';'n';0.874;0.982;0.982
'Response(o, n)';'Response';'o';'n';0.688;0.773;0.773
'CoExistence(o, p)';'CoExistence';'o';'p';0.890;0.912;0.912
'Succession(o, p)';'Succession';'o';'p';0.490;0.502;0.502
'ChainResponse(o, p)';'ChainResponse';'o';'p';0.700;0.787;0.787
'CoExistence(o, q)';'CoExistence';'o';'q';0.812;0.832;0.832
'RespondedExistence(o, q)';'RespondedExistence';'o';'q';0.812;0.912;0.912
'NotSuccession(o, r)';'NotSuccession';'o';'r';0.844;0.936;0.936
'NotCoExistence(o, r)';'NotCoExistence';'o';'r';0.816;0.905;0.905
'CoExistence(o, s)';'CoExistence';'o';'s';0.798;0.821;0.821
'RespondedExistence(o, s)';'RespondedExistence';'o';'s';0.798;0.897;0.897
'CoExistence(o, t)';'CoExistence';'o';'t';0.872;0.881;0.881
'RespondedExistence(o, t)';'RespondedExistence';'o';'t';0.872;0.980;0.980
'Response(o, t)';'Response';'o';'t';0.474;0.533;0.533
'CoExistence(o, u)';'CoExistence';'o';'u';0.796;0.806;0.806
'RespondedExistence(o, u)';'RespondedExistence';'o';'u';0.796;0.894;0.894
'CoExistence(o, v)';'CoExistence';'o';'v';0.796;0.806;0.806
'RespondedExistence(o, v)';'RespondedExistence';'o';'v';0.796;0.894;0.894
'CoExistence(o, w)';'CoExistence';'o';'w';0.796;0.811;0.811
'RespondedExistence(o, w)';'RespondedExistence';'o';'w';0.796;0.894;0.894
'CoExistence(o, z)';'CoExistence';'o';'z';0.790;0.814;0.814
'RespondedExistence(o, z)';'RespondedExistence';'o';'z';0.790;0.888;0.888
'Participation(p)';'Participation';'p';;0.976;0.976;0.976
'Precedence(o, p)';'Precedence';'p';'o';0.496;0.508;0.508
'CoExistence(p, a)';'CoExistence';'p';'a';0.976;0.976;0.976
'CoExistence(p, b)';'CoExistence';'p';'b';0.976;0.976;0.976
'Succession(p, b)';'Succession';'p';'b';0.660;0.660;0.660
'CoExistence(p, c)';'CoExistence';'p';'c';0.874;0.881;0.881
'RespondedExistence(p, c)';'RespondedExistence';'p';'c';0.874;0.895;0.895
'CoExistence(p, d)';'CoExistence';'p';'d';0.976;0.978;0.978
'CoExistence(p, e)';'CoExistence';'p';'e';0.870;0.879;0.879
'RespondedExistence(p, e)';'RespondedExistence';'p';'e';0.870;0.891;0.891
'CoExistence(p, f)';'CoExistence';'p';'f';0.964;0.970;0.970
'RespondedExistence(p, f)';'RespondedExistence';'p';'f';0.964;0.988;0.988
'Response(p, f)';'Response';'p';'f';0.692;0.709;0.709
'CoExistence(p, g)';'CoExistence';'p';'g';0.898;0.905;0.905
'RespondedExistence(p, g)';'RespondedExistence';'p';'g';0.898;0.920;0.920
'CoExistence(p, h)';'CoExistence';'p';'h';0.676;0.687;0.687
'RespondedExistence(p, h)';'RespondedExistence';'p';'h';0.676;0.693;0.693
'CoExistence(p, i)';'CoExistence';'p';'i';0.850;0.859;0.859
'RespondedExistence(p, i)';'RespondedExistence';'p';'i';0.850;0.871;0.871
'CoExistence(p, l)';'CoExistence';'p';'l';0.622;0.631;0.631
'RespondedExistence(p, l)';'RespondedExistence';'p';'l';0.622;0.637;0.637
'CoExistence(p, m)';'CoExistence';'p';'m';0.828;0.840;0.840
'RespondedExistence(p, m)';'RespondedExistence';'p';'m';0.828;0.848;0.848
'CoExistence(p, n)';'CoExistence';'p';'n';0.954;0.960;0.960
'RespondedExistence(p, n)';'RespondedExistence';'p';'n';0.954;0.977;0.977
'Response(p, n)';'Response';'p';'n';0.648;0.664;0.664
'CoExistence(p, o)';'CoExistence';'p';'o';0.890;0.912;0.912
'RespondedExistence(p, o)';'RespondedExistence';'p';'o';0.890;0.912;0.912
'CoExistence(p, q)';'CoExistence';'p';'q';0.882;0.889;0.889
'RespondedExistence(p, q)';'RespondedExistence';'p';'q';0.882;0.904;0.904
'NotSuccession(p, r)';'NotSuccession';'p';'r';0.900;0.922;0.922
'NotCoExistence(p, r)';'NotCoExistence';'p';'r';0.878;0.900;0.900
'CoExistence(p, s)';'CoExistence';'p';'s';0.870;0.882;0.882
'RespondedExistence(p, s)';'RespondedExistence';'p';'s';0.870;0.891;0.891
'CoExistence(p, t)';'CoExistence';'p';'t';0.956;0.964;0.964
'RespondedExistence(p, t)';'RespondedExistence';'p';'t';0.956;0.980;0.980
'CoExistence(p, u)';'CoExistence';'p';'u';0.878;0.885;0.885
'RespondedExistence(p, u)';'RespondedExistence';'p';'u';0.878;0.900;0.900
'CoExistence(p, v)';'CoExistence';'p';'v';0.874;0.878;0.878
'RespondedExistence(p, v)';'RespondedExistence';'p';'v';0.874;0.895;0.895
'CoExistence(p, w)';'CoExistence';'p';'w';0.876;0.887;0.887
'RespondedExistence(p, w)';'RespondedExistence';'p';'w';0.876;0.898;0.898
'CoExistence(p, z)';'CoExistence';'p';'z';0.856;0.865;0.865
'RespondedExistence(p, z)';'RespondedExistence';'p';'z';0.856;0.877;0.877
'Participation(q)';'Participation';'q';;0.898;0.898;0.898
'Precedence(p, q)';'Precedence';'q';'p';0.554;0.617;0.617
'CoExistence(q, a)';'CoExistence';'q';'a';0.898;0.898;0.898
'CoExistence(q, b)';'CoExistence';'q';'b';0.898;0.898;0.898
'CoExistence(q, c)';'CoExistence';'q';'c';0.812;0.832;0.832
'RespondedExistence(q, c)';'RespondedExistence';'q';'c';0.812;0.904;0.904
'NotSuccession(q, c)';'NotSuccession';'q';'c';0.556;0.570;0.570
'CoExistence(q, d)';'CoExistence';'q';'d';0.898;0.900;0.900
'Response(q, d)';'Response';'q';'d';0.508;0.566;0.566
'CoExistence(q, e)';'CoExistence';'q';'e';0.818;0.849;0.849
'RespondedExistence(q, e)';'RespondedExistence';'q';'e';0.818;0.911;0.911
'CoExistence(q, f)';'CoExistence';'q';'f';0.894;0.907;0.907
'RespondedExistence(q, f)';'RespondedExistence';'q';'f';0.894;0.996;0.996
'Response(q, f)';'Response';'q';'f';0.718;0.800;0.800
'CoExistence(q, g)';'CoExistence';'q';'g';0.832;0.849;0.849
'RespondedExistence(q, g)';'RespondedExistence';'q';'g';0.832;0.927;0.927
'CoExistence(q, h)';'CoExistence';'q';'h';0.636;0.672;0.672
'RespondedExistence(q, h)';'RespondedExistence';'q';'h';0.636;0.708;0.708
'CoExistence(q, i)';'CoExistence';'q';'i';0.792;0.816;0.816
'RespondedExistence(q, i)';'RespondedExistence';'q';'i';0.792;0.882;0.882
'CoExistence(q, l)';'CoExistence';'q';'l';0.582;0.614;0.614
'RespondedExistence(q, l)';'RespondedExistence';'q';'l';0.582;0.648;0.648
'CoExistence(q, m)';'CoExistence';'q';'m';0.780;0.816;0.816
'RespondedExistence(q, m)';'RespondedExistence';'q';'m';0.780;0.869;0.869
'CoExistence(q, n)';'CoExistence';'q';'n';0.884;0.897;0.897
'RespondedExistence(q, n)';'RespondedExistence';'q';'n';0.884;0.984;0.984
'Response(q, n)';'Response';'q';'n';0.706;0.786;0.786
'CoExistence(q, o)';'CoExistence';'q';'o';0.812;0.832;0.832
'RespondedExistence(q, o)';'RespondedExistence';'q';'o';0.812;0.904;0.904
'CoExistence(q, p)';'CoExistence';'q';'p';0.882;0.889;0.889
'RespondedExistence(q, p)';'RespondedExistence';'q';'p';0.882;0.982;0.982
'Response(q, p)';'Response';'q';'p';0.606;0.675;0.675
'NotSuccession(q, r)';'NotSuccession';'q';'r';0.802;0.893;0.893
'NotCoExistence(q, r)';'NotCoExistence';'q';'r';0.800;0.891;0.891
'CoExistence(q, s)';'CoExistence';'q';'s';0.816;0.848;0.848
'RespondedExistence(q, s)';'RespondedExistence';'q';'s';0.816;0.909;0.909
'CoExistence(q, t)';'CoExistence';'q';'t';0.882;0.893;0.893
'RespondedExistence(q, t)';'RespondedExistence';'q';'t';0.882;0.982;0.982
'Response(q, t)';'Response';'q';'t';0.470;0.523;0.523
'CoExistence(q, u)';'CoExistence';'q';'u';0.820;0.844;0.844
'RespondedExistence(q, u)';'RespondedExistence';'q';'u';0.820;0.913;0.913
'CoExistence(q, v)';'CoExistence';'q';'v';0.812;0.829;0.829
'RespondedExistence(q, v)';'RespondedExistence';'q';'v';0.812;0.904;0.904
'CoExistence(q, w)';'CoExistence';'q';'w';0.808;0.826;0.826
'RespondedExistence(q, w)';'RespondedExistence';'q';'w';0.808;0.900;0.900
'CoExistence(q, z)';'CoExistence';'q';'z';0.800;0.826;0.826
'RespondedExistence(q, z)';'RespondedExistence';'q';'z';0.800;0.891;0.891
'AtMostOne(r)';'AtMostOne';'r';;0.094;0.959;0.959
'AlternatePrecedence(a, r)';'AlternatePrecedence';'r';'a';0.098;1.000;1.000
'Precedence(b, r)';'Precedence';'r';'b';0.066;0.673;0.673
'AlternatePrecedence(b, r)';'AlternatePrecedence';'r';'b';0.064;0.653;0.653
'Precedence(c, r)';'Precedence';'r';'c';0.074;0.755;0.755
'AlternatePrecedence(c, r)';'AlternatePrecedence';'r';'c';0.070;0.714;0.714
'Precedence(d, r)';'Precedence';'r';'d';0.068;0.694;0.694
'AlternatePrecedence(d, r)';'AlternatePrecedence';'r';'d';0.066;0.673;0.673
'Precedence(e, r)';'Precedence';'r';'e';0.068;0.694;0.694
'AlternatePrecedence(e, r)';'AlternatePrecedence';'r';'e';0.064;0.653;0.653
'Precedence(f, r)';'Precedence';'r';'f';0.066;0.673;0.673
'AlternatePrecedence(f, r)';'AlternatePrecedence';'r';'f';0.066;0.673;0.673
'Precedence(g, r)';'Precedence';'r';'g';0.080;0.816;0.816
'AlternatePrecedence(g, r)';'AlternatePrecedence';'r';'g';0.078;0.796;0.796
'Precedence(i, r)';'Precedence';'r';'i';0.066;0.673;0.673
'AlternatePrecedence(i, r)';'AlternatePrecedence';'r';'i';0.066;0.673;0.673
'Precedence(m, r)';'Precedence';'r';'m';0.062;0.633;0.633
'AlternatePrecedence(m, r)';'AlternatePrecedence';'r';'m';0.058;0.592;0.592
'Precedence(n, r)';'Precedence';'r';'n';0.062;0.633;0.633
'AlternatePrecedence(n, r)';'AlternatePrecedence';'r';'n';0.060;0.612;0.612
'Precedence(o, r)';'Precedence';'r';'o';0.058;0.592;0.592
'AlternatePrecedence(o, r)';'AlternatePrecedence';'r';'o';0.058;0.592;0.592
'Precedence(p, r)';'Precedence';'r';'p';0.076;0.776;0.776
'AlternatePrecedence(p, r)';'AlternatePrecedence';'r';'p';0.076;0.776;0.776
'ChainPrecedence(q, r)';'ChainPrecedence';'r';'q';0.084;0.857;0.857
'NotSuccession(r, a)';'NotSuccession';'r';'a';0.950;0.950;0.950
'NotCoExistence(r, a)';'NotCoExistence';'r';'a';0.902;0.902;0.902
'AlternateResponse(r, b)';'AlternateResponse';'r';'b';0.096;0.980;0.980
'NotSuccession(r, b)';'NotSuccession';'r';'b';0.902;0.902;0.902
'NotCoExistence(r, b)';'NotCoExistence';'r';'b';0.902;0.902;0.902
'RespondedExistence(r, c)';'RespondedExistence';'r';'c';0.096;0.980;0.980
'NotSuccession(r, c)';'NotSuccession';'r';'c';0.870;0.975;0.975
'NotCoExistence(r, c)';'NotCoExistence';'r';'c';0.796;0.892;0.892
'Response(r, d)';'Response';'r';'d';0.060;0.612;0.612
'AlternateResponse(r, d)';'AlternateResponse';'r';'d';0.058;0.592;0.592
'NotSuccession(r, d)';'NotSuccession';'r';'d';0.936;0.938;0.938
'NotCoExistence(r, d)';'NotCoExistence';'r';'d';0.900;0.902;0.902
'RespondedExistence(r, e)';'RespondedExistence';'r';'e';0.096;0.980;0.980
'Response(r, e)';'Response';'r';'e';0.052;0.531;0.531
'AlternateResponse(r, e)';'AlternateResponse';'r';'e';0.052;0.531;0.531
'NotSuccession(r, e)';'NotSuccession';'r';'e';0.834;0.941;0.941
'NotCoExistence(r, e)';'NotCoExistence';'r';'e';0.790;0.892;0.892
'RespondedExistence(r, f)';'RespondedExistence';'r';'f';0.098;1.000;1.000
'Response(r, f)';'Response';'r';'f';0.086;0.878;0.878
'AlternateResponse(r, f)';'AlternateResponse';'r';'f';0.086;0.878;0.878
'NotSuccession(r, f)';'NotSuccession';'r';'f';0.892;0.908;0.908
'NotCoExistence(r, f)';'NotCoExistence';'r';'f';0.884;0.900;0.900
'RespondedExistence(r, g)';'RespondedExistence';'r';'g';0.088;0.898;0.898
'NotSuccession(r, g)';'NotSuccession';'r';'g';0.878;0.950;0.950
'NotCoExistence(r, g)';'NotCoExistence';'r';'g';0.836;0.905;0.905
'RespondedExistence(r, h)';'RespondedExistence';'r';'h';0.076;0.776;0.776
'NotSuccession(r, h)';'NotSuccession';'r';'h';0.660;0.935;0.935
'NotCoExistence(r, h)';'NotCoExistence';'r';'h';0.630;0.892;0.892
'RespondedExistence(r, i)';'RespondedExistence';'r';'i';0.086;0.878;0.878
'NotSuccession(r, i)';'NotSuccession';'r';'i';0.834;0.952;0.952
'NotCoExistence(r, i)';'NotCoExistence';'r';'i';0.790;0.902;0.902
'RespondedExistence(r, l)';'RespondedExistence';'r';'l';0.068;0.694;0.694
'NotSuccession(r, l)';'NotSuccession';'r';'l';0.622;0.940;0.940
'NotCoExistence(r, l)';'NotCoExistence';'r';'l';0.594;0.897;0.897
'RespondedExistence(r, m)';'RespondedExistence';'r';'m';0.084;0.857;0.857
'NotSuccession(r, m)';'NotSuccession';'r';'m';0.818;0.960;0.960
'NotCoExistence(r, m)';'NotCoExistence';'r';'m';0.768;0.901;0.901
'RespondedExistence(r, n)';'RespondedExistence';'r';'n';0.098;1.000;1.000
'Response(r, n)';'Response';'r';'n';0.084;0.857;0.857
'AlternateResponse(r, n)';'AlternateResponse';'r';'n';0.080;0.816;0.816
'NotSuccession(r, n)';'NotSuccession';'r';'n';0.888;0.914;0.914
'NotCoExistence(r, n)';'NotCoExistence';'r';'n';0.874;0.899;0.899
'RespondedExistence(r, o)';'RespondedExistence';'r';'o';0.086;0.878;0.878
'Response(r, o)';'Response';'r';'o';0.050;0.510;0.510
'AlternateResponse(r, o)';'AlternateResponse';'r';'o';0.050;0.510;0.510
'NotSuccession(r, o)';'NotSuccession';'r';'o';0.848;0.940;0.940
'NotCoExistence(r, o)';'NotCoExistence';'r';'o';0.816;0.905;0.905
'RespondedExistence(r, p)';'RespondedExistence';'r';'p';0.098;1.000;1.000
'Response(r, p)';'Response';'r';'p';0.072;0.735;0.735
'AlternateResponse(r, p)';'AlternateResponse';'r';'p';0.072;0.735;0.735
'NotSuccession(r, p)';'NotSuccession';'r';'p';0.902;0.924;0.924
'NotCoExistence(r, p)';'NotCoExistence';'r';'p';0.878;0.900;0.900
'NotSuccession(r, q)';'NotSuccession';'r';'q';0.850;0.947;0.947
'NotCoExistence(r, q)';'NotCoExistence';'r';'q';0.800;0.891;0.891
'RespondedExistence(r, s)';'RespondedExistence';'r';'s';0.096;0.980;0.980
'Response(r, s)';'Response';'r';'s';0.056;0.571;0.571
'AlternateResponse(r, s)';'AlternateResponse';'r';'s';0.056;0.571;0.571
'NotSuccession(r, s)';'NotSuccession';'r';'s';0.826;0.937;0.937
'NotCoExistence(r, s)';'NotCoExistence';'r';'s';0.786;0.891;0.891
'RespondedExistence(r, t)';'RespondedExistence';'r';'t';0.098;1.000;1.000
'Response(r, t)';'Response';'r';'t';0.064;0.653;0.653
'AlternateResponse(r, t)';'AlternateResponse';'r';'t';0.060;0.612;0.612
'NotSuccession(r, t)';'NotSuccession';'r';'t';0.908;0.934;0.934
'NotCoExistence(r, t)';'NotCoExistence';'r';'t';0.874;0.899;0.899
'RespondedExistence(r, u)';'RespondedExistence';'r';'u';0.090;0.918;0.918
'Response(r, u)';'Response';'r';'u';0.056;0.571;0.571
'AlternateResponse(r, u)';'AlternateResponse';'r';'u';0.056;0.571;0.571
'NotSuccession(r, u)';'NotSuccession';'r';'u';0.842;0.933;0.933
'NotCoExistence(r, u)';'NotCoExistence';'r';'u';0.812;0.900;0.900
'RespondedExistence(r, v)';'RespondedExistence';'r';'v';0.092;0.939;0.939
'Response(r, v)';'Response';'r';'v';0.056;0.571;0.571
'AlternateResponse(r, v)';'AlternateResponse';'r';'v';0.056;0.571;0.571
'NotSuccession(r, v)';'NotSuccession';'r';'v';0.842;0.936;0.936
'NotCoExistence(r, v)';'NotCoExistence';'r';'v';0.808;0.898;0.898
'RespondedExistence(r, w)';'RespondedExistence';'r';'w';0.092;0.939;0.939
'NotSuccession(r, w)';'NotSuccession';'r';'w';0.846;0.946;0.946
'NotCoExistence(r, w)';'NotCoExistence';'r';'w';0.802;0.897;0.897
'RespondedExistence(r, z)';'RespondedExistence';'r';'z';0.088;0.898;0.898
'Response(r, z)';'Response';'r';'z';0.050;0.510;0.510
'NotSuccession(r, z)';'NotSuccession';'r';'z';0.830;0.943;0.943
'NotCoExistence(r, z)';'NotCoExistence';'r';'z';0.792;0.900;0.900
'Precedence(s, r)';'Precedence';'r';'s';0.080;0.816;0.816
'AlternatePrecedence(s, r)';'AlternatePrecedence';'r';'s';0.078;0.796;0.796
'Precedence(t, r)';'Precedence';'r';'t';0.066;0.673;0.673
'AlternatePrecedence(t, r)';'AlternatePrecedence';'r';'t';0.064;0.653;0.653
'Precedence(u, r)';'Precedence';'r';'u';0.066;0.673;0.673
'AlternatePrecedence(u, r)';'AlternatePrecedence';'r';'u';0.066;0.673;0.673
'Precedence(v, r)';'Precedence';'r';'v';0.064;0.653;0.653
'AlternatePrecedence(v, r)';'AlternatePrecedence';'r';'v';0.064;0.653;0.653
'Precedence(w, r)';'Precedence';'r';'w';0.074;0.755;0.755
'AlternatePrecedence(w, r)';'AlternatePrecedence';'r';'w';0.072;0.735;0.735
'Precedence(z, r)';'Precedence';'r';'z';0.068;0.694;0.694
'AlternatePrecedence(z, r)';'AlternatePrecedence';'r';'z';0.066;0.673;0.673
'Participation(s)';'Participation';'s';;0.880;0.880;0.880
'Precedence(p, s)';'Precedence';'s';'p';0.504;0.573;0.573
'CoExistence(s, a)';'CoExistence';'s';'a';0.880;0.880;0.880
'CoExistence(s, b)';'CoExistence';'s';'b';0.880;0.880;0.880
'Succession(s, b)';'Succession';'s';'b';0.514;0.514;0.514
'CoExistence(s, c)';'CoExistence';'s';'c';0.792;0.810;0.810
'RespondedExistence(s, c)';'RespondedExistence';'s';'c';0.792;0.900;0.900
'NotSuccession(s, c)';'NotSuccession';'s';'c';0.510;0.521;0.521
'CoExistence(s, d)';'CoExistence';'s';'d';0.880;0.882;0.882
'Response(s, d)';'Response';'s';'d';0.516;0.586;0.586
'CoExistence(s, e)';'CoExistence';'s';'e';0.802;0.834;0.834
'RespondedExistence(s, e)';'RespondedExistence';'s';'e';0.802;0.911;0.911
'CoExistence(s, f)';'CoExistence';'s';'f';0.876;0.888;0.888
'RespondedExistence(s, f)';'RespondedExistence';'s';'f';0.876;0.995;0.995
'Response(s, f)';'Response';'s';'f';0.694;0.789;0.789
'CoExistence(s, g)';'CoExistence';'s';'g';0.824;0.849;0.849
'RespondedExistence(s, g)';'RespondedExistence';'s';'g';0.824;0.936;0.936
'CoExistence(s, h)';'CoExistence';'s';'h';0.620;0.657;0.657
'RespondedExistence(s, h)';'RespondedExistence';'s';'h';0.620;0.705;0.705
'CoExistence(s, i)';'CoExistence';'s';'i';0.784;0.817;0.817
'RespondedExistence(s, i)';'RespondedExistence';'s';'i';0.784;0.891;0.891
'CoExistence(s, l)';'CoExistence';'s';'l';0.572;0.609;0.609
'RespondedExistence(s, l)';'RespondedExistence';'s';'l';0.572;0.650;0.650
'CoExistence(s, m)';'CoExistence';'s';'m';0.762;0.797;0.797
'RespondedExistence(s, m)';'RespondedExistence';'s';'m';0.762;0.866;0.866
'CoExistence(s, n)';'CoExistence';'s';'n';0.866;0.878;0.878
'RespondedExistence(s, n)';'RespondedExistence';'s';'n';0.866;0.984;0.984
'Response(s, n)';'Response';'s';'n';0.668;0.759;0.759
'CoExistence(s, o)';'CoExistence';'s';'o';0.798;0.821;0.821
'RespondedExistence(s, o)';'RespondedExistence';'s';'o';0.798;0.907;0.907
'CoExistence(s, p)';'CoExistence';'s';'p';0.870;0.882;0.882
'RespondedExistence(s, p)';'RespondedExistence';'s';'p';0.870;0.989;0.989
'Response(s, p)';'Response';'s';'p';0.566;0.643;0.643
'CoExistence(s, q)';'CoExistence';'s';'q';0.816;0.848;0.848
'RespondedExistence(s, q)';'RespondedExistence';'s';'q';0.816;0.927;0.927
'NotSuccession(s, r)';'NotSuccession';'s';'r';0.802;0.909;0.909
'NotCoExistence(s, r)';'NotCoExistence';'s';'r';0.786;0.891;0.891
'CoExistence(s, t)';'CoExistence';'s';'t';0.880;0.905;0.905
'RespondedExistence(s, t)';'RespondedExistence';'s';'t';0.880;1.000;1.000
'Response(s, t)';'Response';'s';'t';0.488;0.555;0.555
'CoExistence(s, u)';'CoExistence';'s';'u';0.800;0.821;0.821
'RespondedExistence(s, u)';'RespondedExistence';'s';'u';0.800;0.909;0.909
'CoExistence(s, v)';'CoExistence';'s';'v';0.802;0.825;0.825
'RespondedExistence(s, v)';'RespondedExistence';'s';'v';0.802;0.911;0.911
'CoExistence(s, w)';'CoExistence';'s';'w';0.794;0.815;0.815
'RespondedExistence(s, w)';'RespondedExistence';'s';'w';0.794;0.902;0.902
'CoExistence(s, z)';'CoExistence';'s';'z';0.784;0.812;0.812
'RespondedExistence(s, z)';'RespondedExistence';'s';'z';0.784;0.891;0.891
'Participation(t)';'Participation';'t';;0.972;0.972;0.972
'AlternatePrecedence(a, t)';'AlternatePrecedence';'t';'a';0.510;0.525;0.525
'Precedence(b, t)';'Precedence';'t';'b';0.512;0.527;0.527
'Precedence(e, t)';'Precedence';'t';'e';0.508;0.523;0.523
'Precedence(f, t)';'Precedence';'t';'f';0.496;0.510;0.510
'Precedence(g, t)';'Precedence';'t';'g';0.510;0.525;0.525
'Precedence(p, t)';'Precedence';'t';'p';0.656;0.675;0.675
'Precedence(q, t)';'Precedence';'t';'q';0.520;0.535;0.535
'Precedence(s, t)';'Precedence';'t';'s';0.512;0.527;0.527
'CoExistence(t, a)';'CoExistence';'t';'a';0.972;0.972;0.972
'CoExistence(t, b)';'CoExistence';'t';'b';0.972;0.972;0.972
'CoExistence(t, c)';'CoExistence';'t';'c';0.872;0.881;0.881
'RespondedExistence(t, c)';'RespondedExistence';'t';'c';0.872;0.897;0.897
'NotSuccession(t, c)';'NotSuccession';'t';'c';0.582;0.588;0.588
'CoExistence(t, d)';'CoExistence';'t';'d';0.970;0.970;0.970
'Response(t, d)';'Response';'t';'d';0.500;0.514;0.514
'CoExistence(t, e)';'CoExistence';'t';'e';0.872;0.886;0.886
'RespondedExistence(t, e)';'RespondedExistence';'t';'e';0.872;0.897;0.897
'CoExistence(t, f)';'CoExistence';'t';'f';0.960;0.966;0.966
'RespondedExistence(t, f)';'RespondedExistence';'t';'f';0.960;0.988;0.988
'Response(t, f)';'Response';'t';'f';0.706;0.726;0.726
'CoExistence(t, g)';'CoExistence';'t';'g';0.898;0.909;0.909
'RespondedExistence(t, g)';'RespondedExistence';'t';'g';0.898;0.924;0.924
'CoExistence(t, h)';'CoExistence';'t';'h';0.674;0.686;0.686
'RespondedExistence(t, h)';'RespondedExistence';'t';'h';0.674;0.693;0.693
'CoExistence(t, i)';'CoExistence';'t';'i';0.852;0.866;0.866
'RespondedExistence(t, i)';'RespondedExistence';'t';'i';0.852;0.877;0.877
'CoExistence(t, l)';'CoExistence';'t';'l';0.622;0.633;0.633
'RespondedExistence(t, l)';'RespondedExistence';'t';'l';0.622;0.640;0.640
'NotSuccession(t, l)';'NotSuccession';'t';'l';0.518;0.527;0.527
'CoExistence(t, m)';'CoExistence';'t';'m';0.826;0.839;0.839
'RespondedExistence(t, m)';'RespondedExistence';'t';'m';0.826;0.850;0.850
'CoExistence(t, n)';'CoExistence';'t';'n';0.950;0.956;0.956
'RespondedExistence(t, n)';'RespondedExistence';'t';'n';0.950;0.977;0.977
'Response(t, n)';'Response';'t';'n';0.702;0.722;0.722
'CoExistence(t, o)';'CoExistence';'t';'o';0.872;0.881;0.881
'RespondedExistence(t, o)';'RespondedExistence';'t';'o';0.872;0.897;0.897
'CoExistence(t, p)';'CoExistence';'t';'p';0.956;0.964;0.964
'RespondedExistence(t, p)';'RespondedExistence';'t';'p';0.956;0.984;0.984
'Response(t, p)';'Response';'t';'p';0.566;0.582;0.582
'CoExistence(t, q)';'CoExistence';'t';'q';0.882;0.893;0.893
'RespondedExistence(t, q)';'RespondedExistence';'t';'q';0.882;0.907;0.907
'NotSuccession(t, r)';'NotSuccession';'t';'r';0.906;0.932;0.932
'NotCoExistence(t, r)';'NotCoExistence';'t';'r';0.874;0.899;0.899
'CoExistence(t, s)';'CoExistence';'t';'s';0.880;0.905;0.905
'RespondedExistence(t, s)';'RespondedExistence';'t';'s';0.880;0.905;0.905
'CoExistence(t, u)';'CoExistence';'t';'u';0.874;0.881;0.881
'RespondedExistence(t, u)';'RespondedExistence';'t';'u';0.874;0.899;0.899
'CoExistence(t, v)';'CoExistence';'t';'v';0.878;0.889;0.889
'RespondedExistence(t, v)';'RespondedExistence';'t';'v';0.878;0.903;0.903
'CoExistence(t, w)';'CoExistence';'t';'w';0.874;0.886;0.886
'RespondedExistence(t, w)';'RespondedExistence';'t';'w';0.874;0.899;0.899
'CoExistence(t, z)';'CoExistence';'t';'z';0.858;0.872;0.872
'RespondedExistence(t, z)';'RespondedExistence';'t';'z';0.858;0.883;0.883
'Precedence(v, t)';'Precedence';'t';'v';0.490;0.504;0.504
'Precedence(w, t)';'Precedence';'t';'w';0.498;0.512;0.512
'Participation(u)';'Participation';'u';;0.894;0.894;0.894
'Precedence(p, u)';'Precedence';'u';'p';0.554;0.620;0.620
'CoExistence(u, a)';'CoExistence';'u';'a';0.894;0.894;0.894
'CoExistence(u, b)';'CoExistence';'u';'b';0.894;0.894;0.894
'Succession(u, b)';'Succession';'u';'b';0.500;0.500;0.500
'CoExistence(u, c)';'CoExistence';'u';'c';0.806;0.824;0.824
'RespondedExistence(u, c)';'RespondedExistence';'u';'c';0.806;0.902;0.902
'NotSuccession(u, c)';'NotSuccession';'u';'c';0.554;0.566;0.566
'CoExistence(u, d)';'CoExistence';'u';'d';0.894;0.896;0.896
'Response(u, d)';'Response';'u';'d';0.518;0.579;0.579
'CoExistence(u, e)';'CoExistence';'u';'e';0.806;0.829;0.829
'RespondedExistence(u, e)';'RespondedExistence';'u';'e';0.806;0.902;0.902
'CoExistence(u, f)';'CoExistence';'u';'f';0.884;0.891;0.891
'RespondedExistence(u, f)';'RespondedExistence';'u';'f';0.884;0.989;0.989
'Response(u, f)';'Response';'u';'f';0.710;0.794;0.794
'CoExistence(u, g)';'CoExistence';'u';'g';0.826;0.841;0.841
'RespondedExistence(u, g)';'RespondedExistence';'u';'g';0.826;0.924;0.924
'CoExistence(u, h)';'CoExistence';'u';'h';0.628;0.661;0.661
'RespondedExistence(u, h)';'RespondedExistence';'u';'h';0.628;0.702;0.702
'CoExistence(u, i)';'CoExistence';'u';'i';0.786;0.809;0.809
'RespondedExistence(u, i)';'RespondedExistence';'u';'i';0.786;0.879;0.879
'CoExistence(u, l)';'CoExistence';'u';'l';0.582;0.617;0.617
'RespondedExistence(u, l)';'RespondedExistence';'u';'l';0.582;0.651;0.651
'CoExistence(u, m)';'CoExistence';'u';'m';0.764;0.789;0.789
'RespondedExistence(u, m)';'RespondedExistence';'u';'m';0.764;0.855;0.855
'CoExistence(u, n)';'CoExistence';'u';'n';0.876;0.885;0.885
'RespondedExistence(u, n)';'RespondedExistence';'u';'n';0.876;0.980;0.980
'Response(u, n)';'Response';'u';'n';0.702;0.785;0.785
'CoExistence(u, o)';'CoExistence';'u';'o';0.796;0.806;0.806
'RespondedExistence(u, o)';'RespondedExistence';'u';'o';0.796;0.890;0.890
'CoExistence(u, p)';'CoExistence';'u';'p';0.878;0.885;0.885
'RespondedExistence(u, p)';'RespondedExistence';'u';'p';0.878;0.982;0.982
'Response(u, p)';'Response';'u';'p';0.546;0.611;0.611
'CoExistence(u, q)';'CoExistence';'u';'q';0.820;0.844;0.844
'RespondedExistence(u, q)';'RespondedExistence';'u';'q';0.820;0.917;0.917
'NotSuccession(u, r)';'NotSuccession';'u';'r';0.836;0.927;0.927
'NotCoExistence(u, r)';'NotCoExistence';'u';'r';0.812;0.900;0.900
'CoExistence(u, s)';'CoExistence';'u';'s';0.800;0.821;0.821
'RespondedExistence(u, s)';'RespondedExistence';'u';'s';0.800;0.895;0.895
'CoExistence(u, t)';'CoExistence';'u';'t';0.874;0.881;0.881
'RespondedExistence(u, t)';'RespondedExistence';'u';'t';0.874;0.978;0.978
'Response(u, t)';'Response';'u';'t';0.488;0.546;0.546
'CoExistence(u, v)';'CoExistence';'u';'v';0.806;0.821;0.821
'RespondedExistence(u, v)';'RespondedExistence';'u';'v';0.806;0.902;0.902
'CoExistence(u, w)';'CoExistence';'u';'w';0.802;0.818;0.818
'RespondedExistence(u, w)';'RespondedExistence';'u';'w';0.802;0.897;0.897
'CoExistence(u, z)';'CoExistence';'u';'z';0.786;0.804;0.804
'RespondedExistence(u, z)';'RespondedExistence';'u';'z';0.786;0.879;0.879
'Participation(v)';'Participation';'v';;0.894;0.894;0.894
'AlternatePrecedence(a, v)';'AlternatePrecedence';'v';'a';0.448;0.501;0.501
'Precedence(p, v)';'Precedence';'v';'p';0.536;0.600;0.600
'Precedence(s, v)';'Precedence';'v';'s';0.458;0.512;0.512
'CoExistence(v, a)';'CoExistence';'v';'a';0.894;0.894;0.894
'CoExistence(v, b)';'CoExistence';'v';'b';0.894;0.894;0.894
'CoExistence(v, c)';'CoExistence';'v';'c';0.802;0.817;0.817
'RespondedExistence(v, c)';'RespondedExistence';'v';'c';0.802;0.897;0.897
'NotSuccession(v, c)';'NotSuccession';'v';'c';0.558;0.568;0.568
'CoExistence(v, d)';'CoExistence';'v';'d';0.892;0.892;0.892
'Response(v, d)';'Response';'v';'d';0.500;0.559;0.559
'CoExistence(v, e)';'CoExistence';'v';'e';0.802;0.822;0.822
'RespondedExistence(v, e)';'RespondedExistence';'v';'e';0.802;0.897;0.897
'CoExistence(v, f)';'CoExistence';'v';'f';0.882;0.887;0.887
'RespondedExistence(v, f)';'RespondedExistence';'v';'f';0.882;0.987;0.987
'Response(v, f)';'Response';'v';'f';0.720;0.805;0.805
'CoExistence(v, g)';'CoExistence';'v';'g';0.826;0.841;0.841
'RespondedExistence(v, g)';'RespondedExistence';'v';'g';0.826;0.924;0.924
'CoExistence(v, h)';'CoExistence';'v';'h';0.616;0.640;0.640
'RespondedExistence(v, h)';'RespondedExistence';'v';'h';0.616;0.689;0.689
'CoExistence(v, i)';'CoExistence';'v';'i';0.780;0.798;0.798
'RespondedExistence(v, i)';'RespondedExistence';'v';'i';0.780;0.872;0.872
'CoExistence(v, l)';'CoExistence';'v';'l';0.572;0.600;0.600
'RespondedExistence(v, l)';'RespondedExistence';'v';'l';0.572;0.640;0.640
'NotSuccession(v, l)';'NotSuccession';'v';'l';0.486;0.509;0.509
'CoExistence(v, m)';'CoExistence';'v';'m';0.762;0.786;0.786
'RespondedExistence(v, m)';'RespondedExistence';'v';'m';0.762;0.852;0.852
'CoExistence(v, n)';'CoExistence';'v';'n';0.876;0.885;0.885
'RespondedExistence(v, n)';'RespondedExistence';'v';'n';0.876;0.980;0.980
'Response(v, n)';'Response';'v';'n';0.722;0.808;0.808
'CoExistence(v, o)';'CoExistence';'v';'o';0.796;0.806;0.806
'RespondedExistence(v, o)';'RespondedExistence';'v';'o';0.796;0.890;0.890
'CoExistence(v, p)';'CoExistence';'v';'p';0.874;0.878;0.878
'RespondedExistence(v, p)';'RespondedExistence';'v';'p';0.874;0.978;0.978
'Response(v, p)';'Response';'v';'p';0.570;0.638;0.638
'CoExistence(v, q)';'CoExistence';'v';'q';0.812;0.829;0.829
'RespondedExistence(v, q)';'RespondedExistence';'v';'q';0.812;0.908;0.908
'NotSuccession(v, r)';'NotSuccession';'v';'r';0.836;0.929;0.929
'NotCoExistence(v, r)';'NotCoExistence';'v';'r';0.808;0.898;0.898
'CoExistence(v, s)';'CoExistence';'v';'s';0.802;0.825;0.825
'RespondedExistence(v, s)';'RespondedExistence';'v';'s';0.802;0.897;0.897
'CoExistence(v, t)';'CoExistence';'v';'t';0.878;0.889;0.889
'RespondedExistence(v, t)';'RespondedExistence';'v';'t';0.878;0.982;0.982
'Response(v, t)';'Response';'v';'t';0.484;0.541;0.541
'CoExistence(v, u)';'CoExistence';'v';'u';0.806;0.821;0.821
'RespondedExistence(v, u)';'RespondedExistence';'v';'u';0.806;0.902;0.902
'CoExistence(v, w)';'CoExistence';'v';'w';0.792;0.800;0.800
'RespondedExistence(v, w)';'RespondedExistence';'v';'w';0.792;0.886;0.886
'CoExistence(v, z)';'CoExistence';'v';'z';0.786;0.804;0.804
'RespondedExistence(v, z)';'RespondedExistence';'v';'z';0.786;0.879;0.879
'Participation(w)';'Participation';'w';;0.888;0.888;0.888
'Precedence(p, w)';'Precedence';'w';'p';0.536;0.604;0.604
'CoExistence(w, a)';'CoExistence';'w';'a';0.888;0.888;0.888
'CoExistence(w, b)';'CoExistence';'w';'b';0.888;0.888;0.888
'CoExistence(w, c)';'CoExistence';'w';'c';0.804;0.825;0.825
'RespondedExistence(w, c)';'RespondedExistence';'w';'c';0.804;0.905;0.905
'NotSuccession(w, c)';'NotSuccession';'w';'c';0.564;0.579;0.579
'CoExistence(w, d)';'CoExistence';'w';'d';0.886;0.886;0.886
'Response(w, d)';'Response';'w';'d';0.506;0.570;0.570
'CoExistence(w, e)';'CoExistence';'w';'e';0.800;0.823;0.823
'RespondedExistence(w, e)';'RespondedExistence';'w';'e';0.800;0.901;0.901
'CoExistence(w, f)';'CoExistence';'w';'f';0.882;0.893;0.893
'RespondedExistence(w, f)';'RespondedExistence';'w';'f';0.882;0.993;0.993
'Response(w, f)';'Response';'w';'f';0.690;0.777;0.777
'CoExistence(w, g)';'CoExistence';'w';'g';0.824;0.843;0.843
'RespondedExistence(w, g)';'RespondedExistence';'w';'g';0.824;0.928;0.928
'CoExistence(w, h)';'CoExistence';'w';'h';0.618;0.648;0.648
'RespondedExistence(w, h)';'RespondedExistence';'w';'h';0.618;0.696;0.696
'CoExistence(w, i)';'CoExistence';'w';'i';0.782;0.806;0.806
'RespondedExistence(w, i)';'RespondedExistence';'w';'i';0.782;0.881;0.881
'CoExistence(w, l)';'CoExistence';'w';'l';0.570;0.600;0.600
'RespondedExistence(w, l)';'RespondedExistence';'w';'l';0.570;0.642;0.642
'NotSuccession(w, l)';'NotSuccession';'w';'l';0.476;0.501;0.501
'CoExistence(w, m)';'CoExistence';'w';'m';0.758;0.783;0.783
'RespondedExistence(w, m)';'RespondedExistence';'w';'m';0.758;0.854;0.854
'CoExistence(w, n)';'CoExistence';'w';'n';0.870;0.879;0.879
'RespondedExistence(w, n)';'RespondedExistence';'w';'n';0.870;0.980;0.980
'Response(w, n)';'Response';'w';'n';0.702;0.791;0.791
'CoExistence(w, o)';'CoExistence';'w';'o';0.796;0.811;0.811
'RespondedExistence(w, o)';'RespondedExistence';'w';'o';0.796;0.896;0.896
'CoExistence(w, p)';'CoExistence';'w';'p';0.876;0.887;0.887
'RespondedExistence(w, p)';'RespondedExistence';'w';'p';0.876;0.986;0.986
'Response(w, p)';'Response';'w';'p';0.558;0.628;0.628
'CoExistence(w, q)';'CoExistence';'w';'q';0.808;0.826;0.826
'RespondedExistence(w, q)';'RespondedExistence';'w';'q';0.808;0.910;0.910
'NotSuccession(w, r)';'NotSuccession';'w';'r';0.818;0.915;0.915
'NotCoExistence(w, r)';'NotCoExistence';'w';'r';0.802;0.897;0.897
'CoExistence(w, s)';'CoExistence';'w';'s';0.794;0.815;0.815
'RespondedExistence(w, s)';'RespondedExistence';'w';'s';0.794;0.894;0.894
'CoExistence(w, t)';'CoExistence';'w';'t';0.874;0.886;0.886
'RespondedExistence(w, t)';'RespondedExistence';'w';'t';0.874;0.984;0.984
'Response(w, t)';'Response';'w';'t';0.502;0.565;0.565
'CoExistence(w, u)';'CoExistence';'w';'u';0.802;0.818;0.818
'RespondedExistence(w, u)';'RespondedExistence';'w';'u';0.802;0.903;0.903
'CoExistence(w, v)';'CoExistence';'w';'v';0.792;0.800;0.800
'RespondedExistence(w, v)';'RespondedExistence';'w';'v';0.792;0.892;0.892
'CoExistence(w, z)';'CoExistence';'w';'z';0.788;0.812;0.812
'RespondedExistence(w, z)';'RespondedExistence';'w';'z';0.788;0.887;0.887
'Participation(z)';'Participation';'z';;0.870;0.870;0.870
'Precedence(p, z)';'Precedence';'z';'p';0.564;0.648;0.648
'CoExistence(z, a)';'CoExistence';'z';'a';0.870;0.870;0.870
'CoExistence(z, b)';'CoExistence';'z';'b';0.870;0.870;0.870
'CoExistence(z, c)';'CoExistence';'z';'c';0.780;0.796;0.796
'RespondedExistence(z, c)';'RespondedExistence';'z';'c';0.780;0.897;0.897
'NotSuccession(z, c)';'NotSuccession';'z';'c';0.598;0.610;0.610
'CoExistence(z, d)';'CoExistence';'z';'d';0.868;0.868;0.868
'Response(z, d)';'Response';'z';'d';0.476;0.547;0.547
'CoExistence(z, e)';'CoExistence';'z';'e';0.794;0.827;0.827
'RespondedExistence(z, e)';'RespondedExistence';'z';'e';0.794;0.913;0.913
'CoExistence(z, f)';'CoExistence';'z';'f';0.866;0.878;0.878
'RespondedExistence(z, f)';'RespondedExistence';'z';'f';0.866;0.995;0.995
'Response(z, f)';'Response';'z';'f';0.688;0.791;0.791
'CoExistence(z, g)';'CoExistence';'z';'g';0.802;0.817;0.817
'RespondedExistence(z, g)';'RespondedExistence';'z';'g';0.802;0.922;0.922
'CoExistence(z, h)';'CoExistence';'z';'h';0.604;0.636;0.636
'RespondedExistence(z, h)';'RespondedExistence';'z';'h';0.604;0.694;0.694
'CoExistence(z, i)';'CoExistence';'z';'i';0.770;0.799;0.799
'RespondedExistence(z, i)';'RespondedExistence';'z';'i';0.770;0.885;0.885
'CoExistence(z, l)';'CoExistence';'z';'l';0.552;0.581;0.581
'RespondedExistence(z, l)';'RespondedExistence';'z';'l';0.552;0.634;0.634
'CoExistence(z, m)';'CoExistence';'z';'m';0.748;0.779;0.779
'RespondedExistence(z, m)';'RespondedExistence';'z';'m';0.748;0.860;0.860
'CoExistence(z, n)';'CoExistence';'z';'n';0.854;0.864;0.864
'RespondedExistence(z, n)';'RespondedExistence';'z';'n';0.854;0.982;0.982
'Response(z, n)';'Response';'z';'n';0.678;0.779;0.779
'CoExistence(z, o)';'CoExistence';'z';'o';0.790;0.814;0.814
'RespondedExistence(z, o)';'RespondedExistence';'z';'o';0.790;0.908;0.908
'CoExistence(z, p)';'CoExistence';'z';'p';0.856;0.865;0.865
'RespondedExistence(z, p)';'RespondedExistence';'z';'p';0.856;0.984;0.984
'Response(z, p)';'Response';'z';'p';0.572;0.657;0.657
'CoExistence(z, q)';'CoExistence';'z';'q';0.800;0.826;0.826
'RespondedExistence(z, q)';'RespondedExistence';'z';'q';0.800;0.920;0.920
'NotSuccession(z, r)';'NotSuccession';'z';'r';0.812;0.923;0.923
'NotCoExistence(z, r)';'NotCoExistence';'z';'r';0.792;0.900;0.900
'CoExistence(z, s)';'CoExistence';'z';'s';0.784;0.812;0.812
'RespondedExistence(z, s)';'RespondedExistence';'z';'s';0.784;0.901;0.901
'CoExistence(z, t)';'CoExistence';'z';'t';0.858;0.872;0.872
'RespondedExistence(z, t)';'RespondedExistence';'z';'t';0.858;0.986;0.986
'Response(z, t)';'Response';'z';'t';0.484;0.556;0.556
'CoExistence(z, u)';'CoExistence';'z';'u';0.786;0.804;0.804
'RespondedExistence(z, u)';'RespondedExistence';'z';'u';0.786;0.903;0.903
'CoExistence(z, v)';'CoExistence';'z';'v';0.786;0.804;0.804
'RespondedExistence(z, v)';'RespondedExistence';'z';'v';0.786;0.903;0.903
'CoExistence(z, w)';'CoExistence';'z';'w';0.788;0.812;0.812
'RespondedExistence(z, w)';'RespondedExistence';'z';'w';0.788;0.906;0.906
