{
	"<x,x,x,x,x,x,x,x,x,x,x,x,x,x,x,x,x,x,x>": [
		{"RespondedExistence(a,b)": [ {"x": 0},{"x": 0},{"x": 0},{"x": 0},{"x": 0},{"x": 0},{"x": 0},{"x": 0},{"x": 0},{"x": 0},{"x": 0},{"x": 0},{"x": 0},{"x": 0},{"x": 0},{"x": 0},{"x": 0},{"x": 0},{"x": 0} ],
		  , "Support": 0.0 , "Confidence": NaN , "Recall": NaN , "Lovinger": NaN , "Specificity": 1.0 , "Accuracy": 1.0 , "Lift": NaN , "Leverage": NaN , "Compliance": 1.0 , "Odds Ratio": NaN , "Gini Index": NaN , "Certainty factor": NaN , "Coverage": 0.0 , "Prevalence": 0.0 , "Added Value": NaN , "Relative Risk": NaN , "Jaccard": NaN , "Ylue Q": NaN , "Ylue Y": NaN , "Klosgen": NaN , "Conviction": NaN , "Interestingness Weighting Dependency": NaN , "Collective Strength": NaN , "Laplace Correction": 0.5 , "J Measure": NaN , "One-way Support": NaN , "Two-way Support": NaN , "Two-way Support Variation": NaN , "Linear Correlation Coefficient": NaN , "Piatetsky-Shapiro": 0.0 , "Cosine": NaN , "Information Gain": NaN , "Sebag-Schoenauer": NaN , "Least Contradiction": NaN , "Odd Multiplier": NaN , "Example and Counterexample Rate": NaN , "Zhang": NaN},
		{"BeforeThisOrLaterThat(a,b,c)": [ {"x": 0},{"x": 0},{"x": 0},{"x": 0},{"x": 0},{"x": 0},{"x": 0},{"x": 0},{"x": 0},{"x": 0},{"x": 0},{"x": 0},{"x": 0},{"x": 0},{"x": 0},{"x": 0},{"x": 0},{"x": 0},{"x": 0} ],
		  , "Support": 0.0 , "Confidence": NaN , "Recall": NaN , "Lovinger": NaN , "Specificity": 1.0 , "Accuracy": 1.0 , "Lift": NaN , "Leverage": NaN , "Compliance": 1.0 , "Odds Ratio": NaN , "Gini Index": NaN , "Certainty factor": NaN , "Coverage": 0.0 , "Prevalence": 0.0 , "Added Value": NaN , "Relative Risk": NaN , "Jaccard": NaN , "Ylue Q": NaN , "Ylue Y": NaN , "Klosgen": NaN , "Conviction": NaN , "Interestingness Weighting Dependency": NaN , "Collective Strength": NaN , "Laplace Correction": 0.5 , "J Measure": NaN , "One-way Support": NaN , "Two-way Support": NaN , "Two-way Support Variation": NaN , "Linear Correlation Coefficient": NaN , "Piatetsky-Shapiro": 0.0 , "Cosine": NaN , "Information Gain": NaN , "Sebag-Schoenauer": NaN , "Least Contradiction": NaN , "Odd Multiplier": NaN , "Example and Counterexample Rate": NaN , "Zhang": NaN}
	],
	"<x,x,x,x,x,c,x,x,x,a,x,x,x,b,x,x,x,x,x>": [
		{"RespondedExistence(a,b)": [ {"x": 1},{"x": 1},{"x": 1},{"x": 1},{"x": 1},{"c": 1},{"x": 1},{"x": 1},{"x": 1},{"a": 3},{"x": 1},{"x": 1},{"x": 1},{"b": 1},{"x": 1},{"x": 1},{"x": 1},{"x": 1},{"x": 1} ],
		  , "Support": 0.05263157933950424 , "Confidence": 1.0 , "Recall": 0.05263157933950424 , "Lovinger": NaN , "Specificity": 0.0 , "Accuracy": 0.05263157933950424 , "Lift": 1.0 , "Leverage": 0.9473684430122375 , "Compliance": 1.0 , "Odds Ratio": NaN , "Gini Index": 2.2351741790771484E-8 , "Certainty factor": NaN , "Coverage": 0.05263157933950424 , "Prevalence": 1.0 , "Added Value": 0.0 , "Relative Risk": 1.0 , "Jaccard": 0.05263157933950424 , "Ylue Q": NaN , "Ylue Y": NaN , "Klosgen": 0.0 , "Conviction": NaN , "Interestingness Weighting Dependency": 0.0 , "Collective Strength": 1.0 , "Laplace Correction": 0.6666666865348816 , "J Measure": NaN , "One-way Support": 0.0 , "Two-way Support": 0.0 , "Two-way Support Variation": NaN , "Linear Correlation Coefficient": NaN , "Piatetsky-Shapiro": 0.0 , "Cosine": 0.22941572964191437 , "Information Gain": 0.0 , "Sebag-Schoenauer": Infinity , "Least Contradiction": 0.05263157933950424 , "Odd Multiplier": NaN , "Example and Counterexample Rate": 1.0 , "Zhang": NaN},
		{"BeforeThisOrLaterThat(a,b,c)": [ {"x": 1},{"x": 1},{"x": 1},{"x": 1},{"x": 1},{"c": 1},{"x": 1},{"x": 1},{"x": 1},{"a": 3},{"x": 1},{"x": 1},{"x": 1},{"b": 1},{"x": 1},{"x": 1},{"x": 1},{"x": 1},{"x": 1} ],
		  , "Support": 0.05263157933950424 , "Confidence": 1.0 , "Recall": 0.05263157933950424 , "Lovinger": NaN , "Specificity": 0.0 , "Accuracy": 0.05263157933950424 , "Lift": 1.0 , "Leverage": 0.9473684430122375 , "Compliance": 1.0 , "Odds Ratio": NaN , "Gini Index": 2.2351741790771484E-8 , "Certainty factor": NaN , "Coverage": 0.05263157933950424 , "Prevalence": 1.0 , "Added Value": 0.0 , "Relative Risk": 1.0 , "Jaccard": 0.05263157933950424 , "Ylue Q": NaN , "Ylue Y": NaN , "Klosgen": 0.0 , "Conviction": NaN , "Interestingness Weighting Dependency": 0.0 , "Collective Strength": 1.0 , "Laplace Correction": 0.6666666865348816 , "J Measure": NaN , "One-way Support": 0.0 , "Two-way Support": 0.0 , "Two-way Support Variation": NaN , "Linear Correlation Coefficient": NaN , "Piatetsky-Shapiro": 0.0 , "Cosine": 0.22941572964191437 , "Information Gain": 0.0 , "Sebag-Schoenauer": Infinity , "Least Contradiction": 0.05263157933950424 , "Odd Multiplier": NaN , "Example and Counterexample Rate": 1.0 , "Zhang": NaN}
	],
	"<x,x,x,x,a,x,x,x,x,x,x,x,b,x,x,x,x,x,x>": [
		{"RespondedExistence(a,b)": [ {"x": 1},{"x": 1},{"x": 1},{"x": 1},{"a": 3},{"x": 1},{"x": 1},{"x": 1},{"x": 1},{"x": 1},{"x": 1},{"x": 1},{"b": 1},{"x": 1},{"x": 1},{"x": 1},{"x": 1},{"x": 1},{"x": 1} ],
		  , "Support": 0.05263157933950424 , "Confidence": 1.0 , "Recall": 0.05263157933950424 , "Lovinger": NaN , "Specificity": 0.0 , "Accuracy": 0.05263157933950424 , "Lift": 1.0 , "Leverage": 0.9473684430122375 , "Compliance": 1.0 , "Odds Ratio": NaN , "Gini Index": 2.2351741790771484E-8 , "Certainty factor": NaN , "Coverage": 0.05263157933950424 , "Prevalence": 1.0 , "Added Value": 0.0 , "Relative Risk": 1.0 , "Jaccard": 0.05263157933950424 , "Ylue Q": NaN , "Ylue Y": NaN , "Klosgen": 0.0 , "Conviction": NaN , "Interestingness Weighting Dependency": 0.0 , "Collective Strength": 1.0 , "Laplace Correction": 0.6666666865348816 , "J Measure": NaN , "One-way Support": 0.0 , "Two-way Support": 0.0 , "Two-way Support Variation": NaN , "Linear Correlation Coefficient": NaN , "Piatetsky-Shapiro": 0.0 , "Cosine": 0.22941572964191437 , "Information Gain": 0.0 , "Sebag-Schoenauer": Infinity , "Least Contradiction": 0.05263157933950424 , "Odd Multiplier": NaN , "Example and Counterexample Rate": 1.0 , "Zhang": NaN},
		{"BeforeThisOrLaterThat(a,b,c)": [ {"x": 1},{"x": 1},{"x": 1},{"x": 1},{"a": 3},{"x": 1},{"x": 1},{"x": 1},{"x": 1},{"x": 1},{"x": 1},{"x": 1},{"b": 1},{"x": 0},{"x": 0},{"x": 0},{"x": 0},{"x": 0},{"x": 0} ],
		  , "Support": 0.05263157933950424 , "Confidence": 1.0 , "Recall": 0.07692307978868484 , "Lovinger": -Infinity , "Specificity": 0.3333333134651184 , "Accuracy": 0.3684210479259491 , "Lift": 1.4615384340286255 , "Leverage": 0.9639889001846313 , "Compliance": 1.0 , "Odds Ratio": Infinity , "Gini Index": 0.011080273427069187 , "Certainty factor": 1.0 , "Coverage": 0.05263157933950424 , "Prevalence": 0.6842105388641357 , "Added Value": 0.31578946113586426 , "Relative Risk": 1.5000001192092896 , "Jaccard": 0.07692307978868484 , "Ylue Q": 1.0 , "Ylue Y": 1.0 , "Klosgen": 0.07244706898927689 , "Conviction": Infinity , "Interestingness Weighting Dependency": 0.0031470765825361013 , "Collective Strength": 1.2467530965805054 , "Laplace Correction": 0.6666666865348816 , "J Measure": NaN , "One-way Support": 0.5474877953529358 , "Two-way Support": 0.028815146535634995 , "Two-way Support Variation": NaN , "Linear Correlation Coefficient": 0.1601281464099884 , "Piatetsky-Shapiro": 0.016620498150587082 , "Cosine": 0.2773500978946686 , "Information Gain": 0.37948960065841675 , "Sebag-Schoenauer": Infinity , "Least Contradiction": 0.07692307978868484 , "Odd Multiplier": Infinity , "Example and Counterexample Rate": 1.0 , "Zhang": 1.0}
	],
	"<x,x,x,c,x,x,x,x,x,a,x,x,x,x,a,x,x,x,x>": [
		{"RespondedExistence(a,b)": [ {"x": 0},{"x": 0},{"x": 0},{"c": 0},{"x": 0},{"x": 0},{"x": 0},{"x": 0},{"x": 0},{"a": 2},{"x": 0},{"x": 0},{"x": 0},{"x": 0},{"a": 2},{"x": 0},{"x": 0},{"x": 0},{"x": 0} ],
		  , "Support": 0.0 , "Confidence": 0.0 , "Recall": NaN , "Lovinger": 0.0 , "Specificity": 1.0 , "Accuracy": 0.8947368264198303 , "Lift": NaN , "Leverage": 0.0 , "Compliance": 0.8947368264198303 , "Odds Ratio": NaN , "Gini Index": -1.4901161193847656E-8 , "Certainty factor": 0.0 , "Coverage": 0.10526315867900848 , "Prevalence": 0.0 , "Added Value": 0.0 , "Relative Risk": NaN , "Jaccard": 0.0 , "Ylue Q": NaN , "Ylue Y": NaN , "Klosgen": NaN , "Conviction": 1.0 , "Interestingness Weighting Dependency": NaN , "Collective Strength": Infinity , "Laplace Correction": 0.25 , "J Measure": NaN , "One-way Support": NaN , "Two-way Support": NaN , "Two-way Support Variation": NaN , "Linear Correlation Coefficient": NaN , "Piatetsky-Shapiro": 0.0 , "Cosine": NaN , "Information Gain": NaN , "Sebag-Schoenauer": 0.0 , "Least Contradiction": -Infinity , "Odd Multiplier": NaN , "Example and Counterexample Rate": -Infinity , "Zhang": NaN},
		{"BeforeThisOrLaterThat(a,b,c)": [ {"x": 0},{"x": 0},{"x": 0},{"c": 1},{"x": 1},{"x": 1},{"x": 1},{"x": 1},{"x": 1},{"a": 3},{"x": 1},{"x": 1},{"x": 1},{"x": 1},{"a": 3},{"x": 1},{"x": 1},{"x": 1},{"x": 1} ],
		  , "Support": 0.10526315867900848 , "Confidence": 1.0 , "Recall": 0.125 , "Lovinger": -Infinity , "Specificity": 0.1764705777168274 , "Accuracy": 0.2631579041481018 , "Lift": 1.1875 , "Leverage": 0.9113573431968689 , "Compliance": 1.0 , "Odds Ratio": Infinity , "Gini Index": 0.005866051651537418 , "Certainty factor": 1.0 , "Coverage": 0.10526315867900848 , "Prevalence": 0.8421052694320679 , "Added Value": 0.15789473056793213 , "Relative Risk": 1.2142857313156128 , "Jaccard": 0.125 , "Ylue Q": 1.0 , "Ylue Y": 1.0 , "Klosgen": 0.051227815449237823 , "Conviction": Infinity , "Interestingness Weighting Dependency": 0.004544667433947325 , "Collective Strength": 1.313772439956665 , "Laplace Correction": 0.75 , "J Measure": NaN , "One-way Support": 0.24792751669883728 , "Two-way Support": 0.026097632944583893 , "Two-way Support Variation": NaN , "Linear Correlation Coefficient": 0.14852209389209747 , "Piatetsky-Shapiro": 0.016620494425296783 , "Cosine": 0.3535533845424652 , "Information Gain": 0.1718502640724182 , "Sebag-Schoenauer": Infinity , "Least Contradiction": 0.125 , "Odd Multiplier": Infinity , "Example and Counterexample Rate": 1.0 , "Zhang": 0.9999997615814209}
	],
	"<x,x,x,x,x,a,x,x,x,b,x,x,c,x,x,a,x,x,x>": [
		{"RespondedExistence(a,b)": [ {"x": 1},{"x": 1},{"x": 1},{"x": 1},{"x": 1},{"a": 3},{"x": 1},{"x": 1},{"x": 1},{"b": 1},{"x": 1},{"x": 1},{"c": 1},{"x": 1},{"x": 1},{"a": 3},{"x": 1},{"x": 1},{"x": 1} ],
		  , "Support": 0.10526315867900848 , "Confidence": 1.0 , "Recall": 0.10526315867900848 , "Lovinger": NaN , "Specificity": 0.0 , "Accuracy": 0.10526315867900848 , "Lift": 1.0 , "Leverage": 0.8947368264198303 , "Compliance": 1.0 , "Odds Ratio": NaN , "Gini Index": -1.4901161193847656E-8 , "Certainty factor": NaN , "Coverage": 0.10526315867900848 , "Prevalence": 1.0 , "Added Value": 0.0 , "Relative Risk": 1.0 , "Jaccard": 0.10526316612958908 , "Ylue Q": NaN , "Ylue Y": NaN , "Klosgen": 0.0 , "Conviction": NaN , "Interestingness Weighting Dependency": 0.0 , "Collective Strength": 1.0 , "Laplace Correction": 0.75 , "J Measure": NaN , "One-way Support": 0.0 , "Two-way Support": 0.0 , "Two-way Support Variation": NaN , "Linear Correlation Coefficient": NaN , "Piatetsky-Shapiro": 0.0 , "Cosine": 0.3244428336620331 , "Information Gain": 0.0 , "Sebag-Schoenauer": Infinity , "Least Contradiction": 0.10526315867900848 , "Odd Multiplier": NaN , "Example and Counterexample Rate": 1.0 , "Zhang": NaN},
		{"BeforeThisOrLaterThat(a,b,c)": [ {"x": 1},{"x": 1},{"x": 1},{"x": 1},{"x": 1},{"a": 3},{"x": 1},{"x": 1},{"x": 1},{"b": 1},{"x": 0},{"x": 0},{"c": 1},{"x": 1},{"x": 1},{"a": 3},{"x": 1},{"x": 1},{"x": 1} ],
		  , "Support": 0.10526315867900848 , "Confidence": 1.0 , "Recall": 0.11764705926179886 , "Lovinger": -Infinity , "Specificity": 0.11764705926179886 , "Accuracy": 0.21052631735801697 , "Lift": 1.1176470518112183 , "Leverage": 0.9058171510696411 , "Compliance": 1.0 , "Odds Ratio": Infinity , "Gini Index": 0.002607258502393961 , "Certainty factor": 1.0 , "Coverage": 0.10526315867900848 , "Prevalence": 0.8947368264198303 , "Added Value": 0.10526317358016968 , "Relative Risk": 1.1333332061767578 , "Jaccard": 0.11764705926179886 , "Ylue Q": 1.0 , "Ylue Y": 1.0 , "Klosgen": 0.03415188193321228 , "Conviction": Infinity , "Interestingness Weighting Dependency": 0.0027604978531599045 , "Collective Strength": 1.235997200012207 , "Laplace Correction": 0.75 , "J Measure": NaN , "One-way Support": 0.16046465933322906 , "Two-way Support": 0.01689101755619049 , "Two-way Support Variation": NaN , "Linear Correlation Coefficient": 0.11764705181121826 , "Piatetsky-Shapiro": 0.011080332100391388 , "Cosine": 0.34299716353416443 , "Information Gain": 0.11122562736272812 , "Sebag-Schoenauer": Infinity , "Least Contradiction": 0.11764705926179886 , "Odd Multiplier": Infinity , "Example and Counterexample Rate": 1.0 , "Zhang": 0.9999999403953552}
	]
}