{
  "BeforeThisOrLaterThat(Admission NC,CRP,IV Liquid)": {
    "Support": 0.62492067,
    "Confidence": 0.8202084,
    "Recall": 0.789241,
    "Lovinger": -0.15800965,
    "Specificity": 0.29910868,
    "Accuracy": 0.696137,
    "Lift": 1.0358788,
    "Leverage": 0.21693254,
    "Compliance": 0.8630159,
    "Odds Ratio": 1.9468523,
    "Gini Index": 0.00516521,
    "Certainty factor": 0.1364494,
    "Coverage": 0.7619048,
    "Prevalence": 0.79179955,
    "Added Value": 0.028408825,
    "Relative Risk": 1.1702362,
    "Jaccard": 0.67283773,
    "Ylue Q": 0.32130972,
    "Ylue Y": 0.1650303,
    "Klosgen": 0.022457723,
    "Conviction": 1.1580096,
    "Interestingness Weighting Dependency": 0.028525898,
    "Collective Strength": 6.4676824,
    "Laplace Correction": 0.81940985,
    "J Measure": 0.0019325807,
    "One-way Support": 0.04171185,
    "Two-way Support": 0.031780455,
    "Two-way Support Variation": 0.010651242,
    "Linear Correlation Coefficient": 0.12516417,
    "Piatetsky-Shapiro": 0.02164483,
    "Cosine": 0.80457574,
    "Information Gain": 0.035250127,
    "Sebag-Schoenauer": 4.561993,
    "Least Contradiction": 0.61623746,
    "Odd Multiplier": 1.1995578,
    "Example and Counterexample Rate": 0.7807976,
    "Zhang": 0.16635948
  },
  "RespondedExistence(Admission NC,LacticAcid)": {
    "Support": 0.68666667,
    "Confidence": 0.90125,
    "Recall": 0.8383721,
    "Lovinger": -0.8324292,
    "Specificity": 0.444,
    "Accuracy": 0.7923809,
    "Lift": 1.1003634,
    "Leverage": 0.2772137,
    "Compliance": 0.9247619,
    "Odds Ratio": 7.288135,
    "Gini Index": 0.043246277,
    "Certainty factor": 0.45427632,
    "Coverage": 0.7619048,
    "Prevalence": 0.81904763,
    "Added Value": 0.082202375,
    "Relative Risk": 1.6209533,
    "Jaccard": 0.7678381,
    "Ylue Q": 0.75869113,
    "Ylue Y": 0.459409,
    "Klosgen": 0.06811729,
    "Conviction": 1.8324292,
    "Interestingness Weighting Dependency": 0.09939433,
    "Collective Strength": -4.3177066,
    "Laplace Correction": 0.90024936,
    "J Measure": 0.02010573,
    "One-way Support": 0.1243545,
    "Two-way Support": 0.094746284,
    "Two-way Support Variation": 0.09191838,
    "Linear Correlation Coefficient": 0.38196403,
    "Piatetsky-Shapiro": 0.062630355,
    "Cosine": 0.86924267,
    "Information Gain": 0.095640466,
    "Sebag-Schoenauer": 9.126582,
    "Least Contradiction": 0.7465116,
    "Odd Multiplier": 2.0163379,
    "Example and Counterexample Rate": 0.89043,
    "Zhang": 0.5040512
  }
}