{
  "name": "Process model discovered from Synthetic-01-log.txt",
  "tasks": [
    "a",
    "b",
    "c",
    "d",
    "e",
    "f"
  ],
  "constraints": [
    {
      "template": "RespondedExistence",
      "parameters": [
        [
          "a"
        ],
        [
          "b"
        ]
      ],
      "support": 1.0,
      "confidence": 1.0,
      "interestFactor": 1.0
    },
    {
      "template": "BeforeThisOrLaterThat",
      "parameters": [
        [
          "a"
        ],
        [
          "b",
          "c"
        ]
      ],
      "support": 1.0,
      "confidence": 1.0,
      "interestFactor": 1.0
    }
  ]
}