Constraint;Quality-Measure;Measure-Value
BeforeThisOrLaterThat(Admission NC,CRP,IV Liquid);Support;0.62492067
BeforeThisOrLaterThat(Admission NC,CRP,IV Liquid);Confidence;0.8202084
BeforeThisOrLaterThat(Admission NC,CRP,IV Liquid);Recall;0.789241
BeforeThisOrLaterThat(Admission NC,CRP,IV Liquid);Lovinger;-0.15800965
BeforeThisOrLaterThat(Admission NC,CRP,IV Liquid);Specificity;0.29910868
BeforeThisOrLaterThat(Admission NC,CRP,IV Liquid);Accuracy;0.696137
BeforeThisOrLaterThat(Admission NC,CRP,IV Liquid);Lift;1.0358788
BeforeThisOrLaterThat(Admission NC,CRP,IV Liquid);Leverage;0.21693254
BeforeThisOrLaterThat(Admission NC,CRP,IV Liquid);Compliance;0.8630159
BeforeThisOrLaterThat(Admission NC,CRP,IV Liquid);Odds Ratio;1.9468523
BeforeThisOrLaterThat(Admission NC,CRP,IV Liquid);Gini Index;0.00516521
BeforeThisOrLaterThat(Admission NC,CRP,IV Liquid);Certainty factor;0.1364494
BeforeThisOrLaterThat(Admission NC,CRP,IV Liquid);Coverage;0.7619048
BeforeThisOrLaterThat(Admission NC,CRP,IV Liquid);Prevalence;0.79179955
BeforeThisOrLaterThat(Admission NC,CRP,IV Liquid);Added Value;0.028408825
BeforeThisOrLaterThat(Admission NC,CRP,IV Liquid);Relative Risk;1.1702362
BeforeThisOrLaterThat(Admission NC,CRP,IV Liquid);Jaccard;0.67283773
BeforeThisOrLaterThat(Admission NC,CRP,IV Liquid);Ylue Q;0.32130972
BeforeThisOrLaterThat(Admission NC,CRP,IV Liquid);Ylue Y;0.1650303
BeforeThisOrLaterThat(Admission NC,CRP,IV Liquid);Klosgen;0.022457723
BeforeThisOrLaterThat(Admission NC,CRP,IV Liquid);Conviction;1.1580096
BeforeThisOrLaterThat(Admission NC,CRP,IV Liquid);Interestingness Weighting Dependency;0.028525898
BeforeThisOrLaterThat(Admission NC,CRP,IV Liquid);Collective Strength;6.4676824
BeforeThisOrLaterThat(Admission NC,CRP,IV Liquid);Laplace Correction;0.81940985
BeforeThisOrLaterThat(Admission NC,CRP,IV Liquid);J Measure;0.0019325807
BeforeThisOrLaterThat(Admission NC,CRP,IV Liquid);One-way Support;0.04171185
BeforeThisOrLaterThat(Admission NC,CRP,IV Liquid);Two-way Support;0.031780455
BeforeThisOrLaterThat(Admission NC,CRP,IV Liquid);Two-way Support Variation;0.010651242
BeforeThisOrLaterThat(Admission NC,CRP,IV Liquid);Linear Correlation Coefficient;0.12516417
BeforeThisOrLaterThat(Admission NC,CRP,IV Liquid);Piatetsky-Shapiro;0.02164483
BeforeThisOrLaterThat(Admission NC,CRP,IV Liquid);Cosine;0.80457574
BeforeThisOrLaterThat(Admission NC,CRP,IV Liquid);Information Gain;0.035250127
BeforeThisOrLaterThat(Admission NC,CRP,IV Liquid);Sebag-Schoenauer;4.561993
BeforeThisOrLaterThat(Admission NC,CRP,IV Liquid);Least Contradiction;0.61623746
BeforeThisOrLaterThat(Admission NC,CRP,IV Liquid);Odd Multiplier;1.1995578
BeforeThisOrLaterThat(Admission NC,CRP,IV Liquid);Example and Counterexample Rate;0.7807976
BeforeThisOrLaterThat(Admission NC,CRP,IV Liquid);Zhang;0.16635948
RespondedExistence(Admission NC,LacticAcid);Support;0.68666667
RespondedExistence(Admission NC,LacticAcid);Confidence;0.90125
RespondedExistence(Admission NC,LacticAcid);Recall;0.8383721
RespondedExistence(Admission NC,LacticAcid);Lovinger;-0.8324292
RespondedExistence(Admission NC,LacticAcid);Specificity;0.444
RespondedExistence(Admission NC,LacticAcid);Accuracy;0.7923809
RespondedExistence(Admission NC,LacticAcid);Lift;1.1003634
RespondedExistence(Admission NC,LacticAcid);Leverage;0.2772137
RespondedExistence(Admission NC,LacticAcid);Compliance;0.9247619
RespondedExistence(Admission NC,LacticAcid);Odds Ratio;7.288135
RespondedExistence(Admission NC,LacticAcid);Gini Index;0.043246277
RespondedExistence(Admission NC,LacticAcid);Certainty factor;0.45427632
RespondedExistence(Admission NC,LacticAcid);Coverage;0.7619048
RespondedExistence(Admission NC,LacticAcid);Prevalence;0.81904763
RespondedExistence(Admission NC,LacticAcid);Added Value;0.082202375
RespondedExistence(Admission NC,LacticAcid);Relative Risk;1.6209533
RespondedExistence(Admission NC,LacticAcid);Jaccard;0.7678381
RespondedExistence(Admission NC,LacticAcid);Ylue Q;0.75869113
RespondedExistence(Admission NC,LacticAcid);Ylue Y;0.459409
RespondedExistence(Admission NC,LacticAcid);Klosgen;0.06811729
RespondedExistence(Admission NC,LacticAcid);Conviction;1.8324292
RespondedExistence(Admission NC,LacticAcid);Interestingness Weighting Dependency;0.09939433
RespondedExistence(Admission NC,LacticAcid);Collective Strength;-4.3177066
RespondedExistence(Admission NC,LacticAcid);Laplace Correction;0.90024936
RespondedExistence(Admission NC,LacticAcid);J Measure;0.02010573
RespondedExistence(Admission NC,LacticAcid);One-way Support;0.1243545
RespondedExistence(Admission NC,LacticAcid);Two-way Support;0.094746284
RespondedExistence(Admission NC,LacticAcid);Two-way Support Variation;0.09191838
RespondedExistence(Admission NC,LacticAcid);Linear Correlation Coefficient;0.38196403
RespondedExistence(Admission NC,LacticAcid);Piatetsky-Shapiro;0.062630355
RespondedExistence(Admission NC,LacticAcid);Cosine;0.86924267
RespondedExistence(Admission NC,LacticAcid);Information Gain;0.095640466
RespondedExistence(Admission NC,LacticAcid);Sebag-Schoenauer;9.126582
RespondedExistence(Admission NC,LacticAcid);Least Contradiction;0.7465116
RespondedExistence(Admission NC,LacticAcid);Odd Multiplier;2.0163379
RespondedExistence(Admission NC,LacticAcid);Example and Counterexample Rate;0.89043
RespondedExistence(Admission NC,LacticAcid);Zhang;0.5040512
