Constraint;Quality-Measure;Measure-Value
RespondedExistence(a,b);Support;0.6
RespondedExistence(a,b);Confidence;0.75
RespondedExistence(a,b);Recall;1.0
RespondedExistence(a,b);Lovinger;-0.60000014
RespondedExistence(a,b);Specificity;1.0
RespondedExistence(a,b);Accuracy;0.8
RespondedExistence(a,b);Lift;1.25
RespondedExistence(a,b);Leverage;0.26999998
RespondedExistence(a,b);Compliance;0.8
RespondedExistence(a,b);Odds Ratio;Infinity
RespondedExistence(a,b);Gini Index;0.17999998
RespondedExistence(a,b);Certainty factor;0.37499997
RespondedExistence(a,b);Coverage;0.8
RespondedExistence(a,b);Prevalence;0.6
RespondedExistence(a,b);Added Value;0.14999998
RespondedExistence(a,b);Relative Risk;Infinity
RespondedExistence(a,b);Jaccard;0.74999994
RespondedExistence(a,b);Ylue Q;1.0
RespondedExistence(a,b);Ylue Y;1.0
RespondedExistence(a,b);Klosgen;0.15491933
RespondedExistence(a,b);Conviction;1.6000001
RespondedExistence(a,b);Interestingness Weighting Dependency;0.20250002
RespondedExistence(a,b);Collective Strength;-2.0952377
RespondedExistence(a,b);Laplace Correction;0.6666667
RespondedExistence(a,b);J Measure;0.03988541
RespondedExistence(a,b);One-way Support;0.24144608
RespondedExistence(a,b);Two-way Support;0.19315687
RespondedExistence(a,b);Two-way Support Variation;NaN
RespondedExistence(a,b);Linear Correlation Coefficient;0.6123724
RespondedExistence(a,b);Piatetsky-Shapiro;0.120000005
RespondedExistence(a,b);Cosine;0.86602545
RespondedExistence(a,b);Information Gain;0.22314355
RespondedExistence(a,b);Sebag-Schoenauer;3.0
RespondedExistence(a,b);Least Contradiction;0.6666667
RespondedExistence(a,b);Odd Multiplier;2.0
RespondedExistence(a,b);Example and Counterexample Rate;0.6666667
RespondedExistence(a,b);Zhang;0.5
BeforeThisOrLaterThat(a,b,c);Support;0.8
BeforeThisOrLaterThat(a,b,c);Confidence;1.0
BeforeThisOrLaterThat(a,b,c);Recall;1.0
BeforeThisOrLaterThat(a,b,c);Lovinger;-Infinity
BeforeThisOrLaterThat(a,b,c);Specificity;1.0
BeforeThisOrLaterThat(a,b,c);Accuracy;1.0
BeforeThisOrLaterThat(a,b,c);Lift;1.2499999
BeforeThisOrLaterThat(a,b,c);Leverage;0.35999995
BeforeThisOrLaterThat(a,b,c);Compliance;1.0
BeforeThisOrLaterThat(a,b,c);Odds Ratio;Infinity
BeforeThisOrLaterThat(a,b,c);Gini Index;0.32
BeforeThisOrLaterThat(a,b,c);Certainty factor;1.0
BeforeThisOrLaterThat(a,b,c);Coverage;0.8
BeforeThisOrLaterThat(a,b,c);Prevalence;0.8
BeforeThisOrLaterThat(a,b,c);Added Value;0.19999999
BeforeThisOrLaterThat(a,b,c);Relative Risk;Infinity
BeforeThisOrLaterThat(a,b,c);Jaccard;1.0
BeforeThisOrLaterThat(a,b,c);Ylue Q;1.0
BeforeThisOrLaterThat(a,b,c);Ylue Y;1.0
BeforeThisOrLaterThat(a,b,c);Klosgen;0.17888543
BeforeThisOrLaterThat(a,b,c);Conviction;Infinity
BeforeThisOrLaterThat(a,b,c);Interestingness Weighting Dependency;0.3599998
BeforeThisOrLaterThat(a,b,c);Collective Strength;-1.0588232
BeforeThisOrLaterThat(a,b,c);Laplace Correction;0.8333333
BeforeThisOrLaterThat(a,b,c);J Measure;NaN
BeforeThisOrLaterThat(a,b,c);One-way Support;0.32192796
BeforeThisOrLaterThat(a,b,c);Two-way Support;0.25754237
BeforeThisOrLaterThat(a,b,c);Two-way Support Variation;NaN
BeforeThisOrLaterThat(a,b,c);Linear Correlation Coefficient;0.99999976
BeforeThisOrLaterThat(a,b,c);Piatetsky-Shapiro;0.15999997
BeforeThisOrLaterThat(a,b,c);Cosine;1.0
BeforeThisOrLaterThat(a,b,c);Information Gain;0.22314346
BeforeThisOrLaterThat(a,b,c);Sebag-Schoenauer;Infinity
BeforeThisOrLaterThat(a,b,c);Least Contradiction;1.0
BeforeThisOrLaterThat(a,b,c);Odd Multiplier;Infinity
BeforeThisOrLaterThat(a,b,c);Example and Counterexample Rate;1.0
BeforeThisOrLaterThat(a,b,c);Zhang;0.9999997
