{
  "RespondedExistence(a,b)": {
    "Support": 0.6,
    "Confidence": 0.75,
    "Recall": 1.0,
    "Lovinger": -0.60000014,
    "Specificity": 1.0,
    "Accuracy": 0.8,
    "Lift": 1.25,
    "Leverage": 0.26999998,
    "Compliance": 0.8,
    "Odds Ratio": Infinity,
    "Gini Index": 0.17999998,
    "Certainty factor": 0.37499997,
    "Coverage": 0.8,
    "Prevalence": 0.6,
    "Added Value": 0.14999998,
    "Relative Risk": Infinity,
    "Jaccard": 0.74999994,
    "Ylue Q": 1.0,
    "Ylue Y": 1.0,
    "Klosgen": 0.15491933,
    "Conviction": 1.6000001,
    "Interestingness Weighting Dependency": 0.20250002,
    "Collective Strength": -2.0952377,
    "Laplace Correction": 0.6666667,
    "J Measure": 0.03988541,
    "One-way Support": 0.24144608,
    "Two-way Support": 0.19315687,
    "Two-way Support Variation": NaN,
    "Linear Correlation Coefficient": 0.6123724,
    "Piatetsky-Shapiro": 0.120000005,
    "Cosine": 0.86602545,
    "Information Gain": 0.22314355,
    "Sebag-Schoenauer": 3.0,
    "Least Contradiction": 0.6666667,
    "Odd Multiplier": 2.0,
    "Example and Counterexample Rate": 0.6666667,
    "Zhang": 0.5
  },
  "BeforeThisOrLaterThat(a,b,c)": {
    "Support": 0.8,
    "Confidence": 1.0,
    "Recall": 1.0,
    "Lovinger": -Infinity,
    "Specificity": 1.0,
    "Accuracy": 1.0,
    "Lift": 1.2499999,
    "Leverage": 0.35999995,
    "Compliance": 1.0,
    "Odds Ratio": Infinity,
    "Gini Index": 0.32,
    "Certainty factor": 1.0,
    "Coverage": 0.8,
    "Prevalence": 0.8,
    "Added Value": 0.19999999,
    "Relative Risk": Infinity,
    "Jaccard": 1.0,
    "Ylue Q": 1.0,
    "Ylue Y": 1.0,
    "Klosgen": 0.17888543,
    "Conviction": Infinity,
    "Interestingness Weighting Dependency": 0.3599998,
    "Collective Strength": -1.0588232,
    "Laplace Correction": 0.8333333,
    "J Measure": NaN,
    "One-way Support": 0.32192796,
    "Two-way Support": 0.25754237,
    "Two-way Support Variation": NaN,
    "Linear Correlation Coefficient": 0.99999976,
    "Piatetsky-Shapiro": 0.15999997,
    "Cosine": 1.0,
    "Information Gain": 0.22314346,
    "Sebag-Schoenauer": Infinity,
    "Least Contradiction": 1.0,
    "Odd Multiplier": Infinity,
    "Example and Counterexample Rate": 1.0,
    "Zhang": 0.9999997
  }
}