{
  "BeforeThisOrLaterThat(Admission NC,CRP,IV Liquid)": {
    "Support": {
      "stats": {
        "Mean": 0.05897612078292739,
        "Geometric Mean": 0.0,
        "Variance": 0.0029867719726424306,
        "Population  variance": 0.0029839274279065808,
        "Standard Deviation": 0.05465136752765141,
        "Max": 0.27272728085517883,
        "Min": 0.0
      }
    },
    "Confidence": {
      "stats": {
        "Mean": 0.8202083332836619,
        "Geometric Mean": 0.0,
        "Variance": 0.1443484477276904,
        "Population  variance": 0.14416801216803077,
        "Standard Deviation": 0.3799321620074963,
        "Max": 1.0,
        "Min": 0.0
      }
    },
    "Recall": {
      "stats": {
        "Mean": 0.09361267302373953,
        "Geometric Mean": 0.0,
        "Variance": 0.008982107901232333,
        "Population  variance": 0.008973188231022569,
        "Standard Deviation": 0.09477398325084967,
        "Max": 0.6666666865348816,
        "Min": 0.0
      }
    },
    "Lovinger": {
      "stats": {
        "Mean": 0.05167390259106953,
        "Geometric Mean": NaN,
        "Variance": 0.025359293352047264,
        "Population  variance": 0.025325480960911202,
        "Standard Deviation": 0.15924601518420253,
        "Max": 0.8888888955116272,
        "Min": -0.5
      }
    },
    "Specificity": {
      "stats": {
        "Mean": 0.3574330365728761,
        "Geometric Mean": 0.0,
        "Variance": 0.0718911163888476,
        "Population  variance": 0.07182264865895345,
        "Standard Deviation": 0.26812518790454504,
        "Max": 1.0,
        "Min": 0.0
      }
    },
    "Accuracy": {
      "stats": {
        "Mean": 0.3874632801381603,
        "Geometric Mean": 0.0,
        "Variance": 0.06061696515117397,
        "Population  variance": 0.06055923470817286,
        "Standard Deviation": 0.24620512819836626,
        "Max": 1.0,
        "Min": 0.0
      }
    },
    "Lift": {
      "stats": {
        "Mean": 1.2384120207889855,
        "Geometric Mean": 0.0,
        "Variance": 0.5387544882614737,
        "Population  variance": 0.5380759561603887,
        "Standard Deviation": 0.7339989702046411,
        "Max": 7.499999523162842,
        "Min": 0.0
      }
    },
    "Leverage": {
      "stats": {
        "Mean": 0.7585259809525451,
        "Geometric Mean": NaN,
        "Variance": 0.13689509801170496,
        "Population  variance": 0.13672397913919032,
        "Standard Deviation": 0.36999337563219287,
        "Max": 0.995555579662323,
        "Min": -0.14814814925193787
      }
    },
    "Compliance": {
      "stats": {
        "Mean": 0.9843756559916899,
        "Geometric Mean": 0.9833989395838113,
        "Variance": 0.001767542692789104,
        "Population  variance": 0.0017658593187959714,
        "Standard Deviation": 0.04204215376011443,
        "Max": 1.0,
        "Min": 0.75
      }
    },
    "Odds Ratio": {
      "stats": {
        "Mean": 2.7487861603461792E38,
        "Geometric Mean": 0.0,
        "Variance": 1.800228356960509E76,
        "Population  variance": 1.7978086951904007E76,
        "Standard Deviation": 1.3417258874153502E38,
        "Max": 3.4028234663852886E38,
        "Min": 0.0
      }
    },
    "Gini Index": {
      "stats": {
        "Mean": 0.026514138632282996,
        "Geometric Mean": NaN,
        "Variance": 0.001429800849999887,
        "Population  variance": 0.0014280135989373872,
        "Standard Deviation": 0.037812707520090215,
        "Max": 0.2777777910232544,
        "Min": -2.9802322387695312E-8
      }
    },
    "Certainty factor": {
      "stats": {
        "Mean": 0.6690265421966713,
        "Geometric Mean": NaN,
        "Variance": 0.6766136776085929,
        "Population  variance": 0.6757115260384482,
        "Standard Deviation": 0.8225653029447528,
        "Max": 1.0,
        "Min": -8.000000953674316
      }
    },
    "Coverage": {
      "stats": {
        "Mean": 0.07460046504845935,
        "Geometric Mean": 0.0,
        "Variance": 0.0030355179807493287,
        "Population  variance": 0.003032627011243853,
        "Standard Deviation": 0.05509553503460447,
        "Max": 0.27272728085517883,
        "Min": 0.0
      }
    },
    "Prevalence": {
      "stats": {
        "Mean": 0.655888506789647,
        "Geometric Mean": 0.0,
        "Variance": 0.07067944561848746,
        "Population  variance": 0.07061213186075556,
        "Standard Deviation": 0.26585606184265853,
        "Max": 1.0,
        "Min": 0.0
      }
    },
    "Added Value": {
      "stats": {
        "Mean": 0.1783831984200515,
        "Geometric Mean": NaN,
        "Variance": 0.07806070355069514,
        "Population  variance": 0.07796312767125677,
        "Standard Deviation": 0.27939345652805675,
        "Max": 0.8666666746139526,
        "Min": -0.8888888955116272
      }
    },
    "Relative Risk": {
      "stats": {
        "Mean": 1.3622547782938783,
        "Geometric Mean": 0.0,
        "Variance": 1.160007466383325,
        "Population  variance": 1.1585464998009785,
        "Standard Deviation": 1.0770364276027646,
        "Max": 12.0,
        "Min": 0.0
      }
    },
    "Jaccard": {
      "stats": {
        "Mean": 0.0926367606827943,
        "Geometric Mean": 0.0,
        "Variance": 0.00887918401647961,
        "Population  variance": 0.00887041878053047,
        "Standard Deviation": 0.09422942224422057,
        "Max": 0.6666666865348816,
        "Min": 0.0
      }
    },
    "Ylue Q": {
      "stats": {
        "Mean": 0.6328088637160998,
        "Geometric Mean": NaN,
        "Variance": 0.5877421843666107,
        "Population  variance": 0.5869522083123545,
        "Standard Deviation": 0.7666434532209943,
        "Max": 1.0,
        "Min": -1.0
      }
    },
    "Ylue Y": {
      "stats": {
        "Mean": 0.6316870488426706,
        "Geometric Mean": NaN,
        "Variance": 0.5875953237423401,
        "Population  variance": 0.5868055450813962,
        "Standard Deviation": 0.766547665668835,
        "Max": 1.0,
        "Min": -1.0
      }
    },
    "Klosgen": {
      "stats": {
        "Mean": 0.07027975295527225,
        "Geometric Mean": NaN,
        "Variance": 0.0034718715038534057,
        "Population  variance": 0.00346749886971757,
        "Standard Deviation": 0.05892258907968493,
        "Max": 0.3101101517677307,
        "Min": -0.012483452446758747
      }
    },
    "Conviction": {
      "stats": {
        "Mean": 2.7267958710634085E38,
        "Geometric Mean": 6.973790875389102E30,
        "Variance": 1.8458503895012905E76,
        "Population  variance": 1.8433892556486222E76,
        "Standard Deviation": 1.3586207673597847E38,
        "Max": 3.4028234663852886E38,
        "Min": 0.1111111119389534
      }
    },
    "Interestingness Weighting Dependency": {
      "stats": {
        "Mean": 0.013481063760174971,
        "Geometric Mean": NaN,
        "Variance": 0.0012408159727678716,
        "Population  variance": 0.0012392532322480128,
        "Standard Deviation": 0.03522521785266731,
        "Max": 0.42403629422187805,
        "Min": -0.0024005486629903316
      }
    },
    "Collective Strength": {
      "stats": {
        "Mean": 2.1651050687499185E36,
        "Geometric Mean": NaN,
        "Variance": 7.328364866261838E74,
        "Population  variance": 7.320593535544698E74,
        "Standard Deviation": 2.7070952820803774E37,
        "Max": 3.4028234663852886E38,
        "Min": -41.42860794067383
      }
    },
    "Laplace Correction": {
      "stats": {
        "Mean": 0.5996371967877664,
        "Geometric Mean": 0.5760895266708674,
        "Variance": 0.022491714006735105,
        "Population  variance": 0.022470293326728688,
        "Standard Deviation": 0.1499723774791048,
        "Max": 0.8571428656578064,
        "Min": 0.1666666716337204
      }
    },
    "J Measure": {
      "stats": {
        "Mean": 0.008682573171840473,
        "Geometric Mean": 0.005720201754245735,
        "Variance": 4.8748676804379225E-5,
        "Population  variance": 4.431697891307202E-5,
        "Standard Deviation": 0.006982025265234954,
        "Max": 0.023973509669303894,
        "Min": 3.5093340557068586E-4
      }
    },
    "One-way Support": {
      "stats": {
        "Mean": 0.5109758479548819,
        "Geometric Mean": NaN,
        "Variance": 0.1402950655727318,
        "Population  variance": 0.14008313949180623,
        "Standard Deviation": 0.3745598290964099,
        "Max": 2.906890392303467,
        "Min": -0.20751875638961792
      }
    },
    "Two-way Support": {
      "stats": {
        "Mean": 0.049518307216148624,
        "Geometric Mean": NaN,
        "Variance": 0.0020962044186095714,
        "Population  variance": 0.002093037946678137,
        "Standard Deviation": 0.04578432503171333,
        "Max": 0.3408125638961792,
        "Min": -0.030743518844246864
      }
    },
    "Two-way Support Variation": {
      "stats": {
        "Mean": 0.015048908995760774,
        "Geometric Mean": 0.009867661826628382,
        "Variance": 1.5380673888980013E-4,
        "Population  variance": 1.398243080816365E-4,
        "Standard Deviation": 0.01240188448945563,
        "Max": 0.04300478845834732,
        "Min": 6.611262797378004E-4
      }
    },
    "Linear Correlation Coefficient": {
      "stats": {
        "Mean": 0.12862039138112322,
        "Geometric Mean": NaN,
        "Variance": 0.05115279788619328,
        "Population  variance": 0.05108404412559356,
        "Standard Deviation": 0.22616984300784507,
        "Max": 0.7817360162734985,
        "Min": -1.0
      }
    },
    "Piatetsky-Shapiro": {
      "stats": {
        "Mean": 0.011980042658480157,
        "Geometric Mean": NaN,
        "Variance": 9.311488840570339E-4,
        "Population  variance": 9.302620755960272E-4,
        "Standard Deviation": 0.030514732246195997,
        "Max": 0.1487603336572647,
        "Min": -0.14814814925193787
      }
    },
    "Cosine": {
      "stats": {
        "Mean": 0.30199115192259607,
        "Geometric Mean": 0.0,
        "Variance": 0.026139833777986943,
        "Population  variance": 0.026106912072976884,
        "Standard Deviation": 0.16167817965943007,
        "Max": 0.8164966106414795,
        "Min": 0.0
      }
    },
    "Information Gain": {
      "stats": {
        "Mean": 0.2963731519629246,
        "Geometric Mean": NaN,
        "Variance": 0.07470069696435319,
        "Population  variance": 0.07460661548203033,
        "Standard Deviation": 0.2733142824009627,
        "Max": 2.0149030685424805,
        "Min": -0.36772483587265015
      }
    },
    "Sebag-Schoenauer": {
      "stats": {
        "Mean": 2.7690475957710306E38,
        "Geometric Mean": 0.0,
        "Variance": 1.7571519907705692E76,
        "Population  variance": 1.7549555507821063E76,
        "Standard Deviation": 1.325576097691328E38,
        "Max": 3.4028234663852886E38,
        "Min": 0.0
      }
    },
    "Least Contradiction": {
      "stats": {
        "Mean": 0.004152200647205969,
        "Geometric Mean": NaN,
        "Variance": 0.12201757969424264,
        "Population  variance": 0.12189712798674585,
        "Standard Deviation": 0.34931014828407525,
        "Max": 0.6666666865348816,
        "Min": -4.0
      }
    },
    "Odd Multiplier": {
      "stats": {
        "Mean": 2.7487861603461792E38,
        "Geometric Mean": 0.0,
        "Variance": 1.800228356960509E76,
        "Population  variance": 1.7978086951904007E76,
        "Standard Deviation": 1.3417258874153502E38,
        "Max": 3.4028234663852886E38,
        "Min": 0.0
      }
    },
    "Example and Counterexample Rate": {
      "stats": {
        "Mean": 0.8106249999999997,
        "Geometric Mean": NaN,
        "Variance": 0.16090073529411758,
        "Population  variance": 0.1606996093749999,
        "Standard Deviation": 0.4011243389450677,
        "Max": 1.0,
        "Min": -1.0
      }
    },
    "Zhang": {
      "stats": {
        "Mean": 0.6333079922203254,
        "Geometric Mean": NaN,
        "Variance": 0.5882885743819686,
        "Population  variance": 0.5874978639325305,
        "Standard Deviation": 0.766999722543606,
        "Max": 1.000003695487976,
        "Min": -1.0
      }
    }
  },
  "RespondedExistence(Admission NC,LacticAcid)": {
    "Support": {
      "stats": {
        "Mean": 0.06556745481366913,
        "Geometric Mean": 0.0,
        "Variance": 0.0030450918769827466,
        "Population  variance": 0.0030421917894808584,
        "Standard Deviation": 0.055182351136778746,
        "Max": 0.25,
        "Min": 0.0
      }
    },
    "Confidence": {
      "stats": {
        "Mean": 0.9012499999999998,
        "Geometric Mean": 0.0,
        "Variance": 0.08910982478097625,
        "Population  variance": 0.08899843750000003,
        "Standard Deviation": 0.2985126878056882,
        "Max": 1.0,
        "Min": 0.0
      }
    },
    "Recall": {
      "stats": {
        "Mean": 0.08005328785389833,
        "Geometric Mean": 0.0,
        "Variance": 0.0025576393661072613,
        "Population  variance": 0.002554665366844346,
        "Standard Deviation": 0.05057310912043338,
        "Max": 0.25,
        "Min": 0.0
      }
    },
    "Lovinger": {
      "stats": {
        "Mean": 0.0,
        "Geometric Mean": 0.0,
        "Variance": 0.0,
        "Population  variance": 0.0,
        "Standard Deviation": 0.0,
        "Max": 0.0,
        "Min": 0.0
      }
    },
    "Specificity": {
      "stats": {
        "Mean": 0.18095238095238075,
        "Geometric Mean": 0.0,
        "Variance": 0.14834990240137982,
        "Population  variance": 0.14820861678004515,
        "Standard Deviation": 0.3851621767533513,
        "Max": 1.0,
        "Min": 0.0
      }
    },
    "Accuracy": {
      "stats": {
        "Mean": 0.23748682604393084,
        "Geometric Mean": 0.0,
        "Variance": 0.11519393372303452,
        "Population  variance": 0.11508422521472687,
        "Standard Deviation": 0.3394023183819382,
        "Max": 1.0,
        "Min": 0.0
      }
    },
    "Lift": {
      "stats": {
        "Mean": 1.0,
        "Geometric Mean": 1.0,
        "Variance": 0.0,
        "Population  variance": 0.0,
        "Standard Deviation": 0.0,
        "Max": 1.0,
        "Min": 1.0
      }
    },
    "Leverage": {
      "stats": {
        "Mean": 0.8151927161961792,
        "Geometric Mean": 0.0,
        "Variance": 0.07432460703695165,
        "Population  variance": 0.07423170127815547,
        "Standard Deviation": 0.2726253969037948,
        "Max": 0.9882352948188782,
        "Min": 0.0
      }
    },
    "Compliance": {
      "stats": {
        "Mean": 0.990966989994049,
        "Geometric Mean": 0.9903099175524651,
        "Variance": 0.0011760982061489063,
        "Population  variance": 0.0011749781126192407,
        "Standard Deviation": 0.034294288243800986,
        "Max": 1.0,
        "Min": 0.7272727489471436
      }
    },
    "Odds Ratio": {
      "stats": {
        "Mean": NaN,
        "Geometric Mean": NaN,
        "Variance": NaN,
        "Population  variance": NaN,
        "Standard Deviation": NaN,
        "Max": NaN,
        "Min": NaN
      }
    },
    "Gini Index": {
      "stats": {
        "Mean": 3.8451980799436546E-9,
        "Geometric Mean": NaN,
        "Variance": 2.676899112588012E-16,
        "Population  variance": 2.673552988697277E-16,
        "Standard Deviation": 1.6361231960301804E-8,
        "Max": 2.9802322387695312E-8,
        "Min": -2.9802322387695312E-8
      }
    },
    "Certainty factor": {
      "stats": {
        "Mean": 0.0,
        "Geometric Mean": 0.0,
        "Variance": 0.0,
        "Population  variance": 0.0,
        "Standard Deviation": 0.0,
        "Max": 0.0,
        "Min": 0.0
      }
    },
    "Coverage": {
      "stats": {
        "Mean": 0.07460046504845935,
        "Geometric Mean": 0.0,
        "Variance": 0.0030355179807493287,
        "Population  variance": 0.003032627011243853,
        "Standard Deviation": 0.05509553503460447,
        "Max": 0.27272728085517883,
        "Min": 0.0
      }
    },
    "Prevalence": {
      "stats": {
        "Mean": 0.8190476190476188,
        "Geometric Mean": 0.0,
        "Variance": 0.14834990240137977,
        "Population  variance": 0.1482086167800451,
        "Standard Deviation": 0.38516217675335124,
        "Max": 1.0,
        "Min": 0.0
      }
    },
    "Added Value": {
      "stats": {
        "Mean": 0.0,
        "Geometric Mean": 0.0,
        "Variance": 0.0,
        "Population  variance": 0.0,
        "Standard Deviation": 0.0,
        "Max": 0.0,
        "Min": 0.0
      }
    },
    "Relative Risk": {
      "stats": {
        "Mean": 1.0,
        "Geometric Mean": 1.0,
        "Variance": 0.0,
        "Population  variance": 0.0,
        "Standard Deviation": 0.0,
        "Max": 1.0,
        "Min": 1.0
      }
    },
    "Jaccard": {
      "stats": {
        "Mean": 0.07331824104606126,
        "Geometric Mean": 0.0,
        "Variance": 0.002836558819304038,
        "Population  variance": 0.0028335379898905087,
        "Standard Deviation": 0.05325935428921419,
        "Max": 0.25,
        "Min": 0.0
      }
    },
    "Ylue Q": {
      "stats": {
        "Mean": NaN,
        "Geometric Mean": NaN,
        "Variance": NaN,
        "Population  variance": NaN,
        "Standard Deviation": NaN,
        "Max": NaN,
        "Min": NaN
      }
    },
    "Ylue Y": {
      "stats": {
        "Mean": NaN,
        "Geometric Mean": NaN,
        "Variance": NaN,
        "Population  variance": NaN,
        "Standard Deviation": NaN,
        "Max": NaN,
        "Min": NaN
      }
    },
    "Klosgen": {
      "stats": {
        "Mean": 0.0,
        "Geometric Mean": 0.0,
        "Variance": 0.0,
        "Population  variance": 0.0,
        "Standard Deviation": 0.0,
        "Max": 0.0,
        "Min": 0.0
      }
    },
    "Conviction": {
      "stats": {
        "Mean": 1.0,
        "Geometric Mean": 1.0,
        "Variance": 0.0,
        "Population  variance": 0.0,
        "Standard Deviation": 0.0,
        "Max": 1.0,
        "Min": 1.0
      }
    },
    "Interestingness Weighting Dependency": {
      "stats": {
        "Mean": 0.0,
        "Geometric Mean": 0.0,
        "Variance": 0.0,
        "Population  variance": 0.0,
        "Standard Deviation": 0.0,
        "Max": 0.0,
        "Min": 0.0
      }
    },
    "Collective Strength": {
      "stats": {
        "Mean": 3.3602881730554705E37,
        "Geometric Mean": 6382.91619900925,
        "Variance": 1.0318211552933635E76,
        "Population  variance": 1.0305313788492468E76,
        "Standard Deviation": 1.0157859790789413E38,
        "Max": 3.4028234663852886E38,
        "Min": 1.0
      }
    },
    "Laplace Correction": {
      "stats": {
        "Mean": 0.6263673557412052,
        "Geometric Mean": 0.6093792131962209,
        "Variance": 0.01721327445427885,
        "Population  variance": 0.01719688085956049,
        "Standard Deviation": 0.13119936910777755,
        "Max": 0.8571428656578064,
        "Min": 0.20000000298023224
      }
    },
    "J Measure": {
      "stats": {
        "Mean": NaN,
        "Geometric Mean": NaN,
        "Variance": NaN,
        "Population  variance": NaN,
        "Standard Deviation": NaN,
        "Max": NaN,
        "Min": NaN
      }
    },
    "One-way Support": {
      "stats": {
        "Mean": 0.0,
        "Geometric Mean": 0.0,
        "Variance": 0.0,
        "Population  variance": 0.0,
        "Standard Deviation": 0.0,
        "Max": 0.0,
        "Min": 0.0
      }
    },
    "Two-way Support": {
      "stats": {
        "Mean": 0.0,
        "Geometric Mean": 0.0,
        "Variance": 0.0,
        "Population  variance": 0.0,
        "Standard Deviation": 0.0,
        "Max": 0.0,
        "Min": 0.0
      }
    },
    "Two-way Support Variation": {
      "stats": {
        "Mean": NaN,
        "Geometric Mean": NaN,
        "Variance": NaN,
        "Population  variance": NaN,
        "Standard Deviation": NaN,
        "Max": NaN,
        "Min": NaN
      }
    },
    "Linear Correlation Coefficient": {
      "stats": {
        "Mean": NaN,
        "Geometric Mean": NaN,
        "Variance": NaN,
        "Population  variance": NaN,
        "Standard Deviation": NaN,
        "Max": NaN,
        "Min": NaN
      }
    },
    "Piatetsky-Shapiro": {
      "stats": {
        "Mean": 0.0,
        "Geometric Mean": 0.0,
        "Variance": 0.0,
        "Population  variance": 0.0,
        "Standard Deviation": 0.0,
        "Max": 0.0,
        "Min": 0.0
      }
    },
    "Cosine": {
      "stats": {
        "Mean": 0.3023129452572782,
        "Geometric Mean": 0.295262976034311,
        "Variance": 0.004099151477038164,
        "Population  variance": 0.00409346610744449,
        "Standard Deviation": 0.0640246161803268,
        "Max": 0.5,
        "Min": 0.10846523195505142
      }
    },
    "Information Gain": {
      "stats": {
        "Mean": 0.0,
        "Geometric Mean": 0.0,
        "Variance": 0.0,
        "Population  variance": 0.0,
        "Standard Deviation": 0.0,
        "Max": 0.0,
        "Min": 0.0
      }
    },
    "Sebag-Schoenauer": {
      "stats": {
        "Mean": 3.0667946490797396E38,
        "Geometric Mean": 0.0,
        "Variance": 1.0318211552933635E76,
        "Population  variance": 1.0305313788492468E76,
        "Standard Deviation": 1.0157859790789413E38,
        "Max": 3.4028234663852886E38,
        "Min": 0.0
      }
    },
    "Least Contradiction": {
      "stats": {
        "Mean": 0.0733182402069783,
        "Geometric Mean": 0.0,
        "Variance": 0.002836558789292478,
        "Population  variance": 0.0028335379599109096,
        "Standard Deviation": 0.053259354007464996,
        "Max": 0.25,
        "Min": 0.0
      }
    },
    "Odd Multiplier": {
      "stats": {
        "Mean": NaN,
        "Geometric Mean": NaN,
        "Variance": NaN,
        "Population  variance": NaN,
        "Standard Deviation": NaN,
        "Max": NaN,
        "Min": NaN
      }
    },
    "Example and Counterexample Rate": {
      "stats": {
        "Mean": 0.9012499999999998,
        "Geometric Mean": 3.7215160925022536E-5,
        "Variance": 0.08910982478097625,
        "Population  variance": 0.08899843750000003,
        "Standard Deviation": 0.2985126878056882,
        "Max": 1.0,
        "Min": 1.401298464324817E-45
      }
    },
    "Zhang": {
      "stats": {
        "Mean": NaN,
        "Geometric Mean": NaN,
        "Variance": NaN,
        "Population  variance": NaN,
        "Standard Deviation": NaN,
        "Max": NaN,
        "Min": NaN
      }
    }
  }
}