Constraint;Quality-Measure;Mean;Geometric-Mean;Variance;Population-variance;Standard-Deviation;Max;Min
BeforeThisOrLaterThat(Admission NC,CRP,IV Liquid);Support;0.05897612078292739;0.0;0.0029867719726424306;0.0029839274279065808;0.05465136752765141;0.27272728085517883;0.0
BeforeThisOrLaterThat(Admission NC,CRP,IV Liquid);Confidence;0.8202083332836619;0.0;0.1443484477276904;0.14416801216803077;0.3799321620074963;1.0;0.0
BeforeThisOrLaterThat(Admission NC,CRP,IV Liquid);Recall;0.09361267302373953;0.0;0.008982107901232333;0.008973188231022569;0.09477398325084967;0.6666666865348816;0.0
BeforeThisOrLaterThat(Admission NC,CRP,IV Liquid);Lovinger;0.05167390259106953;NaN;0.025359293352047264;0.025325480960911202;0.15924601518420253;0.8888888955116272;-0.5
BeforeThisOrLaterThat(Admission NC,CRP,IV Liquid);Specificity;0.3574330365728761;0.0;0.0718911163888476;0.07182264865895345;0.26812518790454504;1.0;0.0
BeforeThisOrLaterThat(Admission NC,CRP,IV Liquid);Accuracy;0.3874632801381603;0.0;0.06061696515117397;0.06055923470817286;0.24620512819836626;1.0;0.0
BeforeThisOrLaterThat(Admission NC,CRP,IV Liquid);Lift;1.2384120207889855;0.0;0.5387544882614737;0.5380759561603887;0.7339989702046411;7.499999523162842;0.0
BeforeThisOrLaterThat(Admission NC,CRP,IV Liquid);Leverage;0.7585259809525451;NaN;0.13689509801170496;0.13672397913919032;0.36999337563219287;0.995555579662323;-0.14814814925193787
BeforeThisOrLaterThat(Admission NC,CRP,IV Liquid);Compliance;0.9843756559916899;0.9833989395838113;0.001767542692789104;0.0017658593187959714;0.04204215376011443;1.0;0.75
BeforeThisOrLaterThat(Admission NC,CRP,IV Liquid);Odds Ratio;2.7487861603461792E38;0.0;1.800228356960509E76;1.7978086951904007E76;1.3417258874153502E38;3.4028234663852886E38;0.0
BeforeThisOrLaterThat(Admission NC,CRP,IV Liquid);Gini Index;0.026514138632282996;NaN;0.001429800849999887;0.0014280135989373872;0.037812707520090215;0.2777777910232544;-2.9802322387695312E-8
BeforeThisOrLaterThat(Admission NC,CRP,IV Liquid);Certainty factor;0.6690265421966713;NaN;0.6766136776085929;0.6757115260384482;0.8225653029447528;1.0;-8.000000953674316
BeforeThisOrLaterThat(Admission NC,CRP,IV Liquid);Coverage;0.07460046504845935;0.0;0.0030355179807493287;0.003032627011243853;0.05509553503460447;0.27272728085517883;0.0
BeforeThisOrLaterThat(Admission NC,CRP,IV Liquid);Prevalence;0.655888506789647;0.0;0.07067944561848746;0.07061213186075556;0.26585606184265853;1.0;0.0
BeforeThisOrLaterThat(Admission NC,CRP,IV Liquid);Added Value;0.1783831984200515;NaN;0.07806070355069514;0.07796312767125677;0.27939345652805675;0.8666666746139526;-0.8888888955116272
BeforeThisOrLaterThat(Admission NC,CRP,IV Liquid);Relative Risk;1.3622547782938783;0.0;1.160007466383325;1.1585464998009785;1.0770364276027646;12.0;0.0
BeforeThisOrLaterThat(Admission NC,CRP,IV Liquid);Jaccard;0.0926367606827943;0.0;0.00887918401647961;0.00887041878053047;0.09422942224422057;0.6666666865348816;0.0
BeforeThisOrLaterThat(Admission NC,CRP,IV Liquid);Ylue Q;0.6328088637160998;NaN;0.5877421843666107;0.5869522083123545;0.7666434532209943;1.0;-1.0
BeforeThisOrLaterThat(Admission NC,CRP,IV Liquid);Ylue Y;0.6316870488426706;NaN;0.5875953237423401;0.5868055450813962;0.766547665668835;1.0;-1.0
BeforeThisOrLaterThat(Admission NC,CRP,IV Liquid);Klosgen;0.07027975295527225;NaN;0.0034718715038534057;0.00346749886971757;0.05892258907968493;0.3101101517677307;-0.012483452446758747
BeforeThisOrLaterThat(Admission NC,CRP,IV Liquid);Conviction;2.7267958710634085E38;6.973790875389102E30;1.8458503895012905E76;1.8433892556486222E76;1.3586207673597847E38;3.4028234663852886E38;0.1111111119389534
BeforeThisOrLaterThat(Admission NC,CRP,IV Liquid);Interestingness Weighting Dependency;0.013481063760174971;NaN;0.0012408159727678716;0.0012392532322480128;0.03522521785266731;0.42403629422187805;-0.0024005486629903316
BeforeThisOrLaterThat(Admission NC,CRP,IV Liquid);Collective Strength;2.1651050687499185E36;NaN;7.328364866261838E74;7.320593535544698E74;2.7070952820803774E37;3.4028234663852886E38;-41.42860794067383
BeforeThisOrLaterThat(Admission NC,CRP,IV Liquid);Laplace Correction;0.5996371967877664;0.5760895266708674;0.022491714006735105;0.022470293326728688;0.1499723774791048;0.8571428656578064;0.1666666716337204
BeforeThisOrLaterThat(Admission NC,CRP,IV Liquid);J Measure;0.008682573171840473;0.005720201754245735;4.8748676804379225E-5;4.431697891307202E-5;0.006982025265234954;0.023973509669303894;3.5093340557068586E-4
BeforeThisOrLaterThat(Admission NC,CRP,IV Liquid);One-way Support;0.5109758479548819;NaN;0.1402950655727318;0.14008313949180623;0.3745598290964099;2.906890392303467;-0.20751875638961792
BeforeThisOrLaterThat(Admission NC,CRP,IV Liquid);Two-way Support;0.049518307216148624;NaN;0.0020962044186095714;0.002093037946678137;0.04578432503171333;0.3408125638961792;-0.030743518844246864
BeforeThisOrLaterThat(Admission NC,CRP,IV Liquid);Two-way Support Variation;0.015048908995760774;0.009867661826628382;1.5380673888980013E-4;1.398243080816365E-4;0.01240188448945563;0.04300478845834732;6.611262797378004E-4
BeforeThisOrLaterThat(Admission NC,CRP,IV Liquid);Linear Correlation Coefficient;0.12862039138112322;NaN;0.05115279788619328;0.05108404412559356;0.22616984300784507;0.7817360162734985;-1.0
BeforeThisOrLaterThat(Admission NC,CRP,IV Liquid);Piatetsky-Shapiro;0.011980042658480157;NaN;9.311488840570339E-4;9.302620755960272E-4;0.030514732246195997;0.1487603336572647;-0.14814814925193787
BeforeThisOrLaterThat(Admission NC,CRP,IV Liquid);Cosine;0.30199115192259607;0.0;0.026139833777986943;0.026106912072976884;0.16167817965943007;0.8164966106414795;0.0
BeforeThisOrLaterThat(Admission NC,CRP,IV Liquid);Information Gain;0.2963731519629246;NaN;0.07470069696435319;0.07460661548203033;0.2733142824009627;2.0149030685424805;-0.36772483587265015
BeforeThisOrLaterThat(Admission NC,CRP,IV Liquid);Sebag-Schoenauer;2.7690475957710306E38;0.0;1.7571519907705692E76;1.7549555507821063E76;1.325576097691328E38;3.4028234663852886E38;0.0
BeforeThisOrLaterThat(Admission NC,CRP,IV Liquid);Least Contradiction;0.004152200647205969;NaN;0.12201757969424264;0.12189712798674585;0.34931014828407525;0.6666666865348816;-4.0
BeforeThisOrLaterThat(Admission NC,CRP,IV Liquid);Odd Multiplier;2.7487861603461792E38;0.0;1.800228356960509E76;1.7978086951904007E76;1.3417258874153502E38;3.4028234663852886E38;0.0
BeforeThisOrLaterThat(Admission NC,CRP,IV Liquid);Example and Counterexample Rate;0.8106249999999997;NaN;0.16090073529411758;0.1606996093749999;0.4011243389450677;1.0;-1.0
BeforeThisOrLaterThat(Admission NC,CRP,IV Liquid);Zhang;0.6333079922203254;NaN;0.5882885743819686;0.5874978639325305;0.766999722543606;1.000003695487976;-1.0
RespondedExistence(Admission NC,LacticAcid);Support;0.06556745481366913;0.0;0.0030450918769827466;0.0030421917894808584;0.055182351136778746;0.25;0.0
RespondedExistence(Admission NC,LacticAcid);Confidence;0.9012499999999998;0.0;0.08910982478097625;0.08899843750000003;0.2985126878056882;1.0;0.0
RespondedExistence(Admission NC,LacticAcid);Recall;0.08005328785389833;0.0;0.0025576393661072613;0.002554665366844346;0.05057310912043338;0.25;0.0
RespondedExistence(Admission NC,LacticAcid);Lovinger;0.0;0.0;0.0;0.0;0.0;0.0;0.0
RespondedExistence(Admission NC,LacticAcid);Specificity;0.18095238095238075;0.0;0.14834990240137982;0.14820861678004515;0.3851621767533513;1.0;0.0
RespondedExistence(Admission NC,LacticAcid);Accuracy;0.23748682604393084;0.0;0.11519393372303452;0.11508422521472687;0.3394023183819382;1.0;0.0
RespondedExistence(Admission NC,LacticAcid);Lift;1.0;1.0;0.0;0.0;0.0;1.0;1.0
RespondedExistence(Admission NC,LacticAcid);Leverage;0.8151927161961792;0.0;0.07432460703695165;0.07423170127815547;0.2726253969037948;0.9882352948188782;0.0
RespondedExistence(Admission NC,LacticAcid);Compliance;0.990966989994049;0.9903099175524651;0.0011760982061489063;0.0011749781126192407;0.034294288243800986;1.0;0.7272727489471436
RespondedExistence(Admission NC,LacticAcid);Odds Ratio;NaN;NaN;NaN;NaN;NaN;NaN;NaN
RespondedExistence(Admission NC,LacticAcid);Gini Index;3.8451980799436546E-9;NaN;2.676899112588012E-16;2.673552988697277E-16;1.6361231960301804E-8;2.9802322387695312E-8;-2.9802322387695312E-8
RespondedExistence(Admission NC,LacticAcid);Certainty factor;0.0;0.0;0.0;0.0;0.0;0.0;0.0
RespondedExistence(Admission NC,LacticAcid);Coverage;0.07460046504845935;0.0;0.0030355179807493287;0.003032627011243853;0.05509553503460447;0.27272728085517883;0.0
RespondedExistence(Admission NC,LacticAcid);Prevalence;0.8190476190476188;0.0;0.14834990240137977;0.1482086167800451;0.38516217675335124;1.0;0.0
RespondedExistence(Admission NC,LacticAcid);Added Value;0.0;0.0;0.0;0.0;0.0;0.0;0.0
RespondedExistence(Admission NC,LacticAcid);Relative Risk;1.0;1.0;0.0;0.0;0.0;1.0;1.0
RespondedExistence(Admission NC,LacticAcid);Jaccard;0.07331824104606126;0.0;0.002836558819304038;0.0028335379898905087;0.05325935428921419;0.25;0.0
RespondedExistence(Admission NC,LacticAcid);Ylue Q;NaN;NaN;NaN;NaN;NaN;NaN;NaN
RespondedExistence(Admission NC,LacticAcid);Ylue Y;NaN;NaN;NaN;NaN;NaN;NaN;NaN
RespondedExistence(Admission NC,LacticAcid);Klosgen;0.0;0.0;0.0;0.0;0.0;0.0;0.0
RespondedExistence(Admission NC,LacticAcid);Conviction;1.0;1.0;0.0;0.0;0.0;1.0;1.0
RespondedExistence(Admission NC,LacticAcid);Interestingness Weighting Dependency;0.0;0.0;0.0;0.0;0.0;0.0;0.0
RespondedExistence(Admission NC,LacticAcid);Collective Strength;3.3602881730554705E37;6382.91619900925;1.0318211552933635E76;1.0305313788492468E76;1.0157859790789413E38;3.4028234663852886E38;1.0
RespondedExistence(Admission NC,LacticAcid);Laplace Correction;0.6263673557412052;0.6093792131962209;0.01721327445427885;0.01719688085956049;0.13119936910777755;0.8571428656578064;0.20000000298023224
RespondedExistence(Admission NC,LacticAcid);J Measure;NaN;NaN;NaN;NaN;NaN;NaN;NaN
RespondedExistence(Admission NC,LacticAcid);One-way Support;0.0;0.0;0.0;0.0;0.0;0.0;0.0
RespondedExistence(Admission NC,LacticAcid);Two-way Support;0.0;0.0;0.0;0.0;0.0;0.0;0.0
RespondedExistence(Admission NC,LacticAcid);Two-way Support Variation;NaN;NaN;NaN;NaN;NaN;NaN;NaN
RespondedExistence(Admission NC,LacticAcid);Linear Correlation Coefficient;NaN;NaN;NaN;NaN;NaN;NaN;NaN
RespondedExistence(Admission NC,LacticAcid);Piatetsky-Shapiro;0.0;0.0;0.0;0.0;0.0;0.0;0.0
RespondedExistence(Admission NC,LacticAcid);Cosine;0.3023129452572782;0.295262976034311;0.004099151477038164;0.00409346610744449;0.0640246161803268;0.5;0.10846523195505142
RespondedExistence(Admission NC,LacticAcid);Information Gain;0.0;0.0;0.0;0.0;0.0;0.0;0.0
RespondedExistence(Admission NC,LacticAcid);Sebag-Schoenauer;3.0667946490797396E38;0.0;1.0318211552933635E76;1.0305313788492468E76;1.0157859790789413E38;3.4028234663852886E38;0.0
RespondedExistence(Admission NC,LacticAcid);Least Contradiction;0.0733182402069783;0.0;0.002836558789292478;0.0028335379599109096;0.053259354007464996;0.25;0.0
RespondedExistence(Admission NC,LacticAcid);Odd Multiplier;NaN;NaN;NaN;NaN;NaN;NaN;NaN
RespondedExistence(Admission NC,LacticAcid);Example and Counterexample Rate;0.9012499999999998;3.7215160925022536E-5;0.08910982478097625;0.08899843750000003;0.2985126878056882;1.0;1.401298464324817E-45
RespondedExistence(Admission NC,LacticAcid);Zhang;NaN;NaN;NaN;NaN;NaN;NaN;NaN
