Constraint;Quality-Measure;Mean;Geometric-Mean;Variance;Population-variance;Standard-Deviation;Max;Min
RespondedExistence(a,b);Support;0.04210526347160339;0.0;0.0019390582006393708;0.0015512465605114966;0.04403473856671992;0.10526315867900848;0.0
RespondedExistence(a,b);Confidence;0.75;0.0;0.24999999999999997;0.18749999999999997;0.49999999999999994;1.0;0.0
RespondedExistence(a,b);Recall;0.07017543911933899;0.06631163469905346;9.233610479235099E-4;6.155740319490066E-4;0.030386856499537918;0.10526315867900848;0.05263157933950424
RespondedExistence(a,b);Lovinger;0.0;0.0;0.0;0.0;0.0;0.0;0.0
RespondedExistence(a,b);Specificity;0.4;0.0;0.3;0.24;0.5477225575051661;1.0;0.0
RespondedExistence(a,b);Accuracy;0.4210526287555695;0.1919963193009371;0.23268697662614393;0.18614958130091513;0.4823763848139168;1.0;0.05263157933950424
RespondedExistence(a,b);Lift;1.0;1.0;0.0;0.0;0.0;1.0;1.0
RespondedExistence(a,b);Leverage;0.6973684281110764;0.0;0.2167590080260793;0.1625692560195595;0.46557384809080427;0.9473684430122375;0.0
RespondedExistence(a,b);Compliance;0.9789473652839661;0.9780004678940105;0.0022160671424337865;0.0017728537139470291;0.04707512233052386;1.0;0.8947368264198303
RespondedExistence(a,b);Odds Ratio;NaN;NaN;NaN;NaN;NaN;NaN;NaN
RespondedExistence(a,b);Gini Index;3.725290298461914E-9;NaN;4.625929269271486E-16;3.469446951953614E-16;2.1507973566264876E-8;2.2351741790771484E-8;-1.4901161193847656E-8
RespondedExistence(a,b);Certainty factor;0.0;0.0;0.0;0.0;0.0;0.0;0.0
RespondedExistence(a,b);Coverage;0.06315789520740508;0.0;0.0019390582006393708;0.0015512465605114966;0.04403473856671992;0.10526315867900848;0.0
RespondedExistence(a,b);Prevalence;0.6;0.0;0.3;0.24;0.5477225575051661;1.0;0.0
RespondedExistence(a,b);Added Value;0.0;0.0;0.0;0.0;0.0;0.0;0.0
RespondedExistence(a,b);Relative Risk;1.0;1.0;0.0;0.0;0.0;1.0;1.0
RespondedExistence(a,b);Jaccard;0.05263158120214939;0.0;0.0018467223572709163;0.0013850417679531872;0.042973507621218404;0.10526316612958908;0.0
RespondedExistence(a,b);Ylue Q;NaN;NaN;NaN;NaN;NaN;NaN;NaN
RespondedExistence(a,b);Ylue Y;NaN;NaN;NaN;NaN;NaN;NaN;NaN
RespondedExistence(a,b);Klosgen;0.0;0.0;0.0;0.0;0.0;0.0;0.0
RespondedExistence(a,b);Conviction;1.0;1.0;0.0;0.0;0.0;1.0;1.0
RespondedExistence(a,b);Interestingness Weighting Dependency;0.0;0.0;0.0;0.0;0.0;0.0;0.0
RespondedExistence(a,b);Collective Strength;8.5070586659632215E37;4.294967231999997E9;2.8948018858455978E76;2.1711014143841984E76;1.7014117331926443E38;3.4028234663852886E38;1.0
RespondedExistence(a,b);Laplace Correction;0.5666666746139526;0.5296119268378722;0.03958333532015494;0.03166666825612395;0.19895561143168328;0.75;0.25
RespondedExistence(a,b);J Measure;NaN;NaN;NaN;NaN;NaN;NaN;NaN
RespondedExistence(a,b);One-way Support;0.0;0.0;0.0;0.0;0.0;0.0;0.0
RespondedExistence(a,b);Two-way Support;0.0;0.0;0.0;0.0;0.0;0.0;0.0
RespondedExistence(a,b);Two-way Support Variation;NaN;NaN;NaN;NaN;NaN;NaN;NaN
RespondedExistence(a,b);Linear Correlation Coefficient;NaN;NaN;NaN;NaN;NaN;NaN;NaN
RespondedExistence(a,b);Piatetsky-Shapiro;0.0;0.0;0.0;0.0;0.0;0.0;0.0
RespondedExistence(a,b);Cosine;0.2610914309819539;0.25751044911527754;0.003010050166150154;0.0020067001107667696;0.05486392408632611;0.3244428336620331;0.22941572964191437
RespondedExistence(a,b);Information Gain;0.0;0.0;0.0;0.0;0.0;0.0;0.0
RespondedExistence(a,b);Sebag-Schoenauer;2.5521175997889664E38;0.0;2.8948018858455978E76;2.1711014143841984E76;1.7014117331926443E38;3.4028234663852886E38;0.0
RespondedExistence(a,b);Least Contradiction;0.05263157933950424;7.995119551182604E-13;0.0018467220958470199;0.0013850415718852649;0.04297350457953156;0.10526315867900848;1.401298464324817E-45
RespondedExistence(a,b);Odd Multiplier;NaN;NaN;NaN;NaN;NaN;NaN;NaN
RespondedExistence(a,b);Example and Counterexample Rate;0.75;6.1183266753048225E-12;0.24999999999999997;0.18749999999999997;0.49999999999999994;1.0;1.401298464324817E-45
RespondedExistence(a,b);Zhang;NaN;NaN;NaN;NaN;NaN;NaN;NaN
BeforeThisOrLaterThat(a,b,c);Support;0.06315789520740508;0.0;0.0019390582006393708;0.0015512465605114966;0.04403473856671992;0.10526315867900848;0.0
BeforeThisOrLaterThat(a,b,c);Confidence;1.0;1.0;0.0;0.0;0.0;1.0;1.0
BeforeThisOrLaterThat(a,b,c);Recall;0.09305042959749699;0.08784125637370835;0.0011731813692603815;8.798860269452861E-4;0.034251735273711045;0.125;0.05263157933950424
BeforeThisOrLaterThat(a,b,c);Lovinger;1.401298464324817E-45;1.401298464324826E-45;0.0;0.0;0.0;1.401298464324817E-45;1.401298464324817E-45
BeforeThisOrLaterThat(a,b,c);Specificity;0.3254901900887489;0.0;0.15659361849956133;0.12527489479964907;0.3957191156610473;1.0;0.0
BeforeThisOrLaterThat(a,b,c);Accuracy;0.3789473697543144;0.25481367396712795;0.1335180048240024;0.1068144038592019;0.36540115602444717;1.0;0.05263157933950424
BeforeThisOrLaterThat(a,b,c);Lift;1.191671371459961;1.180149791253343;0.03835438211203268;0.02876578658402451;0.19584274842851007;1.4615384340286255;1.0
BeforeThisOrLaterThat(a,b,c);Leverage;0.9321329593658447;0.9318157483378722;7.90356306957562E-4;5.927672302181715E-4;0.028113276346907023;0.9639889001846313;0.9058171510696411
BeforeThisOrLaterThat(a,b,c);Compliance;1.0;1.0;0.0;0.0;0.0;1.0;1.0
BeforeThisOrLaterThat(a,b,c);Odds Ratio;3.4028234663852886E38;3.4028234663852844E38;0.0;0.0;0.0;3.4028234663852886E38;3.4028234663852886E38
BeforeThisOrLaterThat(a,b,c);Gini Index;0.004888401483185589;2.480835432693298E-4;2.2798313950893783E-5;1.7098735463170336E-5;0.004774757999196795;0.011080273427069187;2.2351741790771484E-8
BeforeThisOrLaterThat(a,b,c);Certainty factor;1.0;1.0;0.0;0.0;0.0;1.0;1.0
BeforeThisOrLaterThat(a,b,c);Coverage;0.06315789520740508;0.0;0.0019390582006393708;0.0015512465605114966;0.04403473856671992;0.10526315867900848;0.0
BeforeThisOrLaterThat(a,b,c);Prevalence;0.6842105269432068;0.0;0.1592797772375832;0.12742382179006656;0.39909870613368714;1.0;0.0
BeforeThisOrLaterThat(a,b,c);Added Value;0.14473684132099152;0.0;0.017313017491818943;0.012984763118864207;0.13157894015312233;0.31578946113586426;0.0
BeforeThisOrLaterThat(a,b,c);Relative Risk;1.211904764175415;1.198650165646802;0.04469390713439717;0.03352043035079788;0.2114093354949047;1.5000001192092896;1.0
BeforeThisOrLaterThat(a,b,c);Jaccard;0.09305042959749699;0.08784125637370835;0.0011731813692603815;8.798860269452861E-4;0.034251735273711045;0.125;0.05263157933950424
BeforeThisOrLaterThat(a,b,c);Ylue Q;1.0;1.0;0.0;0.0;0.0;1.0;1.0
BeforeThisOrLaterThat(a,b,c);Ylue Y;1.0;1.0;0.0;0.0;0.0;1.0;1.0
BeforeThisOrLaterThat(a,b,c);Klosgen;0.03945669159293175;0.0;9.372986248597873E-4;7.029739686448405E-4;0.030615333165911935;0.07244706898927689;0.0
BeforeThisOrLaterThat(a,b,c);Conviction;3.4028234663852886E38;3.4028234663852844E38;0.0;0.0;0.0;3.4028234663852886E38;3.4028234663852886E38
BeforeThisOrLaterThat(a,b,c);Interestingness Weighting Dependency;0.0026130604674108326;0.0;3.622033824482545E-6;2.7165253683619087E-6;0.0019031641612016934;0.004544667433947325;0.0
BeforeThisOrLaterThat(a,b,c);Collective Strength;1.1991306841373444;1.1928326619549239;0.018807598567333866;0.014105698925500398;0.13714079833271303;1.313772439956665;1.0
BeforeThisOrLaterThat(a,b,c);Laplace Correction;0.6666666746139527;0.6597539632513271;0.010416666666666782;0.008333333333333425;0.10206207261596632;0.75;0.5
BeforeThisOrLaterThat(a,b,c);J Measure;NaN;NaN;NaN;NaN;NaN;NaN;NaN
BeforeThisOrLaterThat(a,b,c);One-way Support;0.23896999284625053;0.0;0.052844405522683824;0.03963330414201287;0.22987911067055183;0.5474877953529358;0.0
BeforeThisOrLaterThat(a,b,c);Two-way Support;0.017950949259102345;0.0;1.6925309068413844E-4;1.2693981801310383E-4;0.013009730615356279;0.028815146535634995;0.0
BeforeThisOrLaterThat(a,b,c);Two-way Support Variation;NaN;NaN;NaN;NaN;NaN;NaN;NaN
BeforeThisOrLaterThat(a,b,c);Linear Correlation Coefficient;0.14209909737110138;0.14091155129092475;4.8210201280896037E-4;3.2140134187264024E-4;0.021956821555247023;0.1601281464099884;0.11764705181121826
BeforeThisOrLaterThat(a,b,c);Piatetsky-Shapiro;0.00886426493525505;0.0;7.059489723949819E-5;5.647591779159855E-5;0.008402076959865232;0.016620498150587082;0.0
BeforeThisOrLaterThat(a,b,c);Cosine;0.30082909390330315;0.29638025043854527;0.003403042922833092;0.002552282192124819;0.058335605960966;0.3535533845424652;0.22941572964191437
BeforeThisOrLaterThat(a,b,c);Information Gain;0.16564137302339077;0.0;0.025389250874526866;0.01904193815589515;0.15934004793060302;0.37948960065841675;0.0
BeforeThisOrLaterThat(a,b,c);Sebag-Schoenauer;3.4028234663852886E38;3.4028234663852844E38;0.0;0.0;0.0;3.4028234663852886E38;3.4028234663852886E38
BeforeThisOrLaterThat(a,b,c);Least Contradiction;0.09305042959749699;0.08784125637370835;0.0011731813692603815;8.798860269452861E-4;0.034251735273711045;0.125;0.05263157933950424
BeforeThisOrLaterThat(a,b,c);Odd Multiplier;3.4028234663852886E38;3.4028234663852844E38;0.0;0.0;0.0;3.4028234663852886E38;3.4028234663852886E38
BeforeThisOrLaterThat(a,b,c);Example and Counterexample Rate;1.0;1.0;0.0;0.0;0.0;1.0;1.0
BeforeThisOrLaterThat(a,b,c);Zhang;0.9999999006589254;0.9999999006589202;1.5395092608135503E-14;1.0263395072090336E-14;1.2407696243918733E-7;1.0;0.9999997615814209
