{
  "name": "Process model discovered from Synthetic-01-log.txt",
  "tasks": [
    "CRP",
    "Release B",
    "Leucocytes",
    "Release A",
    "ER Registration",
    "IV Liquid",
    "Release D",
    "Release C",
    "Release E",
    "Admission IC",
    "Return ER",
    "Admission NC",
    "ER Sepsis Triage",
    "LacticAcid",
    "ER Triage",
    "IV Antibiotics"
  ],
  "constraints": [
    {
      "template": "RespondedExistence",
      "parameters": [
        [
          "Admission NC"
        ],
        [
          "LacticAcid"
        ]
      ],
      "support": 1.0,
      "confidence": 1.0,
      "interestFactor": 1.0
    },
    {
      "template": "BeforeThisOrLaterThat",
      "parameters": [
        [
          "Admission NC"
        ],
        [
          "IV Liquid",
          "CRP"
        ]
      ],
      "support": 1.0,
      "confidence": 1.0,
      "interestFactor": 1.0
    }
  ]
}