{
  "RespondedExistence(a,b)": {
    "Support": {
      "stats": {
        "Mean": 0.04210526347160339,
        "Geometric Mean": 0.0,
        "Variance": 0.0019390582006393708,
        "Population  variance": 0.0015512465605114966,
        "Standard Deviation": 0.04403473856671992,
        "Max": 0.10526315867900848,
        "Min": 0.0
      }
    },
    "Confidence": {
      "stats": {
        "Mean": 0.75,
        "Geometric Mean": 0.0,
        "Variance": 0.24999999999999997,
        "Population  variance": 0.18749999999999997,
        "Standard Deviation": 0.49999999999999994,
        "Max": 1.0,
        "Min": 0.0
      }
    },
    "Recall": {
      "stats": {
        "Mean": 0.07017543911933899,
        "Geometric Mean": 0.06631163469905346,
        "Variance": 9.233610479235099E-4,
        "Population  variance": 6.155740319490066E-4,
        "Standard Deviation": 0.030386856499537918,
        "Max": 0.10526315867900848,
        "Min": 0.05263157933950424
      }
    },
    "Lovinger": {
      "stats": {
        "Mean": 0.0,
        "Geometric Mean": 0.0,
        "Variance": 0.0,
        "Population  variance": 0.0,
        "Standard Deviation": 0.0,
        "Max": 0.0,
        "Min": 0.0
      }
    },
    "Specificity": {
      "stats": {
        "Mean": 0.4,
        "Geometric Mean": 0.0,
        "Variance": 0.3,
        "Population  variance": 0.24,
        "Standard Deviation": 0.5477225575051661,
        "Max": 1.0,
        "Min": 0.0
      }
    },
    "Accuracy": {
      "stats": {
        "Mean": 0.4210526287555695,
        "Geometric Mean": 0.1919963193009371,
        "Variance": 0.23268697662614393,
        "Population  variance": 0.18614958130091513,
        "Standard Deviation": 0.4823763848139168,
        "Max": 1.0,
        "Min": 0.05263157933950424
      }
    },
    "Lift": {
      "stats": {
        "Mean": 1.0,
        "Geometric Mean": 1.0,
        "Variance": 0.0,
        "Population  variance": 0.0,
        "Standard Deviation": 0.0,
        "Max": 1.0,
        "Min": 1.0
      }
    },
    "Leverage": {
      "stats": {
        "Mean": 0.6973684281110764,
        "Geometric Mean": 0.0,
        "Variance": 0.2167590080260793,
        "Population  variance": 0.1625692560195595,
        "Standard Deviation": 0.46557384809080427,
        "Max": 0.9473684430122375,
        "Min": 0.0
      }
    },
    "Compliance": {
      "stats": {
        "Mean": 0.9789473652839661,
        "Geometric Mean": 0.9780004678940105,
        "Variance": 0.0022160671424337865,
        "Population  variance": 0.0017728537139470291,
        "Standard Deviation": 0.04707512233052386,
        "Max": 1.0,
        "Min": 0.8947368264198303
      }
    },
    "Odds Ratio": {
      "stats": {
        "Mean": NaN,
        "Geometric Mean": NaN,
        "Variance": NaN,
        "Population  variance": NaN,
        "Standard Deviation": NaN,
        "Max": NaN,
        "Min": NaN
      }
    },
    "Gini Index": {
      "stats": {
        "Mean": 3.725290298461914E-9,
        "Geometric Mean": NaN,
        "Variance": 4.625929269271486E-16,
        "Population  variance": 3.469446951953614E-16,
        "Standard Deviation": 2.1507973566264876E-8,
        "Max": 2.2351741790771484E-8,
        "Min": -1.4901161193847656E-8
      }
    },
    "Certainty factor": {
      "stats": {
        "Mean": 0.0,
        "Geometric Mean": 0.0,
        "Variance": 0.0,
        "Population  variance": 0.0,
        "Standard Deviation": 0.0,
        "Max": 0.0,
        "Min": 0.0
      }
    },
    "Coverage": {
      "stats": {
        "Mean": 0.06315789520740508,
        "Geometric Mean": 0.0,
        "Variance": 0.0019390582006393708,
        "Population  variance": 0.0015512465605114966,
        "Standard Deviation": 0.04403473856671992,
        "Max": 0.10526315867900848,
        "Min": 0.0
      }
    },
    "Prevalence": {
      "stats": {
        "Mean": 0.6,
        "Geometric Mean": 0.0,
        "Variance": 0.3,
        "Population  variance": 0.24,
        "Standard Deviation": 0.5477225575051661,
        "Max": 1.0,
        "Min": 0.0
      }
    },
    "Added Value": {
      "stats": {
        "Mean": 0.0,
        "Geometric Mean": 0.0,
        "Variance": 0.0,
        "Population  variance": 0.0,
        "Standard Deviation": 0.0,
        "Max": 0.0,
        "Min": 0.0
      }
    },
    "Relative Risk": {
      "stats": {
        "Mean": 1.0,
        "Geometric Mean": 1.0,
        "Variance": 0.0,
        "Population  variance": 0.0,
        "Standard Deviation": 0.0,
        "Max": 1.0,
        "Min": 1.0
      }
    },
    "Jaccard": {
      "stats": {
        "Mean": 0.05263158120214939,
        "Geometric Mean": 0.0,
        "Variance": 0.0018467223572709163,
        "Population  variance": 0.0013850417679531872,
        "Standard Deviation": 0.042973507621218404,
        "Max": 0.10526316612958908,
        "Min": 0.0
      }
    },
    "Ylue Q": {
      "stats": {
        "Mean": NaN,
        "Geometric Mean": NaN,
        "Variance": NaN,
        "Population  variance": NaN,
        "Standard Deviation": NaN,
        "Max": NaN,
        "Min": NaN
      }
    },
    "Ylue Y": {
      "stats": {
        "Mean": NaN,
        "Geometric Mean": NaN,
        "Variance": NaN,
        "Population  variance": NaN,
        "Standard Deviation": NaN,
        "Max": NaN,
        "Min": NaN
      }
    },
    "Klosgen": {
      "stats": {
        "Mean": 0.0,
        "Geometric Mean": 0.0,
        "Variance": 0.0,
        "Population  variance": 0.0,
        "Standard Deviation": 0.0,
        "Max": 0.0,
        "Min": 0.0
      }
    },
    "Conviction": {
      "stats": {
        "Mean": 1.0,
        "Geometric Mean": 1.0,
        "Variance": 0.0,
        "Population  variance": 0.0,
        "Standard Deviation": 0.0,
        "Max": 1.0,
        "Min": 1.0
      }
    },
    "Interestingness Weighting Dependency": {
      "stats": {
        "Mean": 0.0,
        "Geometric Mean": 0.0,
        "Variance": 0.0,
        "Population  variance": 0.0,
        "Standard Deviation": 0.0,
        "Max": 0.0,
        "Min": 0.0
      }
    },
    "Collective Strength": {
      "stats": {
        "Mean": 8.5070586659632215E37,
        "Geometric Mean": 4.294967231999997E9,
        "Variance": 2.8948018858455978E76,
        "Population  variance": 2.1711014143841984E76,
        "Standard Deviation": 1.7014117331926443E38,
        "Max": 3.4028234663852886E38,
        "Min": 1.0
      }
    },
    "Laplace Correction": {
      "stats": {
        "Mean": 0.5666666746139526,
        "Geometric Mean": 0.5296119268378722,
        "Variance": 0.03958333532015494,
        "Population  variance": 0.03166666825612395,
        "Standard Deviation": 0.19895561143168328,
        "Max": 0.75,
        "Min": 0.25
      }
    },
    "J Measure": {
      "stats": {
        "Mean": NaN,
        "Geometric Mean": NaN,
        "Variance": NaN,
        "Population  variance": NaN,
        "Standard Deviation": NaN,
        "Max": NaN,
        "Min": NaN
      }
    },
    "One-way Support": {
      "stats": {
        "Mean": 0.0,
        "Geometric Mean": 0.0,
        "Variance": 0.0,
        "Population  variance": 0.0,
        "Standard Deviation": 0.0,
        "Max": 0.0,
        "Min": 0.0
      }
    },
    "Two-way Support": {
      "stats": {
        "Mean": 0.0,
        "Geometric Mean": 0.0,
        "Variance": 0.0,
        "Population  variance": 0.0,
        "Standard Deviation": 0.0,
        "Max": 0.0,
        "Min": 0.0
      }
    },
    "Two-way Support Variation": {
      "stats": {
        "Mean": NaN,
        "Geometric Mean": NaN,
        "Variance": NaN,
        "Population  variance": NaN,
        "Standard Deviation": NaN,
        "Max": NaN,
        "Min": NaN
      }
    },
    "Linear Correlation Coefficient": {
      "stats": {
        "Mean": NaN,
        "Geometric Mean": NaN,
        "Variance": NaN,
        "Population  variance": NaN,
        "Standard Deviation": NaN,
        "Max": NaN,
        "Min": NaN
      }
    },
    "Piatetsky-Shapiro": {
      "stats": {
        "Mean": 0.0,
        "Geometric Mean": 0.0,
        "Variance": 0.0,
        "Population  variance": 0.0,
        "Standard Deviation": 0.0,
        "Max": 0.0,
        "Min": 0.0
      }
    },
    "Cosine": {
      "stats": {
        "Mean": 0.2610914309819539,
        "Geometric Mean": 0.25751044911527754,
        "Variance": 0.003010050166150154,
        "Population  variance": 0.0020067001107667696,
        "Standard Deviation": 0.05486392408632611,
        "Max": 0.3244428336620331,
        "Min": 0.22941572964191437
      }
    },
    "Information Gain": {
      "stats": {
        "Mean": 0.0,
        "Geometric Mean": 0.0,
        "Variance": 0.0,
        "Population  variance": 0.0,
        "Standard Deviation": 0.0,
        "Max": 0.0,
        "Min": 0.0
      }
    },
    "Sebag-Schoenauer": {
      "stats": {
        "Mean": 2.5521175997889664E38,
        "Geometric Mean": 0.0,
        "Variance": 2.8948018858455978E76,
        "Population  variance": 2.1711014143841984E76,
        "Standard Deviation": 1.7014117331926443E38,
        "Max": 3.4028234663852886E38,
        "Min": 0.0
      }
    },
    "Least Contradiction": {
      "stats": {
        "Mean": 0.05263157933950424,
        "Geometric Mean": 7.995119551182604E-13,
        "Variance": 0.0018467220958470199,
        "Population  variance": 0.0013850415718852649,
        "Standard Deviation": 0.04297350457953156,
        "Max": 0.10526315867900848,
        "Min": 1.401298464324817E-45
      }
    },
    "Odd Multiplier": {
      "stats": {
        "Mean": NaN,
        "Geometric Mean": NaN,
        "Variance": NaN,
        "Population  variance": NaN,
        "Standard Deviation": NaN,
        "Max": NaN,
        "Min": NaN
      }
    },
    "Example and Counterexample Rate": {
      "stats": {
        "Mean": 0.75,
        "Geometric Mean": 6.1183266753048225E-12,
        "Variance": 0.24999999999999997,
        "Population  variance": 0.18749999999999997,
        "Standard Deviation": 0.49999999999999994,
        "Max": 1.0,
        "Min": 1.401298464324817E-45
      }
    },
    "Zhang": {
      "stats": {
        "Mean": NaN,
        "Geometric Mean": NaN,
        "Variance": NaN,
        "Population  variance": NaN,
        "Standard Deviation": NaN,
        "Max": NaN,
        "Min": NaN
      }
    }
  },
  "BeforeThisOrLaterThat(a,b,c)": {
    "Support": {
      "stats": {
        "Mean": 0.06315789520740508,
        "Geometric Mean": 0.0,
        "Variance": 0.0019390582006393708,
        "Population  variance": 0.0015512465605114966,
        "Standard Deviation": 0.04403473856671992,
        "Max": 0.10526315867900848,
        "Min": 0.0
      }
    },
    "Confidence": {
      "stats": {
        "Mean": 1.0,
        "Geometric Mean": 1.0,
        "Variance": 0.0,
        "Population  variance": 0.0,
        "Standard Deviation": 0.0,
        "Max": 1.0,
        "Min": 1.0
      }
    },
    "Recall": {
      "stats": {
        "Mean": 0.09305042959749699,
        "Geometric Mean": 0.08784125637370835,
        "Variance": 0.0011731813692603815,
        "Population  variance": 8.798860269452861E-4,
        "Standard Deviation": 0.034251735273711045,
        "Max": 0.125,
        "Min": 0.05263157933950424
      }
    },
    "Lovinger": {
      "stats": {
        "Mean": 1.401298464324817E-45,
        "Geometric Mean": 1.401298464324826E-45,
        "Variance": 0.0,
        "Population  variance": 0.0,
        "Standard Deviation": 0.0,
        "Max": 1.401298464324817E-45,
        "Min": 1.401298464324817E-45
      }
    },
    "Specificity": {
      "stats": {
        "Mean": 0.3254901900887489,
        "Geometric Mean": 0.0,
        "Variance": 0.15659361849956133,
        "Population  variance": 0.12527489479964907,
        "Standard Deviation": 0.3957191156610473,
        "Max": 1.0,
        "Min": 0.0
      }
    },
    "Accuracy": {
      "stats": {
        "Mean": 0.3789473697543144,
        "Geometric Mean": 0.25481367396712795,
        "Variance": 0.1335180048240024,
        "Population  variance": 0.1068144038592019,
        "Standard Deviation": 0.36540115602444717,
        "Max": 1.0,
        "Min": 0.05263157933950424
      }
    },
    "Lift": {
      "stats": {
        "Mean": 1.191671371459961,
        "Geometric Mean": 1.180149791253343,
        "Variance": 0.03835438211203268,
        "Population  variance": 0.02876578658402451,
        "Standard Deviation": 0.19584274842851007,
        "Max": 1.4615384340286255,
        "Min": 1.0
      }
    },
    "Leverage": {
      "stats": {
        "Mean": 0.9321329593658447,
        "Geometric Mean": 0.9318157483378722,
        "Variance": 7.90356306957562E-4,
        "Population  variance": 5.927672302181715E-4,
        "Standard Deviation": 0.028113276346907023,
        "Max": 0.9639889001846313,
        "Min": 0.9058171510696411
      }
    },
    "Compliance": {
      "stats": {
        "Mean": 1.0,
        "Geometric Mean": 1.0,
        "Variance": 0.0,
        "Population  variance": 0.0,
        "Standard Deviation": 0.0,
        "Max": 1.0,
        "Min": 1.0
      }
    },
    "Odds Ratio": {
      "stats": {
        "Mean": 3.4028234663852886E38,
        "Geometric Mean": 3.4028234663852844E38,
        "Variance": 0.0,
        "Population  variance": 0.0,
        "Standard Deviation": 0.0,
        "Max": 3.4028234663852886E38,
        "Min": 3.4028234663852886E38
      }
    },
    "Gini Index": {
      "stats": {
        "Mean": 0.004888401483185589,
        "Geometric Mean": 2.480835432693298E-4,
        "Variance": 2.2798313950893783E-5,
        "Population  variance": 1.7098735463170336E-5,
        "Standard Deviation": 0.004774757999196795,
        "Max": 0.011080273427069187,
        "Min": 2.2351741790771484E-8
      }
    },
    "Certainty factor": {
      "stats": {
        "Mean": 1.0,
        "Geometric Mean": 1.0,
        "Variance": 0.0,
        "Population  variance": 0.0,
        "Standard Deviation": 0.0,
        "Max": 1.0,
        "Min": 1.0
      }
    },
    "Coverage": {
      "stats": {
        "Mean": 0.06315789520740508,
        "Geometric Mean": 0.0,
        "Variance": 0.0019390582006393708,
        "Population  variance": 0.0015512465605114966,
        "Standard Deviation": 0.04403473856671992,
        "Max": 0.10526315867900848,
        "Min": 0.0
      }
    },
    "Prevalence": {
      "stats": {
        "Mean": 0.6842105269432068,
        "Geometric Mean": 0.0,
        "Variance": 0.1592797772375832,
        "Population  variance": 0.12742382179006656,
        "Standard Deviation": 0.39909870613368714,
        "Max": 1.0,
        "Min": 0.0
      }
    },
    "Added Value": {
      "stats": {
        "Mean": 0.14473684132099152,
        "Geometric Mean": 0.0,
        "Variance": 0.017313017491818943,
        "Population  variance": 0.012984763118864207,
        "Standard Deviation": 0.13157894015312233,
        "Max": 0.31578946113586426,
        "Min": 0.0
      }
    },
    "Relative Risk": {
      "stats": {
        "Mean": 1.211904764175415,
        "Geometric Mean": 1.198650165646802,
        "Variance": 0.04469390713439717,
        "Population  variance": 0.03352043035079788,
        "Standard Deviation": 0.2114093354949047,
        "Max": 1.5000001192092896,
        "Min": 1.0
      }
    },
    "Jaccard": {
      "stats": {
        "Mean": 0.09305042959749699,
        "Geometric Mean": 0.08784125637370835,
        "Variance": 0.0011731813692603815,
        "Population  variance": 8.798860269452861E-4,
        "Standard Deviation": 0.034251735273711045,
        "Max": 0.125,
        "Min": 0.05263157933950424
      }
    },
    "Ylue Q": {
      "stats": {
        "Mean": 1.0,
        "Geometric Mean": 1.0,
        "Variance": 0.0,
        "Population  variance": 0.0,
        "Standard Deviation": 0.0,
        "Max": 1.0,
        "Min": 1.0
      }
    },
    "Ylue Y": {
      "stats": {
        "Mean": 1.0,
        "Geometric Mean": 1.0,
        "Variance": 0.0,
        "Population  variance": 0.0,
        "Standard Deviation": 0.0,
        "Max": 1.0,
        "Min": 1.0
      }
    },
    "Klosgen": {
      "stats": {
        "Mean": 0.03945669159293175,
        "Geometric Mean": 0.0,
        "Variance": 9.372986248597873E-4,
        "Population  variance": 7.029739686448405E-4,
        "Standard Deviation": 0.030615333165911935,
        "Max": 0.07244706898927689,
        "Min": 0.0
      }
    },
    "Conviction": {
      "stats": {
        "Mean": 3.4028234663852886E38,
        "Geometric Mean": 3.4028234663852844E38,
        "Variance": 0.0,
        "Population  variance": 0.0,
        "Standard Deviation": 0.0,
        "Max": 3.4028234663852886E38,
        "Min": 3.4028234663852886E38
      }
    },
    "Interestingness Weighting Dependency": {
      "stats": {
        "Mean": 0.0026130604674108326,
        "Geometric Mean": 0.0,
        "Variance": 3.622033824482545E-6,
        "Population  variance": 2.7165253683619087E-6,
        "Standard Deviation": 0.0019031641612016934,
        "Max": 0.004544667433947325,
        "Min": 0.0
      }
    },
    "Collective Strength": {
      "stats": {
        "Mean": 1.1991306841373444,
        "Geometric Mean": 1.1928326619549239,
        "Variance": 0.018807598567333866,
        "Population  variance": 0.014105698925500398,
        "Standard Deviation": 0.13714079833271303,
        "Max": 1.313772439956665,
        "Min": 1.0
      }
    },
    "Laplace Correction": {
      "stats": {
        "Mean": 0.6666666746139527,
        "Geometric Mean": 0.6597539632513271,
        "Variance": 0.010416666666666782,
        "Population  variance": 0.008333333333333425,
        "Standard Deviation": 0.10206207261596632,
        "Max": 0.75,
        "Min": 0.5
      }
    },
    "J Measure": {
      "stats": {
        "Mean": NaN,
        "Geometric Mean": NaN,
        "Variance": NaN,
        "Population  variance": NaN,
        "Standard Deviation": NaN,
        "Max": NaN,
        "Min": NaN
      }
    },
    "One-way Support": {
      "stats": {
        "Mean": 0.23896999284625053,
        "Geometric Mean": 0.0,
        "Variance": 0.052844405522683824,
        "Population  variance": 0.03963330414201287,
        "Standard Deviation": 0.22987911067055183,
        "Max": 0.5474877953529358,
        "Min": 0.0
      }
    },
    "Two-way Support": {
      "stats": {
        "Mean": 0.017950949259102345,
        "Geometric Mean": 0.0,
        "Variance": 1.6925309068413844E-4,
        "Population  variance": 1.2693981801310383E-4,
        "Standard Deviation": 0.013009730615356279,
        "Max": 0.028815146535634995,
        "Min": 0.0
      }
    },
    "Two-way Support Variation": {
      "stats": {
        "Mean": NaN,
        "Geometric Mean": NaN,
        "Variance": NaN,
        "Population  variance": NaN,
        "Standard Deviation": NaN,
        "Max": NaN,
        "Min": NaN
      }
    },
    "Linear Correlation Coefficient": {
      "stats": {
        "Mean": 0.14209909737110138,
        "Geometric Mean": 0.14091155129092475,
        "Variance": 4.8210201280896037E-4,
        "Population  variance": 3.2140134187264024E-4,
        "Standard Deviation": 0.021956821555247023,
        "Max": 0.1601281464099884,
        "Min": 0.11764705181121826
      }
    },
    "Piatetsky-Shapiro": {
      "stats": {
        "Mean": 0.00886426493525505,
        "Geometric Mean": 0.0,
        "Variance": 7.059489723949819E-5,
        "Population  variance": 5.647591779159855E-5,
        "Standard Deviation": 0.008402076959865232,
        "Max": 0.016620498150587082,
        "Min": 0.0
      }
    },
    "Cosine": {
      "stats": {
        "Mean": 0.30082909390330315,
        "Geometric Mean": 0.29638025043854527,
        "Variance": 0.003403042922833092,
        "Population  variance": 0.002552282192124819,
        "Standard Deviation": 0.058335605960966,
        "Max": 0.3535533845424652,
        "Min": 0.22941572964191437
      }
    },
    "Information Gain": {
      "stats": {
        "Mean": 0.16564137302339077,
        "Geometric Mean": 0.0,
        "Variance": 0.025389250874526866,
        "Population  variance": 0.01904193815589515,
        "Standard Deviation": 0.15934004793060302,
        "Max": 0.37948960065841675,
        "Min": 0.0
      }
    },
    "Sebag-Schoenauer": {
      "stats": {
        "Mean": 3.4028234663852886E38,
        "Geometric Mean": 3.4028234663852844E38,
        "Variance": 0.0,
        "Population  variance": 0.0,
        "Standard Deviation": 0.0,
        "Max": 3.4028234663852886E38,
        "Min": 3.4028234663852886E38
      }
    },
    "Least Contradiction": {
      "stats": {
        "Mean": 0.09305042959749699,
        "Geometric Mean": 0.08784125637370835,
        "Variance": 0.0011731813692603815,
        "Population  variance": 8.798860269452861E-4,
        "Standard Deviation": 0.034251735273711045,
        "Max": 0.125,
        "Min": 0.05263157933950424
      }
    },
    "Odd Multiplier": {
      "stats": {
        "Mean": 3.4028234663852886E38,
        "Geometric Mean": 3.4028234663852844E38,
        "Variance": 0.0,
        "Population  variance": 0.0,
        "Standard Deviation": 0.0,
        "Max": 3.4028234663852886E38,
        "Min": 3.4028234663852886E38
      }
    },
    "Example and Counterexample Rate": {
      "stats": {
        "Mean": 1.0,
        "Geometric Mean": 1.0,
        "Variance": 0.0,
        "Population  variance": 0.0,
        "Standard Deviation": 0.0,
        "Max": 1.0,
        "Min": 1.0
      }
    },
    "Zhang": {
      "stats": {
        "Mean": 0.9999999006589254,
        "Geometric Mean": 0.9999999006589202,
        "Variance": 1.5395092608135503E-14,
        "Population  variance": 1.0263395072090336E-14,
        "Standard Deviation": 1.2407696243918733E-7,
        "Max": 1.0,
        "Min": 0.9999997615814209
      }
    }
  }
}