'Constraint';'Template';'Activation';'Target';'Support';'Confidence level';'Interest factor'
'Init(a)';'Init';'a';;1.000;1.000;1.000
'CoExistence(a, b)';'CoExistence';'a';'b';1.000;1.000;1.000
'Succession(a, b)';'Succession';'a';'b';1.000;1.000;1.000
'RespondedExistence(a, b)';'RespondedExistence';'a';'b';1.000;1.000;1.000
'Response(a, b)';'Response';'a';'b';1.000;1.000;1.000
'CoExistence(a, c)';'CoExistence';'a';'c';0.870;0.870;0.870
'RespondedExistence(a, c)';'RespondedExistence';'a';'c';0.870;0.870;0.870
'CoExistence(a, d)';'CoExistence';'a';'d';1.000;1.000;1.000
'Succession(a, d)';'Succession';'a';'d';0.634;0.634;0.634
'RespondedExistence(a, d)';'RespondedExistence';'a';'d';1.000;1.000;1.000
'Response(a, d)';'Response';'a';'d';0.634;0.634;0.634
'CoExistence(a, e)';'CoExistence';'a';'e';0.860;0.860;0.860
'RespondedExistence(a, e)';'RespondedExistence';'a';'e';0.860;0.860;0.860
'CoExistence(a, f)';'CoExistence';'a';'f';0.970;0.970;0.970
'Succession(a, f)';'Succession';'a';'f';0.802;0.802;0.802
'RespondedExistence(a, f)';'RespondedExistence';'a';'f';0.970;0.970;0.970
'Response(a, f)';'Response';'a';'f';0.802;0.802;0.802
'CoExistence(a, g)';'CoExistence';'a';'g';0.880;0.880;0.880
'RespondedExistence(a, g)';'RespondedExistence';'a';'g';0.880;0.880;0.880
'CoExistence(a, h)';'CoExistence';'a';'h';0.668;0.668;0.668
'RespondedExistence(a, h)';'RespondedExistence';'a';'h';0.668;0.668;0.668
'CoExistence(a, i)';'CoExistence';'a';'i';0.884;0.884;0.884
'RespondedExistence(a, i)';'RespondedExistence';'a';'i';0.884;0.884;0.884
'CoExistence(a, l)';'CoExistence';'a';'l';0.618;0.618;0.618
'RespondedExistence(a, l)';'RespondedExistence';'a';'l';0.618;0.618;0.618
'CoExistence(a, m)';'CoExistence';'a';'m';0.848;0.848;0.848
'RespondedExistence(a, m)';'RespondedExistence';'a';'m';0.848;0.848;0.848
'CoExistence(a, n)';'CoExistence';'a';'n';0.968;0.968;0.968
'Succession(a, n)';'Succession';'a';'n';0.802;0.802;0.802
'RespondedExistence(a, n)';'RespondedExistence';'a';'n';0.968;0.968;0.968
'Response(a, n)';'Response';'a';'n';0.802;0.802;0.802
'CoExistence(a, o)';'CoExistence';'a';'o';0.864;0.864;0.864
'RespondedExistence(a, o)';'RespondedExistence';'a';'o';0.864;0.864;0.864
'CoExistence(a, p)';'CoExistence';'a';'p';0.980;0.980;0.980
'Succession(a, p)';'Succession';'a';'p';0.660;0.660;0.660
'RespondedExistence(a, p)';'RespondedExistence';'a';'p';0.980;0.980;0.980
'Response(a, p)';'Response';'a';'p';0.660;0.660;0.660
'CoExistence(a, q)';'CoExistence';'a';'q';0.854;0.854;0.854
'RespondedExistence(a, q)';'RespondedExistence';'a';'q';0.854;0.854;0.854
'NotSuccession(a, r)';'NotSuccession';'a';'r';0.908;0.908;0.908
'NotCoExistence(a, r)';'NotCoExistence';'a';'r';0.908;0.908;0.908
'CoExistence(a, s)';'CoExistence';'a';'s';0.890;0.890;0.890
'Succession(a, s)';'Succession';'a';'s';0.522;0.522;0.522
'RespondedExistence(a, s)';'RespondedExistence';'a';'s';0.890;0.890;0.890
'Response(a, s)';'Response';'a';'s';0.522;0.522;0.522
'CoExistence(a, t)';'CoExistence';'a';'t';0.976;0.976;0.976
'Succession(a, t)';'Succession';'a';'t';0.578;0.578;0.578
'RespondedExistence(a, t)';'RespondedExistence';'a';'t';0.976;0.976;0.976
'Response(a, t)';'Response';'a';'t';0.578;0.578;0.578
'CoExistence(a, u)';'CoExistence';'a';'u';0.878;0.878;0.878
'Succession(a, u)';'Succession';'a';'u';0.500;0.500;0.500
'RespondedExistence(a, u)';'RespondedExistence';'a';'u';0.878;0.878;0.878
'Response(a, u)';'Response';'a';'u';0.500;0.500;0.500
'CoExistence(a, v)';'CoExistence';'a';'v';0.876;0.876;0.876
'Succession(a, v)';'Succession';'a';'v';0.510;0.510;0.510
'RespondedExistence(a, v)';'RespondedExistence';'a';'v';0.876;0.876;0.876
'Response(a, v)';'Response';'a';'v';0.510;0.510;0.510
'CoExistence(a, w)';'CoExistence';'a';'w';0.882;0.882;0.882
'Succession(a, w)';'Succession';'a';'w';0.504;0.504;0.504
'RespondedExistence(a, w)';'RespondedExistence';'a';'w';0.882;0.882;0.882
'Response(a, w)';'Response';'a';'w';0.504;0.504;0.504
'CoExistence(a, z)';'CoExistence';'a';'z';0.894;0.894;0.894
'RespondedExistence(a, z)';'RespondedExistence';'a';'z';0.894;0.894;0.894
'End(b)';'End';'b';;1.000;1.000;1.000
'Precedence(a, b)';'Precedence';'b';'a';1.000;1.000;1.000
'CoExistence(b, a)';'CoExistence';'b';'a';1.000;1.000;1.000
'RespondedExistence(b, a)';'RespondedExistence';'b';'a';1.000;1.000;1.000
'CoExistence(b, c)';'CoExistence';'b';'c';0.870;0.870;0.870
'RespondedExistence(b, c)';'RespondedExistence';'b';'c';0.870;0.870;0.870
'NotSuccession(b, c)';'NotSuccession';'b';'c';0.590;0.590;0.590
'CoExistence(b, d)';'CoExistence';'b';'d';1.000;1.000;1.000
'RespondedExistence(b, d)';'RespondedExistence';'b';'d';1.000;1.000;1.000
'CoExistence(b, e)';'CoExistence';'b';'e';0.860;0.860;0.860
'RespondedExistence(b, e)';'RespondedExistence';'b';'e';0.860;0.860;0.860
'CoExistence(b, f)';'CoExistence';'b';'f';0.970;0.970;0.970
'RespondedExistence(b, f)';'RespondedExistence';'b';'f';0.970;0.970;0.970
'CoExistence(b, g)';'CoExistence';'b';'g';0.880;0.880;0.880
'RespondedExistence(b, g)';'RespondedExistence';'b';'g';0.880;0.880;0.880
'CoExistence(b, h)';'CoExistence';'b';'h';0.668;0.668;0.668
'RespondedExistence(b, h)';'RespondedExistence';'b';'h';0.668;0.668;0.668
'NotSuccession(b, h)';'NotSuccession';'b';'h';0.504;0.504;0.504
'CoExistence(b, i)';'CoExistence';'b';'i';0.884;0.884;0.884
'RespondedExistence(b, i)';'RespondedExistence';'b';'i';0.884;0.884;0.884
'CoExistence(b, l)';'CoExistence';'b';'l';0.618;0.618;0.618
'RespondedExistence(b, l)';'RespondedExistence';'b';'l';0.618;0.618;0.618
'NotSuccession(b, l)';'NotSuccession';'b';'l';0.566;0.566;0.566
'CoExistence(b, m)';'CoExistence';'b';'m';0.848;0.848;0.848
'RespondedExistence(b, m)';'RespondedExistence';'b';'m';0.848;0.848;0.848
'NotSuccession(b, m)';'NotSuccession';'b';'m';0.514;0.514;0.514
'CoExistence(b, n)';'CoExistence';'b';'n';0.968;0.968;0.968
'RespondedExistence(b, n)';'RespondedExistence';'b';'n';0.968;0.968;0.968
'CoExistence(b, o)';'CoExistence';'b';'o';0.864;0.864;0.864
'RespondedExistence(b, o)';'RespondedExistence';'b';'o';0.864;0.864;0.864
'CoExistence(b, p)';'CoExistence';'b';'p';0.980;0.980;0.980
'RespondedExistence(b, p)';'RespondedExistence';'b';'p';0.980;0.980;0.980
'CoExistence(b, q)';'CoExistence';'b';'q';0.854;0.854;0.854
'RespondedExistence(b, q)';'RespondedExistence';'b';'q';0.854;0.854;0.854
'NotSuccession(b, r)';'NotSuccession';'b';'r';0.956;0.956;0.956
'NotCoExistence(b, r)';'NotCoExistence';'b';'r';0.908;0.908;0.908
'CoExistence(b, s)';'CoExistence';'b';'s';0.890;0.890;0.890
'RespondedExistence(b, s)';'RespondedExistence';'b';'s';0.890;0.890;0.890
'CoExistence(b, t)';'CoExistence';'b';'t';0.976;0.976;0.976
'RespondedExistence(b, t)';'RespondedExistence';'b';'t';0.976;0.976;0.976
'CoExistence(b, u)';'CoExistence';'b';'u';0.878;0.878;0.878
'RespondedExistence(b, u)';'RespondedExistence';'b';'u';0.878;0.878;0.878
'CoExistence(b, v)';'CoExistence';'b';'v';0.876;0.876;0.876
'RespondedExistence(b, v)';'RespondedExistence';'b';'v';0.876;0.876;0.876
'CoExistence(b, w)';'CoExistence';'b';'w';0.882;0.882;0.882
'RespondedExistence(b, w)';'RespondedExistence';'b';'w';0.882;0.882;0.882
'CoExistence(b, z)';'CoExistence';'b';'z';0.894;0.894;0.894
'RespondedExistence(b, z)';'RespondedExistence';'b';'z';0.894;0.894;0.894
'Precedence(d, b)';'Precedence';'b';'d';0.502;0.502;0.502
'Precedence(g, b)';'Precedence';'b';'g';0.516;0.516;0.516
'Precedence(p, b)';'Precedence';'b';'p';0.664;0.664;0.664
'Precedence(t, b)';'Precedence';'b';'t';0.534;0.534;0.534
'Precedence(v, b)';'Precedence';'b';'v';0.506;0.506;0.506
'AtMostOne(c)';'AtMostOne';'c';;0.870;1.000;1.000
'Participation(c)';'Participation';'c';;0.870;0.870;0.870
'CoExistence(c, a)';'CoExistence';'c';'a';0.870;0.870;0.870
'Response(c, a)';'Response';'c';'a';0.632;0.726;0.726
'AlternateResponse(c, a)';'AlternateResponse';'c';'a';0.632;0.726;0.726
'CoExistence(c, b)';'CoExistence';'c';'b';0.870;0.870;0.870
'CoExistence(c, d)';'CoExistence';'c';'d';0.870;0.870;0.870
'Succession(c, d)';'Succession';'c';'d';0.510;0.510;0.510
'Response(c, d)';'Response';'c';'d';0.756;0.869;0.869
'AlternateResponse(c, d)';'AlternateResponse';'c';'d';0.756;0.869;0.869
'CoExistence(c, e)';'CoExistence';'c';'e';0.772;0.806;0.806
'RespondedExistence(c, e)';'RespondedExistence';'c';'e';0.772;0.887;0.887
'Response(c, e)';'Response';'c';'e';0.618;0.710;0.710
'AlternateResponse(c, e)';'AlternateResponse';'c';'e';0.618;0.710;0.710
'CoExistence(c, f)';'CoExistence';'c';'f';0.854;0.866;0.866
'RespondedExistence(c, f)';'RespondedExistence';'c';'f';0.854;0.982;0.982
'Response(c, f)';'Response';'c';'f';0.808;0.929;0.929
'AlternateResponse(c, f)';'AlternateResponse';'c';'f';0.808;0.929;0.929
'CoExistence(c, g)';'CoExistence';'c';'g';0.772;0.789;0.789
'RespondedExistence(c, g)';'RespondedExistence';'c';'g';0.772;0.887;0.887
'Response(c, g)';'Response';'c';'g';0.636;0.731;0.731
'AlternateResponse(c, g)';'AlternateResponse';'c';'g';0.636;0.731;0.731
'CoExistence(c, h)';'CoExistence';'c';'h';0.606;0.650;0.650
'RespondedExistence(c, h)';'RespondedExistence';'c';'h';0.606;0.697;0.697
'Response(c, h)';'Response';'c';'h';0.516;0.593;0.593
'AlternateResponse(c, h)';'AlternateResponse';'c';'h';0.516;0.593;0.593
'CoExistence(c, i)';'CoExistence';'c';'i';0.786;0.812;0.812
'RespondedExistence(c, i)';'RespondedExistence';'c';'i';0.786;0.903;0.903
'Response(c, i)';'Response';'c';'i';0.630;0.724;0.724
'AlternateResponse(c, i)';'AlternateResponse';'c';'i';0.630;0.724;0.724
'CoExistence(c, l)';'CoExistence';'c';'l';0.552;0.590;0.590
'RespondedExistence(c, l)';'RespondedExistence';'c';'l';0.552;0.634;0.634
'Response(c, l)';'Response';'c';'l';0.452;0.520;0.520
'AlternateResponse(c, l)';'AlternateResponse';'c';'l';0.452;0.520;0.520
'NotSuccession(c, l)';'NotSuccession';'c';'l';0.484;0.517;0.517
'CoExistence(c, m)';'CoExistence';'c';'m';0.754;0.782;0.782
'RespondedExistence(c, m)';'RespondedExistence';'c';'m';0.754;0.867;0.867
'Response(c, m)';'Response';'c';'m';0.508;0.584;0.584
'AlternateResponse(c, m)';'AlternateResponse';'c';'m';0.508;0.584;0.584
'CoExistence(c, n)';'CoExistence';'c';'n';0.854;0.868;0.868
'RespondedExistence(c, n)';'RespondedExistence';'c';'n';0.854;0.982;0.982
'Response(c, n)';'Response';'c';'n';0.798;0.917;0.917
'AlternateResponse(c, n)';'AlternateResponse';'c';'n';0.798;0.917;0.917
'CoExistence(c, o)';'CoExistence';'c';'o';0.762;0.784;0.784
'RespondedExistence(c, o)';'RespondedExistence';'c';'o';0.762;0.876;0.876
'Response(c, o)';'Response';'c';'o';0.596;0.685;0.685
'AlternateResponse(c, o)';'AlternateResponse';'c';'o';0.596;0.685;0.685
'CoExistence(c, p)';'CoExistence';'c';'p';0.860;0.869;0.869
'RespondedExistence(c, p)';'RespondedExistence';'c';'p';0.860;0.989;0.989
'Response(c, p)';'Response';'c';'p';0.764;0.878;0.878
'AlternateResponse(c, p)';'AlternateResponse';'c';'p';0.764;0.878;0.878
'CoExistence(c, q)';'CoExistence';'c';'q';0.756;0.781;0.781
'RespondedExistence(c, q)';'RespondedExistence';'c';'q';0.756;0.869;0.869
'Response(c, q)';'Response';'c';'q';0.596;0.685;0.685
'AlternateResponse(c, q)';'AlternateResponse';'c';'q';0.596;0.685;0.685
'NotSuccession(c, r)';'NotSuccession';'c';'r';0.836;0.948;0.948
'NotCoExistence(c, r)';'NotCoExistence';'c';'r';0.802;0.909;0.909
'CoExistence(c, s)';'CoExistence';'c';'s';0.788;0.811;0.811
'RespondedExistence(c, s)';'RespondedExistence';'c';'s';0.788;0.906;0.906
'Response(c, s)';'Response';'c';'s';0.660;0.759;0.759
'AlternateResponse(c, s)';'AlternateResponse';'c';'s';0.660;0.759;0.759
'CoExistence(c, t)';'CoExistence';'c';'t';0.854;0.861;0.861
'RespondedExistence(c, t)';'RespondedExistence';'c';'t';0.854;0.982;0.982
'Response(c, t)';'Response';'c';'t';0.716;0.823;0.823
'AlternateResponse(c, t)';'AlternateResponse';'c';'t';0.716;0.823;0.823
'CoExistence(c, u)';'CoExistence';'c';'u';0.762;0.773;0.773
'RespondedExistence(c, u)';'RespondedExistence';'c';'u';0.762;0.876;0.876
'Response(c, u)';'Response';'c';'u';0.618;0.710;0.710
'AlternateResponse(c, u)';'AlternateResponse';'c';'u';0.618;0.710;0.710
'CoExistence(c, v)';'CoExistence';'c';'v';0.768;0.785;0.785
'RespondedExistence(c, v)';'RespondedExistence';'c';'v';0.768;0.883;0.883
'Response(c, v)';'Response';'c';'v';0.606;0.697;0.697
'AlternateResponse(c, v)';'AlternateResponse';'c';'v';0.606;0.697;0.697
'CoExistence(c, w)';'CoExistence';'c';'w';0.770;0.784;0.784
'RespondedExistence(c, w)';'RespondedExistence';'c';'w';0.770;0.885;0.885
'Response(c, w)';'Response';'c';'w';0.626;0.720;0.720
'AlternateResponse(c, w)';'AlternateResponse';'c';'w';0.626;0.720;0.720
'CoExistence(c, z)';'CoExistence';'c';'z';0.784;0.800;0.800
'RespondedExistence(c, z)';'RespondedExistence';'c';'z';0.784;0.901;0.901
'Response(c, z)';'Response';'c';'z';0.636;0.731;0.731
'AlternateResponse(c, z)';'AlternateResponse';'c';'z';0.636;0.731;0.731
'Precedence(p, c)';'Precedence';'c';'p';0.550;0.632;0.632
'AlternatePrecedence(p, c)';'AlternatePrecedence';'c';'p';0.550;0.632;0.632
'Participation(d)';'Participation';'d';;1.000;1.000;1.000
'Precedence(a, d)';'Precedence';'d';'a';1.000;1.000;1.000
'Precedence(c, d)';'Precedence';'d';'c';0.510;0.510;0.510
'CoExistence(d, a)';'CoExistence';'d';'a';1.000;1.000;1.000
'RespondedExistence(d, a)';'RespondedExistence';'d';'a';1.000;1.000;1.000
'CoExistence(d, b)';'CoExistence';'d';'b';1.000;1.000;1.000
'Succession(d, b)';'Succession';'d';'b';0.502;0.502;0.502
'RespondedExistence(d, b)';'RespondedExistence';'d';'b';1.000;1.000;1.000
'Response(d, b)';'Response';'d';'b';1.000;1.000;1.000
'CoExistence(d, c)';'CoExistence';'d';'c';0.870;0.870;0.870
'RespondedExistence(d, c)';'RespondedExistence';'d';'c';0.870;0.870;0.870
'NotSuccession(d, c)';'NotSuccession';'d';'c';0.640;0.640;0.640
'CoExistence(d, e)';'CoExistence';'d';'e';0.860;0.860;0.860
'RespondedExistence(d, e)';'RespondedExistence';'d';'e';0.860;0.860;0.860
'CoExistence(d, f)';'CoExistence';'d';'f';0.970;0.970;0.970
'RespondedExistence(d, f)';'RespondedExistence';'d';'f';0.970;0.970;0.970
'Response(d, f)';'Response';'d';'f';0.718;0.718;0.718
'CoExistence(d, g)';'CoExistence';'d';'g';0.880;0.880;0.880
'RespondedExistence(d, g)';'RespondedExistence';'d';'g';0.880;0.880;0.880
'CoExistence(d, h)';'CoExistence';'d';'h';0.668;0.668;0.668
'RespondedExistence(d, h)';'RespondedExistence';'d';'h';0.668;0.668;0.668
'CoExistence(d, i)';'CoExistence';'d';'i';0.884;0.884;0.884
'RespondedExistence(d, i)';'RespondedExistence';'d';'i';0.884;0.884;0.884
'CoExistence(d, l)';'CoExistence';'d';'l';0.618;0.618;0.618
'RespondedExistence(d, l)';'RespondedExistence';'d';'l';0.618;0.618;0.618
'NotSuccession(d, l)';'NotSuccession';'d';'l';0.564;0.564;0.564
'CoExistence(d, m)';'CoExistence';'d';'m';0.848;0.848;0.848
'RespondedExistence(d, m)';'RespondedExistence';'d';'m';0.848;0.848;0.848
'NotSuccession(d, m)';'NotSuccession';'d';'m';0.514;0.514;0.514
'CoExistence(d, n)';'CoExistence';'d';'n';0.968;0.968;0.968
'RespondedExistence(d, n)';'RespondedExistence';'d';'n';0.968;0.968;0.968
'Response(d, n)';'Response';'d';'n';0.682;0.682;0.682
'CoExistence(d, o)';'CoExistence';'d';'o';0.864;0.864;0.864
'RespondedExistence(d, o)';'RespondedExistence';'d';'o';0.864;0.864;0.864
'CoExistence(d, p)';'CoExistence';'d';'p';0.980;0.980;0.980
'RespondedExistence(d, p)';'RespondedExistence';'d';'p';0.980;0.980;0.980
'Response(d, p)';'Response';'d';'p';0.534;0.534;0.534
'CoExistence(d, q)';'CoExistence';'d';'q';0.854;0.854;0.854
'RespondedExistence(d, q)';'RespondedExistence';'d';'q';0.854;0.854;0.854
'NotSuccession(d, r)';'NotSuccession';'d';'r';0.940;0.940;0.940
'NotCoExistence(d, r)';'NotCoExistence';'d';'r';0.908;0.908;0.908
'CoExistence(d, s)';'CoExistence';'d';'s';0.890;0.890;0.890
'RespondedExistence(d, s)';'RespondedExistence';'d';'s';0.890;0.890;0.890
'CoExistence(d, t)';'CoExistence';'d';'t';0.976;0.976;0.976
'RespondedExistence(d, t)';'RespondedExistence';'d';'t';0.976;0.976;0.976
'CoExistence(d, u)';'CoExistence';'d';'u';0.878;0.878;0.878
'RespondedExistence(d, u)';'RespondedExistence';'d';'u';0.878;0.878;0.878
'CoExistence(d, v)';'CoExistence';'d';'v';0.876;0.876;0.876
'RespondedExistence(d, v)';'RespondedExistence';'d';'v';0.876;0.876;0.876
'CoExistence(d, w)';'CoExistence';'d';'w';0.882;0.882;0.882
'RespondedExistence(d, w)';'RespondedExistence';'d';'w';0.882;0.882;0.882
'CoExistence(d, z)';'CoExistence';'d';'z';0.894;0.894;0.894
'RespondedExistence(d, z)';'RespondedExistence';'d';'z';0.894;0.894;0.894
'Precedence(f, d)';'Precedence';'d';'f';0.530;0.530;0.530
'Precedence(m, d)';'Precedence';'d';'m';0.508;0.508;0.508
'Precedence(n, d)';'Precedence';'d';'n';0.504;0.504;0.504
'Precedence(p, d)';'Precedence';'d';'p';0.676;0.676;0.676
'Precedence(s, d)';'Precedence';'d';'s';0.520;0.520;0.520
'Precedence(t, d)';'Precedence';'d';'t';0.530;0.530;0.530
'Precedence(u, d)';'Precedence';'d';'u';0.500;0.500;0.500
'Precedence(v, d)';'Precedence';'d';'v';0.514;0.514;0.514
'Precedence(z, d)';'Precedence';'d';'z';0.506;0.506;0.506
'Participation(e)';'Participation';'e';;0.860;0.860;0.860
'CoExistence(e, a)';'CoExistence';'e';'a';0.860;0.860;0.860
'CoExistence(e, b)';'CoExistence';'e';'b';0.860;0.860;0.860
'CoExistence(e, c)';'CoExistence';'e';'c';0.772;0.806;0.806
'RespondedExistence(e, c)';'RespondedExistence';'e';'c';0.772;0.898;0.898
'NotSuccession(e, c)';'NotSuccession';'e';'c';0.544;0.568;0.568
'CoExistence(e, d)';'CoExistence';'e';'d';0.860;0.860;0.860
'Response(e, d)';'Response';'e';'d';0.498;0.579;0.579
'CoExistence(e, f)';'CoExistence';'e';'f';0.860;0.887;0.887
'Response(e, f)';'Response';'e';'f';0.860;1.000;1.000
'CoExistence(e, g)';'CoExistence';'e';'g';0.772;0.798;0.798
'RespondedExistence(e, g)';'RespondedExistence';'e';'g';0.772;0.898;0.898
'CoExistence(e, h)';'CoExistence';'e';'h';0.602;0.650;0.650
'RespondedExistence(e, h)';'RespondedExistence';'e';'h';0.602;0.700;0.700
'CoExistence(e, i)';'CoExistence';'e';'i';0.772;0.794;0.794
'RespondedExistence(e, i)';'RespondedExistence';'e';'i';0.772;0.898;0.898
'CoExistence(e, l)';'CoExistence';'e';'l';0.552;0.596;0.596
'RespondedExistence(e, l)';'RespondedExistence';'e';'l';0.552;0.642;0.642
'NotSuccession(e, l)';'NotSuccession';'e';'l';0.468;0.505;0.505
'CoExistence(e, m)';'CoExistence';'e';'m';0.754;0.790;0.790
'RespondedExistence(e, m)';'RespondedExistence';'e';'m';0.754;0.877;0.877
'CoExistence(e, n)';'CoExistence';'e';'n';0.848;0.865;0.865
'RespondedExistence(e, n)';'RespondedExistence';'e';'n';0.848;0.986;0.986
'Response(e, n)';'Response';'e';'n';0.672;0.781;0.781
'CoExistence(e, o)';'CoExistence';'e';'o';0.760;0.788;0.788
'RespondedExistence(e, o)';'RespondedExistence';'e';'o';0.760;0.884;0.884
'CoExistence(e, p)';'CoExistence';'e';'p';0.854;0.866;0.866
'RespondedExistence(e, p)';'RespondedExistence';'e';'p';0.854;0.993;0.993
'Response(e, p)';'Response';'e';'p';0.568;0.660;0.660
'CoExistence(e, q)';'CoExistence';'e';'q';0.750;0.778;0.778
'RespondedExistence(e, q)';'RespondedExistence';'e';'q';0.750;0.872;0.872
'NotSuccession(e, r)';'NotSuccession';'e';'r';0.810;0.935;0.935
'NotCoExistence(e, r)';'NotCoExistence';'e';'r';0.780;0.901;0.901
'CoExistence(e, s)';'CoExistence';'e';'s';0.790;0.823;0.823
'RespondedExistence(e, s)';'RespondedExistence';'e';'s';0.790;0.919;0.919
'CoExistence(e, t)';'CoExistence';'e';'t';0.848;0.858;0.858
'RespondedExistence(e, t)';'RespondedExistence';'e';'t';0.848;0.986;0.986
'Response(e, t)';'Response';'e';'t';0.478;0.556;0.556
'CoExistence(e, u)';'CoExistence';'e';'u';0.768;0.792;0.792
'RespondedExistence(e, u)';'RespondedExistence';'e';'u';0.768;0.893;0.893
'CoExistence(e, v)';'CoExistence';'e';'v';0.768;0.793;0.793
'RespondedExistence(e, v)';'RespondedExistence';'e';'v';0.768;0.893;0.893
'CoExistence(e, w)';'CoExistence';'e';'w';0.768;0.789;0.789
'RespondedExistence(e, w)';'RespondedExistence';'e';'w';0.768;0.893;0.893
'CoExistence(e, z)';'CoExistence';'e';'z';0.784;0.808;0.808
'RespondedExistence(e, z)';'RespondedExistence';'e';'z';0.784;0.912;0.912
'Precedence(p, e)';'Precedence';'e';'p';0.560;0.651;0.651
'Participation(f)';'Participation';'f';;0.970;0.970;0.970
'CoExistence(f, a)';'CoExistence';'f';'a';0.970;0.970;0.970
'CoExistence(f, b)';'CoExistence';'f';'b';0.970;0.970;0.970
'CoExistence(f, c)';'CoExistence';'f';'c';0.854;0.866;0.866
'RespondedExistence(f, c)';'RespondedExistence';'f';'c';0.854;0.880;0.880
'NotSuccession(f, c)';'NotSuccession';'f';'c';0.576;0.584;0.584
'CoExistence(f, d)';'CoExistence';'f';'d';0.970;0.970;0.970
'CoExistence(f, e)';'CoExistence';'f';'e';0.860;0.887;0.887
'RespondedExistence(f, e)';'RespondedExistence';'f';'e';0.860;0.887;0.887
'CoExistence(f, g)';'CoExistence';'f';'g';0.862;0.872;0.872
'RespondedExistence(f, g)';'RespondedExistence';'f';'g';0.862;0.889;0.889
'CoExistence(f, h)';'CoExistence';'f';'h';0.660;0.675;0.675
'RespondedExistence(f, h)';'RespondedExistence';'f';'h';0.660;0.680;0.680
'CoExistence(f, i)';'CoExistence';'f';'i';0.866;0.877;0.877
'RespondedExistence(f, i)';'RespondedExistence';'f';'i';0.866;0.893;0.893
'CoExistence(f, l)';'CoExistence';'f';'l';0.608;0.620;0.620
'RespondedExistence(f, l)';'RespondedExistence';'f';'l';0.608;0.627;0.627
'NotSuccession(f, l)';'NotSuccession';'f';'l';0.510;0.520;0.520
'CoExistence(f, m)';'CoExistence';'f';'m';0.836;0.851;0.851
'RespondedExistence(f, m)';'RespondedExistence';'f';'m';0.836;0.862;0.862
'CoExistence(f, n)';'CoExistence';'f';'n';0.948;0.958;0.958
'RespondedExistence(f, n)';'RespondedExistence';'f';'n';0.948;0.977;0.977
'CoExistence(f, o)';'CoExistence';'f';'o';0.850;0.864;0.864
'RespondedExistence(f, o)';'RespondedExistence';'f';'o';0.850;0.876;0.876
'CoExistence(f, p)';'CoExistence';'f';'p';0.958;0.966;0.966
'RespondedExistence(f, p)';'RespondedExistence';'f';'p';0.958;0.988;0.988
'CoExistence(f, q)';'CoExistence';'f';'q';0.836;0.846;0.846
'RespondedExistence(f, q)';'RespondedExistence';'f';'q';0.836;0.862;0.862
'NotSuccession(f, r)';'NotSuccession';'f';'r';0.918;0.946;0.946
'NotCoExistence(f, r)';'NotCoExistence';'f';'r';0.878;0.905;0.905
'CoExistence(f, s)';'CoExistence';'f';'s';0.870;0.879;0.879
'RespondedExistence(f, s)';'RespondedExistence';'f';'s';0.870;0.897;0.897
'CoExistence(f, t)';'CoExistence';'f';'t';0.950;0.954;0.954
'RespondedExistence(f, t)';'RespondedExistence';'f';'t';0.950;0.979;0.979
'CoExistence(f, u)';'CoExistence';'f';'u';0.856;0.863;0.863
'RespondedExistence(f, u)';'RespondedExistence';'f';'u';0.856;0.882;0.882
'CoExistence(f, v)';'CoExistence';'f';'v';0.854;0.861;0.861
'RespondedExistence(f, v)';'RespondedExistence';'f';'v';0.854;0.880;0.880
'CoExistence(f, w)';'CoExistence';'f';'w';0.860;0.867;0.867
'RespondedExistence(f, w)';'RespondedExistence';'f';'w';0.860;0.887;0.887
'CoExistence(f, z)';'CoExistence';'f';'z';0.868;0.871;0.871
'RespondedExistence(f, z)';'RespondedExistence';'f';'z';0.868;0.895;0.895
'Precedence(p, f)';'Precedence';'f';'p';0.632;0.652;0.652
'Precedence(t, f)';'Precedence';'f';'t';0.486;0.501;0.501
'Precedence(v, f)';'Precedence';'f';'v';0.504;0.520;0.520
'Participation(g)';'Participation';'g';;0.880;0.880;0.880
'CoExistence(g, a)';'CoExistence';'g';'a';0.880;0.880;0.880
'CoExistence(g, b)';'CoExistence';'g';'b';0.880;0.880;0.880
'Succession(g, b)';'Succession';'g';'b';0.516;0.516;0.516
'CoExistence(g, c)';'CoExistence';'g';'c';0.772;0.789;0.789
'RespondedExistence(g, c)';'RespondedExistence';'g';'c';0.772;0.877;0.877
'NotSuccession(g, c)';'NotSuccession';'g';'c';0.562;0.575;0.575
'CoExistence(g, d)';'CoExistence';'g';'d';0.880;0.880;0.880
'Response(g, d)';'Response';'g';'d';0.492;0.559;0.559
'CoExistence(g, e)';'CoExistence';'g';'e';0.772;0.798;0.798
'RespondedExistence(g, e)';'RespondedExistence';'g';'e';0.772;0.877;0.877
'CoExistence(g, f)';'CoExistence';'g';'f';0.862;0.872;0.872
'RespondedExistence(g, f)';'RespondedExistence';'g';'f';0.862;0.980;0.980
'Response(g, f)';'Response';'g';'f';0.670;0.761;0.761
'CoExistence(g, h)';'CoExistence';'g';'h';0.668;0.759;0.759
'RespondedExistence(g, h)';'RespondedExistence';'g';'h';0.668;0.759;0.759
'CoExistence(g, i)';'CoExistence';'g';'i';0.784;0.800;0.800
'RespondedExistence(g, i)';'RespondedExistence';'g';'i';0.784;0.891;0.891
'CoExistence(g, l)';'CoExistence';'g';'l';0.538;0.560;0.560
'RespondedExistence(g, l)';'RespondedExistence';'g';'l';0.538;0.611;0.611
'NotSuccession(g, l)';'NotSuccession';'g';'l';0.514;0.535;0.535
'CoExistence(g, m)';'CoExistence';'g';'m';0.754;0.774;0.774
'RespondedExistence(g, m)';'RespondedExistence';'g';'m';0.754;0.857;0.857
'CoExistence(g, n)';'CoExistence';'g';'n';0.862;0.874;0.874
'RespondedExistence(g, n)';'RespondedExistence';'g';'n';0.862;0.980;0.980
'Response(g, n)';'Response';'g';'n';0.656;0.745;0.745
'CoExistence(g, o)';'CoExistence';'g';'o';0.764;0.780;0.780
'RespondedExistence(g, o)';'RespondedExistence';'g';'o';0.764;0.868;0.868
'CoExistence(g, p)';'CoExistence';'g';'p';0.870;0.879;0.879
'RespondedExistence(g, p)';'RespondedExistence';'g';'p';0.870;0.989;0.989
'Response(g, p)';'Response';'g';'p';0.528;0.600;0.600
'CoExistence(g, q)';'CoExistence';'g';'q';0.754;0.769;0.769
'RespondedExistence(g, q)';'RespondedExistence';'g';'q';0.754;0.857;0.857
'NotSuccession(g, r)';'NotSuccession';'g';'r';0.836;0.939;0.939
'NotCoExistence(g, r)';'NotCoExistence';'g';'r';0.808;0.908;0.908
'CoExistence(g, s)';'CoExistence';'g';'s';0.790;0.806;0.806
'RespondedExistence(g, s)';'RespondedExistence';'g';'s';0.790;0.898;0.898
'CoExistence(g, t)';'CoExistence';'g';'t';0.860;0.863;0.863
'RespondedExistence(g, t)';'RespondedExistence';'g';'t';0.860;0.977;0.977
'Response(g, t)';'Response';'g';'t';0.454;0.516;0.516
'CoExistence(g, u)';'CoExistence';'g';'u';0.780;0.798;0.798
'RespondedExistence(g, u)';'RespondedExistence';'g';'u';0.780;0.886;0.886
'CoExistence(g, v)';'CoExistence';'g';'v';0.770;0.781;0.781
'RespondedExistence(g, v)';'RespondedExistence';'g';'v';0.770;0.875;0.875
'CoExistence(g, w)';'CoExistence';'g';'w';0.794;0.820;0.820
'RespondedExistence(g, w)';'RespondedExistence';'g';'w';0.794;0.902;0.902
'CoExistence(g, z)';'CoExistence';'g';'z';0.790;0.803;0.803
'RespondedExistence(g, z)';'RespondedExistence';'g';'z';0.790;0.898;0.898
'Precedence(p, g)';'Precedence';'g';'p';0.546;0.620;0.620
'Participation(h)';'Participation';'h';;0.668;0.668;0.668
'AlternatePrecedence(a, h)';'AlternatePrecedence';'h';'a';0.348;0.521;0.521
'Precedence(b, h)';'Precedence';'h';'b';0.396;0.593;0.593
'Precedence(c, h)';'Precedence';'h';'c';0.408;0.611;0.611
'Precedence(d, h)';'Precedence';'h';'d';0.398;0.596;0.596
'Precedence(e, h)';'Precedence';'h';'e';0.430;0.644;0.644
'Precedence(f, h)';'Precedence';'h';'f';0.412;0.617;0.617
'Precedence(g, h)';'Precedence';'h';'g';0.668;1.000;1.000
'AlternatePrecedence(g, h)';'AlternatePrecedence';'h';'g';0.362;0.542;0.542
'CoExistence(h, a)';'CoExistence';'h';'a';0.668;0.668;0.668
'NotSuccession(h, a)';'NotSuccession';'h';'a';0.584;0.584;0.584
'CoExistence(h, b)';'CoExistence';'h';'b';0.668;0.668;0.668
'CoExistence(h, c)';'CoExistence';'h';'c';0.606;0.650;0.650
'RespondedExistence(h, c)';'RespondedExistence';'h';'c';0.606;0.907;0.907
'NotSuccession(h, c)';'NotSuccession';'h';'c';0.734;0.788;0.788
'CoExistence(h, d)';'CoExistence';'h';'d';0.668;0.668;0.668
'Response(h, d)';'Response';'h';'d';0.352;0.527;0.527
'NotSuccession(h, d)';'NotSuccession';'h';'d';0.512;0.512;0.512
'CoExistence(h, e)';'CoExistence';'h';'e';0.602;0.650;0.650
'RespondedExistence(h, e)';'RespondedExistence';'h';'e';0.602;0.901;0.901
'NotSuccession(h, e)';'NotSuccession';'h';'e';0.516;0.557;0.557
'CoExistence(h, f)';'CoExistence';'h';'f';0.660;0.675;0.675
'RespondedExistence(h, f)';'RespondedExistence';'h';'f';0.660;0.988;0.988
'Response(h, f)';'Response';'h';'f';0.528;0.790;0.790
'CoExistence(h, g)';'CoExistence';'h';'g';0.668;0.759;0.759
'NotSuccession(h, g)';'NotSuccession';'h';'g';0.442;0.502;0.502
'CoExistence(h, i)';'CoExistence';'h';'i';0.610;0.648;0.648
'RespondedExistence(h, i)';'RespondedExistence';'h';'i';0.610;0.913;0.913
'NotSuccession(h, i)';'NotSuccession';'h';'i';0.512;0.544;0.544
'RespondedExistence(h, l)';'RespondedExistence';'h';'l';0.414;0.620;0.620
'NotSuccession(h, l)';'NotSuccession';'h';'l';0.598;0.686;0.686
'NotCoExistence(h, l)';'NotCoExistence';'h';'l';0.458;0.525;0.525
'CoExistence(h, m)';'CoExistence';'h';'m';0.578;0.616;0.616
'RespondedExistence(h, m)';'RespondedExistence';'h';'m';0.578;0.865;0.865
'NotSuccession(h, m)';'NotSuccession';'h';'m';0.646;0.689;0.689
'CoExistence(h, n)';'CoExistence';'h';'n';0.660;0.676;0.676
'RespondedExistence(h, n)';'RespondedExistence';'h';'n';0.660;0.988;0.988
'Response(h, n)';'Response';'h';'n';0.530;0.793;0.793
'CoExistence(h, o)';'CoExistence';'h';'o';0.580;0.609;0.609
'RespondedExistence(h, o)';'RespondedExistence';'h';'o';0.580;0.868;0.868
'NotSuccession(h, o)';'NotSuccession';'h';'o';0.552;0.580;0.580
'CoExistence(h, p)';'CoExistence';'h';'p';0.664;0.675;0.675
'RespondedExistence(h, p)';'RespondedExistence';'h';'p';0.664;0.994;0.994
'Response(h, p)';'Response';'h';'p';0.402;0.602;0.602
'CoExistence(h, q)';'CoExistence';'h';'q';0.582;0.619;0.619
'RespondedExistence(h, q)';'RespondedExistence';'h';'q';0.582;0.871;0.871
'NotSuccession(h, q)';'NotSuccession';'h';'q';0.564;0.600;0.600
'NotSuccession(h, r)';'NotSuccession';'h';'r';0.690;0.983;0.983
'NotCoExistence(h, r)';'NotCoExistence';'h';'r';0.644;0.917;0.917
'CoExistence(h, s)';'CoExistence';'h';'s';0.608;0.640;0.640
'RespondedExistence(h, s)';'RespondedExistence';'h';'s';0.608;0.910;0.910
'NotSuccession(h, s)';'NotSuccession';'h';'s';0.534;0.562;0.562
'CoExistence(h, t)';'CoExistence';'h';'t';0.660;0.671;0.671
'RespondedExistence(h, t)';'RespondedExistence';'h';'t';0.660;0.988;0.988
'Response(h, t)';'Response';'h';'t';0.350;0.524;0.524
'NotSuccession(h, t)';'NotSuccession';'h';'t';0.492;0.500;0.500
'CoExistence(h, u)';'CoExistence';'h';'u';0.580;0.600;0.600
'RespondedExistence(h, u)';'RespondedExistence';'h';'u';0.580;0.868;0.868
'NotSuccession(h, u)';'NotSuccession';'h';'u';0.560;0.580;0.580
'CoExistence(h, v)';'CoExistence';'h';'v';0.582;0.605;0.605
'RespondedExistence(h, v)';'RespondedExistence';'h';'v';0.582;0.871;0.871
'NotSuccession(h, v)';'NotSuccession';'h';'v';0.552;0.574;0.574
'CoExistence(h, w)';'CoExistence';'h';'w';0.606;0.642;0.642
'RespondedExistence(h, w)';'RespondedExistence';'h';'w';0.606;0.907;0.907
'NotSuccession(h, w)';'NotSuccession';'h';'w';0.552;0.585;0.585
'CoExistence(h, z)';'CoExistence';'h';'z';0.598;0.620;0.620
'RespondedExistence(h, z)';'RespondedExistence';'h';'z';0.598;0.895;0.895
'NotSuccession(h, z)';'NotSuccession';'h';'z';0.564;0.585;0.585
'Precedence(i, h)';'Precedence';'h';'i';0.378;0.566;0.566
'Precedence(m, h)';'Precedence';'h';'m';0.404;0.605;0.605
'Precedence(n, h)';'Precedence';'h';'n';0.394;0.590;0.590
'Precedence(o, h)';'Precedence';'h';'o';0.388;0.581;0.581
'Precedence(p, h)';'Precedence';'h';'p';0.556;0.832;0.832
'AlternatePrecedence(p, h)';'AlternatePrecedence';'h';'p';0.340;0.509;0.509
'Precedence(q, h)';'Precedence';'h';'q';0.418;0.626;0.626
'Precedence(s, h)';'Precedence';'h';'s';0.436;0.653;0.653
'Precedence(t, h)';'Precedence';'h';'t';0.428;0.641;0.641
'Precedence(u, h)';'Precedence';'h';'u';0.414;0.620;0.620
'Precedence(v, h)';'Precedence';'h';'v';0.408;0.611;0.611
'Precedence(w, h)';'Precedence';'h';'w';0.450;0.674;0.674
'Precedence(z, h)';'Precedence';'h';'z';0.406;0.608;0.608
'Participation(i)';'Participation';'i';;0.884;0.884;0.884
'CoExistence(i, a)';'CoExistence';'i';'a';0.884;0.884;0.884
'CoExistence(i, b)';'CoExistence';'i';'b';0.884;0.884;0.884
'CoExistence(i, c)';'CoExistence';'i';'c';0.786;0.812;0.812
'RespondedExistence(i, c)';'RespondedExistence';'i';'c';0.786;0.889;0.889
'NotSuccession(i, c)';'NotSuccession';'i';'c';0.584;0.603;0.603
'CoExistence(i, d)';'CoExistence';'i';'d';0.884;0.884;0.884
'Response(i, d)';'Response';'i';'d';0.532;0.602;0.602
'CoExistence(i, e)';'CoExistence';'i';'e';0.772;0.794;0.794
'RespondedExistence(i, e)';'RespondedExistence';'i';'e';0.772;0.873;0.873
'CoExistence(i, f)';'CoExistence';'i';'f';0.866;0.877;0.877
'RespondedExistence(i, f)';'RespondedExistence';'i';'f';0.866;0.980;0.980
'Response(i, f)';'Response';'i';'f';0.692;0.783;0.783
'CoExistence(i, g)';'CoExistence';'i';'g';0.784;0.800;0.800
'RespondedExistence(i, g)';'RespondedExistence';'i';'g';0.784;0.887;0.887
'CoExistence(i, h)';'CoExistence';'i';'h';0.610;0.648;0.648
'RespondedExistence(i, h)';'RespondedExistence';'i';'h';0.610;0.690;0.690
'CoExistence(i, l)';'CoExistence';'i';'l';0.618;0.699;0.699
'RespondedExistence(i, l)';'RespondedExistence';'i';'l';0.618;0.699;0.699
'CoExistence(i, m)';'CoExistence';'i';'m';0.760;0.782;0.782
'RespondedExistence(i, m)';'RespondedExistence';'i';'m';0.760;0.860;0.860
'CoExistence(i, n)';'CoExistence';'i';'n';0.862;0.871;0.871
'RespondedExistence(i, n)';'RespondedExistence';'i';'n';0.862;0.975;0.975
'Response(i, n)';'Response';'i';'n';0.688;0.778;0.778
'CoExistence(i, o)';'CoExistence';'i';'o';0.774;0.795;0.795
'RespondedExistence(i, o)';'RespondedExistence';'i';'o';0.774;0.876;0.876
'CoExistence(i, p)';'CoExistence';'i';'p';0.872;0.879;0.879
'RespondedExistence(i, p)';'RespondedExistence';'i';'p';0.872;0.986;0.986
'Response(i, p)';'Response';'i';'p';0.560;0.633;0.633
'CoExistence(i, q)';'CoExistence';'i';'q';0.766;0.788;0.788
'RespondedExistence(i, q)';'RespondedExistence';'i';'q';0.766;0.867;0.867
'NotSuccession(i, r)';'NotSuccession';'i';'r';0.844;0.940;0.940
'NotCoExistence(i, r)';'NotCoExistence';'i';'r';0.820;0.913;0.913
'CoExistence(i, s)';'CoExistence';'i';'s';0.800;0.821;0.821
'RespondedExistence(i, s)';'RespondedExistence';'i';'s';0.800;0.905;0.905
'CoExistence(i, t)';'CoExistence';'i';'t';0.874;0.886;0.886
'RespondedExistence(i, t)';'RespondedExistence';'i';'t';0.874;0.989;0.989
'Response(i, t)';'Response';'i';'t';0.486;0.550;0.550
'CoExistence(i, u)';'CoExistence';'i';'u';0.780;0.794;0.794
'RespondedExistence(i, u)';'RespondedExistence';'i';'u';0.780;0.882;0.882
'CoExistence(i, v)';'CoExistence';'i';'v';0.784;0.803;0.803
'RespondedExistence(i, v)';'RespondedExistence';'i';'v';0.784;0.887;0.887
'CoExistence(i, w)';'CoExistence';'i';'w';0.794;0.817;0.817
'RespondedExistence(i, w)';'RespondedExistence';'i';'w';0.794;0.898;0.898
'CoExistence(i, z)';'CoExistence';'i';'z';0.804;0.825;0.825
'RespondedExistence(i, z)';'RespondedExistence';'i';'z';0.804;0.910;0.910
'Precedence(p, i)';'Precedence';'i';'p';0.590;0.667;0.667
'Precedence(t, i)';'Precedence';'i';'t';0.460;0.520;0.520
'AtMostOne(l)';'AtMostOne';'l';;0.430;0.696;0.696
'Participation(l)';'Participation';'l';;0.618;0.618;0.618
'AlternatePrecedence(a, l)';'AlternatePrecedence';'l';'a';0.518;0.838;0.838
'Precedence(b, l)';'Precedence';'l';'b';0.386;0.625;0.625
'AlternatePrecedence(b, l)';'AlternatePrecedence';'l';'b';0.330;0.534;0.534
'Precedence(c, l)';'Precedence';'l';'c';0.398;0.644;0.644
'Precedence(d, l)';'Precedence';'l';'d';0.372;0.602;0.602
'AlternatePrecedence(d, l)';'AlternatePrecedence';'l';'d';0.338;0.547;0.547
'Precedence(e, l)';'Precedence';'l';'e';0.406;0.657;0.657
'AlternatePrecedence(e, l)';'AlternatePrecedence';'l';'e';0.362;0.586;0.586
'Precedence(f, l)';'Precedence';'l';'f';0.432;0.699;0.699
'AlternatePrecedence(f, l)';'AlternatePrecedence';'l';'f';0.350;0.566;0.566
'Precedence(g, l)';'Precedence';'l';'g';0.390;0.631;0.631
'AlternatePrecedence(g, l)';'AlternatePrecedence';'l';'g';0.334;0.540;0.540
'AlternatePrecedence(i, l)';'AlternatePrecedence';'l';'i';0.618;1.000;1.000
'CoExistence(l, a)';'CoExistence';'l';'a';0.618;0.618;0.618
'NotSuccession(l, a)';'NotSuccession';'l';'a';0.650;0.650;0.650
'CoExistence(l, b)';'CoExistence';'l';'b';0.618;0.618;0.618
'AlternateResponse(l, b)';'AlternateResponse';'l';'b';0.510;0.825;0.825
'CoExistence(l, c)';'CoExistence';'l';'c';0.552;0.590;0.590
'RespondedExistence(l, c)';'RespondedExistence';'l';'c';0.552;0.893;0.893
'NotSuccession(l, c)';'NotSuccession';'l';'c';0.782;0.835;0.835
'CoExistence(l, d)';'CoExistence';'l';'d';0.618;0.618;0.618
'Response(l, d)';'Response';'l';'d';0.376;0.608;0.608
'AlternateResponse(l, d)';'AlternateResponse';'l';'d';0.312;0.505;0.505
'NotSuccession(l, d)';'NotSuccession';'l';'d';0.554;0.554;0.554
'CoExistence(l, e)';'CoExistence';'l';'e';0.552;0.596;0.596
'RespondedExistence(l, e)';'RespondedExistence';'l';'e';0.552;0.893;0.893
'NotSuccession(l, e)';'NotSuccession';'l';'e';0.562;0.607;0.607
'CoExistence(l, f)';'CoExistence';'l';'f';0.608;0.620;0.620
'RespondedExistence(l, f)';'RespondedExistence';'l';'f';0.608;0.984;0.984
'Response(l, f)';'Response';'l';'f';0.496;0.803;0.803
'AlternateResponse(l, f)';'AlternateResponse';'l';'f';0.408;0.660;0.660
'CoExistence(l, g)';'CoExistence';'l';'g';0.538;0.560;0.560
'RespondedExistence(l, g)';'RespondedExistence';'l';'g';0.538;0.871;0.871
'NotSuccession(l, g)';'NotSuccession';'l';'g';0.592;0.617;0.617
'RespondedExistence(l, h)';'RespondedExistence';'l';'h';0.414;0.670;0.670
'NotSuccession(l, h)';'NotSuccession';'l';'h';0.580;0.665;0.665
'NotCoExistence(l, h)';'NotCoExistence';'l';'h';0.458;0.525;0.525
'CoExistence(l, i)';'CoExistence';'l';'i';0.618;0.699;0.699
'NotSuccession(l, i)';'NotSuccession';'l';'i';0.504;0.570;0.570
'CoExistence(l, m)';'CoExistence';'l';'m';0.540;0.583;0.583
'RespondedExistence(l, m)';'RespondedExistence';'l';'m';0.540;0.874;0.874
'NotSuccession(l, m)';'NotSuccession';'l';'m';0.674;0.728;0.728
'CoExistence(l, n)';'CoExistence';'l';'n';0.606;0.618;0.618
'RespondedExistence(l, n)';'RespondedExistence';'l';'n';0.606;0.981;0.981
'Response(l, n)';'Response';'l';'n';0.484;0.783;0.783
'AlternateResponse(l, n)';'AlternateResponse';'l';'n';0.402;0.650;0.650
'CoExistence(l, o)';'CoExistence';'l';'o';0.538;0.570;0.570
'RespondedExistence(l, o)';'RespondedExistence';'l';'o';0.538;0.871;0.871
'NotSuccession(l, o)';'NotSuccession';'l';'o';0.602;0.638;0.638
'CoExistence(l, p)';'CoExistence';'l';'p';0.612;0.621;0.621
'RespondedExistence(l, p)';'RespondedExistence';'l';'p';0.612;0.990;0.990
'Response(l, p)';'Response';'l';'p';0.420;0.680;0.680
'AlternateResponse(l, p)';'AlternateResponse';'l';'p';0.388;0.628;0.628
'NotSuccession(l, p)';'NotSuccession';'l';'p';0.496;0.503;0.503
'CoExistence(l, q)';'CoExistence';'l';'q';0.538;0.576;0.576
'RespondedExistence(l, q)';'RespondedExistence';'l';'q';0.538;0.871;0.871
'NotSuccession(l, q)';'NotSuccession';'l';'q';0.598;0.640;0.640
'NotSuccession(l, r)';'NotSuccession';'l';'r';0.636;0.970;0.970
'NotCoExistence(l, r)';'NotCoExistence';'l';'r';0.602;0.918;0.918
'CoExistence(l, s)';'CoExistence';'l';'s';0.572;0.611;0.611
'RespondedExistence(l, s)';'RespondedExistence';'l';'s';0.572;0.926;0.926
'Response(l, s)';'Response';'l';'s';0.316;0.511;0.511
'NotSuccession(l, s)';'NotSuccession';'l';'s';0.548;0.585;0.585
'CoExistence(l, t)';'CoExistence';'l';'t';0.616;0.630;0.630
'RespondedExistence(l, t)';'RespondedExistence';'l';'t';0.616;0.997;0.997
'Response(l, t)';'Response';'l';'t';0.366;0.592;0.592
'AlternateResponse(l, t)';'AlternateResponse';'l';'t';0.316;0.511;0.511
'NotSuccession(l, t)';'NotSuccession';'l';'t';0.540;0.552;0.552
'CoExistence(l, u)';'CoExistence';'l';'u';0.546;0.575;0.575
'RespondedExistence(l, u)';'RespondedExistence';'l';'u';0.546;0.883;0.883
'NotSuccession(l, u)';'NotSuccession';'l';'u';0.592;0.623;0.623
'CoExistence(l, v)';'CoExistence';'l';'v';0.552;0.586;0.586
'RespondedExistence(l, v)';'RespondedExistence';'l';'v';0.552;0.893;0.893
'NotSuccession(l, v)';'NotSuccession';'l';'v';0.574;0.609;0.609
'CoExistence(l, w)';'CoExistence';'l';'w';0.564;0.603;0.603
'RespondedExistence(l, w)';'RespondedExistence';'l';'w';0.564;0.913;0.913
'NotSuccession(l, w)';'NotSuccession';'l';'w';0.566;0.605;0.605
'CoExistence(l, z)';'CoExistence';'l';'z';0.564;0.595;0.595
'RespondedExistence(l, z)';'RespondedExistence';'l';'z';0.564;0.913;0.913
'NotSuccession(l, z)';'NotSuccession';'l';'z';0.586;0.618;0.618
'Precedence(m, l)';'Precedence';'l';'m';0.416;0.673;0.673
'AlternatePrecedence(m, l)';'AlternatePrecedence';'l';'m';0.336;0.544;0.544
'Precedence(n, l)';'Precedence';'l';'n';0.386;0.625;0.625
'AlternatePrecedence(n, l)';'AlternatePrecedence';'l';'n';0.338;0.547;0.547
'Precedence(o, l)';'Precedence';'l';'o';0.392;0.634;0.634
'AlternatePrecedence(o, l)';'AlternatePrecedence';'l';'o';0.338;0.547;0.547
'Precedence(p, l)';'Precedence';'l';'p';0.530;0.858;0.858
'AlternatePrecedence(p, l)';'AlternatePrecedence';'l';'p';0.482;0.780;0.780
'Precedence(q, l)';'Precedence';'l';'q';0.410;0.663;0.663
'AlternatePrecedence(q, l)';'AlternatePrecedence';'l';'q';0.340;0.550;0.550
'Precedence(s, l)';'Precedence';'l';'s';0.416;0.673;0.673
'AlternatePrecedence(s, l)';'AlternatePrecedence';'l';'s';0.360;0.583;0.583
'Precedence(t, l)';'Precedence';'l';'t';0.434;0.702;0.702
'AlternatePrecedence(t, l)';'AlternatePrecedence';'l';'t';0.380;0.615;0.615
'Precedence(u, l)';'Precedence';'l';'u';0.382;0.618;0.618
'AlternatePrecedence(u, l)';'AlternatePrecedence';'l';'u';0.340;0.550;0.550
'Precedence(v, l)';'Precedence';'l';'v';0.392;0.634;0.634
'AlternatePrecedence(v, l)';'AlternatePrecedence';'l';'v';0.338;0.547;0.547
'Precedence(w, l)';'Precedence';'l';'w';0.414;0.670;0.670
'AlternatePrecedence(w, l)';'AlternatePrecedence';'l';'w';0.364;0.589;0.589
'Precedence(z, l)';'Precedence';'l';'z';0.400;0.647;0.647
'AlternatePrecedence(z, l)';'AlternatePrecedence';'l';'z';0.328;0.531;0.531
'AtMostOne(m)';'AtMostOne';'m';;0.492;0.580;0.580
'Participation(m)';'Participation';'m';;0.848;0.848;0.848
'AlternatePrecedence(a, m)';'AlternatePrecedence';'m';'a';0.682;0.804;0.804
'CoExistence(m, a)';'CoExistence';'m';'a';0.848;0.848;0.848
'Response(m, a)';'Response';'m';'a';0.522;0.616;0.616
'AlternateResponse(m, a)';'AlternateResponse';'m';'a';0.442;0.521;0.521
'CoExistence(m, b)';'CoExistence';'m';'b';0.848;0.848;0.848
'AlternateResponse(m, b)';'AlternateResponse';'m';'b';0.636;0.750;0.750
'CoExistence(m, c)';'CoExistence';'m';'c';0.754;0.782;0.782
'RespondedExistence(m, c)';'RespondedExistence';'m';'c';0.754;0.889;0.889
'NotSuccession(m, c)';'NotSuccession';'m';'c';0.568;0.589;0.589
'CoExistence(m, d)';'CoExistence';'m';'d';0.848;0.848;0.848
'Response(m, d)';'Response';'m';'d';0.626;0.738;0.738
'AlternateResponse(m, d)';'AlternateResponse';'m';'d';0.492;0.580;0.580
'CoExistence(m, e)';'CoExistence';'m';'e';0.754;0.790;0.790
'RespondedExistence(m, e)';'RespondedExistence';'m';'e';0.754;0.889;0.889
'Response(m, e)';'Response';'m';'e';0.488;0.575;0.575
'CoExistence(m, f)';'CoExistence';'m';'f';0.836;0.851;0.851
'RespondedExistence(m, f)';'RespondedExistence';'m';'f';0.836;0.986;0.986
'Response(m, f)';'Response';'m';'f';0.734;0.866;0.866
'AlternateResponse(m, f)';'AlternateResponse';'m';'f';0.576;0.679;0.679
'CoExistence(m, g)';'CoExistence';'m';'g';0.754;0.774;0.774
'RespondedExistence(m, g)';'RespondedExistence';'m';'g';0.754;0.889;0.889
'Response(m, g)';'Response';'m';'g';0.502;0.592;0.592
'AlternateResponse(m, g)';'AlternateResponse';'m';'g';0.426;0.502;0.502
'CoExistence(m, h)';'CoExistence';'m';'h';0.578;0.616;0.616
'RespondedExistence(m, h)';'RespondedExistence';'m';'h';0.578;0.682;0.682
'CoExistence(m, i)';'CoExistence';'m';'i';0.760;0.782;0.782
'RespondedExistence(m, i)';'RespondedExistence';'m';'i';0.760;0.896;0.896
'Response(m, i)';'Response';'m';'i';0.512;0.604;0.604
'AlternateResponse(m, i)';'AlternateResponse';'m';'i';0.424;0.500;0.500
'CoExistence(m, l)';'CoExistence';'m';'l';0.540;0.583;0.583
'RespondedExistence(m, l)';'RespondedExistence';'m';'l';0.540;0.637;0.637
'CoExistence(m, n)';'CoExistence';'m';'n';0.848;0.876;0.876
'Succession(m, n)';'Succession';'m';'n';0.506;0.523;0.523
'AlternateResponse(m, n)';'AlternateResponse';'m';'n';0.848;1.000;1.000
'CoExistence(m, o)';'CoExistence';'m';'o';0.748;0.776;0.776
'RespondedExistence(m, o)';'RespondedExistence';'m';'o';0.748;0.882;0.882
'Response(m, o)';'Response';'m';'o';0.474;0.559;0.559
'CoExistence(m, p)';'CoExistence';'m';'p';0.840;0.850;0.850
'RespondedExistence(m, p)';'RespondedExistence';'m';'p';0.840;0.991;0.991
'Response(m, p)';'Response';'m';'p';0.666;0.785;0.785
'AlternateResponse(m, p)';'AlternateResponse';'m';'p';0.604;0.712;0.712
'CoExistence(m, q)';'CoExistence';'m';'q';0.744;0.777;0.777
'RespondedExistence(m, q)';'RespondedExistence';'m';'q';0.744;0.877;0.877
'Response(m, q)';'Response';'m';'q';0.496;0.585;0.585
'NotSuccession(m, r)';'NotSuccession';'m';'r';0.810;0.946;0.946
'NotCoExistence(m, r)';'NotCoExistence';'m';'r';0.772;0.902;0.902
'CoExistence(m, s)';'CoExistence';'m';'s';0.788;0.829;0.829
'RespondedExistence(m, s)';'RespondedExistence';'m';'s';0.788;0.929;0.929
'Response(m, s)';'Response';'m';'s';0.552;0.651;0.651
'AlternateResponse(m, s)';'AlternateResponse';'m';'s';0.460;0.542;0.542
'CoExistence(m, t)';'CoExistence';'m';'t';0.844;0.861;0.861
'RespondedExistence(m, t)';'RespondedExistence';'m';'t';0.844;0.995;0.995
'Response(m, t)';'Response';'m';'t';0.600;0.708;0.708
'AlternateResponse(m, t)';'AlternateResponse';'m';'t';0.492;0.580;0.580
'CoExistence(m, u)';'CoExistence';'m';'u';0.758;0.783;0.783
'RespondedExistence(m, u)';'RespondedExistence';'m';'u';0.758;0.894;0.894
'Response(m, u)';'Response';'m';'u';0.516;0.608;0.608
'AlternateResponse(m, u)';'AlternateResponse';'m';'u';0.440;0.519;0.519
'CoExistence(m, v)';'CoExistence';'m';'v';0.750;0.770;0.770
'RespondedExistence(m, v)';'RespondedExistence';'m';'v';0.750;0.884;0.884
'Response(m, v)';'Response';'m';'v';0.490;0.578;0.578
'CoExistence(m, w)';'CoExistence';'m';'w';0.770;0.802;0.802
'RespondedExistence(m, w)';'RespondedExistence';'m';'w';0.770;0.908;0.908
'Response(m, w)';'Response';'m';'w';0.530;0.625;0.625
'AlternateResponse(m, w)';'AlternateResponse';'m';'w';0.440;0.519;0.519
'CoExistence(m, z)';'CoExistence';'m';'z';0.772;0.796;0.796
'RespondedExistence(m, z)';'RespondedExistence';'m';'z';0.772;0.910;0.910
'Response(m, z)';'Response';'m';'z';0.526;0.620;0.620
'AlternateResponse(m, z)';'AlternateResponse';'m';'z';0.448;0.528;0.528
'Precedence(p, m)';'Precedence';'m';'p';0.544;0.642;0.642
'AlternatePrecedence(p, m)';'AlternatePrecedence';'m';'p';0.480;0.566;0.566
'Participation(n)';'Participation';'n';;0.968;0.968;0.968
'Precedence(e, n)';'Precedence';'n';'e';0.500;0.517;0.517
'Precedence(f, n)';'Precedence';'n';'f';0.486;0.502;0.502
'Precedence(g, n)';'Precedence';'n';'g';0.514;0.531;0.531
'Precedence(m, n)';'Precedence';'n';'m';0.506;0.523;0.523
'CoExistence(n, a)';'CoExistence';'n';'a';0.968;0.968;0.968
'CoExistence(n, b)';'CoExistence';'n';'b';0.968;0.968;0.968
'CoExistence(n, c)';'CoExistence';'n';'c';0.854;0.868;0.868
'RespondedExistence(n, c)';'RespondedExistence';'n';'c';0.854;0.882;0.882
'NotSuccession(n, c)';'NotSuccession';'n';'c';0.580;0.589;0.589
'CoExistence(n, d)';'CoExistence';'n';'d';0.968;0.968;0.968
'CoExistence(n, e)';'CoExistence';'n';'e';0.848;0.865;0.865
'RespondedExistence(n, e)';'RespondedExistence';'n';'e';0.848;0.876;0.876
'CoExistence(n, f)';'CoExistence';'n';'f';0.948;0.958;0.958
'RespondedExistence(n, f)';'RespondedExistence';'n';'f';0.948;0.979;0.979
'Response(n, f)';'Response';'n';'f';0.498;0.514;0.514
'CoExistence(n, g)';'CoExistence';'n';'g';0.862;0.874;0.874
'RespondedExistence(n, g)';'RespondedExistence';'n';'g';0.862;0.890;0.890
'CoExistence(n, h)';'CoExistence';'n';'h';0.660;0.676;0.676
'RespondedExistence(n, h)';'RespondedExistence';'n';'h';0.660;0.682;0.682
'NotSuccession(n, h)';'NotSuccession';'n';'h';0.490;0.502;0.502
'CoExistence(n, i)';'CoExistence';'n';'i';0.862;0.871;0.871
'RespondedExistence(n, i)';'RespondedExistence';'n';'i';0.862;0.890;0.890
'CoExistence(n, l)';'CoExistence';'n';'l';0.606;0.618;0.618
'RespondedExistence(n, l)';'RespondedExistence';'n';'l';0.606;0.626;0.626
'NotSuccession(n, l)';'NotSuccession';'n';'l';0.548;0.559;0.559
'CoExistence(n, m)';'CoExistence';'n';'m';0.848;0.876;0.876
'RespondedExistence(n, m)';'RespondedExistence';'n';'m';0.848;0.876;0.876
'CoExistence(n, o)';'CoExistence';'n';'o';0.850;0.866;0.866
'RespondedExistence(n, o)';'RespondedExistence';'n';'o';0.850;0.878;0.878
'CoExistence(n, p)';'CoExistence';'n';'p';0.956;0.964;0.964
'RespondedExistence(n, p)';'RespondedExistence';'n';'p';0.956;0.988;0.988
'CoExistence(n, q)';'CoExistence';'n';'q';0.840;0.855;0.855
'RespondedExistence(n, q)';'RespondedExistence';'n';'q';0.840;0.868;0.868
'NotSuccession(n, r)';'NotSuccession';'n';'r';0.914;0.944;0.944
'NotCoExistence(n, r)';'NotCoExistence';'n';'r';0.876;0.905;0.905
'CoExistence(n, s)';'CoExistence';'n';'s';0.878;0.896;0.896
'RespondedExistence(n, s)';'RespondedExistence';'n';'s';0.878;0.907;0.907
'CoExistence(n, t)';'CoExistence';'n';'t';0.950;0.956;0.956
'RespondedExistence(n, t)';'RespondedExistence';'n';'t';0.950;0.981;0.981
'CoExistence(n, u)';'CoExistence';'n';'u';0.852;0.857;0.857
'RespondedExistence(n, u)';'RespondedExistence';'n';'u';0.852;0.880;0.880
'CoExistence(n, v)';'CoExistence';'n';'v';0.852;0.859;0.859
'RespondedExistence(n, v)';'RespondedExistence';'n';'v';0.852;0.880;0.880
'CoExistence(n, w)';'CoExistence';'n';'w';0.864;0.876;0.876
'RespondedExistence(n, w)';'RespondedExistence';'n';'w';0.864;0.893;0.893
'CoExistence(n, z)';'CoExistence';'n';'z';0.872;0.881;0.881
'RespondedExistence(n, z)';'RespondedExistence';'n';'z';0.872;0.901;0.901
'Precedence(p, n)';'Precedence';'n';'p';0.664;0.686;0.686
'Precedence(s, n)';'Precedence';'n';'s';0.500;0.517;0.517
'Precedence(t, n)';'Precedence';'n';'t';0.514;0.531;0.531
'Precedence(v, n)';'Precedence';'n';'v';0.488;0.504;0.504
'Precedence(z, n)';'Precedence';'n';'z';0.484;0.500;0.500
'Participation(o)';'Participation';'o';;0.864;0.864;0.864
'CoExistence(o, a)';'CoExistence';'o';'a';0.864;0.864;0.864
'CoExistence(o, b)';'CoExistence';'o';'b';0.864;0.864;0.864
'CoExistence(o, c)';'CoExistence';'o';'c';0.762;0.784;0.784
'RespondedExistence(o, c)';'RespondedExistence';'o';'c';0.762;0.882;0.882
'NotSuccession(o, c)';'NotSuccession';'o';'c';0.578;0.595;0.595
'CoExistence(o, d)';'CoExistence';'o';'d';0.864;0.864;0.864
'Response(o, d)';'Response';'o';'d';0.492;0.569;0.569
'CoExistence(o, e)';'CoExistence';'o';'e';0.760;0.788;0.788
'RespondedExistence(o, e)';'RespondedExistence';'o';'e';0.760;0.880;0.880
'CoExistence(o, f)';'CoExistence';'o';'f';0.850;0.864;0.864
'RespondedExistence(o, f)';'RespondedExistence';'o';'f';0.850;0.984;0.984
'Response(o, f)';'Response';'o';'f';0.698;0.808;0.808
'CoExistence(o, g)';'CoExistence';'o';'g';0.764;0.780;0.780
'RespondedExistence(o, g)';'RespondedExistence';'o';'g';0.764;0.884;0.884
'CoExistence(o, h)';'CoExistence';'o';'h';0.580;0.609;0.609
'RespondedExistence(o, h)';'RespondedExistence';'o';'h';0.580;0.671;0.671
'CoExistence(o, i)';'CoExistence';'o';'i';0.774;0.795;0.795
'RespondedExistence(o, i)';'RespondedExistence';'o';'i';0.774;0.896;0.896
'CoExistence(o, l)';'CoExistence';'o';'l';0.538;0.570;0.570
'RespondedExistence(o, l)';'RespondedExistence';'o';'l';0.538;0.623;0.623
'NotSuccession(o, l)';'NotSuccession';'o';'l';0.512;0.542;0.542
'CoExistence(o, m)';'CoExistence';'o';'m';0.748;0.776;0.776
'RespondedExistence(o, m)';'RespondedExistence';'o';'m';0.748;0.866;0.866
'CoExistence(o, n)';'CoExistence';'o';'n';0.850;0.866;0.866
'RespondedExistence(o, n)';'RespondedExistence';'o';'n';0.850;0.984;0.984
'Response(o, n)';'Response';'o';'n';0.648;0.750;0.750
'CoExistence(o, p)';'CoExistence';'o';'p';0.864;0.882;0.882
'ChainResponse(o, p)';'ChainResponse';'o';'p';0.864;1.000;1.000
'CoExistence(o, q)';'CoExistence';'o';'q';0.748;0.771;0.771
'RespondedExistence(o, q)';'RespondedExistence';'o';'q';0.748;0.866;0.866
'NotSuccession(o, r)';'NotSuccession';'o';'r';0.824;0.943;0.943
'NotCoExistence(o, r)';'NotCoExistence';'o';'r';0.792;0.906;0.906
'CoExistence(o, s)';'CoExistence';'o';'s';0.784;0.808;0.808
'RespondedExistence(o, s)';'RespondedExistence';'o';'s';0.784;0.907;0.907
'CoExistence(o, t)';'CoExistence';'o';'t';0.848;0.855;0.855
'RespondedExistence(o, t)';'RespondedExistence';'o';'t';0.848;0.981;0.981
'Response(o, t)';'Response';'o';'t';0.440;0.509;0.509
'CoExistence(o, u)';'CoExistence';'o';'u';0.762;0.778;0.778
'RespondedExistence(o, u)';'RespondedExistence';'o';'u';0.762;0.882;0.882
'CoExistence(o, v)';'CoExistence';'o';'v';0.758;0.772;0.772
'RespondedExistence(o, v)';'RespondedExistence';'o';'v';0.758;0.877;0.877
'CoExistence(o, w)';'CoExistence';'o';'w';0.770;0.789;0.789
'RespondedExistence(o, w)';'RespondedExistence';'o';'w';0.770;0.891;0.891
'CoExistence(o, z)';'CoExistence';'o';'z';0.780;0.798;0.798
'RespondedExistence(o, z)';'RespondedExistence';'o';'z';0.780;0.903;0.903
'Participation(p)';'Participation';'p';;0.980;0.980;0.980
'CoExistence(p, a)';'CoExistence';'p';'a';0.980;0.980;0.980
'CoExistence(p, b)';'CoExistence';'p';'b';0.980;0.980;0.980
'Succession(p, b)';'Succession';'p';'b';0.664;0.664;0.664
'CoExistence(p, c)';'CoExistence';'p';'c';0.860;0.869;0.869
'RespondedExistence(p, c)';'RespondedExistence';'p';'c';0.860;0.878;0.878
'CoExistence(p, d)';'CoExistence';'p';'d';0.980;0.980;0.980
'CoExistence(p, e)';'CoExistence';'p';'e';0.854;0.866;0.866
'RespondedExistence(p, e)';'RespondedExistence';'p';'e';0.854;0.871;0.871
'CoExistence(p, f)';'CoExistence';'p';'f';0.958;0.966;0.966
'RespondedExistence(p, f)';'RespondedExistence';'p';'f';0.958;0.978;0.978
'Response(p, f)';'Response';'p';'f';0.710;0.724;0.724
'CoExistence(p, g)';'CoExistence';'p';'g';0.870;0.879;0.879
'RespondedExistence(p, g)';'RespondedExistence';'p';'g';0.870;0.888;0.888
'CoExistence(p, h)';'CoExistence';'p';'h';0.664;0.675;0.675
'RespondedExistence(p, h)';'RespondedExistence';'p';'h';0.664;0.678;0.678
'CoExistence(p, i)';'CoExistence';'p';'i';0.872;0.879;0.879
'RespondedExistence(p, i)';'RespondedExistence';'p';'i';0.872;0.890;0.890
'CoExistence(p, l)';'CoExistence';'p';'l';0.612;0.621;0.621
'RespondedExistence(p, l)';'RespondedExistence';'p';'l';0.612;0.624;0.624
'CoExistence(p, m)';'CoExistence';'p';'m';0.840;0.850;0.850
'RespondedExistence(p, m)';'RespondedExistence';'p';'m';0.840;0.857;0.857
'CoExistence(p, n)';'CoExistence';'p';'n';0.956;0.964;0.964
'RespondedExistence(p, n)';'RespondedExistence';'p';'n';0.956;0.976;0.976
'Response(p, n)';'Response';'p';'n';0.666;0.680;0.680
'CoExistence(p, o)';'CoExistence';'p';'o';0.864;0.882;0.882
'RespondedExistence(p, o)';'RespondedExistence';'p';'o';0.864;0.882;0.882
'CoExistence(p, q)';'CoExistence';'p';'q';0.846;0.856;0.856
'RespondedExistence(p, q)';'RespondedExistence';'p';'q';0.846;0.863;0.863
'NotSuccession(p, r)';'NotSuccession';'p';'r';0.914;0.933;0.933
'NotCoExistence(p, r)';'NotCoExistence';'p';'r';0.888;0.906;0.906
'CoExistence(p, s)';'CoExistence';'p';'s';0.882;0.893;0.893
'RespondedExistence(p, s)';'RespondedExistence';'p';'s';0.882;0.900;0.900
'CoExistence(p, t)';'CoExistence';'p';'t';0.960;0.964;0.964
'RespondedExistence(p, t)';'RespondedExistence';'p';'t';0.960;0.980;0.980
'CoExistence(p, u)';'CoExistence';'p';'u';0.860;0.862;0.862
'RespondedExistence(p, u)';'RespondedExistence';'p';'u';0.860;0.878;0.878
'CoExistence(p, v)';'CoExistence';'p';'v';0.864;0.871;0.871
'RespondedExistence(p, v)';'RespondedExistence';'p';'v';0.864;0.882;0.882
'CoExistence(p, w)';'CoExistence';'p';'w';0.872;0.881;0.881
'RespondedExistence(p, w)';'RespondedExistence';'p';'w';0.872;0.890;0.890
'CoExistence(p, z)';'CoExistence';'p';'z';0.882;0.889;0.889
'RespondedExistence(p, z)';'RespondedExistence';'p';'z';0.882;0.900;0.900
'Participation(q)';'Participation';'q';;0.854;0.854;0.854
'Precedence(p, q)';'Precedence';'q';'p';0.512;0.600;0.600
'CoExistence(q, a)';'CoExistence';'q';'a';0.854;0.854;0.854
'CoExistence(q, b)';'CoExistence';'q';'b';0.854;0.854;0.854
'CoExistence(q, c)';'CoExistence';'q';'c';0.756;0.781;0.781
'RespondedExistence(q, c)';'RespondedExistence';'q';'c';0.756;0.885;0.885
'NotSuccession(q, c)';'NotSuccession';'q';'c';0.570;0.589;0.589
'CoExistence(q, d)';'CoExistence';'q';'d';0.854;0.854;0.854
'Response(q, d)';'Response';'q';'d';0.508;0.595;0.595
'CoExistence(q, e)';'CoExistence';'q';'e';0.750;0.778;0.778
'RespondedExistence(q, e)';'RespondedExistence';'q';'e';0.750;0.878;0.878
'CoExistence(q, f)';'CoExistence';'q';'f';0.836;0.846;0.846
'RespondedExistence(q, f)';'RespondedExistence';'q';'f';0.836;0.979;0.979
'Response(q, f)';'Response';'q';'f';0.692;0.810;0.810
'CoExistence(q, g)';'CoExistence';'q';'g';0.754;0.769;0.769
'RespondedExistence(q, g)';'RespondedExistence';'q';'g';0.754;0.883;0.883
'CoExistence(q, h)';'CoExistence';'q';'h';0.582;0.619;0.619
'RespondedExistence(q, h)';'RespondedExistence';'q';'h';0.582;0.681;0.681
'CoExistence(q, i)';'CoExistence';'q';'i';0.766;0.788;0.788
'RespondedExistence(q, i)';'RespondedExistence';'q';'i';0.766;0.897;0.897
'CoExistence(q, l)';'CoExistence';'q';'l';0.538;0.576;0.576
'RespondedExistence(q, l)';'RespondedExistence';'q';'l';0.538;0.630;0.630
'NotSuccession(q, l)';'NotSuccession';'q';'l';0.476;0.510;0.510
'CoExistence(q, m)';'CoExistence';'q';'m';0.744;0.777;0.777
'RespondedExistence(q, m)';'RespondedExistence';'q';'m';0.744;0.871;0.871
'CoExistence(q, n)';'CoExistence';'q';'n';0.840;0.855;0.855
'RespondedExistence(q, n)';'RespondedExistence';'q';'n';0.840;0.984;0.984
'Response(q, n)';'Response';'q';'n';0.698;0.817;0.817
'CoExistence(q, o)';'CoExistence';'q';'o';0.748;0.771;0.771
'RespondedExistence(q, o)';'RespondedExistence';'q';'o';0.748;0.876;0.876
'CoExistence(q, p)';'CoExistence';'q';'p';0.846;0.856;0.856
'RespondedExistence(q, p)';'RespondedExistence';'q';'p';0.846;0.991;0.991
'Response(q, p)';'Response';'q';'p';0.536;0.628;0.628
'NotSuccession(q, r)';'NotSuccession';'q';'r';0.762;0.892;0.892
'NotCoExistence(q, r)';'NotCoExistence';'q';'r';0.762;0.892;0.892
'CoExistence(q, s)';'CoExistence';'q';'s';0.778;0.805;0.805
'RespondedExistence(q, s)';'RespondedExistence';'q';'s';0.778;0.911;0.911
'CoExistence(q, t)';'CoExistence';'q';'t';0.840;0.848;0.848
'RespondedExistence(q, t)';'RespondedExistence';'q';'t';0.840;0.984;0.984
'Response(q, t)';'Response';'q';'t';0.472;0.553;0.553
'CoExistence(q, u)';'CoExistence';'q';'u';0.756;0.775;0.775
'RespondedExistence(q, u)';'RespondedExistence';'q';'u';0.756;0.885;0.885
'CoExistence(q, v)';'CoExistence';'q';'v';0.760;0.784;0.784
'RespondedExistence(q, v)';'RespondedExistence';'q';'v';0.760;0.890;0.890
'CoExistence(q, w)';'CoExistence';'q';'w';0.770;0.797;0.797
'RespondedExistence(q, w)';'RespondedExistence';'q';'w';0.770;0.902;0.902
'Response(q, w)';'Response';'q';'w';0.430;0.504;0.504
'CoExistence(q, z)';'CoExistence';'q';'z';0.776;0.798;0.798
'RespondedExistence(q, z)';'RespondedExistence';'q';'z';0.776;0.909;0.909
'AtMostOne(r)';'AtMostOne';'r';;0.088;0.957;0.957
'AlternatePrecedence(a, r)';'AlternatePrecedence';'r';'a';0.088;0.957;0.957
'Precedence(d, r)';'Precedence';'r';'d';0.060;0.652;0.652
'AlternatePrecedence(d, r)';'AlternatePrecedence';'r';'d';0.058;0.630;0.630
'Precedence(e, r)';'Precedence';'r';'e';0.056;0.609;0.609
'AlternatePrecedence(e, r)';'AlternatePrecedence';'r';'e';0.056;0.609;0.609
'Precedence(f, r)';'Precedence';'r';'f';0.052;0.565;0.565
'Precedence(g, r)';'Precedence';'r';'g';0.054;0.587;0.587
'AlternatePrecedence(g, r)';'AlternatePrecedence';'r';'g';0.054;0.587;0.587
'Precedence(i, r)';'Precedence';'r';'i';0.054;0.587;0.587
'AlternatePrecedence(i, r)';'AlternatePrecedence';'r';'i';0.050;0.543;0.543
'Precedence(n, r)';'Precedence';'r';'n';0.054;0.587;0.587
'AlternatePrecedence(n, r)';'AlternatePrecedence';'r';'n';0.052;0.565;0.565
'Precedence(o, r)';'Precedence';'r';'o';0.050;0.543;0.543
'AlternatePrecedence(o, r)';'AlternatePrecedence';'r';'o';0.050;0.543;0.543
'Precedence(p, r)';'Precedence';'r';'p';0.066;0.717;0.717
'AlternatePrecedence(p, r)';'AlternatePrecedence';'r';'p';0.062;0.674;0.674
'ChainPrecedence(q, r)';'ChainPrecedence';'r';'q';0.092;1.000;1.000
'Response(r, a)';'Response';'r';'a';0.062;0.674;0.674
'AlternateResponse(r, a)';'AlternateResponse';'r';'a';0.060;0.652;0.652
'NotSuccession(r, a)';'NotSuccession';'r';'a';0.938;0.938;0.938
'NotCoExistence(r, a)';'NotCoExistence';'r';'a';0.908;0.908;0.908
'AlternateResponse(r, b)';'AlternateResponse';'r';'b';0.088;0.957;0.957
'NotSuccession(r, b)';'NotSuccession';'r';'b';0.908;0.908;0.908
'NotCoExistence(r, b)';'NotCoExistence';'r';'b';0.908;0.908;0.908
'RespondedExistence(r, c)';'RespondedExistence';'r';'c';0.080;0.870;0.870
'NotSuccession(r, c)';'NotSuccession';'r';'c';0.848;0.961;0.961
'NotCoExistence(r, c)';'NotCoExistence';'r';'c';0.802;0.909;0.909
'Response(r, d)';'Response';'r';'d';0.072;0.783;0.783
'AlternateResponse(r, d)';'AlternateResponse';'r';'d';0.070;0.761;0.761
'NotSuccession(r, d)';'NotSuccession';'r';'d';0.928;0.928;0.928
'NotCoExistence(r, d)';'NotCoExistence';'r';'d';0.908;0.908;0.908
'RespondedExistence(r, e)';'RespondedExistence';'r';'e';0.086;0.935;0.935
'Response(r, e)';'Response';'r';'e';0.060;0.652;0.652
'AlternateResponse(r, e)';'AlternateResponse';'r';'e';0.056;0.609;0.609
'NotSuccession(r, e)';'NotSuccession';'r';'e';0.806;0.931;0.931
'NotCoExistence(r, e)';'NotCoExistence';'r';'e';0.780;0.901;0.901
'RespondedExistence(r, f)';'RespondedExistence';'r';'f';0.092;1.000;1.000
'Response(r, f)';'Response';'r';'f';0.086;0.935;0.935
'AlternateResponse(r, f)';'AlternateResponse';'r';'f';0.082;0.891;0.891
'NotSuccession(r, f)';'NotSuccession';'r';'f';0.884;0.911;0.911
'NotCoExistence(r, f)';'NotCoExistence';'r';'f';0.878;0.905;0.905
'RespondedExistence(r, g)';'RespondedExistence';'r';'g';0.082;0.891;0.891
'Response(r, g)';'Response';'r';'g';0.064;0.696;0.696
'AlternateResponse(r, g)';'AlternateResponse';'r';'g';0.060;0.652;0.652
'NotSuccession(r, g)';'NotSuccession';'r';'g';0.826;0.928;0.928
'NotCoExistence(r, g)';'NotCoExistence';'r';'g';0.808;0.908;0.908
'RespondedExistence(r, h)';'RespondedExistence';'r';'h';0.058;0.630;0.630
'Response(r, h)';'Response';'r';'h';0.050;0.543;0.543
'AlternateResponse(r, h)';'AlternateResponse';'r';'h';0.050;0.543;0.543
'NotSuccession(r, h)';'NotSuccession';'r';'h';0.652;0.929;0.929
'NotCoExistence(r, h)';'NotCoExistence';'r';'h';0.644;0.917;0.917
'RespondedExistence(r, i)';'RespondedExistence';'r';'i';0.078;0.848;0.848
'Response(r, i)';'Response';'r';'i';0.052;0.565;0.565
'AlternateResponse(r, i)';'AlternateResponse';'r';'i';0.050;0.543;0.543
'NotSuccession(r, i)';'NotSuccession';'r';'i';0.846;0.942;0.942
'NotCoExistence(r, i)';'NotCoExistence';'r';'i';0.820;0.913;0.913
'RespondedExistence(r, l)';'RespondedExistence';'r';'l';0.054;0.587;0.587
'NotSuccession(r, l)';'NotSuccession';'r';'l';0.620;0.945;0.945
'NotCoExistence(r, l)';'NotCoExistence';'r';'l';0.602;0.918;0.918
'RespondedExistence(r, m)';'RespondedExistence';'r';'m';0.084;0.913;0.913
'Response(r, m)';'Response';'r';'m';0.060;0.652;0.652
'AlternateResponse(r, m)';'AlternateResponse';'r';'m';0.058;0.630;0.630
'NotSuccession(r, m)';'NotSuccession';'r';'m';0.796;0.930;0.930
'NotCoExistence(r, m)';'NotCoExistence';'r';'m';0.772;0.902;0.902
'RespondedExistence(r, n)';'RespondedExistence';'r';'n';0.092;1.000;1.000
'Response(r, n)';'Response';'r';'n';0.084;0.913;0.913
'AlternateResponse(r, n)';'AlternateResponse';'r';'n';0.080;0.870;0.870
'NotSuccession(r, n)';'NotSuccession';'r';'n';0.884;0.913;0.913
'NotCoExistence(r, n)';'NotCoExistence';'r';'n';0.876;0.905;0.905
'RespondedExistence(r, o)';'RespondedExistence';'r';'o';0.082;0.891;0.891
'Response(r, o)';'Response';'r';'o';0.066;0.717;0.717
'AlternateResponse(r, o)';'AlternateResponse';'r';'o';0.064;0.696;0.696
'NotSuccession(r, o)';'NotSuccession';'r';'o';0.808;0.924;0.924
'NotCoExistence(r, o)';'NotCoExistence';'r';'o';0.792;0.906;0.906
'RespondedExistence(r, p)';'RespondedExistence';'r';'p';0.092;1.000;1.000
'Response(r, p)';'Response';'r';'p';0.080;0.870;0.870
'AlternateResponse(r, p)';'AlternateResponse';'r';'p';0.078;0.848;0.848
'NotSuccession(r, p)';'NotSuccession';'r';'p';0.900;0.918;0.918
'NotCoExistence(r, p)';'NotCoExistence';'r';'p';0.888;0.906;0.906
'NotSuccession(r, q)';'NotSuccession';'r';'q';0.806;0.944;0.944
'NotCoExistence(r, q)';'NotCoExistence';'r';'q';0.762;0.892;0.892
'RespondedExistence(r, s)';'RespondedExistence';'r';'s';0.090;0.978;0.978
'Response(r, s)';'Response';'r';'s';0.072;0.783;0.783
'AlternateResponse(r, s)';'AlternateResponse';'r';'s';0.070;0.761;0.761
'NotSuccession(r, s)';'NotSuccession';'r';'s';0.820;0.919;0.919
'NotCoExistence(r, s)';'NotCoExistence';'r';'s';0.802;0.899;0.899
'RespondedExistence(r, t)';'RespondedExistence';'r';'t';0.092;1.000;1.000
'Response(r, t)';'Response';'r';'t';0.070;0.761;0.761
'AlternateResponse(r, t)';'AlternateResponse';'r';'t';0.068;0.739;0.739
'NotSuccession(r, t)';'NotSuccession';'r';'t';0.904;0.926;0.926
'NotCoExistence(r, t)';'NotCoExistence';'r';'t';0.884;0.906;0.906
'RespondedExistence(r, u)';'RespondedExistence';'r';'u';0.078;0.848;0.848
'Response(r, u)';'Response';'r';'u';0.064;0.696;0.696
'AlternateResponse(r, u)';'AlternateResponse';'r';'u';0.062;0.674;0.674
'NotSuccession(r, u)';'NotSuccession';'r';'u';0.828;0.928;0.928
'NotCoExistence(r, u)';'NotCoExistence';'r';'u';0.814;0.913;0.913
'RespondedExistence(r, v)';'RespondedExistence';'r';'v';0.088;0.957;0.957
'Response(r, v)';'Response';'r';'v';0.068;0.739;0.739
'AlternateResponse(r, v)';'AlternateResponse';'r';'v';0.066;0.717;0.717
'NotSuccession(r, v)';'NotSuccession';'r';'v';0.810;0.920;0.920
'NotCoExistence(r, v)';'NotCoExistence';'r';'v';0.792;0.900;0.900
'RespondedExistence(r, w)';'RespondedExistence';'r';'w';0.088;0.957;0.957
'Response(r, w)';'Response';'r';'w';0.064;0.696;0.696
'AlternateResponse(r, w)';'AlternateResponse';'r';'w';0.062;0.674;0.674
'NotSuccession(r, w)';'NotSuccession';'r';'w';0.820;0.926;0.926
'NotCoExistence(r, w)';'NotCoExistence';'r';'w';0.798;0.901;0.901
'RespondedExistence(r, z)';'RespondedExistence';'r';'z';0.080;0.870;0.870
'Response(r, z)';'Response';'r';'z';0.062;0.674;0.674
'AlternateResponse(r, z)';'AlternateResponse';'r';'z';0.058;0.630;0.630
'NotSuccession(r, z)';'NotSuccession';'r';'z';0.844;0.932;0.932
'NotCoExistence(r, z)';'NotCoExistence';'r';'z';0.826;0.912;0.912
'Precedence(s, r)';'Precedence';'r';'s';0.052;0.565;0.565
'AlternatePrecedence(s, r)';'AlternatePrecedence';'r';'s';0.052;0.565;0.565
'Precedence(t, r)';'Precedence';'r';'t';0.064;0.696;0.696
'AlternatePrecedence(t, r)';'AlternatePrecedence';'r';'t';0.062;0.674;0.674
'Precedence(v, r)';'Precedence';'r';'v';0.052;0.565;0.565
'AlternatePrecedence(v, r)';'AlternatePrecedence';'r';'v';0.052;0.565;0.565
'Precedence(w, r)';'Precedence';'r';'w';0.054;0.587;0.587
'AlternatePrecedence(w, r)';'AlternatePrecedence';'r';'w';0.054;0.587;0.587
'Precedence(z, r)';'Precedence';'r';'z';0.054;0.587;0.587
'AlternatePrecedence(z, r)';'AlternatePrecedence';'r';'z';0.054;0.587;0.587
'Participation(s)';'Participation';'s';;0.890;0.890;0.890
'Precedence(p, s)';'Precedence';'s';'p';0.574;0.645;0.645
'CoExistence(s, a)';'CoExistence';'s';'a';0.890;0.890;0.890
'CoExistence(s, b)';'CoExistence';'s';'b';0.890;0.890;0.890
'CoExistence(s, c)';'CoExistence';'s';'c';0.788;0.811;0.811
'RespondedExistence(s, c)';'RespondedExistence';'s';'c';0.788;0.885;0.885
'NotSuccession(s, c)';'NotSuccession';'s';'c';0.562;0.578;0.578
'CoExistence(s, d)';'CoExistence';'s';'d';0.890;0.890;0.890
'Response(s, d)';'Response';'s';'d';0.526;0.591;0.591
'CoExistence(s, e)';'CoExistence';'s';'e';0.790;0.823;0.823
'RespondedExistence(s, e)';'RespondedExistence';'s';'e';0.790;0.888;0.888
'CoExistence(s, f)';'CoExistence';'s';'f';0.870;0.879;0.879
'RespondedExistence(s, f)';'RespondedExistence';'s';'f';0.870;0.978;0.978
'Response(s, f)';'Response';'s';'f';0.714;0.802;0.802
'CoExistence(s, g)';'CoExistence';'s';'g';0.790;0.806;0.806
'RespondedExistence(s, g)';'RespondedExistence';'s';'g';0.790;0.888;0.888
'CoExistence(s, h)';'CoExistence';'s';'h';0.608;0.640;0.640
'RespondedExistence(s, h)';'RespondedExistence';'s';'h';0.608;0.683;0.683
'CoExistence(s, i)';'CoExistence';'s';'i';0.800;0.821;0.821
'RespondedExistence(s, i)';'RespondedExistence';'s';'i';0.800;0.899;0.899
'CoExistence(s, l)';'CoExistence';'s';'l';0.572;0.611;0.611
'RespondedExistence(s, l)';'RespondedExistence';'s';'l';0.572;0.643;0.643
'NotSuccession(s, l)';'NotSuccession';'s';'l';0.472;0.504;0.504
'CoExistence(s, m)';'CoExistence';'s';'m';0.788;0.829;0.829
'RespondedExistence(s, m)';'RespondedExistence';'s';'m';0.788;0.885;0.885
'CoExistence(s, n)';'CoExistence';'s';'n';0.878;0.896;0.896
'RespondedExistence(s, n)';'RespondedExistence';'s';'n';0.878;0.987;0.987
'Response(s, n)';'Response';'s';'n';0.716;0.804;0.804
'CoExistence(s, o)';'CoExistence';'s';'o';0.784;0.808;0.808
'RespondedExistence(s, o)';'RespondedExistence';'s';'o';0.784;0.881;0.881
'CoExistence(s, p)';'CoExistence';'s';'p';0.882;0.893;0.893
'RespondedExistence(s, p)';'RespondedExistence';'s';'p';0.882;0.991;0.991
'Response(s, p)';'Response';'s';'p';0.560;0.629;0.629
'CoExistence(s, q)';'CoExistence';'s';'q';0.778;0.805;0.805
'RespondedExistence(s, q)';'RespondedExistence';'s';'q';0.778;0.874;0.874
'NotSuccession(s, r)';'NotSuccession';'s';'r';0.838;0.939;0.939
'NotCoExistence(s, r)';'NotCoExistence';'s';'r';0.802;0.899;0.899
'CoExistence(s, t)';'CoExistence';'s';'t';0.890;0.912;0.912
'RespondedExistence(s, t)';'RespondedExistence';'s';'t';0.890;1.000;1.000
'Response(s, t)';'Response';'s';'t';0.476;0.535;0.535
'CoExistence(s, u)';'CoExistence';'s';'u';0.792;0.811;0.811
'RespondedExistence(s, u)';'RespondedExistence';'s';'u';0.792;0.890;0.890
'CoExistence(s, v)';'CoExistence';'s';'v';0.796;0.821;0.821
'RespondedExistence(s, v)';'RespondedExistence';'s';'v';0.796;0.894;0.894
'CoExistence(s, w)';'CoExistence';'s';'w';0.800;0.823;0.823
'RespondedExistence(s, w)';'RespondedExistence';'s';'w';0.800;0.899;0.899
'CoExistence(s, z)';'CoExistence';'s';'z';0.808;0.828;0.828
'RespondedExistence(s, z)';'RespondedExistence';'s';'z';0.808;0.908;0.908
'Participation(t)';'Participation';'t';;0.976;0.976;0.976
'Precedence(p, t)';'Precedence';'t';'p';0.624;0.639;0.639
'CoExistence(t, a)';'CoExistence';'t';'a';0.976;0.976;0.976
'CoExistence(t, b)';'CoExistence';'t';'b';0.976;0.976;0.976
'Succession(t, b)';'Succession';'t';'b';0.534;0.534;0.534
'CoExistence(t, c)';'CoExistence';'t';'c';0.854;0.861;0.861
'RespondedExistence(t, c)';'RespondedExistence';'t';'c';0.854;0.875;0.875
'NotSuccession(t, c)';'NotSuccession';'t';'c';0.578;0.583;0.583
'CoExistence(t, d)';'CoExistence';'t';'d';0.976;0.976;0.976
'Response(t, d)';'Response';'t';'d';0.520;0.533;0.533
'CoExistence(t, e)';'CoExistence';'t';'e';0.848;0.858;0.858
'RespondedExistence(t, e)';'RespondedExistence';'t';'e';0.848;0.869;0.869
'CoExistence(t, f)';'CoExistence';'t';'f';0.950;0.954;0.954
'RespondedExistence(t, f)';'RespondedExistence';'t';'f';0.950;0.973;0.973
'Response(t, f)';'Response';'t';'f';0.720;0.738;0.738
'CoExistence(t, g)';'CoExistence';'t';'g';0.860;0.863;0.863
'RespondedExistence(t, g)';'RespondedExistence';'t';'g';0.860;0.881;0.881
'CoExistence(t, h)';'CoExistence';'t';'h';0.660;0.671;0.671
'RespondedExistence(t, h)';'RespondedExistence';'t';'h';0.660;0.676;0.676
'CoExistence(t, i)';'CoExistence';'t';'i';0.874;0.886;0.886
'RespondedExistence(t, i)';'RespondedExistence';'t';'i';0.874;0.895;0.895
'CoExistence(t, l)';'CoExistence';'t';'l';0.616;0.630;0.630
'RespondedExistence(t, l)';'RespondedExistence';'t';'l';0.616;0.631;0.631
'NotSuccession(t, l)';'NotSuccession';'t';'l';0.500;0.511;0.511
'CoExistence(t, m)';'CoExistence';'t';'m';0.844;0.861;0.861
'RespondedExistence(t, m)';'RespondedExistence';'t';'m';0.844;0.865;0.865
'CoExistence(t, n)';'CoExistence';'t';'n';0.950;0.956;0.956
'RespondedExistence(t, n)';'RespondedExistence';'t';'n';0.950;0.973;0.973
'Response(t, n)';'Response';'t';'n';0.708;0.725;0.725
'CoExistence(t, o)';'CoExistence';'t';'o';0.848;0.855;0.855
'RespondedExistence(t, o)';'RespondedExistence';'t';'o';0.848;0.869;0.869
'CoExistence(t, p)';'CoExistence';'t';'p';0.960;0.964;0.964
'RespondedExistence(t, p)';'RespondedExistence';'t';'p';0.960;0.984;0.984
'Response(t, p)';'Response';'t';'p';0.554;0.568;0.568
'CoExistence(t, q)';'CoExistence';'t';'q';0.840;0.848;0.848
'RespondedExistence(t, q)';'RespondedExistence';'t';'q';0.840;0.861;0.861
'NotSuccession(t, r)';'NotSuccession';'t';'r';0.912;0.934;0.934
'NotCoExistence(t, r)';'NotCoExistence';'t';'r';0.884;0.906;0.906
'CoExistence(t, s)';'CoExistence';'t';'s';0.890;0.912;0.912
'RespondedExistence(t, s)';'RespondedExistence';'t';'s';0.890;0.912;0.912
'CoExistence(t, u)';'CoExistence';'t';'u';0.860;0.865;0.865
'RespondedExistence(t, u)';'RespondedExistence';'t';'u';0.860;0.881;0.881
'CoExistence(t, v)';'CoExistence';'t';'v';0.866;0.878;0.878
'RespondedExistence(t, v)';'RespondedExistence';'t';'v';0.866;0.887;0.887
'CoExistence(t, w)';'CoExistence';'t';'w';0.868;0.877;0.877
'RespondedExistence(t, w)';'RespondedExistence';'t';'w';0.868;0.889;0.889
'CoExistence(t, z)';'CoExistence';'t';'z';0.880;0.889;0.889
'RespondedExistence(t, z)';'RespondedExistence';'t';'z';0.880;0.902;0.902
'Participation(u)';'Participation';'u';;0.878;0.878;0.878
'Precedence(p, u)';'Precedence';'u';'p';0.554;0.631;0.631
'CoExistence(u, a)';'CoExistence';'u';'a';0.878;0.878;0.878
'CoExistence(u, b)';'CoExistence';'u';'b';0.878;0.878;0.878
'CoExistence(u, c)';'CoExistence';'u';'c';0.762;0.773;0.773
'RespondedExistence(u, c)';'RespondedExistence';'u';'c';0.762;0.868;0.868
'NotSuccession(u, c)';'NotSuccession';'u';'c';0.612;0.621;0.621
'CoExistence(u, d)';'CoExistence';'u';'d';0.878;0.878;0.878
'Response(u, d)';'Response';'u';'d';0.496;0.565;0.565
'CoExistence(u, e)';'CoExistence';'u';'e';0.768;0.792;0.792
'RespondedExistence(u, e)';'RespondedExistence';'u';'e';0.768;0.875;0.875
'CoExistence(u, f)';'CoExistence';'u';'f';0.856;0.863;0.863
'RespondedExistence(u, f)';'RespondedExistence';'u';'f';0.856;0.975;0.975
'Response(u, f)';'Response';'u';'f';0.680;0.774;0.774
'CoExistence(u, g)';'CoExistence';'u';'g';0.780;0.798;0.798
'RespondedExistence(u, g)';'RespondedExistence';'u';'g';0.780;0.888;0.888
'CoExistence(u, h)';'CoExistence';'u';'h';0.580;0.600;0.600
'RespondedExistence(u, h)';'RespondedExistence';'u';'h';0.580;0.661;0.661
'CoExistence(u, i)';'CoExistence';'u';'i';0.780;0.794;0.794
'RespondedExistence(u, i)';'RespondedExistence';'u';'i';0.780;0.888;0.888
'CoExistence(u, l)';'CoExistence';'u';'l';0.546;0.575;0.575
'RespondedExistence(u, l)';'RespondedExistence';'u';'l';0.546;0.622;0.622
'NotSuccession(u, l)';'NotSuccession';'u';'l';0.508;0.535;0.535
'CoExistence(u, m)';'CoExistence';'u';'m';0.758;0.783;0.783
'RespondedExistence(u, m)';'RespondedExistence';'u';'m';0.758;0.863;0.863
'CoExistence(u, n)';'CoExistence';'u';'n';0.852;0.857;0.857
'RespondedExistence(u, n)';'RespondedExistence';'u';'n';0.852;0.970;0.970
'Response(u, n)';'Response';'u';'n';0.678;0.772;0.772
'CoExistence(u, o)';'CoExistence';'u';'o';0.762;0.778;0.778
'RespondedExistence(u, o)';'RespondedExistence';'u';'o';0.762;0.868;0.868
'CoExistence(u, p)';'CoExistence';'u';'p';0.860;0.862;0.862
'RespondedExistence(u, p)';'RespondedExistence';'u';'p';0.860;0.979;0.979
'Response(u, p)';'Response';'u';'p';0.540;0.615;0.615
'CoExistence(u, q)';'CoExistence';'u';'q';0.756;0.775;0.775
'RespondedExistence(u, q)';'RespondedExistence';'u';'q';0.756;0.861;0.861
'NotSuccession(u, r)';'NotSuccession';'u';'r';0.846;0.948;0.948
'NotCoExistence(u, r)';'NotCoExistence';'u';'r';0.814;0.913;0.913
'CoExistence(u, s)';'CoExistence';'u';'s';0.792;0.811;0.811
'RespondedExistence(u, s)';'RespondedExistence';'u';'s';0.792;0.902;0.902
'CoExistence(u, t)';'CoExistence';'u';'t';0.860;0.865;0.865
'RespondedExistence(u, t)';'RespondedExistence';'u';'t';0.860;0.979;0.979
'Response(u, t)';'Response';'u';'t';0.462;0.526;0.526
'CoExistence(u, v)';'CoExistence';'u';'v';0.774;0.790;0.790
'RespondedExistence(u, v)';'RespondedExistence';'u';'v';0.774;0.882;0.882
'CoExistence(u, w)';'CoExistence';'u';'w';0.790;0.814;0.814
'RespondedExistence(u, w)';'RespondedExistence';'u';'w';0.790;0.900;0.900
'CoExistence(u, z)';'CoExistence';'u';'z';0.800;0.823;0.823
'RespondedExistence(u, z)';'RespondedExistence';'u';'z';0.800;0.911;0.911
'Participation(v)';'Participation';'v';;0.876;0.876;0.876
'Precedence(p, v)';'Precedence';'v';'p';0.552;0.630;0.630
'CoExistence(v, a)';'CoExistence';'v';'a';0.876;0.876;0.876
'CoExistence(v, b)';'CoExistence';'v';'b';0.876;0.876;0.876
'Succession(v, b)';'Succession';'v';'b';0.506;0.506;0.506
'CoExistence(v, c)';'CoExistence';'v';'c';0.768;0.785;0.785
'RespondedExistence(v, c)';'RespondedExistence';'v';'c';0.768;0.877;0.877
'NotSuccession(v, c)';'NotSuccession';'v';'c';0.576;0.589;0.589
'CoExistence(v, d)';'CoExistence';'v';'d';0.876;0.876;0.876
'Response(v, d)';'Response';'v';'d';0.516;0.589;0.589
'CoExistence(v, e)';'CoExistence';'v';'e';0.768;0.793;0.793
'RespondedExistence(v, e)';'RespondedExistence';'v';'e';0.768;0.877;0.877
'CoExistence(v, f)';'CoExistence';'v';'f';0.854;0.861;0.861
'RespondedExistence(v, f)';'RespondedExistence';'v';'f';0.854;0.975;0.975
'Response(v, f)';'Response';'v';'f';0.692;0.790;0.790
'CoExistence(v, g)';'CoExistence';'v';'g';0.770;0.781;0.781
'RespondedExistence(v, g)';'RespondedExistence';'v';'g';0.770;0.879;0.879
'CoExistence(v, h)';'CoExistence';'v';'h';0.582;0.605;0.605
'RespondedExistence(v, h)';'RespondedExistence';'v';'h';0.582;0.664;0.664
'CoExistence(v, i)';'CoExistence';'v';'i';0.784;0.803;0.803
'RespondedExistence(v, i)';'RespondedExistence';'v';'i';0.784;0.895;0.895
'CoExistence(v, l)';'CoExistence';'v';'l';0.552;0.586;0.586
'RespondedExistence(v, l)';'RespondedExistence';'v';'l';0.552;0.630;0.630
'NotSuccession(v, l)';'NotSuccession';'v';'l';0.498;0.529;0.529
'CoExistence(v, m)';'CoExistence';'v';'m';0.750;0.770;0.770
'RespondedExistence(v, m)';'RespondedExistence';'v';'m';0.750;0.856;0.856
'CoExistence(v, n)';'CoExistence';'v';'n';0.852;0.859;0.859
'RespondedExistence(v, n)';'RespondedExistence';'v';'n';0.852;0.973;0.973
'Response(v, n)';'Response';'v';'n';0.686;0.783;0.783
'CoExistence(v, o)';'CoExistence';'v';'o';0.758;0.772;0.772
'RespondedExistence(v, o)';'RespondedExistence';'v';'o';0.758;0.865;0.865
'CoExistence(v, p)';'CoExistence';'v';'p';0.864;0.871;0.871
'RespondedExistence(v, p)';'RespondedExistence';'v';'p';0.864;0.986;0.986
'Response(v, p)';'Response';'v';'p';0.544;0.621;0.621
'CoExistence(v, q)';'CoExistence';'v';'q';0.760;0.784;0.784
'RespondedExistence(v, q)';'RespondedExistence';'v';'q';0.760;0.868;0.868
'NotSuccession(v, r)';'NotSuccession';'v';'r';0.828;0.941;0.941
'NotCoExistence(v, r)';'NotCoExistence';'v';'r';0.792;0.900;0.900
'CoExistence(v, s)';'CoExistence';'v';'s';0.796;0.821;0.821
'RespondedExistence(v, s)';'RespondedExistence';'v';'s';0.796;0.909;0.909
'CoExistence(v, t)';'CoExistence';'v';'t';0.866;0.878;0.878
'RespondedExistence(v, t)';'RespondedExistence';'v';'t';0.866;0.989;0.989
'Response(v, t)';'Response';'v';'t';0.478;0.546;0.546
'CoExistence(v, u)';'CoExistence';'v';'u';0.774;0.790;0.790
'RespondedExistence(v, u)';'RespondedExistence';'v';'u';0.774;0.884;0.884
'CoExistence(v, w)';'CoExistence';'v';'w';0.784;0.805;0.805
'RespondedExistence(v, w)';'RespondedExistence';'v';'w';0.784;0.895;0.895
'CoExistence(v, z)';'CoExistence';'v';'z';0.786;0.799;0.799
'RespondedExistence(v, z)';'RespondedExistence';'v';'z';0.786;0.897;0.897
'Participation(w)';'Participation';'w';;0.882;0.882;0.882
'Precedence(p, w)';'Precedence';'w';'p';0.556;0.630;0.630
'CoExistence(w, a)';'CoExistence';'w';'a';0.882;0.882;0.882
'CoExistence(w, b)';'CoExistence';'w';'b';0.882;0.882;0.882
'CoExistence(w, c)';'CoExistence';'w';'c';0.770;0.784;0.784
'RespondedExistence(w, c)';'RespondedExistence';'w';'c';0.770;0.873;0.873
'NotSuccession(w, c)';'NotSuccession';'w';'c';0.582;0.593;0.593
'CoExistence(w, d)';'CoExistence';'w';'d';0.882;0.882;0.882
'Response(w, d)';'Response';'w';'d';0.464;0.526;0.526
'CoExistence(w, e)';'CoExistence';'w';'e';0.768;0.789;0.789
'RespondedExistence(w, e)';'RespondedExistence';'w';'e';0.768;0.871;0.871
'CoExistence(w, f)';'CoExistence';'w';'f';0.860;0.867;0.867
'RespondedExistence(w, f)';'RespondedExistence';'w';'f';0.860;0.975;0.975
'Response(w, f)';'Response';'w';'f';0.684;0.776;0.776
'CoExistence(w, g)';'CoExistence';'w';'g';0.794;0.820;0.820
'RespondedExistence(w, g)';'RespondedExistence';'w';'g';0.794;0.900;0.900
'CoExistence(w, h)';'CoExistence';'w';'h';0.606;0.642;0.642
'RespondedExistence(w, h)';'RespondedExistence';'w';'h';0.606;0.687;0.687
'CoExistence(w, i)';'CoExistence';'w';'i';0.794;0.817;0.817
'RespondedExistence(w, i)';'RespondedExistence';'w';'i';0.794;0.900;0.900
'CoExistence(w, l)';'CoExistence';'w';'l';0.564;0.603;0.603
'RespondedExistence(w, l)';'RespondedExistence';'w';'l';0.564;0.639;0.639
'NotSuccession(w, l)';'NotSuccession';'w';'l';0.474;0.506;0.506
'CoExistence(w, m)';'CoExistence';'w';'m';0.770;0.802;0.802
'RespondedExistence(w, m)';'RespondedExistence';'w';'m';0.770;0.873;0.873
'CoExistence(w, n)';'CoExistence';'w';'n';0.864;0.876;0.876
'RespondedExistence(w, n)';'RespondedExistence';'w';'n';0.864;0.980;0.980
'Response(w, n)';'Response';'w';'n';0.700;0.794;0.794
'CoExistence(w, o)';'CoExistence';'w';'o';0.770;0.789;0.789
'RespondedExistence(w, o)';'RespondedExistence';'w';'o';0.770;0.873;0.873
'CoExistence(w, p)';'CoExistence';'w';'p';0.872;0.881;0.881
'RespondedExistence(w, p)';'RespondedExistence';'w';'p';0.872;0.989;0.989
'Response(w, p)';'Response';'w';'p';0.534;0.605;0.605
'CoExistence(w, q)';'CoExistence';'w';'q';0.770;0.797;0.797
'RespondedExistence(w, q)';'RespondedExistence';'w';'q';0.770;0.873;0.873
'NotSuccession(w, r)';'NotSuccession';'w';'r';0.830;0.937;0.937
'NotCoExistence(w, r)';'NotCoExistence';'w';'r';0.798;0.901;0.901
'CoExistence(w, s)';'CoExistence';'w';'s';0.800;0.823;0.823
'RespondedExistence(w, s)';'RespondedExistence';'w';'s';0.800;0.907;0.907
'CoExistence(w, t)';'CoExistence';'w';'t';0.868;0.877;0.877
'RespondedExistence(w, t)';'RespondedExistence';'w';'t';0.868;0.984;0.984
'Response(w, t)';'Response';'w';'t';0.484;0.549;0.549
'CoExistence(w, u)';'CoExistence';'w';'u';0.790;0.814;0.814
'RespondedExistence(w, u)';'RespondedExistence';'w';'u';0.790;0.896;0.896
'CoExistence(w, v)';'CoExistence';'w';'v';0.784;0.805;0.805
'RespondedExistence(w, v)';'RespondedExistence';'w';'v';0.784;0.889;0.889
'CoExistence(w, z)';'CoExistence';'w';'z';0.794;0.809;0.809
'RespondedExistence(w, z)';'RespondedExistence';'w';'z';0.794;0.900;0.900
'Participation(z)';'Participation';'z';;0.894;0.894;0.894
'Precedence(p, z)';'Precedence';'z';'p';0.572;0.640;0.640
'Precedence(t, z)';'Precedence';'z';'t';0.454;0.508;0.508
'CoExistence(z, a)';'CoExistence';'z';'a';0.894;0.894;0.894
'CoExistence(z, b)';'CoExistence';'z';'b';0.894;0.894;0.894
'CoExistence(z, c)';'CoExistence';'z';'c';0.784;0.800;0.800
'RespondedExistence(z, c)';'RespondedExistence';'z';'c';0.784;0.877;0.877
'NotSuccession(z, c)';'NotSuccession';'z';'c';0.586;0.598;0.598
'CoExistence(z, d)';'CoExistence';'z';'d';0.894;0.894;0.894
'Response(z, d)';'Response';'z';'d';0.528;0.591;0.591
'CoExistence(z, e)';'CoExistence';'z';'e';0.784;0.808;0.808
'RespondedExistence(z, e)';'RespondedExistence';'z';'e';0.784;0.877;0.877
'CoExistence(z, f)';'CoExistence';'z';'f';0.868;0.871;0.871
'RespondedExistence(z, f)';'RespondedExistence';'z';'f';0.868;0.971;0.971
'Response(z, f)';'Response';'z';'f';0.708;0.792;0.792
'CoExistence(z, g)';'CoExistence';'z';'g';0.790;0.803;0.803
'RespondedExistence(z, g)';'RespondedExistence';'z';'g';0.790;0.884;0.884
'CoExistence(z, h)';'CoExistence';'z';'h';0.598;0.620;0.620
'RespondedExistence(z, h)';'RespondedExistence';'z';'h';0.598;0.669;0.669
'CoExistence(z, i)';'CoExistence';'z';'i';0.804;0.825;0.825
'RespondedExistence(z, i)';'RespondedExistence';'z';'i';0.804;0.899;0.899
'CoExistence(z, l)';'CoExistence';'z';'l';0.564;0.595;0.595
'RespondedExistence(z, l)';'RespondedExistence';'z';'l';0.564;0.631;0.631
'NotSuccession(z, l)';'NotSuccession';'z';'l';0.498;0.525;0.525
'CoExistence(z, m)';'CoExistence';'z';'m';0.772;0.796;0.796
'RespondedExistence(z, m)';'RespondedExistence';'z';'m';0.772;0.864;0.864
'CoExistence(z, n)';'CoExistence';'z';'n';0.872;0.881;0.881
'RespondedExistence(z, n)';'RespondedExistence';'z';'n';0.872;0.975;0.975
'Response(z, n)';'Response';'z';'n';0.680;0.761;0.761
'CoExistence(z, o)';'CoExistence';'z';'o';0.780;0.798;0.798
'RespondedExistence(z, o)';'RespondedExistence';'z';'o';0.780;0.872;0.872
'CoExistence(z, p)';'CoExistence';'z';'p';0.882;0.889;0.889
'RespondedExistence(z, p)';'RespondedExistence';'z';'p';0.882;0.987;0.987
'Response(z, p)';'Response';'z';'p';0.562;0.629;0.629
'CoExistence(z, q)';'CoExistence';'z';'q';0.776;0.798;0.798
'RespondedExistence(z, q)';'RespondedExistence';'z';'q';0.776;0.868;0.868
'NotSuccession(z, r)';'NotSuccession';'z';'r';0.852;0.940;0.940
'NotCoExistence(z, r)';'NotCoExistence';'z';'r';0.826;0.912;0.912
'CoExistence(z, s)';'CoExistence';'z';'s';0.808;0.828;0.828
'RespondedExistence(z, s)';'RespondedExistence';'z';'s';0.808;0.904;0.904
'CoExistence(z, t)';'CoExistence';'z';'t';0.880;0.889;0.889
'RespondedExistence(z, t)';'RespondedExistence';'z';'t';0.880;0.984;0.984
'Response(z, t)';'Response';'z';'t';0.478;0.535;0.535
'CoExistence(z, u)';'CoExistence';'z';'u';0.800;0.823;0.823
'RespondedExistence(z, u)';'RespondedExistence';'z';'u';0.800;0.895;0.895
'CoExistence(z, v)';'CoExistence';'z';'v';0.786;0.799;0.799
'RespondedExistence(z, v)';'RespondedExistence';'z';'v';0.786;0.879;0.879
'CoExistence(z, w)';'CoExistence';'z';'w';0.794;0.809;0.809
'RespondedExistence(z, w)';'RespondedExistence';'z';'w';0.794;0.888;0.888
