Rank-1-true;Rank-1-TOT;Measure
11;1311;ORIGINAL-MODEL
11;33;Sebag-Schoenauer
11;33;Example and Counterexample Rate
11;33;Confidence
11;33;Compliance
7;455;Ylue Y
7;455;Ylue Q
7;455;Odds Ratio
7;12;Odd Multiplier
7;12;Conviction
4;22;Prevalence
4;21;Least Contradiction
4;21;Laplace Correction
4;21;Jaccard
4;21;Cosine
4;21;Accuracy
3;709;Recall
3;21;Support
1;444;Specificity
1;2;Lift
0;444;Relative Risk
0;30;Linear Correlation Coefficient
0;15;Piatetsky-Shapiro
0;15;Added Value
0;9;Lovinger
0;2;Zhang
0;2;Two-way Support Variation
0;2;Two-way Support
0;2;One-way Support
0;2;Leverage
0;2;Klosgen
0;2;J Measure
0;2;Interestingness Weighting Dependency
0;2;Information Gain
0;2;Gini Index
0;2;Coverage
0;2;Collective Strength
0;2;Certainty factor
