Rank-50-true;Rank-50-TOT;Measure
11;1311;ORIGINAL-MODEL
11;55;Compliance
11;52;Sebag-Schoenauer
11;51;Example and Counterexample Rate
11;51;Confidence
10;52;Laplace Correction
7;455;Ylue Y
7;455;Ylue Q
7;455;Odds Ratio
7;52;Odd Multiplier
7;51;Zhang
7;51;Conviction
7;51;Certainty factor
4;55;Least Contradiction
4;55;Jaccard
4;55;Cosine
4;55;Accuracy
4;52;Prevalence
4;51;Two-way Support
4;51;Lift
4;51;Interestingness Weighting Dependency
3;709;Recall
3;237;Coverage
3;52;Support
3;51;Piatetsky-Shapiro
3;51;One-way Support
3;51;Klosgen
3;51;Information Gain
3;51;Added Value
1;444;Specificity
1;51;Linear Correlation Coefficient
1;51;Leverage
0;444;Relative Risk
0;52;Gini Index
0;51;Two-way Support Variation
0;51;Lovinger
0;51;J Measure
0;51;Collective Strength
