Rank-1500-true;Rank-1500-TOT;Measure
11;1311;ORIGINAL-MODEL
11;1311;Two-way Support
11;1311;Support
11;1311;Sebag-Schoenauer
11;1311;Recall
11;1311;Prevalence
11;1311;Piatetsky-Shapiro
11;1311;One-way Support
11;1311;Lift
11;1311;Leverage
11;1311;Least Contradiction
11;1311;Laplace Correction
11;1311;Klosgen
11;1311;Jaccard
11;1311;Interestingness Weighting Dependency
11;1311;Information Gain
11;1311;Example and Counterexample Rate
11;1311;Coverage
11;1311;Cosine
11;1311;Confidence
11;1311;Compliance
11;1311;Added Value
11;1311;Accuracy
8;1046;Specificity
8;1046;Relative Risk
8;1046;Gini Index
8;1046;Collective Strength
7;1290;Zhang
7;1290;Odd Multiplier
7;1290;Lovinger
7;1290;Conviction
7;1290;Certainty factor
7;1095;Linear Correlation Coefficient
7;1045;Ylue Y
7;1045;Ylue Q
7;1045;Odds Ratio
0;1279;J Measure
0;588;Two-way Support Variation
