Rank-500-true;Rank-500-TOT;Measure
11;1311;ORIGINAL-MODEL
11;519;Compliance
11;507;Laplace Correction
11;502;Example and Counterexample Rate
11;502;Confidence
11;501;Sebag-Schoenauer
11;501;Accuracy
10;501;Least Contradiction
9;501;Jaccard
9;501;Cosine
8;529;Prevalence
8;504;Support
8;501;Leverage
7;502;Odd Multiplier
7;502;Linear Correlation Coefficient
7;502;Interestingness Weighting Dependency
7;502;Certainty factor
7;501;Zhang
7;501;Ylue Y
7;501;Ylue Q
7;501;Two-way Support
7;501;Piatetsky-Shapiro
7;501;One-way Support
7;501;Odds Ratio
7;501;Lovinger
7;501;Lift
7;501;Klosgen
7;501;Information Gain
7;501;Conviction
7;501;Added Value
6;502;Gini Index
6;501;Relative Risk
4;501;Specificity
4;501;Collective Strength
3;709;Recall
3;512;Coverage
0;502;J Measure
0;501;Two-way Support Variation
