Rank-100-true;Rank-100-TOT;Measure
11;1311;ORIGINAL-MODEL
11;110;Example and Counterexample Rate
11;110;Confidence
11;107;Laplace Correction
11;102;Sebag-Schoenauer
11;101;Compliance
7;455;Ylue Y
7;455;Ylue Q
7;455;Odds Ratio
7;101;Zhang
7;101;Odd Multiplier
7;101;Conviction
7;101;Certainty factor
6;102;Linear Correlation Coefficient
5;102;Prevalence
5;101;Interestingness Weighting Dependency
5;101;Accuracy
4;103;Jaccard
4;102;Klosgen
4;102;Added Value
4;101;Two-way Support
4;101;Piatetsky-Shapiro
4;101;One-way Support
4;101;Lift
4;101;Least Contradiction
4;101;Information Gain
4;101;Gini Index
4;101;Cosine
3;709;Recall
3;237;Coverage
3;101;Support
2;101;Leverage
1;444;Specificity
1;284;Lovinger
0;444;Relative Risk
0;102;Two-way Support Variation
0;101;J Measure
0;101;Collective Strength
