Rank-1000-true;Rank-1000-TOT;Measure
11;1311;ORIGINAL-MODEL
11;1010;Least Contradiction
11;1004;Compliance
11;1003;Jaccard
11;1003;Accuracy
11;1001;Sebag-Schoenauer
11;1001;Laplace Correction
11;1001;Example and Counterexample Rate
11;1001;Cosine
11;1001;Confidence
10;1001;Support
10;1001;Prevalence
8;1003;Collective Strength
8;1001;Relative Risk
8;1001;Leverage
7;1232;Odd Multiplier
7;1016;Lift
7;1008;Conviction
7;1002;One-way Support
7;1002;Lovinger
7;1002;Klosgen
7;1002;Added Value
7;1001;Zhang
7;1001;Ylue Y
7;1001;Ylue Q
7;1001;Two-way Support
7;1001;Specificity
7;1001;Recall
7;1001;Piatetsky-Shapiro
7;1001;Odds Ratio
7;1001;Linear Correlation Coefficient
7;1001;Interestingness Weighting Dependency
7;1001;Information Gain
7;1001;Gini Index
7;1001;Certainty factor
6;1008;Coverage
0;1001;J Measure
0;588;Two-way Support Variation
