Rank-200-true;Rank-200-TOT;Measure
11;1311;ORIGINAL-MODEL
11;204;Sebag-Schoenauer
11;203;Compliance
11;201;Laplace Correction
11;201;Example and Counterexample Rate
11;201;Confidence
8;202;Accuracy
7;455;Ylue Y
7;455;Ylue Q
7;455;Odds Ratio
7;208;Prevalence
7;202;Least Contradiction
7;201;Zhang
7;201;Odd Multiplier
7;201;Linear Correlation Coefficient
7;201;Jaccard
7;201;Cosine
7;201;Conviction
7;201;Certainty factor
6;202;Interestingness Weighting Dependency
6;202;Gini Index
6;201;Two-way Support
6;201;Piatetsky-Shapiro
6;201;One-way Support
6;201;Lift
6;201;Klosgen
6;201;Information Gain
6;201;Added Value
4;210;Support
3;709;Recall
3;237;Coverage
3;201;Leverage
1;444;Specificity
1;284;Lovinger
0;444;Relative Risk
0;202;Two-way Support Variation
0;202;J Measure
0;201;Collective Strength
