Rank-25-true;Rank-25-TOT;Measure
11;1311;ORIGINAL-MODEL
11;33;Sebag-Schoenauer
11;33;Example and Counterexample Rate
11;33;Confidence
11;33;Compliance
9;26;Laplace Correction
7;455;Ylue Y
7;455;Ylue Q
7;455;Odds Ratio
7;26;Odd Multiplier
7;26;Conviction
4;44;Prevalence
4;34;Accuracy
4;33;Least Contradiction
4;33;Jaccard
4;33;Cosine
3;709;Recall
3;237;Coverage
3;31;Support
3;27;Lift
1;444;Specificity
1;31;Information Gain
1;30;Leverage
1;26;One-way Support
0;444;Relative Risk
0;30;Lovinger
0;30;Linear Correlation Coefficient
0;27;Piatetsky-Shapiro
0;26;Zhang
0;26;Two-way Support Variation
0;26;Two-way Support
0;26;Klosgen
0;26;J Measure
0;26;Interestingness Weighting Dependency
0;26;Gini Index
0;26;Collective Strength
0;26;Certainty factor
0;26;Added Value
