Rank-200-true;Rank-200-TOT;Measure
11;1290;ORIGINAL-MODEL
9;201;Laplace Correction
8;201;Example and Counterexample Rate
8;201;Confidence
8;201;Compliance
7;210;Accuracy
7;201;Zhang
7;201;Two-way Support Variation
7;201;Two-way Support
7;201;Piatetsky-Shapiro
7;201;Odd Multiplier
7;201;Linear Correlation Coefficient
7;201;Interestingness Weighting Dependency
7;201;Gini Index
7;201;Conviction
7;201;Certainty factor
6;202;Jaccard
6;202;Cosine
6;201;One-way Support
6;201;Lift
6;201;Least Contradiction
6;201;Klosgen
6;201;Information Gain
6;201;Added Value
5;203;Prevalence
4;254;Lovinger
4;204;Support
3;652;Recall
3;202;Leverage
3;201;Sebag-Schoenauer
3;201;J Measure
3;201;Coverage
0;458;Ylue Y
0;457;Ylue Q
0;457;Odds Ratio
0;454;Specificity
0;454;Relative Risk
0;201;Collective Strength
