Rank-500-true;Rank-500-TOT;Measure
11;1290;ORIGINAL-MODEL
11;507;Compliance
11;501;Lovinger
11;501;Laplace Correction
11;501;Example and Counterexample Rate
11;501;Confidence
10;505;Accuracy
9;503;Jaccard
9;501;Least Contradiction
9;501;Cosine
8;501;Leverage
8;501;Gini Index
7;504;Information Gain
7;503;Support
7;503;Prevalence
7;503;J Measure
7;502;Ylue Y
7;502;One-way Support
7;502;Interestingness Weighting Dependency
7;502;Conviction
7;501;Zhang
7;501;Ylue Q
7;501;Two-way Support Variation
7;501;Two-way Support
7;501;Piatetsky-Shapiro
7;501;Odd Multiplier
7;501;Linear Correlation Coefficient
7;501;Lift
7;501;Klosgen
7;501;Certainty factor
7;501;Added Value
6;501;Relative Risk
5;502;Sebag-Schoenauer
5;501;Specificity
3;652;Recall
3;506;Coverage
3;501;Collective Strength
1;501;Odds Ratio
