Rank-50-true;Rank-50-TOT;Measure
11;1290;ORIGINAL-MODEL
6;52;Zhang
6;51;Two-way Support Variation
6;51;Certainty factor
5;62;Compliance
4;51;Odd Multiplier
4;51;Laplace Correction
4;51;Example and Counterexample Rate
4;51;Conviction
4;51;Confidence
3;652;Recall
3;187;Coverage
3;64;Prevalence
3;56;Lift
3;52;One-way Support
3;52;Added Value
3;51;Two-way Support
3;51;Klosgen
3;51;Interestingness Weighting Dependency
3;51;Information Gain
2;58;Support
2;52;Piatetsky-Shapiro
2;51;Least Contradiction
2;51;Jaccard
2;51;Cosine
1;51;Lovinger
1;51;Linear Correlation Coefficient
1;51;Leverage
1;51;Accuracy
0;458;Ylue Y
0;457;Ylue Q
0;457;Odds Ratio
0;454;Specificity
0;454;Relative Risk
0;52;J Measure
0;51;Sebag-Schoenauer
0;51;Gini Index
0;51;Collective Strength
