Rank-1-true;Rank-1-TOT;Measure
11;1290;ORIGINAL-MODEL
3;652;Recall
1;8;Example and Counterexample Rate
1;8;Confidence
1;8;Compliance
1;5;Support
1;5;Prevalence
1;5;Least Contradiction
1;5;Laplace Correction
1;5;Jaccard
1;5;Cosine
1;5;Accuracy
1;2;Lift
0;457;Ylue Q
0;457;Odds Ratio
0;454;Specificity
0;454;Relative Risk
0;13;Linear Correlation Coefficient
0;8;Sebag-Schoenauer
0;4;Odd Multiplier
0;4;J Measure
0;4;Conviction
0;3;Coverage
0;2;Zhang
0;2;Ylue Y
0;2;Two-way Support Variation
0;2;Two-way Support
0;2;Piatetsky-Shapiro
0;2;One-way Support
0;2;Lovinger
0;2;Leverage
0;2;Klosgen
0;2;Interestingness Weighting Dependency
0;2;Information Gain
0;2;Gini Index
0;2;Collective Strength
0;2;Certainty factor
0;2;Added Value
