Rank-25-true;Rank-25-TOT;Measure
11;1290;ORIGINAL-MODEL
4;32;Laplace Correction
4;27;Zhang
4;26;Example and Counterexample Rate
4;26;Conviction
4;26;Confidence
4;26;Certainty factor
3;652;Recall
3;187;Coverage
3;29;Lift
3;29;Compliance
3;26;Two-way Support
3;26;One-way Support
3;26;Odd Multiplier
3;26;Klosgen
3;26;Added Value
2;33;Prevalence
2;26;Piatetsky-Shapiro
2;26;Information Gain
1;35;Support
1;28;Accuracy
1;26;Lovinger
1;26;Leverage
1;26;Least Contradiction
1;26;Jaccard
1;26;Interestingness Weighting Dependency
1;26;Cosine
0;458;Ylue Y
0;457;Ylue Q
0;457;Odds Ratio
0;454;Specificity
0;454;Relative Risk
0;26;Two-way Support Variation
0;26;Sebag-Schoenauer
0;26;Linear Correlation Coefficient
0;26;J Measure
0;26;Gini Index
0;26;Collective Strength
