'Constraint';'Template';'Activation';'Target';'Support';'Confidence level';'Interest factor'
'Init(a)';'Init';'a';;0.952;0.952;0.952
'Participation(a)';'Participation';'a';;1.000;1.000;1.000
'CoExistence(a, b)';'CoExistence';'a';'b';1.000;1.000;1.000
'Succession(a, b)';'Succession';'a';'b';0.970;0.970;0.970
'RespondedExistence(a, b)';'RespondedExistence';'a';'b';1.000;1.000;1.000
'Response(a, b)';'Response';'a';'b';0.976;0.976;0.976
'CoExistence(a, c)';'CoExistence';'a';'c';0.862;0.862;0.862
'RespondedExistence(a, c)';'RespondedExistence';'a';'c';0.862;0.862;0.862
'CoExistence(a, d)';'CoExistence';'a';'d';0.998;0.998;0.998
'Succession(a, d)';'Succession';'a';'d';0.572;0.572;0.572
'RespondedExistence(a, d)';'RespondedExistence';'a';'d';0.998;0.998;0.998
'Response(a, d)';'Response';'a';'d';0.576;0.576;0.576
'CoExistence(a, e)';'CoExistence';'a';'e';0.832;0.832;0.832
'RespondedExistence(a, e)';'RespondedExistence';'a';'e';0.832;0.832;0.832
'CoExistence(a, f)';'CoExistence';'a';'f';0.948;0.948;0.948
'Succession(a, f)';'Succession';'a';'f';0.766;0.766;0.766
'RespondedExistence(a, f)';'RespondedExistence';'a';'f';0.948;0.948;0.948
'Response(a, f)';'Response';'a';'f';0.766;0.766;0.766
'CoExistence(a, g)';'CoExistence';'a';'g';0.908;0.908;0.908
'RespondedExistence(a, g)';'RespondedExistence';'a';'g';0.908;0.908;0.908
'Response(a, g)';'Response';'a';'g';0.500;0.500;0.500
'CoExistence(a, h)';'CoExistence';'a';'h';0.676;0.676;0.676
'RespondedExistence(a, h)';'RespondedExistence';'a';'h';0.676;0.676;0.676
'CoExistence(a, i)';'CoExistence';'a';'i';0.876;0.876;0.876
'RespondedExistence(a, i)';'RespondedExistence';'a';'i';0.876;0.876;0.876
'CoExistence(a, l)';'CoExistence';'a';'l';0.616;0.616;0.616
'RespondedExistence(a, l)';'RespondedExistence';'a';'l';0.616;0.616;0.616
'CoExistence(a, m)';'CoExistence';'a';'m';0.870;0.870;0.870
'RespondedExistence(a, m)';'RespondedExistence';'a';'m';0.870;0.870;0.870
'CoExistence(a, n)';'CoExistence';'a';'n';0.962;0.962;0.962
'Succession(a, n)';'Succession';'a';'n';0.742;0.742;0.742
'RespondedExistence(a, n)';'RespondedExistence';'a';'n';0.962;0.962;0.962
'Response(a, n)';'Response';'a';'n';0.746;0.746;0.746
'CoExistence(a, o)';'CoExistence';'a';'o';0.922;0.922;0.922
'Succession(a, o)';'Succession';'a';'o';0.502;0.502;0.502
'RespondedExistence(a, o)';'RespondedExistence';'a';'o';0.922;0.922;0.922
'Response(a, o)';'Response';'a';'o';0.504;0.504;0.504
'CoExistence(a, p)';'CoExistence';'a';'p';0.984;0.984;0.984
'Succession(a, p)';'Succession';'a';'p';0.642;0.642;0.642
'RespondedExistence(a, p)';'RespondedExistence';'a';'p';0.984;0.984;0.984
'Response(a, p)';'Response';'a';'p';0.648;0.648;0.648
'CoExistence(a, q)';'CoExistence';'a';'q';0.868;0.868;0.868
'RespondedExistence(a, q)';'RespondedExistence';'a';'q';0.868;0.868;0.868
'NotSuccession(a, r)';'NotSuccession';'a';'r';0.904;0.904;0.904
'NotCoExistence(a, r)';'NotCoExistence';'a';'r';0.904;0.904;0.904
'CoExistence(a, s)';'CoExistence';'a';'s';0.888;0.888;0.888
'RespondedExistence(a, s)';'RespondedExistence';'a';'s';0.888;0.888;0.888
'CoExistence(a, t)';'CoExistence';'a';'t';0.964;0.964;0.964
'Succession(a, t)';'Succession';'a';'t';0.528;0.528;0.528
'RespondedExistence(a, t)';'RespondedExistence';'a';'t';0.964;0.964;0.964
'Response(a, t)';'Response';'a';'t';0.530;0.530;0.530
'CoExistence(a, u)';'CoExistence';'a';'u';0.872;0.872;0.872
'RespondedExistence(a, u)';'RespondedExistence';'a';'u';0.872;0.872;0.872
'CoExistence(a, v)';'CoExistence';'a';'v';0.912;0.912;0.912
'RespondedExistence(a, v)';'RespondedExistence';'a';'v';0.912;0.912;0.912
'CoExistence(a, w)';'CoExistence';'a';'w';0.866;0.866;0.866
'RespondedExistence(a, w)';'RespondedExistence';'a';'w';0.866;0.866;0.866
'CoExistence(a, z)';'CoExistence';'a';'z';0.898;0.898;0.898
'RespondedExistence(a, z)';'RespondedExistence';'a';'z';0.898;0.898;0.898
'End(b)';'End';'b';;0.926;0.926;0.926
'Participation(b)';'Participation';'b';;1.000;1.000;1.000
'Precedence(a, b)';'Precedence';'b';'a';0.994;0.994;0.994
'CoExistence(b, a)';'CoExistence';'b';'a';1.000;1.000;1.000
'RespondedExistence(b, a)';'RespondedExistence';'b';'a';1.000;1.000;1.000
'CoExistence(b, c)';'CoExistence';'b';'c';0.862;0.862;0.862
'RespondedExistence(b, c)';'RespondedExistence';'b';'c';0.862;0.862;0.862
'NotSuccession(b, c)';'NotSuccession';'b';'c';0.612;0.612;0.612
'CoExistence(b, d)';'CoExistence';'b';'d';0.998;0.998;0.998
'RespondedExistence(b, d)';'RespondedExistence';'b';'d';0.998;0.998;0.998
'CoExistence(b, e)';'CoExistence';'b';'e';0.832;0.832;0.832
'RespondedExistence(b, e)';'RespondedExistence';'b';'e';0.832;0.832;0.832
'CoExistence(b, f)';'CoExistence';'b';'f';0.948;0.948;0.948
'RespondedExistence(b, f)';'RespondedExistence';'b';'f';0.948;0.948;0.948
'CoExistence(b, g)';'CoExistence';'b';'g';0.908;0.908;0.908
'RespondedExistence(b, g)';'RespondedExistence';'b';'g';0.908;0.908;0.908
'CoExistence(b, h)';'CoExistence';'b';'h';0.676;0.676;0.676
'RespondedExistence(b, h)';'RespondedExistence';'b';'h';0.676;0.676;0.676
'CoExistence(b, i)';'CoExistence';'b';'i';0.876;0.876;0.876
'RespondedExistence(b, i)';'RespondedExistence';'b';'i';0.876;0.876;0.876
'CoExistence(b, l)';'CoExistence';'b';'l';0.616;0.616;0.616
'RespondedExistence(b, l)';'RespondedExistence';'b';'l';0.616;0.616;0.616
'NotSuccession(b, l)';'NotSuccession';'b';'l';0.558;0.558;0.558
'CoExistence(b, m)';'CoExistence';'b';'m';0.870;0.870;0.870
'RespondedExistence(b, m)';'RespondedExistence';'b';'m';0.870;0.870;0.870
'CoExistence(b, n)';'CoExistence';'b';'n';0.962;0.962;0.962
'RespondedExistence(b, n)';'RespondedExistence';'b';'n';0.962;0.962;0.962
'CoExistence(b, o)';'CoExistence';'b';'o';0.922;0.922;0.922
'RespondedExistence(b, o)';'RespondedExistence';'b';'o';0.922;0.922;0.922
'CoExistence(b, p)';'CoExistence';'b';'p';0.984;0.984;0.984
'RespondedExistence(b, p)';'RespondedExistence';'b';'p';0.984;0.984;0.984
'CoExistence(b, q)';'CoExistence';'b';'q';0.868;0.868;0.868
'RespondedExistence(b, q)';'RespondedExistence';'b';'q';0.868;0.868;0.868
'NotSuccession(b, r)';'NotSuccession';'b';'r';0.938;0.938;0.938
'NotCoExistence(b, r)';'NotCoExistence';'b';'r';0.904;0.904;0.904
'CoExistence(b, s)';'CoExistence';'b';'s';0.888;0.888;0.888
'RespondedExistence(b, s)';'RespondedExistence';'b';'s';0.888;0.888;0.888
'CoExistence(b, t)';'CoExistence';'b';'t';0.964;0.964;0.964
'RespondedExistence(b, t)';'RespondedExistence';'b';'t';0.964;0.964;0.964
'CoExistence(b, u)';'CoExistence';'b';'u';0.872;0.872;0.872
'RespondedExistence(b, u)';'RespondedExistence';'b';'u';0.872;0.872;0.872
'CoExistence(b, v)';'CoExistence';'b';'v';0.912;0.912;0.912
'RespondedExistence(b, v)';'RespondedExistence';'b';'v';0.912;0.912;0.912
'CoExistence(b, w)';'CoExistence';'b';'w';0.866;0.866;0.866
'RespondedExistence(b, w)';'RespondedExistence';'b';'w';0.866;0.866;0.866
'CoExistence(b, z)';'CoExistence';'b';'z';0.898;0.898;0.898
'RespondedExistence(b, z)';'RespondedExistence';'b';'z';0.898;0.898;0.898
'Precedence(o, b)';'Precedence';'b';'o';0.516;0.516;0.516
'Precedence(p, b)';'Precedence';'b';'p';0.666;0.666;0.666
'Precedence(v, b)';'Precedence';'b';'v';0.506;0.506;0.506
'AtMostOne(c)';'AtMostOne';'c';;0.852;0.988;0.988
'Participation(c)';'Participation';'c';;0.862;0.862;0.862
'Precedence(a, c)';'Precedence';'c';'a';0.858;0.995;0.995
'AlternatePrecedence(a, c)';'AlternatePrecedence';'c';'a';0.856;0.993;0.993
'CoExistence(c, a)';'CoExistence';'c';'a';0.862;0.862;0.862
'RespondedExistence(c, a)';'RespondedExistence';'c';'a';0.862;1.000;1.000
'Response(c, a)';'Response';'c';'a';0.644;0.747;0.747
'AlternateResponse(c, a)';'AlternateResponse';'c';'a';0.642;0.745;0.745
'CoExistence(c, b)';'CoExistence';'c';'b';0.862;0.862;0.862
'RespondedExistence(c, b)';'RespondedExistence';'c';'b';0.862;1.000;1.000
'Response(c, b)';'Response';'c';'b';0.856;0.993;0.993
'AlternateResponse(c, b)';'AlternateResponse';'c';'b';0.850;0.986;0.986
'CoExistence(c, d)';'CoExistence';'c';'d';0.860;0.860;0.860
'RespondedExistence(c, d)';'RespondedExistence';'c';'d';0.860;0.998;0.998
'Response(c, d)';'Response';'c';'d';0.710;0.824;0.824
'AlternateResponse(c, d)';'AlternateResponse';'c';'d';0.708;0.821;0.821
'CoExistence(c, e)';'CoExistence';'c';'e';0.730;0.757;0.757
'RespondedExistence(c, e)';'RespondedExistence';'c';'e';0.730;0.847;0.847
'Response(c, e)';'Response';'c';'e';0.610;0.708;0.708
'AlternateResponse(c, e)';'AlternateResponse';'c';'e';0.608;0.705;0.705
'CoExistence(c, f)';'CoExistence';'c';'f';0.822;0.832;0.832
'RespondedExistence(c, f)';'RespondedExistence';'c';'f';0.822;0.954;0.954
'Response(c, f)';'Response';'c';'f';0.784;0.910;0.910
'AlternateResponse(c, f)';'AlternateResponse';'c';'f';0.782;0.907;0.907
'CoExistence(c, g)';'CoExistence';'c';'g';0.790;0.806;0.806
'RespondedExistence(c, g)';'RespondedExistence';'c';'g';0.790;0.916;0.916
'Response(c, g)';'Response';'c';'g';0.648;0.752;0.752
'AlternateResponse(c, g)';'AlternateResponse';'c';'g';0.646;0.749;0.749
'CoExistence(c, h)';'CoExistence';'c';'h';0.592;0.626;0.626
'RespondedExistence(c, h)';'RespondedExistence';'c';'h';0.592;0.687;0.687
'Response(c, h)';'Response';'c';'h';0.504;0.585;0.585
'AlternateResponse(c, h)';'AlternateResponse';'c';'h';0.502;0.582;0.582
'CoExistence(c, i)';'CoExistence';'c';'i';0.762;0.781;0.781
'RespondedExistence(c, i)';'RespondedExistence';'c';'i';0.762;0.884;0.884
'Response(c, i)';'Response';'c';'i';0.622;0.722;0.722
'AlternateResponse(c, i)';'AlternateResponse';'c';'i';0.620;0.719;0.719
'CoExistence(c, l)';'CoExistence';'c';'l';0.542;0.579;0.579
'RespondedExistence(c, l)';'RespondedExistence';'c';'l';0.542;0.629;0.629
'NotSuccession(c, l)';'NotSuccession';'c';'l';0.504;0.538;0.538
'CoExistence(c, m)';'CoExistence';'c';'m';0.758;0.778;0.778
'RespondedExistence(c, m)';'RespondedExistence';'c';'m';0.758;0.879;0.879
'Response(c, m)';'Response';'c';'m';0.514;0.596;0.596
'AlternateResponse(c, m)';'AlternateResponse';'c';'m';0.514;0.596;0.596
'CoExistence(c, n)';'CoExistence';'c';'n';0.830;0.835;0.835
'RespondedExistence(c, n)';'RespondedExistence';'c';'n';0.830;0.963;0.963
'Response(c, n)';'Response';'c';'n';0.778;0.903;0.903
'AlternateResponse(c, n)';'AlternateResponse';'c';'n';0.774;0.898;0.898
'CoExistence(c, o)';'CoExistence';'c';'o';0.810;0.832;0.832
'RespondedExistence(c, o)';'RespondedExistence';'c';'o';0.810;0.940;0.940
'Response(c, o)';'Response';'c';'o';0.626;0.726;0.726
'AlternateResponse(c, o)';'AlternateResponse';'c';'o';0.624;0.724;0.724
'CoExistence(c, p)';'CoExistence';'c';'p';0.856;0.865;0.865
'RespondedExistence(c, p)';'RespondedExistence';'c';'p';0.856;0.993;0.993
'Response(c, p)';'Response';'c';'p';0.764;0.886;0.886
'AlternateResponse(c, p)';'AlternateResponse';'c';'p';0.762;0.884;0.884
'CoExistence(c, q)';'CoExistence';'c';'q';0.756;0.776;0.776
'RespondedExistence(c, q)';'RespondedExistence';'c';'q';0.756;0.877;0.877
'Response(c, q)';'Response';'c';'q';0.588;0.682;0.682
'AlternateResponse(c, q)';'AlternateResponse';'c';'q';0.586;0.680;0.680
'NotSuccession(c, r)';'NotSuccession';'c';'r';0.828;0.941;0.941
'NotCoExistence(c, r)';'NotCoExistence';'c';'r';0.802;0.911;0.911
'CoExistence(c, s)';'CoExistence';'c';'s';0.774;0.793;0.793
'RespondedExistence(c, s)';'RespondedExistence';'c';'s';0.774;0.898;0.898
'Response(c, s)';'Response';'c';'s';0.650;0.754;0.754
'AlternateResponse(c, s)';'AlternateResponse';'c';'s';0.648;0.752;0.752
'CoExistence(c, t)';'CoExistence';'c';'t';0.836;0.844;0.844
'RespondedExistence(c, t)';'RespondedExistence';'c';'t';0.836;0.970;0.970
'Response(c, t)';'Response';'c';'t';0.698;0.810;0.810
'AlternateResponse(c, t)';'AlternateResponse';'c';'t';0.694;0.805;0.805
'CoExistence(c, u)';'CoExistence';'c';'u';0.752;0.766;0.766
'RespondedExistence(c, u)';'RespondedExistence';'c';'u';0.752;0.872;0.872
'Response(c, u)';'Response';'c';'u';0.632;0.733;0.733
'AlternateResponse(c, u)';'AlternateResponse';'c';'u';0.630;0.731;0.731
'CoExistence(c, v)';'CoExistence';'c';'v';0.792;0.807;0.807
'RespondedExistence(c, v)';'RespondedExistence';'c';'v';0.792;0.919;0.919
'Response(c, v)';'Response';'c';'v';0.630;0.731;0.731
'AlternateResponse(c, v)';'AlternateResponse';'c';'v';0.628;0.729;0.729
'CoExistence(c, w)';'CoExistence';'c';'w';0.746;0.760;0.760
'RespondedExistence(c, w)';'RespondedExistence';'c';'w';0.746;0.865;0.865
'Response(c, w)';'Response';'c';'w';0.614;0.712;0.712
'AlternateResponse(c, w)';'AlternateResponse';'c';'w';0.614;0.712;0.712
'CoExistence(c, z)';'CoExistence';'c';'z';0.782;0.800;0.800
'RespondedExistence(c, z)';'RespondedExistence';'c';'z';0.782;0.907;0.907
'Response(c, z)';'Response';'c';'z';0.654;0.759;0.759
'AlternateResponse(c, z)';'AlternateResponse';'c';'z';0.652;0.756;0.756
'Precedence(p, c)';'Precedence';'c';'p';0.548;0.636;0.636
'AlternatePrecedence(p, c)';'AlternatePrecedence';'c';'p';0.546;0.633;0.633
'Participation(d)';'Participation';'d';;0.998;0.998;0.998
'Precedence(a, d)';'Precedence';'d';'a';0.992;0.994;0.994
'Precedence(b, d)';'Precedence';'d';'b';0.522;0.523;0.523
'CoExistence(d, a)';'CoExistence';'d';'a';0.998;0.998;0.998
'RespondedExistence(d, a)';'RespondedExistence';'d';'a';0.998;1.000;1.000
'CoExistence(d, b)';'CoExistence';'d';'b';0.998;0.998;0.998
'RespondedExistence(d, b)';'RespondedExistence';'d';'b';0.998;1.000;1.000
'Response(d, b)';'Response';'d';'b';0.976;0.978;0.978
'CoExistence(d, c)';'CoExistence';'d';'c';0.860;0.860;0.860
'RespondedExistence(d, c)';'RespondedExistence';'d';'c';0.860;0.862;0.862
'NotSuccession(d, c)';'NotSuccession';'d';'c';0.612;0.612;0.612
'CoExistence(d, e)';'CoExistence';'d';'e';0.832;0.834;0.834
'RespondedExistence(d, e)';'RespondedExistence';'d';'e';0.832;0.834;0.834
'CoExistence(d, f)';'CoExistence';'d';'f';0.948;0.950;0.950
'RespondedExistence(d, f)';'RespondedExistence';'d';'f';0.948;0.950;0.950
'Response(d, f)';'Response';'d';'f';0.708;0.709;0.709
'CoExistence(d, g)';'CoExistence';'d';'g';0.906;0.906;0.906
'RespondedExistence(d, g)';'RespondedExistence';'d';'g';0.906;0.908;0.908
'CoExistence(d, h)';'CoExistence';'d';'h';0.676;0.677;0.677
'RespondedExistence(d, h)';'RespondedExistence';'d';'h';0.676;0.677;0.677
'CoExistence(d, i)';'CoExistence';'d';'i';0.874;0.874;0.874
'RespondedExistence(d, i)';'RespondedExistence';'d';'i';0.874;0.876;0.876
'CoExistence(d, l)';'CoExistence';'d';'l';0.614;0.614;0.614
'RespondedExistence(d, l)';'RespondedExistence';'d';'l';0.614;0.615;0.615
'NotSuccession(d, l)';'NotSuccession';'d';'l';0.564;0.564;0.564
'CoExistence(d, m)';'CoExistence';'d';'m';0.868;0.868;0.868
'RespondedExistence(d, m)';'RespondedExistence';'d';'m';0.868;0.870;0.870
'CoExistence(d, n)';'CoExistence';'d';'n';0.960;0.960;0.960
'RespondedExistence(d, n)';'RespondedExistence';'d';'n';0.960;0.962;0.962
'Response(d, n)';'Response';'d';'n';0.696;0.697;0.697
'CoExistence(d, o)';'CoExistence';'d';'o';0.920;0.920;0.920
'RespondedExistence(d, o)';'RespondedExistence';'d';'o';0.920;0.922;0.922
'CoExistence(d, p)';'CoExistence';'d';'p';0.982;0.982;0.982
'RespondedExistence(d, p)';'RespondedExistence';'d';'p';0.982;0.984;0.984
'Response(d, p)';'Response';'d';'p';0.584;0.585;0.585
'CoExistence(d, q)';'CoExistence';'d';'q';0.866;0.866;0.866
'RespondedExistence(d, q)';'RespondedExistence';'d';'q';0.866;0.868;0.868
'NotSuccession(d, r)';'NotSuccession';'d';'r';0.940;0.942;0.942
'NotCoExistence(d, r)';'NotCoExistence';'d';'r';0.902;0.904;0.904
'CoExistence(d, s)';'CoExistence';'d';'s';0.886;0.886;0.886
'RespondedExistence(d, s)';'RespondedExistence';'d';'s';0.886;0.888;0.888
'CoExistence(d, t)';'CoExistence';'d';'t';0.962;0.962;0.962
'RespondedExistence(d, t)';'RespondedExistence';'d';'t';0.962;0.964;0.964
'CoExistence(d, u)';'CoExistence';'d';'u';0.870;0.870;0.870
'RespondedExistence(d, u)';'RespondedExistence';'d';'u';0.870;0.872;0.872
'CoExistence(d, v)';'CoExistence';'d';'v';0.910;0.910;0.910
'RespondedExistence(d, v)';'RespondedExistence';'d';'v';0.910;0.912;0.912
'CoExistence(d, w)';'CoExistence';'d';'w';0.864;0.864;0.864
'RespondedExistence(d, w)';'RespondedExistence';'d';'w';0.864;0.866;0.866
'CoExistence(d, z)';'CoExistence';'d';'z';0.896;0.896;0.896
'RespondedExistence(d, z)';'RespondedExistence';'d';'z';0.896;0.898;0.898
'Precedence(i, d)';'Precedence';'d';'i';0.500;0.501;0.501
'Precedence(o, d)';'Precedence';'d';'o';0.510;0.511;0.511
'Precedence(p, d)';'Precedence';'d';'p';0.662;0.663;0.663
'Participation(e)';'Participation';'e';;0.832;0.832;0.832
'Precedence(a, e)';'Precedence';'e';'a';0.826;0.993;0.993
'CoExistence(e, a)';'CoExistence';'e';'a';0.832;0.832;0.832
'RespondedExistence(e, a)';'RespondedExistence';'e';'a';0.832;1.000;1.000
'CoExistence(e, b)';'CoExistence';'e';'b';0.832;0.832;0.832
'RespondedExistence(e, b)';'RespondedExistence';'e';'b';0.832;1.000;1.000
'Response(e, b)';'Response';'e';'b';0.810;0.974;0.974
'CoExistence(e, c)';'CoExistence';'e';'c';0.730;0.757;0.757
'RespondedExistence(e, c)';'RespondedExistence';'e';'c';0.730;0.877;0.877
'NotSuccession(e, c)';'NotSuccession';'e';'c';0.600;0.622;0.622
'CoExistence(e, d)';'CoExistence';'e';'d';0.832;0.834;0.834
'RespondedExistence(e, d)';'RespondedExistence';'e';'d';0.832;1.000;1.000
'Response(e, d)';'Response';'e';'d';0.440;0.529;0.529
'CoExistence(e, f)';'CoExistence';'e';'f';0.828;0.870;0.870
'RespondedExistence(e, f)';'RespondedExistence';'e';'f';0.828;0.995;0.995
'Response(e, f)';'Response';'e';'f';0.792;0.952;0.952
'CoExistence(e, g)';'CoExistence';'e';'g';0.762;0.779;0.779
'RespondedExistence(e, g)';'RespondedExistence';'e';'g';0.762;0.916;0.916
'CoExistence(e, h)';'CoExistence';'e';'h';0.576;0.618;0.618
'RespondedExistence(e, h)';'RespondedExistence';'e';'h';0.576;0.692;0.692
'CoExistence(e, i)';'CoExistence';'e';'i';0.750;0.783;0.783
'RespondedExistence(e, i)';'RespondedExistence';'e';'i';0.750;0.901;0.901
'CoExistence(e, l)';'CoExistence';'e';'l';0.532;0.581;0.581
'RespondedExistence(e, l)';'RespondedExistence';'e';'l';0.532;0.639;0.639
'NotSuccession(e, l)';'NotSuccession';'e';'l';0.488;0.533;0.533
'CoExistence(e, m)';'CoExistence';'e';'m';0.740;0.769;0.769
'RespondedExistence(e, m)';'RespondedExistence';'e';'m';0.740;0.889;0.889
'CoExistence(e, n)';'CoExistence';'e';'n';0.814;0.831;0.831
'RespondedExistence(e, n)';'RespondedExistence';'e';'n';0.814;0.978;0.978
'Response(e, n)';'Response';'e';'n';0.612;0.736;0.736
'CoExistence(e, o)';'CoExistence';'e';'o';0.782;0.805;0.805
'RespondedExistence(e, o)';'RespondedExistence';'e';'o';0.782;0.940;0.940
'CoExistence(e, p)';'CoExistence';'e';'p';0.822;0.827;0.827
'RespondedExistence(e, p)';'RespondedExistence';'e';'p';0.822;0.988;0.988
'Response(e, p)';'Response';'e';'p';0.512;0.615;0.615
'CoExistence(e, q)';'CoExistence';'e';'q';0.734;0.760;0.760
'RespondedExistence(e, q)';'RespondedExistence';'e';'q';0.734;0.882;0.882
'NotSuccession(e, r)';'NotSuccession';'e';'r';0.800;0.941;0.941
'NotCoExistence(e, r)';'NotCoExistence';'e';'r';0.772;0.908;0.908
'CoExistence(e, s)';'CoExistence';'e';'s';0.760;0.792;0.792
'RespondedExistence(e, s)';'RespondedExistence';'e';'s';0.760;0.913;0.913
'CoExistence(e, t)';'CoExistence';'e';'t';0.816;0.833;0.833
'RespondedExistence(e, t)';'RespondedExistence';'e';'t';0.816;0.981;0.981
'Response(e, t)';'Response';'e';'t';0.438;0.526;0.526
'CoExistence(e, u)';'CoExistence';'e';'u';0.740;0.768;0.768
'RespondedExistence(e, u)';'RespondedExistence';'e';'u';0.740;0.889;0.889
'CoExistence(e, v)';'CoExistence';'e';'v';0.768;0.787;0.787
'RespondedExistence(e, v)';'RespondedExistence';'e';'v';0.768;0.923;0.923
'CoExistence(e, w)';'CoExistence';'e';'w';0.734;0.761;0.761
'RespondedExistence(e, w)';'RespondedExistence';'e';'w';0.734;0.882;0.882
'CoExistence(e, z)';'CoExistence';'e';'z';0.756;0.776;0.776
'RespondedExistence(e, z)';'RespondedExistence';'e';'z';0.756;0.909;0.909
'Precedence(p, e)';'Precedence';'e';'p';0.516;0.620;0.620
'Participation(f)';'Participation';'f';;0.948;0.948;0.948
'Precedence(a, f)';'Precedence';'f';'a';0.948;1.000;1.000
'Precedence(b, f)';'Precedence';'f';'b';0.488;0.515;0.515
'Precedence(d, f)';'Precedence';'f';'d';0.476;0.502;0.502
'CoExistence(f, a)';'CoExistence';'f';'a';0.948;0.948;0.948
'RespondedExistence(f, a)';'RespondedExistence';'f';'a';0.948;1.000;1.000
'CoExistence(f, b)';'CoExistence';'f';'b';0.948;0.948;0.948
'RespondedExistence(f, b)';'RespondedExistence';'f';'b';0.948;1.000;1.000
'Response(f, b)';'Response';'f';'b';0.912;0.962;0.962
'CoExistence(f, c)';'CoExistence';'f';'c';0.822;0.832;0.832
'RespondedExistence(f, c)';'RespondedExistence';'f';'c';0.822;0.867;0.867
'NotSuccession(f, c)';'NotSuccession';'f';'c';0.590;0.597;0.597
'CoExistence(f, d)';'CoExistence';'f';'d';0.948;0.950;0.950
'RespondedExistence(f, d)';'RespondedExistence';'f';'d';0.948;1.000;1.000
'CoExistence(f, e)';'CoExistence';'f';'e';0.828;0.870;0.870
'RespondedExistence(f, e)';'RespondedExistence';'f';'e';0.828;0.873;0.873
'CoExistence(f, g)';'CoExistence';'f';'g';0.866;0.875;0.875
'RespondedExistence(f, g)';'RespondedExistence';'f';'g';0.866;0.914;0.914
'CoExistence(f, h)';'CoExistence';'f';'h';0.662;0.688;0.688
'RespondedExistence(f, h)';'RespondedExistence';'f';'h';0.662;0.698;0.698
'CoExistence(f, i)';'CoExistence';'f';'i';0.846;0.865;0.865
'RespondedExistence(f, i)';'RespondedExistence';'f';'i';0.846;0.892;0.892
'CoExistence(f, l)';'CoExistence';'f';'l';0.600;0.622;0.622
'RespondedExistence(f, l)';'RespondedExistence';'f';'l';0.600;0.633;0.633
'NotSuccession(f, l)';'NotSuccession';'f';'l';0.512;0.531;0.531
'CoExistence(f, m)';'CoExistence';'f';'m';0.838;0.855;0.855
'RespondedExistence(f, m)';'RespondedExistence';'f';'m';0.838;0.884;0.884
'CoExistence(f, n)';'CoExistence';'f';'n';0.922;0.933;0.933
'RespondedExistence(f, n)';'RespondedExistence';'f';'n';0.922;0.973;0.973
'CoExistence(f, o)';'CoExistence';'f';'o';0.882;0.893;0.893
'RespondedExistence(f, o)';'RespondedExistence';'f';'o';0.882;0.930;0.930
'CoExistence(f, p)';'CoExistence';'f';'p';0.938;0.944;0.944
'RespondedExistence(f, p)';'RespondedExistence';'f';'p';0.938;0.989;0.989
'CoExistence(f, q)';'CoExistence';'f';'q';0.836;0.853;0.853
'RespondedExistence(f, q)';'RespondedExistence';'f';'q';0.836;0.882;0.882
'NotSuccession(f, r)';'NotSuccession';'f';'r';0.896;0.941;0.941
'NotCoExistence(f, r)';'NotCoExistence';'f';'r';0.860;0.903;0.903
'CoExistence(f, s)';'CoExistence';'f';'s';0.858;0.877;0.877
'RespondedExistence(f, s)';'RespondedExistence';'f';'s';0.858;0.905;0.905
'CoExistence(f, t)';'CoExistence';'f';'t';0.926;0.939;0.939
'RespondedExistence(f, t)';'RespondedExistence';'f';'t';0.926;0.977;0.977
'CoExistence(f, u)';'CoExistence';'f';'u';0.840;0.857;0.857
'RespondedExistence(f, u)';'RespondedExistence';'f';'u';0.840;0.886;0.886
'CoExistence(f, v)';'CoExistence';'f';'v';0.880;0.898;0.898
'RespondedExistence(f, v)';'RespondedExistence';'f';'v';0.880;0.928;0.928
'CoExistence(f, w)';'CoExistence';'f';'w';0.832;0.847;0.847
'RespondedExistence(f, w)';'RespondedExistence';'f';'w';0.832;0.878;0.878
'CoExistence(f, z)';'CoExistence';'f';'z';0.858;0.868;0.868
'RespondedExistence(f, z)';'RespondedExistence';'f';'z';0.858;0.905;0.905
'Precedence(m, f)';'Precedence';'f';'m';0.476;0.502;0.502
'Precedence(n, f)';'Precedence';'f';'n';0.482;0.508;0.508
'Precedence(o, f)';'Precedence';'f';'o';0.518;0.546;0.546
'Precedence(p, f)';'Precedence';'f';'p';0.658;0.694;0.694
'Precedence(u, f)';'Precedence';'f';'u';0.480;0.506;0.506
'Precedence(v, f)';'Precedence';'f';'v';0.502;0.530;0.530
'Participation(g)';'Participation';'g';;0.908;0.908;0.908
'Precedence(a, g)';'Precedence';'g';'a';0.904;0.996;0.996
'CoExistence(g, a)';'CoExistence';'g';'a';0.908;0.908;0.908
'RespondedExistence(g, a)';'RespondedExistence';'g';'a';0.908;1.000;1.000
'CoExistence(g, b)';'CoExistence';'g';'b';0.908;0.908;0.908
'RespondedExistence(g, b)';'RespondedExistence';'g';'b';0.908;1.000;1.000
'Response(g, b)';'Response';'g';'b';0.888;0.978;0.978
'CoExistence(g, c)';'CoExistence';'g';'c';0.790;0.806;0.806
'RespondedExistence(g, c)';'RespondedExistence';'g';'c';0.790;0.870;0.870
'NotSuccession(g, c)';'NotSuccession';'g';'c';0.606;0.618;0.618
'CoExistence(g, d)';'CoExistence';'g';'d';0.906;0.906;0.906
'RespondedExistence(g, d)';'RespondedExistence';'g';'d';0.906;0.998;0.998
'Response(g, d)';'Response';'g';'d';0.478;0.526;0.526
'CoExistence(g, e)';'CoExistence';'g';'e';0.762;0.779;0.779
'RespondedExistence(g, e)';'RespondedExistence';'g';'e';0.762;0.839;0.839
'CoExistence(g, f)';'CoExistence';'g';'f';0.866;0.875;0.875
'RespondedExistence(g, f)';'RespondedExistence';'g';'f';0.866;0.954;0.954
'Response(g, f)';'Response';'g';'f';0.686;0.756;0.756
'CoExistence(g, h)';'CoExistence';'g';'h';0.676;0.744;0.744
'RespondedExistence(g, h)';'RespondedExistence';'g';'h';0.676;0.744;0.744
'CoExistence(g, i)';'CoExistence';'g';'i';0.800;0.813;0.813
'RespondedExistence(g, i)';'RespondedExistence';'g';'i';0.800;0.881;0.881
'CoExistence(g, l)';'CoExistence';'g';'l';0.572;0.601;0.601
'RespondedExistence(g, l)';'RespondedExistence';'g';'l';0.572;0.630;0.630
'NotSuccession(g, l)';'NotSuccession';'g';'l';0.488;0.513;0.513
'CoExistence(g, m)';'CoExistence';'g';'m';0.800;0.818;0.818
'RespondedExistence(g, m)';'RespondedExistence';'g';'m';0.800;0.881;0.881
'CoExistence(g, n)';'CoExistence';'g';'n';0.882;0.893;0.893
'RespondedExistence(g, n)';'RespondedExistence';'g';'n';0.882;0.971;0.971
'Response(g, n)';'Response';'g';'n';0.670;0.738;0.738
'CoExistence(g, o)';'CoExistence';'g';'o';0.846;0.860;0.860
'RespondedExistence(g, o)';'RespondedExistence';'g';'o';0.846;0.932;0.932
'CoExistence(g, p)';'CoExistence';'g';'p';0.896;0.900;0.900
'RespondedExistence(g, p)';'RespondedExistence';'g';'p';0.896;0.987;0.987
'Response(g, p)';'Response';'g';'p';0.580;0.639;0.639
'CoExistence(g, q)';'CoExistence';'g';'q';0.796;0.812;0.812
'RespondedExistence(g, q)';'RespondedExistence';'g';'q';0.796;0.877;0.877
'NotSuccession(g, r)';'NotSuccession';'g';'r';0.852;0.926;0.926
'NotCoExistence(g, r)';'NotCoExistence';'g';'r';0.836;0.909;0.909
'CoExistence(g, s)';'CoExistence';'g';'s';0.816;0.833;0.833
'RespondedExistence(g, s)';'RespondedExistence';'g';'s';0.816;0.899;0.899
'CoExistence(g, t)';'CoExistence';'g';'t';0.882;0.891;0.891
'RespondedExistence(g, t)';'RespondedExistence';'g';'t';0.882;0.971;0.971
'Response(g, t)';'Response';'g';'t';0.486;0.535;0.535
'CoExistence(g, u)';'CoExistence';'g';'u';0.798;0.813;0.813
'RespondedExistence(g, u)';'RespondedExistence';'g';'u';0.798;0.879;0.879
'CoExistence(g, v)';'CoExistence';'g';'v';0.830;0.838;0.838
'RespondedExistence(g, v)';'RespondedExistence';'g';'v';0.830;0.914;0.914
'CoExistence(g, w)';'CoExistence';'g';'w';0.786;0.796;0.796
'RespondedExistence(g, w)';'RespondedExistence';'g';'w';0.786;0.866;0.866
'CoExistence(g, z)';'CoExistence';'g';'z';0.824;0.839;0.839
'RespondedExistence(g, z)';'RespondedExistence';'g';'z';0.824;0.907;0.907
'Precedence(o, g)';'Precedence';'g';'o';0.454;0.500;0.500
'Precedence(p, g)';'Precedence';'g';'p';0.610;0.672;0.672
'Precedence(v, g)';'Precedence';'g';'v';0.474;0.522;0.522
'Participation(h)';'Participation';'h';;0.676;0.676;0.676
'Precedence(a, h)';'Precedence';'h';'a';0.676;1.000;1.000
'AlternatePrecedence(a, h)';'AlternatePrecedence';'h';'a';0.342;0.506;0.506
'Precedence(b, h)';'Precedence';'h';'b';0.438;0.648;0.648
'Precedence(c, h)';'Precedence';'h';'c';0.432;0.639;0.639
'Precedence(d, h)';'Precedence';'h';'d';0.428;0.633;0.633
'Precedence(e, h)';'Precedence';'h';'e';0.406;0.601;0.601
'Precedence(f, h)';'Precedence';'h';'f';0.428;0.633;0.633
'Precedence(g, h)';'Precedence';'h';'g';0.666;0.985;0.985
'AlternatePrecedence(g, h)';'AlternatePrecedence';'h';'g';0.360;0.533;0.533
'CoExistence(h, a)';'CoExistence';'h';'a';0.676;0.676;0.676
'RespondedExistence(h, a)';'RespondedExistence';'h';'a';0.676;1.000;1.000
'NotSuccession(h, a)';'NotSuccession';'h';'a';0.582;0.582;0.582
'CoExistence(h, b)';'CoExistence';'h';'b';0.676;0.676;0.676
'RespondedExistence(h, b)';'RespondedExistence';'h';'b';0.676;1.000;1.000
'Response(h, b)';'Response';'h';'b';0.660;0.976;0.976
'AlternateResponse(h, b)';'AlternateResponse';'h';'b';0.348;0.515;0.515
'CoExistence(h, c)';'CoExistence';'h';'c';0.592;0.626;0.626
'RespondedExistence(h, c)';'RespondedExistence';'h';'c';0.592;0.876;0.876
'NotSuccession(h, c)';'NotSuccession';'h';'c';0.778;0.822;0.822
'CoExistence(h, d)';'CoExistence';'h';'d';0.676;0.677;0.677
'RespondedExistence(h, d)';'RespondedExistence';'h';'d';0.676;1.000;1.000
'NotSuccession(h, d)';'NotSuccession';'h';'d';0.522;0.523;0.523
'CoExistence(h, e)';'CoExistence';'h';'e';0.576;0.618;0.618
'RespondedExistence(h, e)';'RespondedExistence';'h';'e';0.576;0.852;0.852
'NotSuccession(h, e)';'NotSuccession';'h';'e';0.548;0.588;0.588
'CoExistence(h, f)';'CoExistence';'h';'f';0.662;0.688;0.688
'RespondedExistence(h, f)';'RespondedExistence';'h';'f';0.662;0.979;0.979
'Response(h, f)';'Response';'h';'f';0.496;0.734;0.734
'CoExistence(h, g)';'CoExistence';'h';'g';0.676;0.744;0.744
'RespondedExistence(h, g)';'RespondedExistence';'h';'g';0.676;1.000;1.000
'NotSuccession(h, g)';'NotSuccession';'h';'g';0.518;0.570;0.570
'CoExistence(h, i)';'CoExistence';'h';'i';0.602;0.634;0.634
'RespondedExistence(h, i)';'RespondedExistence';'h';'i';0.602;0.891;0.891
'NotSuccession(h, i)';'NotSuccession';'h';'i';0.550;0.579;0.579
'RespondedExistence(h, l)';'RespondedExistence';'h';'l';0.420;0.621;0.621
'NotSuccession(h, l)';'NotSuccession';'h';'l';0.582;0.667;0.667
'NotCoExistence(h, l)';'NotCoExistence';'h';'l';0.452;0.518;0.518
'CoExistence(h, m)';'CoExistence';'h';'m';0.608;0.648;0.648
'RespondedExistence(h, m)';'RespondedExistence';'h';'m';0.608;0.899;0.899
'NotSuccession(h, m)';'NotSuccession';'h';'m';0.634;0.676;0.676
'CoExistence(h, n)';'CoExistence';'h';'n';0.664;0.682;0.682
'RespondedExistence(h, n)';'RespondedExistence';'h';'n';0.664;0.982;0.982
'Response(h, n)';'Response';'h';'n';0.474;0.701;0.701
'CoExistence(h, o)';'CoExistence';'h';'o';0.630;0.651;0.651
'RespondedExistence(h, o)';'RespondedExistence';'h';'o';0.630;0.932;0.932
'NotSuccession(h, o)';'NotSuccession';'h';'o';0.566;0.585;0.585
'CoExistence(h, p)';'CoExistence';'h';'p';0.672;0.680;0.680
'RespondedExistence(h, p)';'RespondedExistence';'h';'p';0.672;0.994;0.994
'Response(h, p)';'Response';'h';'p';0.392;0.580;0.580
'CoExistence(h, q)';'CoExistence';'h';'q';0.598;0.632;0.632
'RespondedExistence(h, q)';'RespondedExistence';'h';'q';0.598;0.885;0.885
'NotSuccession(h, q)';'NotSuccession';'h';'q';0.548;0.579;0.579
'NotSuccession(h, r)';'NotSuccession';'h';'r';0.682;0.958;0.958
'NotCoExistence(h, r)';'NotCoExistence';'h';'r';0.652;0.916;0.916
'CoExistence(h, s)';'CoExistence';'h';'s';0.620;0.657;0.657
'RespondedExistence(h, s)';'RespondedExistence';'h';'s';0.620;0.917;0.917
'NotSuccession(h, s)';'NotSuccession';'h';'s';0.530;0.561;0.561
'CoExistence(h, t)';'CoExistence';'h';'t';0.668;0.687;0.687
'RespondedExistence(h, t)';'RespondedExistence';'h';'t';0.668;0.988;0.988
'CoExistence(h, u)';'CoExistence';'h';'u';0.600;0.633;0.633
'RespondedExistence(h, u)';'RespondedExistence';'h';'u';0.600;0.888;0.888
'NotSuccession(h, u)';'NotSuccession';'h';'u';0.540;0.570;0.570
'CoExistence(h, v)';'CoExistence';'h';'v';0.624;0.647;0.647
'RespondedExistence(h, v)';'RespondedExistence';'h';'v';0.624;0.923;0.923
'NotSuccession(h, v)';'NotSuccession';'h';'v';0.556;0.577;0.577
'CoExistence(h, w)';'CoExistence';'h';'w';0.608;0.651;0.651
'RespondedExistence(h, w)';'RespondedExistence';'h';'w';0.608;0.899;0.899
'NotSuccession(h, w)';'NotSuccession';'h';'w';0.506;0.542;0.542
'CoExistence(h, z)';'CoExistence';'h';'z';0.614;0.640;0.640
'RespondedExistence(h, z)';'RespondedExistence';'h';'z';0.614;0.908;0.908
'NotSuccession(h, z)';'NotSuccession';'h';'z';0.528;0.550;0.550
'Precedence(i, h)';'Precedence';'h';'i';0.440;0.651;0.651
'Precedence(m, h)';'Precedence';'h';'m';0.456;0.675;0.675
'Precedence(n, h)';'Precedence';'h';'n';0.462;0.683;0.683
'Precedence(o, h)';'Precedence';'h';'o';0.472;0.698;0.698
'Precedence(p, h)';'Precedence';'h';'p';0.578;0.855;0.855
'AlternatePrecedence(p, h)';'AlternatePrecedence';'h';'p';0.346;0.512;0.512
'Precedence(q, h)';'Precedence';'h';'q';0.422;0.624;0.624
'Precedence(s, h)';'Precedence';'h';'s';0.422;0.624;0.624
'Precedence(t, h)';'Precedence';'h';'t';0.420;0.621;0.621
'Precedence(u, h)';'Precedence';'h';'u';0.436;0.645;0.645
'Precedence(v, h)';'Precedence';'h';'v';0.466;0.689;0.689
'Precedence(w, h)';'Precedence';'h';'w';0.450;0.666;0.666
'Precedence(z, h)';'Precedence';'h';'z';0.420;0.621;0.621
'Participation(i)';'Participation';'i';;0.876;0.876;0.876
'Precedence(a, i)';'Precedence';'i';'a';0.872;0.995;0.995
'CoExistence(i, a)';'CoExistence';'i';'a';0.876;0.876;0.876
'RespondedExistence(i, a)';'RespondedExistence';'i';'a';0.876;1.000;1.000
'Response(i, a)';'Response';'i';'a';0.438;0.500;0.500
'CoExistence(i, b)';'CoExistence';'i';'b';0.876;0.876;0.876
'RespondedExistence(i, b)';'RespondedExistence';'i';'b';0.876;1.000;1.000
'Response(i, b)';'Response';'i';'b';0.858;0.979;0.979
'CoExistence(i, c)';'CoExistence';'i';'c';0.762;0.781;0.781
'RespondedExistence(i, c)';'RespondedExistence';'i';'c';0.762;0.870;0.870
'NotSuccession(i, c)';'NotSuccession';'i';'c';0.578;0.592;0.592
'CoExistence(i, d)';'CoExistence';'i';'d';0.874;0.874;0.874
'RespondedExistence(i, d)';'RespondedExistence';'i';'d';0.874;0.998;0.998
'Response(i, d)';'Response';'i';'d';0.488;0.557;0.557
'CoExistence(i, e)';'CoExistence';'i';'e';0.750;0.783;0.783
'RespondedExistence(i, e)';'RespondedExistence';'i';'e';0.750;0.856;0.856
'CoExistence(i, f)';'CoExistence';'i';'f';0.846;0.865;0.865
'RespondedExistence(i, f)';'RespondedExistence';'i';'f';0.846;0.966;0.966
'Response(i, f)';'Response';'i';'f';0.666;0.760;0.760
'CoExistence(i, g)';'CoExistence';'i';'g';0.800;0.813;0.813
'RespondedExistence(i, g)';'RespondedExistence';'i';'g';0.800;0.913;0.913
'CoExistence(i, h)';'CoExistence';'i';'h';0.602;0.634;0.634
'RespondedExistence(i, h)';'RespondedExistence';'i';'h';0.602;0.687;0.687
'CoExistence(i, l)';'CoExistence';'i';'l';0.610;0.692;0.692
'RespondedExistence(i, l)';'RespondedExistence';'i';'l';0.610;0.696;0.696
'CoExistence(i, m)';'CoExistence';'i';'m';0.776;0.800;0.800
'RespondedExistence(i, m)';'RespondedExistence';'i';'m';0.776;0.886;0.886
'CoExistence(i, n)';'CoExistence';'i';'n';0.854;0.868;0.868
'RespondedExistence(i, n)';'RespondedExistence';'i';'n';0.854;0.975;0.975
'Response(i, n)';'Response';'i';'n';0.670;0.765;0.765
'CoExistence(i, o)';'CoExistence';'i';'o';0.814;0.827;0.827
'RespondedExistence(i, o)';'RespondedExistence';'i';'o';0.814;0.929;0.929
'CoExistence(i, p)';'CoExistence';'i';'p';0.868;0.875;0.875
'RespondedExistence(i, p)';'RespondedExistence';'i';'p';0.868;0.991;0.991
'Response(i, p)';'Response';'i';'p';0.576;0.658;0.658
'CoExistence(i, q)';'CoExistence';'i';'q';0.776;0.802;0.802
'RespondedExistence(i, q)';'RespondedExistence';'i';'q';0.776;0.886;0.886
'NotSuccession(i, r)';'NotSuccession';'i';'r';0.826;0.937;0.937
'NotCoExistence(i, r)';'NotCoExistence';'i';'r';0.792;0.898;0.898
'CoExistence(i, s)';'CoExistence';'i';'s';0.798;0.826;0.826
'RespondedExistence(i, s)';'RespondedExistence';'i';'s';0.798;0.911;0.911
'CoExistence(i, t)';'CoExistence';'i';'t';0.852;0.862;0.862
'RespondedExistence(i, t)';'RespondedExistence';'i';'t';0.852;0.973;0.973
'Response(i, t)';'Response';'i';'t';0.486;0.555;0.555
'CoExistence(i, u)';'CoExistence';'i';'u';0.782;0.810;0.810
'RespondedExistence(i, u)';'RespondedExistence';'i';'u';0.782;0.893;0.893
'CoExistence(i, v)';'CoExistence';'i';'v';0.802;0.813;0.813
'RespondedExistence(i, v)';'RespondedExistence';'i';'v';0.802;0.916;0.916
'CoExistence(i, w)';'CoExistence';'i';'w';0.772;0.796;0.796
'RespondedExistence(i, w)';'RespondedExistence';'i';'w';0.772;0.881;0.881
'CoExistence(i, z)';'CoExistence';'i';'z';0.798;0.818;0.818
'RespondedExistence(i, z)';'RespondedExistence';'i';'z';0.798;0.911;0.911
'Precedence(p, i)';'Precedence';'i';'p';0.548;0.626;0.626
'AtMostOne(l)';'AtMostOne';'l';;0.444;0.721;0.721
'Participation(l)';'Participation';'l';;0.616;0.616;0.616
'Precedence(a, l)';'Precedence';'l';'a';0.616;1.000;1.000
'AlternatePrecedence(a, l)';'AlternatePrecedence';'l';'a';0.516;0.838;0.838
'Precedence(b, l)';'Precedence';'l';'b';0.386;0.627;0.627
'AlternatePrecedence(b, l)';'AlternatePrecedence';'l';'b';0.336;0.545;0.545
'Precedence(c, l)';'Precedence';'l';'c';0.386;0.627;0.627
'Precedence(d, l)';'Precedence';'l';'d';0.380;0.617;0.617
'AlternatePrecedence(d, l)';'AlternatePrecedence';'l';'d';0.334;0.542;0.542
'Precedence(e, l)';'Precedence';'l';'e';0.388;0.630;0.630
'AlternatePrecedence(e, l)';'AlternatePrecedence';'l';'e';0.338;0.549;0.549
'Precedence(f, l)';'Precedence';'l';'f';0.402;0.653;0.653
'AlternatePrecedence(f, l)';'AlternatePrecedence';'l';'f';0.354;0.575;0.575
'Precedence(g, l)';'Precedence';'l';'g';0.406;0.659;0.659
'AlternatePrecedence(g, l)';'AlternatePrecedence';'l';'g';0.358;0.581;0.581
'Precedence(i, l)';'Precedence';'l';'i';0.598;0.971;0.971
'AlternatePrecedence(i, l)';'AlternatePrecedence';'l';'i';0.588;0.955;0.955
'CoExistence(l, a)';'CoExistence';'l';'a';0.616;0.616;0.616
'RespondedExistence(l, a)';'RespondedExistence';'l';'a';0.616;1.000;1.000
'Response(l, a)';'Response';'l';'a';0.330;0.536;0.536
'NotSuccession(l, a)';'NotSuccession';'l';'a';0.610;0.610;0.610
'CoExistence(l, b)';'CoExistence';'l';'b';0.616;0.616;0.616
'RespondedExistence(l, b)';'RespondedExistence';'l';'b';0.616;1.000;1.000
'Response(l, b)';'Response';'l';'b';0.604;0.981;0.981
'AlternateResponse(l, b)';'AlternateResponse';'l';'b';0.518;0.841;0.841
'CoExistence(l, c)';'CoExistence';'l';'c';0.542;0.579;0.579
'RespondedExistence(l, c)';'RespondedExistence';'l';'c';0.542;0.880;0.880
'NotSuccession(l, c)';'NotSuccession';'l';'c';0.778;0.831;0.831
'CoExistence(l, d)';'CoExistence';'l';'d';0.614;0.614;0.614
'RespondedExistence(l, d)';'RespondedExistence';'l';'d';0.614;0.997;0.997
'Response(l, d)';'Response';'l';'d';0.358;0.581;0.581
'AlternateResponse(l, d)';'AlternateResponse';'l';'d';0.312;0.506;0.506
'NotSuccession(l, d)';'NotSuccession';'l';'d';0.578;0.578;0.578
'CoExistence(l, e)';'CoExistence';'l';'e';0.532;0.581;0.581
'RespondedExistence(l, e)';'RespondedExistence';'l';'e';0.532;0.864;0.864
'NotSuccession(l, e)';'NotSuccession';'l';'e';0.564;0.616;0.616
'CoExistence(l, f)';'CoExistence';'l';'f';0.600;0.622;0.622
'RespondedExistence(l, f)';'RespondedExistence';'l';'f';0.600;0.974;0.974
'Response(l, f)';'Response';'l';'f';0.476;0.773;0.773
'AlternateResponse(l, f)';'AlternateResponse';'l';'f';0.408;0.662;0.662
'CoExistence(l, g)';'CoExistence';'l';'g';0.572;0.601;0.601
'RespondedExistence(l, g)';'RespondedExistence';'l';'g';0.572;0.929;0.929
'Response(l, g)';'Response';'l';'g';0.312;0.506;0.506
'NotSuccession(l, g)';'NotSuccession';'l';'g';0.576;0.605;0.605
'RespondedExistence(l, h)';'RespondedExistence';'l';'h';0.420;0.682;0.682
'NotSuccession(l, h)';'NotSuccession';'l';'h';0.562;0.644;0.644
'NotCoExistence(l, h)';'NotCoExistence';'l';'h';0.452;0.518;0.518
'CoExistence(l, i)';'CoExistence';'l';'i';0.610;0.692;0.692
'RespondedExistence(l, i)';'RespondedExistence';'l';'i';0.610;0.990;0.990
'NotSuccession(l, i)';'NotSuccession';'l';'i';0.534;0.605;0.605
'CoExistence(l, m)';'CoExistence';'l';'m';0.544;0.577;0.577
'RespondedExistence(l, m)';'RespondedExistence';'l';'m';0.544;0.883;0.883
'NotSuccession(l, m)';'NotSuccession';'l';'m';0.682;0.724;0.724
'CoExistence(l, n)';'CoExistence';'l';'n';0.598;0.610;0.610
'RespondedExistence(l, n)';'RespondedExistence';'l';'n';0.598;0.971;0.971
'Response(l, n)';'Response';'l';'n';0.468;0.760;0.760
'AlternateResponse(l, n)';'AlternateResponse';'l';'n';0.396;0.643;0.643
'CoExistence(l, o)';'CoExistence';'l';'o';0.584;0.612;0.612
'RespondedExistence(l, o)';'RespondedExistence';'l';'o';0.584;0.948;0.948
'NotSuccession(l, o)';'NotSuccession';'l';'o';0.570;0.597;0.597
'CoExistence(l, p)';'CoExistence';'l';'p';0.610;0.616;0.616
'RespondedExistence(l, p)';'RespondedExistence';'l';'p';0.610;0.990;0.990
'Response(l, p)';'Response';'l';'p';0.416;0.675;0.675
'AlternateResponse(l, p)';'AlternateResponse';'l';'p';0.386;0.627;0.627
'NotSuccession(l, p)';'NotSuccession';'l';'p';0.498;0.503;0.503
'CoExistence(l, q)';'CoExistence';'l';'q';0.552;0.592;0.592
'RespondedExistence(l, q)';'RespondedExistence';'l';'q';0.552;0.896;0.896
'NotSuccession(l, q)';'NotSuccession';'l';'q';0.582;0.624;0.624
'NotSuccession(l, r)';'NotSuccession';'l';'r';0.622;0.957;0.957
'NotCoExistence(l, r)';'NotCoExistence';'l';'r';0.588;0.905;0.905
'CoExistence(l, s)';'CoExistence';'l';'s';0.562;0.597;0.597
'RespondedExistence(l, s)';'RespondedExistence';'l';'s';0.562;0.912;0.912
'Response(l, s)';'Response';'l';'s';0.340;0.552;0.552
'NotSuccession(l, s)';'NotSuccession';'l';'s';0.538;0.571;0.571
'CoExistence(l, t)';'CoExistence';'l';'t';0.604;0.619;0.619
'RespondedExistence(l, t)';'RespondedExistence';'l';'t';0.604;0.981;0.981
'Response(l, t)';'Response';'l';'t';0.330;0.536;0.536
'NotSuccession(l, t)';'NotSuccession';'l';'t';0.582;0.596;0.596
'CoExistence(l, u)';'CoExistence';'l';'u';0.546;0.580;0.580
'RespondedExistence(l, u)';'RespondedExistence';'l';'u';0.546;0.886;0.886
'NotSuccession(l, u)';'NotSuccession';'l';'u';0.592;0.628;0.628
'CoExistence(l, v)';'CoExistence';'l';'v';0.570;0.595;0.595
'RespondedExistence(l, v)';'RespondedExistence';'l';'v';0.570;0.925;0.925
'Response(l, v)';'Response';'l';'v';0.316;0.513;0.513
'NotSuccession(l, v)';'NotSuccession';'l';'v';0.584;0.610;0.610
'CoExistence(l, w)';'CoExistence';'l';'w';0.536;0.567;0.567
'RespondedExistence(l, w)';'RespondedExistence';'l';'w';0.536;0.870;0.870
'NotSuccession(l, w)';'NotSuccession';'l';'w';0.578;0.611;0.611
'CoExistence(l, z)';'CoExistence';'l';'z';0.570;0.604;0.604
'RespondedExistence(l, z)';'RespondedExistence';'l';'z';0.570;0.925;0.925
'Response(l, z)';'Response';'l';'z';0.310;0.503;0.503
'NotSuccession(l, z)';'NotSuccession';'l';'z';0.560;0.593;0.593
'Precedence(m, l)';'Precedence';'l';'m';0.428;0.695;0.695
'AlternatePrecedence(m, l)';'AlternatePrecedence';'l';'m';0.346;0.562;0.562
'Precedence(n, l)';'Precedence';'l';'n';0.418;0.679;0.679
'AlternatePrecedence(n, l)';'AlternatePrecedence';'l';'n';0.370;0.601;0.601
'Precedence(o, l)';'Precedence';'l';'o';0.418;0.679;0.679
'AlternatePrecedence(o, l)';'AlternatePrecedence';'l';'o';0.356;0.578;0.578
'Precedence(p, l)';'Precedence';'l';'p';0.508;0.825;0.825
'AlternatePrecedence(p, l)';'AlternatePrecedence';'l';'p';0.462;0.750;0.750
'Precedence(q, l)';'Precedence';'l';'q';0.406;0.659;0.659
'AlternatePrecedence(q, l)';'AlternatePrecedence';'l';'q';0.342;0.555;0.555
'Precedence(s, l)';'Precedence';'l';'s';0.398;0.646;0.646
'AlternatePrecedence(s, l)';'AlternatePrecedence';'l';'s';0.342;0.555;0.555
'Precedence(t, l)';'Precedence';'l';'t';0.408;0.662;0.662
'AlternatePrecedence(t, l)';'AlternatePrecedence';'l';'t';0.350;0.568;0.568
'Precedence(u, l)';'Precedence';'l';'u';0.422;0.685;0.685
'AlternatePrecedence(u, l)';'AlternatePrecedence';'l';'u';0.378;0.614;0.614
'Precedence(v, l)';'Precedence';'l';'v';0.418;0.679;0.679
'AlternatePrecedence(v, l)';'AlternatePrecedence';'l';'v';0.362;0.588;0.588
'Precedence(w, l)';'Precedence';'l';'w';0.394;0.640;0.640
'AlternatePrecedence(w, l)';'AlternatePrecedence';'l';'w';0.348;0.565;0.565
'Precedence(z, l)';'Precedence';'l';'z';0.406;0.659;0.659
'AlternatePrecedence(z, l)';'AlternatePrecedence';'l';'z';0.348;0.565;0.565
'AtMostOne(m)';'AtMostOne';'m';;0.480;0.552;0.552
'Participation(m)';'Participation';'m';;0.870;0.870;0.870
'Precedence(a, m)';'Precedence';'m';'a';0.868;0.998;0.998
'AlternatePrecedence(a, m)';'AlternatePrecedence';'m';'a';0.678;0.779;0.779
'CoExistence(m, a)';'CoExistence';'m';'a';0.870;0.870;0.870
'RespondedExistence(m, a)';'RespondedExistence';'m';'a';0.870;1.000;1.000
'Response(m, a)';'Response';'m';'a';0.522;0.600;0.600
'CoExistence(m, b)';'CoExistence';'m';'b';0.870;0.870;0.870
'RespondedExistence(m, b)';'RespondedExistence';'m';'b';0.870;1.000;1.000
'Response(m, b)';'Response';'m';'b';0.852;0.979;0.979
'AlternateResponse(m, b)';'AlternateResponse';'m';'b';0.664;0.763;0.763
'CoExistence(m, c)';'CoExistence';'m';'c';0.758;0.778;0.778
'RespondedExistence(m, c)';'RespondedExistence';'m';'c';0.758;0.871;0.871
'NotSuccession(m, c)';'NotSuccession';'m';'c';0.562;0.577;0.577
'CoExistence(m, d)';'CoExistence';'m';'d';0.868;0.868;0.868
'RespondedExistence(m, d)';'RespondedExistence';'m';'d';0.868;0.998;0.998
'Response(m, d)';'Response';'m';'d';0.612;0.703;0.703
'AlternateResponse(m, d)';'AlternateResponse';'m';'d';0.464;0.533;0.533
'CoExistence(m, e)';'CoExistence';'m';'e';0.740;0.769;0.769
'RespondedExistence(m, e)';'RespondedExistence';'m';'e';0.740;0.851;0.851
'Response(m, e)';'Response';'m';'e';0.474;0.545;0.545
'CoExistence(m, f)';'CoExistence';'m';'f';0.838;0.855;0.855
'RespondedExistence(m, f)';'RespondedExistence';'m';'f';0.838;0.963;0.963
'Response(m, f)';'Response';'m';'f';0.710;0.816;0.816
'AlternateResponse(m, f)';'AlternateResponse';'m';'f';0.574;0.660;0.660
'CoExistence(m, g)';'CoExistence';'m';'g';0.800;0.818;0.818
'RespondedExistence(m, g)';'RespondedExistence';'m';'g';0.800;0.920;0.920
'Response(m, g)';'Response';'m';'g';0.526;0.605;0.605
'AlternateResponse(m, g)';'AlternateResponse';'m';'g';0.446;0.513;0.513
'CoExistence(m, h)';'CoExistence';'m';'h';0.608;0.648;0.648
'RespondedExistence(m, h)';'RespondedExistence';'m';'h';0.608;0.699;0.699
'CoExistence(m, i)';'CoExistence';'m';'i';0.776;0.800;0.800
'RespondedExistence(m, i)';'RespondedExistence';'m';'i';0.776;0.892;0.892
'Response(m, i)';'Response';'m';'i';0.496;0.570;0.570
'CoExistence(m, l)';'CoExistence';'m';'l';0.544;0.577;0.577
'RespondedExistence(m, l)';'RespondedExistence';'m';'l';0.544;0.625;0.625
'NotSuccession(m, l)';'NotSuccession';'m';'l';0.472;0.501;0.501
'CoExistence(m, n)';'CoExistence';'m';'n';0.870;0.904;0.904
'Succession(m, n)';'Succession';'m';'n';0.500;0.520;0.520
'RespondedExistence(m, n)';'RespondedExistence';'m';'n';0.870;1.000;1.000
'Response(m, n)';'Response';'m';'n';0.846;0.972;0.972
'AlternateResponse(m, n)';'AlternateResponse';'m';'n';0.810;0.931;0.931
'CoExistence(m, o)';'CoExistence';'m';'o';0.818;0.840;0.840
'RespondedExistence(m, o)';'RespondedExistence';'m';'o';0.818;0.940;0.940
'Response(m, o)';'Response';'m';'o';0.510;0.586;0.586
'CoExistence(m, p)';'CoExistence';'m';'p';0.860;0.865;0.865
'RespondedExistence(m, p)';'RespondedExistence';'m';'p';0.860;0.989;0.989
'Response(m, p)';'Response';'m';'p';0.680;0.782;0.782
'AlternateResponse(m, p)';'AlternateResponse';'m';'p';0.614;0.706;0.706
'CoExistence(m, q)';'CoExistence';'m';'q';0.772;0.799;0.799
'RespondedExistence(m, q)';'RespondedExistence';'m';'q';0.772;0.887;0.887
'Response(m, q)';'Response';'m';'q';0.478;0.549;0.549
'NotSuccession(m, r)';'NotSuccession';'m';'r';0.826;0.939;0.939
'NotCoExistence(m, r)';'NotCoExistence';'m';'r';0.794;0.902;0.902
'CoExistence(m, s)';'CoExistence';'m';'s';0.792;0.820;0.820
'RespondedExistence(m, s)';'RespondedExistence';'m';'s';0.792;0.910;0.910
'Response(m, s)';'Response';'m';'s';0.510;0.586;0.586
'CoExistence(m, t)';'CoExistence';'m';'t';0.854;0.871;0.871
'RespondedExistence(m, t)';'RespondedExistence';'m';'t';0.854;0.982;0.982
'Response(m, t)';'Response';'m';'t';0.566;0.651;0.651
'CoExistence(m, u)';'CoExistence';'m';'u';0.770;0.792;0.792
'RespondedExistence(m, u)';'RespondedExistence';'m';'u';0.770;0.885;0.885
'Response(m, u)';'Response';'m';'u';0.522;0.600;0.600
'AlternateResponse(m, u)';'AlternateResponse';'m';'u';0.442;0.508;0.508
'CoExistence(m, v)';'CoExistence';'m';'v';0.798;0.811;0.811
'RespondedExistence(m, v)';'RespondedExistence';'m';'v';0.798;0.917;0.917
'Response(m, v)';'Response';'m';'v';0.512;0.589;0.589
'CoExistence(m, w)';'CoExistence';'m';'w';0.762;0.782;0.782
'RespondedExistence(m, w)';'RespondedExistence';'m';'w';0.762;0.876;0.876
'Response(m, w)';'Response';'m';'w';0.504;0.579;0.579
'CoExistence(m, z)';'CoExistence';'m';'z';0.794;0.815;0.815
'RespondedExistence(m, z)';'RespondedExistence';'m';'z';0.794;0.913;0.913
'Response(m, z)';'Response';'m';'z';0.532;0.611;0.611
'AlternateResponse(m, z)';'AlternateResponse';'m';'z';0.436;0.501;0.501
'Precedence(p, m)';'Precedence';'m';'p';0.548;0.630;0.630
'AlternatePrecedence(p, m)';'AlternatePrecedence';'m';'p';0.488;0.561;0.561
'Participation(n)';'Participation';'n';;0.962;0.962;0.962
'Precedence(a, n)';'Precedence';'n';'a';0.958;0.996;0.996
'Precedence(m, n)';'Precedence';'n';'m';0.514;0.534;0.534
'CoExistence(n, a)';'CoExistence';'n';'a';0.962;0.962;0.962
'RespondedExistence(n, a)';'RespondedExistence';'n';'a';0.962;1.000;1.000
'CoExistence(n, b)';'CoExistence';'n';'b';0.962;0.962;0.962
'RespondedExistence(n, b)';'RespondedExistence';'n';'b';0.962;1.000;1.000
'Response(n, b)';'Response';'n';'b';0.926;0.963;0.963
'CoExistence(n, c)';'CoExistence';'n';'c';0.830;0.835;0.835
'RespondedExistence(n, c)';'RespondedExistence';'n';'c';0.830;0.863;0.863
'NotSuccession(n, c)';'NotSuccession';'n';'c';0.598;0.602;0.602
'CoExistence(n, d)';'CoExistence';'n';'d';0.960;0.960;0.960
'RespondedExistence(n, d)';'RespondedExistence';'n';'d';0.960;0.998;0.998
'CoExistence(n, e)';'CoExistence';'n';'e';0.814;0.831;0.831
'RespondedExistence(n, e)';'RespondedExistence';'n';'e';0.814;0.846;0.846
'CoExistence(n, f)';'CoExistence';'n';'f';0.922;0.933;0.933
'RespondedExistence(n, f)';'RespondedExistence';'n';'f';0.922;0.958;0.958
'Response(n, f)';'Response';'n';'f';0.492;0.511;0.511
'CoExistence(n, g)';'CoExistence';'n';'g';0.882;0.893;0.893
'RespondedExistence(n, g)';'RespondedExistence';'n';'g';0.882;0.917;0.917
'CoExistence(n, h)';'CoExistence';'n';'h';0.664;0.682;0.682
'RespondedExistence(n, h)';'RespondedExistence';'n';'h';0.664;0.690;0.690
'CoExistence(n, i)';'CoExistence';'n';'i';0.854;0.868;0.868
'RespondedExistence(n, i)';'RespondedExistence';'n';'i';0.854;0.888;0.888
'CoExistence(n, l)';'CoExistence';'n';'l';0.598;0.610;0.610
'RespondedExistence(n, l)';'RespondedExistence';'n';'l';0.598;0.622;0.622
'NotSuccession(n, l)';'NotSuccession';'n';'l';0.522;0.533;0.533
'CoExistence(n, m)';'CoExistence';'n';'m';0.870;0.904;0.904
'RespondedExistence(n, m)';'RespondedExistence';'n';'m';0.870;0.904;0.904
'CoExistence(n, o)';'CoExistence';'n';'o';0.892;0.899;0.899
'RespondedExistence(n, o)';'RespondedExistence';'n';'o';0.892;0.927;0.927
'CoExistence(n, p)';'CoExistence';'n';'p';0.948;0.950;0.950
'RespondedExistence(n, p)';'RespondedExistence';'n';'p';0.948;0.985;0.985
'CoExistence(n, q)';'CoExistence';'n';'q';0.846;0.860;0.860
'RespondedExistence(n, q)';'RespondedExistence';'n';'q';0.846;0.879;0.879
'NotSuccession(n, r)';'NotSuccession';'n';'r';0.906;0.940;0.940
'NotCoExistence(n, r)';'NotCoExistence';'n';'r';0.870;0.902;0.902
'CoExistence(n, s)';'CoExistence';'n';'s';0.868;0.884;0.884
'RespondedExistence(n, s)';'RespondedExistence';'n';'s';0.868;0.902;0.902
'CoExistence(n, t)';'CoExistence';'n';'t';0.938;0.949;0.949
'RespondedExistence(n, t)';'RespondedExistence';'n';'t';0.938;0.975;0.975
'CoExistence(n, u)';'CoExistence';'n';'u';0.848;0.860;0.860
'RespondedExistence(n, u)';'RespondedExistence';'n';'u';0.848;0.881;0.881
'CoExistence(n, v)';'CoExistence';'n';'v';0.882;0.889;0.889
'RespondedExistence(n, v)';'RespondedExistence';'n';'v';0.882;0.917;0.917
'CoExistence(n, w)';'CoExistence';'n';'w';0.840;0.850;0.850
'RespondedExistence(n, w)';'RespondedExistence';'n';'w';0.840;0.873;0.873
'CoExistence(n, z)';'CoExistence';'n';'z';0.868;0.875;0.875
'RespondedExistence(n, z)';'RespondedExistence';'n';'z';0.868;0.902;0.902
'Precedence(p, n)';'Precedence';'n';'p';0.612;0.636;0.636
'Precedence(v, n)';'Precedence';'n';'v';0.492;0.511;0.511
'Participation(o)';'Participation';'o';;0.922;0.922;0.922
'Precedence(a, o)';'Precedence';'o';'a';0.918;0.996;0.996
'CoExistence(o, a)';'CoExistence';'o';'a';0.922;0.922;0.922
'RespondedExistence(o, a)';'RespondedExistence';'o';'a';0.922;1.000;1.000
'CoExistence(o, b)';'CoExistence';'o';'b';0.922;0.922;0.922
'Succession(o, b)';'Succession';'o';'b';0.510;0.510;0.510
'RespondedExistence(o, b)';'RespondedExistence';'o';'b';0.922;1.000;1.000
'Response(o, b)';'Response';'o';'b';0.904;0.980;0.980
'CoExistence(o, c)';'CoExistence';'o';'c';0.810;0.832;0.832
'RespondedExistence(o, c)';'RespondedExistence';'o';'c';0.810;0.879;0.879
'NotSuccession(o, c)';'NotSuccession';'o';'c';0.552;0.567;0.567
'CoExistence(o, d)';'CoExistence';'o';'d';0.920;0.920;0.920
'RespondedExistence(o, d)';'RespondedExistence';'o';'d';0.920;0.998;0.998
'Response(o, d)';'Response';'o';'d';0.520;0.564;0.564
'CoExistence(o, e)';'CoExistence';'o';'e';0.782;0.805;0.805
'RespondedExistence(o, e)';'RespondedExistence';'o';'e';0.782;0.848;0.848
'CoExistence(o, f)';'CoExistence';'o';'f';0.882;0.893;0.893
'RespondedExistence(o, f)';'RespondedExistence';'o';'f';0.882;0.957;0.957
'Response(o, f)';'Response';'o';'f';0.700;0.759;0.759
'CoExistence(o, g)';'CoExistence';'o';'g';0.846;0.860;0.860
'RespondedExistence(o, g)';'RespondedExistence';'o';'g';0.846;0.918;0.918
'CoExistence(o, h)';'CoExistence';'o';'h';0.630;0.651;0.651
'RespondedExistence(o, h)';'RespondedExistence';'o';'h';0.630;0.683;0.683
'CoExistence(o, i)';'CoExistence';'o';'i';0.814;0.827;0.827
'RespondedExistence(o, i)';'RespondedExistence';'o';'i';0.814;0.883;0.883
'CoExistence(o, l)';'CoExistence';'o';'l';0.584;0.612;0.612
'RespondedExistence(o, l)';'RespondedExistence';'o';'l';0.584;0.633;0.633
'CoExistence(o, m)';'CoExistence';'o';'m';0.818;0.840;0.840
'RespondedExistence(o, m)';'RespondedExistence';'o';'m';0.818;0.887;0.887
'CoExistence(o, n)';'CoExistence';'o';'n';0.892;0.899;0.899
'RespondedExistence(o, n)';'RespondedExistence';'o';'n';0.892;0.967;0.967
'Response(o, n)';'Response';'o';'n';0.666;0.722;0.722
'CoExistence(o, p)';'CoExistence';'o';'p';0.922;0.937;0.937
'Succession(o, p)';'Succession';'o';'p';0.504;0.512;0.512
'RespondedExistence(o, p)';'RespondedExistence';'o';'p';0.922;1.000;1.000
'Response(o, p)';'Response';'o';'p';0.898;0.974;0.974
'AlternateResponse(o, p)';'AlternateResponse';'o';'p';0.852;0.924;0.924
'ChainResponse(o, p)';'ChainResponse';'o';'p';0.750;0.813;0.813
'CoExistence(o, q)';'CoExistence';'o';'q';0.816;0.838;0.838
'RespondedExistence(o, q)';'RespondedExistence';'o';'q';0.816;0.885;0.885
'NotSuccession(o, r)';'NotSuccession';'o';'r';0.854;0.926;0.926
'NotCoExistence(o, r)';'NotCoExistence';'o';'r';0.826;0.896;0.896
'CoExistence(o, s)';'CoExistence';'o';'s';0.832;0.851;0.851
'RespondedExistence(o, s)';'RespondedExistence';'o';'s';0.832;0.902;0.902
'CoExistence(o, t)';'CoExistence';'o';'t';0.892;0.897;0.897
'RespondedExistence(o, t)';'RespondedExistence';'o';'t';0.892;0.967;0.967
'Response(o, t)';'Response';'o';'t';0.504;0.547;0.547
'CoExistence(o, u)';'CoExistence';'o';'u';0.814;0.831;0.831
'RespondedExistence(o, u)';'RespondedExistence';'o';'u';0.814;0.883;0.883
'CoExistence(o, v)';'CoExistence';'o';'v';0.850;0.864;0.864
'RespondedExistence(o, v)';'RespondedExistence';'o';'v';0.850;0.922;0.922
'CoExistence(o, w)';'CoExistence';'o';'w';0.806;0.821;0.821
'RespondedExistence(o, w)';'RespondedExistence';'o';'w';0.806;0.874;0.874
'CoExistence(o, z)';'CoExistence';'o';'z';0.838;0.853;0.853
'RespondedExistence(o, z)';'RespondedExistence';'o';'z';0.838;0.909;0.909
'Participation(p)';'Participation';'p';;0.984;0.984;0.984
'Precedence(a, p)';'Precedence';'p';'a';0.968;0.984;0.984
'Precedence(o, p)';'Precedence';'p';'o';0.514;0.522;0.522
'CoExistence(p, a)';'CoExistence';'p';'a';0.984;0.984;0.984
'RespondedExistence(p, a)';'RespondedExistence';'p';'a';0.984;1.000;1.000
'CoExistence(p, b)';'CoExistence';'p';'b';0.984;0.984;0.984
'Succession(p, b)';'Succession';'p';'b';0.648;0.648;0.648
'RespondedExistence(p, b)';'RespondedExistence';'p';'b';0.984;1.000;1.000
'Response(p, b)';'Response';'p';'b';0.954;0.970;0.970
'CoExistence(p, c)';'CoExistence';'p';'c';0.856;0.865;0.865
'RespondedExistence(p, c)';'RespondedExistence';'p';'c';0.856;0.870;0.870
'CoExistence(p, d)';'CoExistence';'p';'d';0.982;0.982;0.982
'RespondedExistence(p, d)';'RespondedExistence';'p';'d';0.982;0.998;0.998
'CoExistence(p, e)';'CoExistence';'p';'e';0.822;0.827;0.827
'RespondedExistence(p, e)';'RespondedExistence';'p';'e';0.822;0.835;0.835
'CoExistence(p, f)';'CoExistence';'p';'f';0.938;0.944;0.944
'RespondedExistence(p, f)';'RespondedExistence';'p';'f';0.938;0.953;0.953
'Response(p, f)';'Response';'p';'f';0.670;0.681;0.681
'CoExistence(p, g)';'CoExistence';'p';'g';0.896;0.900;0.900
'RespondedExistence(p, g)';'RespondedExistence';'p';'g';0.896;0.911;0.911
'CoExistence(p, h)';'CoExistence';'p';'h';0.672;0.680;0.680
'RespondedExistence(p, h)';'RespondedExistence';'p';'h';0.672;0.683;0.683
'CoExistence(p, i)';'CoExistence';'p';'i';0.868;0.875;0.875
'RespondedExistence(p, i)';'RespondedExistence';'p';'i';0.868;0.882;0.882
'CoExistence(p, l)';'CoExistence';'p';'l';0.610;0.616;0.616
'RespondedExistence(p, l)';'RespondedExistence';'p';'l';0.610;0.620;0.620
'CoExistence(p, m)';'CoExistence';'p';'m';0.860;0.865;0.865
'RespondedExistence(p, m)';'RespondedExistence';'p';'m';0.860;0.874;0.874
'CoExistence(p, n)';'CoExistence';'p';'n';0.948;0.950;0.950
'RespondedExistence(p, n)';'RespondedExistence';'p';'n';0.948;0.963;0.963
'Response(p, n)';'Response';'p';'n';0.626;0.636;0.636
'CoExistence(p, o)';'CoExistence';'p';'o';0.922;0.937;0.937
'RespondedExistence(p, o)';'RespondedExistence';'p';'o';0.922;0.937;0.937
'CoExistence(p, q)';'CoExistence';'p';'q';0.858;0.863;0.863
'RespondedExistence(p, q)';'RespondedExistence';'p';'q';0.858;0.872;0.872
'NotSuccession(p, r)';'NotSuccession';'p';'r';0.910;0.925;0.925
'NotCoExistence(p, r)';'NotCoExistence';'p';'r';0.888;0.902;0.902
'CoExistence(p, s)';'CoExistence';'p';'s';0.880;0.887;0.887
'RespondedExistence(p, s)';'RespondedExistence';'p';'s';0.880;0.894;0.894
'CoExistence(p, t)';'CoExistence';'p';'t';0.948;0.948;0.948
'RespondedExistence(p, t)';'RespondedExistence';'p';'t';0.948;0.963;0.963
'CoExistence(p, u)';'CoExistence';'p';'u';0.862;0.867;0.867
'RespondedExistence(p, u)';'RespondedExistence';'p';'u';0.862;0.876;0.876
'CoExistence(p, v)';'CoExistence';'p';'v';0.900;0.904;0.904
'RespondedExistence(p, v)';'RespondedExistence';'p';'v';0.900;0.915;0.915
'CoExistence(p, w)';'CoExistence';'p';'w';0.856;0.861;0.861
'RespondedExistence(p, w)';'RespondedExistence';'p';'w';0.856;0.870;0.870
'CoExistence(p, z)';'CoExistence';'p';'z';0.886;0.890;0.890
'RespondedExistence(p, z)';'RespondedExistence';'p';'z';0.886;0.900;0.900
'Participation(q)';'Participation';'q';;0.868;0.868;0.868
'Precedence(a, q)';'Precedence';'q';'a';0.864;0.995;0.995
'Precedence(p, q)';'Precedence';'q';'p';0.536;0.618;0.618
'CoExistence(q, a)';'CoExistence';'q';'a';0.868;0.868;0.868
'RespondedExistence(q, a)';'RespondedExistence';'q';'a';0.868;1.000;1.000
'CoExistence(q, b)';'CoExistence';'q';'b';0.868;0.868;0.868
'RespondedExistence(q, b)';'RespondedExistence';'q';'b';0.868;1.000;1.000
'Response(q, b)';'Response';'q';'b';0.842;0.970;0.970
'CoExistence(q, c)';'CoExistence';'q';'c';0.756;0.776;0.776
'RespondedExistence(q, c)';'RespondedExistence';'q';'c';0.756;0.871;0.871
'NotSuccession(q, c)';'NotSuccession';'q';'c';0.600;0.616;0.616
'CoExistence(q, d)';'CoExistence';'q';'d';0.866;0.866;0.866
'RespondedExistence(q, d)';'RespondedExistence';'q';'d';0.866;0.998;0.998
'Response(q, d)';'Response';'q';'d';0.484;0.558;0.558
'CoExistence(q, e)';'CoExistence';'q';'e';0.734;0.760;0.760
'RespondedExistence(q, e)';'RespondedExistence';'q';'e';0.734;0.846;0.846
'CoExistence(q, f)';'CoExistence';'q';'f';0.836;0.853;0.853
'RespondedExistence(q, f)';'RespondedExistence';'q';'f';0.836;0.963;0.963
'Response(q, f)';'Response';'q';'f';0.662;0.763;0.763
'CoExistence(q, g)';'CoExistence';'q';'g';0.796;0.812;0.812
'RespondedExistence(q, g)';'RespondedExistence';'q';'g';0.796;0.917;0.917
'CoExistence(q, h)';'CoExistence';'q';'h';0.598;0.632;0.632
'RespondedExistence(q, h)';'RespondedExistence';'q';'h';0.598;0.689;0.689
'CoExistence(q, i)';'CoExistence';'q';'i';0.776;0.802;0.802
'RespondedExistence(q, i)';'RespondedExistence';'q';'i';0.776;0.894;0.894
'CoExistence(q, l)';'CoExistence';'q';'l';0.552;0.592;0.592
'RespondedExistence(q, l)';'RespondedExistence';'q';'l';0.552;0.636;0.636
'NotSuccession(q, l)';'NotSuccession';'q';'l';0.488;0.524;0.524
'CoExistence(q, m)';'CoExistence';'q';'m';0.772;0.799;0.799
'RespondedExistence(q, m)';'RespondedExistence';'q';'m';0.772;0.889;0.889
'CoExistence(q, n)';'CoExistence';'q';'n';0.846;0.860;0.860
'RespondedExistence(q, n)';'RespondedExistence';'q';'n';0.846;0.975;0.975
'Response(q, n)';'Response';'q';'n';0.666;0.767;0.767
'CoExistence(q, o)';'CoExistence';'q';'o';0.816;0.838;0.838
'RespondedExistence(q, o)';'RespondedExistence';'q';'o';0.816;0.940;0.940
'CoExistence(q, p)';'CoExistence';'q';'p';0.858;0.863;0.863
'RespondedExistence(q, p)';'RespondedExistence';'q';'p';0.858;0.988;0.988
'Response(q, p)';'Response';'q';'p';0.568;0.654;0.654
'NotSuccession(q, r)';'NotSuccession';'q';'r';0.774;0.892;0.892
'NotCoExistence(q, r)';'NotCoExistence';'q';'r';0.772;0.889;0.889
'CoExistence(q, s)';'CoExistence';'q';'s';0.788;0.814;0.814
'RespondedExistence(q, s)';'RespondedExistence';'q';'s';0.788;0.908;0.908
'Response(q, s)';'Response';'q';'s';0.434;0.500;0.500
'CoExistence(q, t)';'CoExistence';'q';'t';0.848;0.862;0.862
'RespondedExistence(q, t)';'RespondedExistence';'q';'t';0.848;0.977;0.977
'Response(q, t)';'Response';'q';'t';0.490;0.565;0.565
'CoExistence(q, u)';'CoExistence';'q';'u';0.774;0.801;0.801
'RespondedExistence(q, u)';'RespondedExistence';'q';'u';0.774;0.892;0.892
'CoExistence(q, v)';'CoExistence';'q';'v';0.808;0.831;0.831
'RespondedExistence(q, v)';'RespondedExistence';'q';'v';0.808;0.931;0.931
'CoExistence(q, w)';'CoExistence';'q';'w';0.758;0.777;0.777
'RespondedExistence(q, w)';'RespondedExistence';'q';'w';0.758;0.873;0.873
'CoExistence(q, z)';'CoExistence';'q';'z';0.796;0.821;0.821
'RespondedExistence(q, z)';'RespondedExistence';'q';'z';0.796;0.917;0.917
'AtMostOne(r)';'AtMostOne';'r';;0.094;0.979;0.979
'Precedence(a, r)';'Precedence';'r';'a';0.096;1.000;1.000
'AlternatePrecedence(a, r)';'AlternatePrecedence';'r';'a';0.096;1.000;1.000
'Precedence(b, r)';'Precedence';'r';'b';0.060;0.625;0.625
'AlternatePrecedence(b, r)';'AlternatePrecedence';'r';'b';0.060;0.625;0.625
'Precedence(c, r)';'Precedence';'r';'c';0.050;0.521;0.521
'AlternatePrecedence(c, r)';'AlternatePrecedence';'r';'c';0.050;0.521;0.521
'Precedence(d, r)';'Precedence';'r';'d';0.058;0.604;0.604
'AlternatePrecedence(d, r)';'AlternatePrecedence';'r';'d';0.058;0.604;0.604
'Precedence(e, r)';'Precedence';'r';'e';0.050;0.521;0.521
'Precedence(f, r)';'Precedence';'r';'f';0.056;0.583;0.583
'AlternatePrecedence(f, r)';'AlternatePrecedence';'r';'f';0.056;0.583;0.583
'Precedence(g, r)';'Precedence';'r';'g';0.066;0.688;0.688
'AlternatePrecedence(g, r)';'AlternatePrecedence';'r';'g';0.066;0.688;0.688
'Precedence(i, r)';'Precedence';'r';'i';0.054;0.563;0.563
'AlternatePrecedence(i, r)';'AlternatePrecedence';'r';'i';0.054;0.563;0.563
'Precedence(m, r)';'Precedence';'r';'m';0.054;0.563;0.563
'AlternatePrecedence(m, r)';'AlternatePrecedence';'r';'m';0.052;0.542;0.542
'Precedence(n, r)';'Precedence';'r';'n';0.058;0.604;0.604
'AlternatePrecedence(n, r)';'AlternatePrecedence';'r';'n';0.058;0.604;0.604
'Precedence(o, r)';'Precedence';'r';'o';0.068;0.708;0.708
'AlternatePrecedence(o, r)';'AlternatePrecedence';'r';'o';0.068;0.708;0.708
'Precedence(p, r)';'Precedence';'r';'p';0.074;0.771;0.771
'AlternatePrecedence(p, r)';'AlternatePrecedence';'r';'p';0.074;0.771;0.771
'Precedence(q, r)';'Precedence';'r';'q';0.094;0.979;0.979
'AlternatePrecedence(q, r)';'AlternatePrecedence';'r';'q';0.094;0.979;0.979
'ChainPrecedence(q, r)';'ChainPrecedence';'r';'q';0.086;0.896;0.896
'RespondedExistence(r, a)';'RespondedExistence';'r';'a';0.096;1.000;1.000
'Response(r, a)';'Response';'r';'a';0.060;0.625;0.625
'AlternateResponse(r, a)';'AlternateResponse';'r';'a';0.060;0.625;0.625
'NotSuccession(r, a)';'NotSuccession';'r';'a';0.940;0.940;0.940
'NotCoExistence(r, a)';'NotCoExistence';'r';'a';0.904;0.904;0.904
'RespondedExistence(r, b)';'RespondedExistence';'r';'b';0.096;1.000;1.000
'Response(r, b)';'Response';'r';'b';0.094;0.979;0.979
'AlternateResponse(r, b)';'AlternateResponse';'r';'b';0.094;0.979;0.979
'NotSuccession(r, b)';'NotSuccession';'r';'b';0.906;0.906;0.906
'NotCoExistence(r, b)';'NotCoExistence';'r';'b';0.904;0.904;0.904
'RespondedExistence(r, c)';'RespondedExistence';'r';'c';0.078;0.813;0.813
'NotSuccession(r, c)';'NotSuccession';'r';'c';0.852;0.968;0.968
'NotCoExistence(r, c)';'NotCoExistence';'r';'c';0.802;0.911;0.911
'RespondedExistence(r, d)';'RespondedExistence';'r';'d';0.096;1.000;1.000
'Response(r, d)';'Response';'r';'d';0.070;0.729;0.729
'AlternateResponse(r, d)';'AlternateResponse';'r';'d';0.070;0.729;0.729
'NotSuccession(r, d)';'NotSuccession';'r';'d';0.926;0.928;0.928
'NotCoExistence(r, d)';'NotCoExistence';'r';'d';0.902;0.904;0.904
'RespondedExistence(r, e)';'RespondedExistence';'r';'e';0.078;0.813;0.813
'Response(r, e)';'Response';'r';'e';0.054;0.563;0.563
'AlternateResponse(r, e)';'AlternateResponse';'r';'e';0.054;0.563;0.563
'NotSuccession(r, e)';'NotSuccession';'r';'e';0.796;0.936;0.936
'NotCoExistence(r, e)';'NotCoExistence';'r';'e';0.772;0.908;0.908
'RespondedExistence(r, f)';'RespondedExistence';'r';'f';0.092;0.958;0.958
'Response(r, f)';'Response';'r';'f';0.078;0.813;0.813
'AlternateResponse(r, f)';'AlternateResponse';'r';'f';0.078;0.813;0.813
'NotSuccession(r, f)';'NotSuccession';'r';'f';0.872;0.916;0.916
'NotCoExistence(r, f)';'NotCoExistence';'r';'f';0.860;0.903;0.903
'RespondedExistence(r, g)';'RespondedExistence';'r';'g';0.084;0.875;0.875
'NotSuccession(r, g)';'NotSuccession';'r';'g';0.870;0.946;0.946
'NotCoExistence(r, g)';'NotCoExistence';'r';'g';0.836;0.909;0.909
'RespondedExistence(r, h)';'RespondedExistence';'r';'h';0.060;0.625;0.625
'NotSuccession(r, h)';'NotSuccession';'r';'h';0.666;0.935;0.935
'NotCoExistence(r, h)';'NotCoExistence';'r';'h';0.652;0.916;0.916
'RespondedExistence(r, i)';'RespondedExistence';'r';'i';0.090;0.938;0.938
'Response(r, i)';'Response';'r';'i';0.068;0.708;0.708
'AlternateResponse(r, i)';'AlternateResponse';'r';'i';0.068;0.708;0.708
'NotSuccession(r, i)';'NotSuccession';'r';'i';0.814;0.923;0.923
'NotCoExistence(r, i)';'NotCoExistence';'r';'i';0.792;0.898;0.898
'RespondedExistence(r, l)';'RespondedExistence';'r';'l';0.062;0.646;0.646
'NotSuccession(r, l)';'NotSuccession';'r';'l';0.612;0.942;0.942
'NotCoExistence(r, l)';'NotCoExistence';'r';'l';0.588;0.905;0.905
'RespondedExistence(r, m)';'RespondedExistence';'r';'m';0.086;0.896;0.896
'Response(r, m)';'Response';'r';'m';0.056;0.583;0.583
'AlternateResponse(r, m)';'AlternateResponse';'r';'m';0.056;0.583;0.583
'NotSuccession(r, m)';'NotSuccession';'r';'m';0.824;0.936;0.936
'NotCoExistence(r, m)';'NotCoExistence';'r';'m';0.794;0.902;0.902
'RespondedExistence(r, n)';'RespondedExistence';'r';'n';0.094;0.979;0.979
'Response(r, n)';'Response';'r';'n';0.082;0.854;0.854
'AlternateResponse(r, n)';'AlternateResponse';'r';'n';0.080;0.833;0.833
'NotSuccession(r, n)';'NotSuccession';'r';'n';0.882;0.915;0.915
'NotCoExistence(r, n)';'NotCoExistence';'r';'n';0.870;0.902;0.902
'RespondedExistence(r, o)';'RespondedExistence';'r';'o';0.096;1.000;1.000
'Response(r, o)';'Response';'r';'o';0.072;0.750;0.750
'AlternateResponse(r, o)';'AlternateResponse';'r';'o';0.072;0.750;0.750
'NotSuccession(r, o)';'NotSuccession';'r';'o';0.850;0.922;0.922
'NotCoExistence(r, o)';'NotCoExistence';'r';'o';0.826;0.896;0.896
'RespondedExistence(r, p)';'RespondedExistence';'r';'p';0.096;1.000;1.000
'Response(r, p)';'Response';'r';'p';0.088;0.917;0.917
'AlternateResponse(r, p)';'AlternateResponse';'r';'p';0.088;0.917;0.917
'NotSuccession(r, p)';'NotSuccession';'r';'p';0.896;0.911;0.911
'NotCoExistence(r, p)';'NotCoExistence';'r';'p';0.888;0.902;0.902
'RespondedExistence(r, q)';'RespondedExistence';'r';'q';0.096;1.000;1.000
'Response(r, q)';'Response';'r';'q';0.052;0.542;0.542
'AlternateResponse(r, q)';'AlternateResponse';'r';'q';0.052;0.542;0.542
'NotSuccession(r, q)';'NotSuccession';'r';'q';0.816;0.940;0.940
'NotCoExistence(r, q)';'NotCoExistence';'r';'q';0.772;0.889;0.889
'RespondedExistence(r, s)';'RespondedExistence';'r';'s';0.092;0.958;0.958
'Response(r, s)';'Response';'r';'s';0.070;0.729;0.729
'AlternateResponse(r, s)';'AlternateResponse';'r';'s';0.070;0.729;0.729
'NotSuccession(r, s)';'NotSuccession';'r';'s';0.820;0.919;0.919
'NotCoExistence(r, s)';'NotCoExistence';'r';'s';0.800;0.897;0.897
'RespondedExistence(r, t)';'RespondedExistence';'r';'t';0.094;0.979;0.979
'Response(r, t)';'Response';'r';'t';0.068;0.708;0.708
'AlternateResponse(r, t)';'AlternateResponse';'r';'t';0.068;0.708;0.708
'NotSuccession(r, t)';'NotSuccession';'r';'t';0.898;0.930;0.930
'NotCoExistence(r, t)';'NotCoExistence';'r';'t';0.872;0.903;0.903
'RespondedExistence(r, u)';'RespondedExistence';'r';'u';0.088;0.917;0.917
'Response(r, u)';'Response';'r';'u';0.058;0.604;0.604
'AlternateResponse(r, u)';'AlternateResponse';'r';'u';0.058;0.604;0.604
'NotSuccession(r, u)';'NotSuccession';'r';'u';0.822;0.934;0.934
'NotCoExistence(r, u)';'NotCoExistence';'r';'u';0.792;0.900;0.900
'RespondedExistence(r, v)';'RespondedExistence';'r';'v';0.092;0.958;0.958
'Response(r, v)';'Response';'r';'v';0.058;0.604;0.604
'AlternateResponse(r, v)';'AlternateResponse';'r';'v';0.058;0.604;0.604
'NotSuccession(r, v)';'NotSuccession';'r';'v';0.856;0.934;0.934
'NotCoExistence(r, v)';'NotCoExistence';'r';'v';0.824;0.900;0.900
'RespondedExistence(r, w)';'RespondedExistence';'r';'w';0.086;0.896;0.896
'Response(r, w)';'Response';'r';'w';0.064;0.667;0.667
'AlternateResponse(r, w)';'AlternateResponse';'r';'w';0.064;0.667;0.667
'NotSuccession(r, w)';'NotSuccession';'r';'w';0.810;0.925;0.925
'NotCoExistence(r, w)';'NotCoExistence';'r';'w';0.790;0.902;0.902
'RespondedExistence(r, z)';'RespondedExistence';'r';'z';0.092;0.958;0.958
'Response(r, z)';'Response';'r';'z';0.070;0.729;0.729
'AlternateResponse(r, z)';'AlternateResponse';'r';'z';0.070;0.729;0.729
'NotSuccession(r, z)';'NotSuccession';'r';'z';0.830;0.920;0.920
'NotCoExistence(r, z)';'NotCoExistence';'r';'z';0.810;0.898;0.898
'Precedence(s, r)';'Precedence';'r';'s';0.056;0.583;0.583
'AlternatePrecedence(s, r)';'AlternatePrecedence';'r';'s';0.056;0.583;0.583
'Precedence(t, r)';'Precedence';'r';'t';0.056;0.583;0.583
'AlternatePrecedence(t, r)';'AlternatePrecedence';'r';'t';0.056;0.583;0.583
'Precedence(u, r)';'Precedence';'r';'u';0.058;0.604;0.604
'AlternatePrecedence(u, r)';'AlternatePrecedence';'r';'u';0.058;0.604;0.604
'Precedence(v, r)';'Precedence';'r';'v';0.062;0.646;0.646
'AlternatePrecedence(v, r)';'AlternatePrecedence';'r';'v';0.062;0.646;0.646
'Precedence(w, r)';'Precedence';'r';'w';0.058;0.604;0.604
'AlternatePrecedence(w, r)';'AlternatePrecedence';'r';'w';0.058;0.604;0.604
'Precedence(z, r)';'Precedence';'r';'z';0.056;0.583;0.583
'AlternatePrecedence(z, r)';'AlternatePrecedence';'r';'z';0.056;0.583;0.583
'Participation(s)';'Participation';'s';;0.888;0.888;0.888
'Precedence(a, s)';'Precedence';'s';'a';0.884;0.995;0.995
'Precedence(m, s)';'Precedence';'s';'m';0.454;0.511;0.511
'Precedence(n, s)';'Precedence';'s';'n';0.456;0.514;0.514
'Precedence(o, s)';'Precedence';'s';'o';0.462;0.520;0.520
'Precedence(p, s)';'Precedence';'s';'p';0.612;0.689;0.689
'CoExistence(s, a)';'CoExistence';'s';'a';0.888;0.888;0.888
'RespondedExistence(s, a)';'RespondedExistence';'s';'a';0.888;1.000;1.000
'CoExistence(s, b)';'CoExistence';'s';'b';0.888;0.888;0.888
'RespondedExistence(s, b)';'RespondedExistence';'s';'b';0.888;1.000;1.000
'Response(s, b)';'Response';'s';'b';0.868;0.977;0.977
'CoExistence(s, c)';'CoExistence';'s';'c';0.774;0.793;0.793
'RespondedExistence(s, c)';'RespondedExistence';'s';'c';0.774;0.872;0.872
'NotSuccession(s, c)';'NotSuccession';'s';'c';0.640;0.656;0.656
'CoExistence(s, d)';'CoExistence';'s';'d';0.886;0.886;0.886
'RespondedExistence(s, d)';'RespondedExistence';'s';'d';0.886;0.998;0.998
'Response(s, d)';'Response';'s';'d';0.462;0.520;0.520
'CoExistence(s, e)';'CoExistence';'s';'e';0.760;0.792;0.792
'RespondedExistence(s, e)';'RespondedExistence';'s';'e';0.760;0.856;0.856
'CoExistence(s, f)';'CoExistence';'s';'f';0.858;0.877;0.877
'RespondedExistence(s, f)';'RespondedExistence';'s';'f';0.858;0.966;0.966
'Response(s, f)';'Response';'s';'f';0.690;0.777;0.777
'CoExistence(s, g)';'CoExistence';'s';'g';0.816;0.833;0.833
'RespondedExistence(s, g)';'RespondedExistence';'s';'g';0.816;0.919;0.919
'CoExistence(s, h)';'CoExistence';'s';'h';0.620;0.657;0.657
'RespondedExistence(s, h)';'RespondedExistence';'s';'h';0.620;0.698;0.698
'CoExistence(s, i)';'CoExistence';'s';'i';0.798;0.826;0.826
'RespondedExistence(s, i)';'RespondedExistence';'s';'i';0.798;0.899;0.899
'CoExistence(s, l)';'CoExistence';'s';'l';0.562;0.597;0.597
'RespondedExistence(s, l)';'RespondedExistence';'s';'l';0.562;0.633;0.633
'NotSuccession(s, l)';'NotSuccession';'s';'l';0.498;0.529;0.529
'CoExistence(s, m)';'CoExistence';'s';'m';0.792;0.820;0.820
'RespondedExistence(s, m)';'RespondedExistence';'s';'m';0.792;0.892;0.892
'CoExistence(s, n)';'CoExistence';'s';'n';0.868;0.884;0.884
'RespondedExistence(s, n)';'RespondedExistence';'s';'n';0.868;0.977;0.977
'Response(s, n)';'Response';'s';'n';0.658;0.741;0.741
'CoExistence(s, o)';'CoExistence';'s';'o';0.832;0.851;0.851
'RespondedExistence(s, o)';'RespondedExistence';'s';'o';0.832;0.937;0.937
'CoExistence(s, p)';'CoExistence';'s';'p';0.880;0.887;0.887
'RespondedExistence(s, p)';'RespondedExistence';'s';'p';0.880;0.991;0.991
'Response(s, p)';'Response';'s';'p';0.572;0.644;0.644
'CoExistence(s, q)';'CoExistence';'s';'q';0.788;0.814;0.814
'RespondedExistence(s, q)';'RespondedExistence';'s';'q';0.788;0.887;0.887
'NotSuccession(s, r)';'NotSuccession';'s';'r';0.834;0.935;0.935
'NotCoExistence(s, r)';'NotCoExistence';'s';'r';0.800;0.897;0.897
'CoExistence(s, t)';'CoExistence';'s';'t';0.886;0.917;0.917
'RespondedExistence(s, t)';'RespondedExistence';'s';'t';0.886;0.998;0.998
'Response(s, t)';'Response';'s';'t';0.476;0.536;0.536
'CoExistence(s, u)';'CoExistence';'s';'u';0.802;0.837;0.837
'RespondedExistence(s, u)';'RespondedExistence';'s';'u';0.802;0.903;0.903
'CoExistence(s, v)';'CoExistence';'s';'v';0.822;0.840;0.840
'RespondedExistence(s, v)';'RespondedExistence';'s';'v';0.822;0.926;0.926
'CoExistence(s, w)';'CoExistence';'s';'w';0.780;0.801;0.801
'RespondedExistence(s, w)';'RespondedExistence';'s';'w';0.780;0.878;0.878
'CoExistence(s, z)';'CoExistence';'s';'z';0.806;0.822;0.822
'RespondedExistence(s, z)';'RespondedExistence';'s';'z';0.806;0.908;0.908
'Participation(t)';'Participation';'t';;0.964;0.964;0.964
'Precedence(a, t)';'Precedence';'t';'a';0.958;0.994;0.994
'Precedence(b, t)';'Precedence';'t';'b';0.486;0.504;0.504
'Precedence(c, t)';'Precedence';'t';'c';0.486;0.504;0.504
'Precedence(d, t)';'Precedence';'t';'d';0.500;0.519;0.519
'Precedence(m, t)';'Precedence';'t';'m';0.482;0.500;0.500
'Precedence(n, t)';'Precedence';'t';'n';0.508;0.527;0.527
'Precedence(o, t)';'Precedence';'t';'o';0.496;0.515;0.515
'Precedence(p, t)';'Precedence';'t';'p';0.630;0.654;0.654
'CoExistence(t, a)';'CoExistence';'t';'a';0.964;0.964;0.964
'RespondedExistence(t, a)';'RespondedExistence';'t';'a';0.964;1.000;1.000
'CoExistence(t, b)';'CoExistence';'t';'b';0.964;0.964;0.964
'RespondedExistence(t, b)';'RespondedExistence';'t';'b';0.964;1.000;1.000
'Response(t, b)';'Response';'t';'b';0.942;0.977;0.977
'CoExistence(t, c)';'CoExistence';'t';'c';0.836;0.844;0.844
'RespondedExistence(t, c)';'RespondedExistence';'t';'c';0.836;0.867;0.867
'NotSuccession(t, c)';'NotSuccession';'t';'c';0.634;0.640;0.640
'CoExistence(t, d)';'CoExistence';'t';'d';0.962;0.962;0.962
'RespondedExistence(t, d)';'RespondedExistence';'t';'d';0.962;0.998;0.998
'CoExistence(t, e)';'CoExistence';'t';'e';0.816;0.833;0.833
'RespondedExistence(t, e)';'RespondedExistence';'t';'e';0.816;0.846;0.846
'CoExistence(t, f)';'CoExistence';'t';'f';0.926;0.939;0.939
'RespondedExistence(t, f)';'RespondedExistence';'t';'f';0.926;0.961;0.961
'Response(t, f)';'Response';'t';'f';0.708;0.734;0.734
'CoExistence(t, g)';'CoExistence';'t';'g';0.882;0.891;0.891
'RespondedExistence(t, g)';'RespondedExistence';'t';'g';0.882;0.915;0.915
'CoExistence(t, h)';'CoExistence';'t';'h';0.668;0.687;0.687
'RespondedExistence(t, h)';'RespondedExistence';'t';'h';0.668;0.693;0.693
'CoExistence(t, i)';'CoExistence';'t';'i';0.852;0.862;0.862
'RespondedExistence(t, i)';'RespondedExistence';'t';'i';0.852;0.884;0.884
'CoExistence(t, l)';'CoExistence';'t';'l';0.604;0.619;0.619
'RespondedExistence(t, l)';'RespondedExistence';'t';'l';0.604;0.627;0.627
'NotSuccession(t, l)';'NotSuccession';'t';'l';0.516;0.529;0.529
'CoExistence(t, m)';'CoExistence';'t';'m';0.854;0.871;0.871
'RespondedExistence(t, m)';'RespondedExistence';'t';'m';0.854;0.886;0.886
'CoExistence(t, n)';'CoExistence';'t';'n';0.938;0.949;0.949
'RespondedExistence(t, n)';'RespondedExistence';'t';'n';0.938;0.973;0.973
'Response(t, n)';'Response';'t';'n';0.680;0.705;0.705
'CoExistence(t, o)';'CoExistence';'t';'o';0.892;0.897;0.897
'RespondedExistence(t, o)';'RespondedExistence';'t';'o';0.892;0.925;0.925
'CoExistence(t, p)';'CoExistence';'t';'p';0.948;0.948;0.948
'RespondedExistence(t, p)';'RespondedExistence';'t';'p';0.948;0.983;0.983
'Response(t, p)';'Response';'t';'p';0.566;0.587;0.587
'CoExistence(t, q)';'CoExistence';'t';'q';0.848;0.862;0.862
'RespondedExistence(t, q)';'RespondedExistence';'t';'q';0.848;0.880;0.880
'NotSuccession(t, r)';'NotSuccession';'t';'r';0.908;0.940;0.940
'NotCoExistence(t, r)';'NotCoExistence';'t';'r';0.872;0.903;0.903
'CoExistence(t, s)';'CoExistence';'t';'s';0.886;0.917;0.917
'RespondedExistence(t, s)';'RespondedExistence';'t';'s';0.886;0.919;0.919
'CoExistence(t, u)';'CoExistence';'t';'u';0.856;0.873;0.873
'RespondedExistence(t, u)';'RespondedExistence';'t';'u';0.856;0.888;0.888
'CoExistence(t, v)';'CoExistence';'t';'v';0.892;0.907;0.907
'RespondedExistence(t, v)';'RespondedExistence';'t';'v';0.892;0.925;0.925
'CoExistence(t, w)';'CoExistence';'t';'w';0.838;0.845;0.845
'RespondedExistence(t, w)';'RespondedExistence';'t';'w';0.838;0.869;0.869
'CoExistence(t, z)';'CoExistence';'t';'z';0.878;0.892;0.892
'RespondedExistence(t, z)';'RespondedExistence';'t';'z';0.878;0.911;0.911
'Precedence(u, t)';'Precedence';'t';'u';0.504;0.523;0.523
'Precedence(v, t)';'Precedence';'t';'v';0.506;0.525;0.525
'Participation(u)';'Participation';'u';;0.872;0.872;0.872
'Precedence(a, u)';'Precedence';'u';'a';0.866;0.993;0.993
'Precedence(p, u)';'Precedence';'u';'p';0.550;0.631;0.631
'CoExistence(u, a)';'CoExistence';'u';'a';0.872;0.872;0.872
'RespondedExistence(u, a)';'RespondedExistence';'u';'a';0.872;1.000;1.000
'CoExistence(u, b)';'CoExistence';'u';'b';0.872;0.872;0.872
'RespondedExistence(u, b)';'RespondedExistence';'u';'b';0.872;1.000;1.000
'Response(u, b)';'Response';'u';'b';0.850;0.975;0.975
'CoExistence(u, c)';'CoExistence';'u';'c';0.752;0.766;0.766
'RespondedExistence(u, c)';'RespondedExistence';'u';'c';0.752;0.862;0.862
'NotSuccession(u, c)';'NotSuccession';'u';'c';0.630;0.642;0.642
'CoExistence(u, d)';'CoExistence';'u';'d';0.870;0.870;0.870
'RespondedExistence(u, d)';'RespondedExistence';'u';'d';0.870;0.998;0.998
'Response(u, d)';'Response';'u';'d';0.446;0.511;0.511
'CoExistence(u, e)';'CoExistence';'u';'e';0.740;0.768;0.768
'RespondedExistence(u, e)';'RespondedExistence';'u';'e';0.740;0.849;0.849
'CoExistence(u, f)';'CoExistence';'u';'f';0.840;0.857;0.857
'RespondedExistence(u, f)';'RespondedExistence';'u';'f';0.840;0.963;0.963
'Response(u, f)';'Response';'u';'f';0.640;0.734;0.734
'CoExistence(u, g)';'CoExistence';'u';'g';0.798;0.813;0.813
'RespondedExistence(u, g)';'RespondedExistence';'u';'g';0.798;0.915;0.915
'CoExistence(u, h)';'CoExistence';'u';'h';0.600;0.633;0.633
'RespondedExistence(u, h)';'RespondedExistence';'u';'h';0.600;0.688;0.688
'CoExistence(u, i)';'CoExistence';'u';'i';0.782;0.810;0.810
'RespondedExistence(u, i)';'RespondedExistence';'u';'i';0.782;0.897;0.897
'CoExistence(u, l)';'CoExistence';'u';'l';0.546;0.580;0.580
'RespondedExistence(u, l)';'RespondedExistence';'u';'l';0.546;0.626;0.626
'NotSuccession(u, l)';'NotSuccession';'u';'l';0.478;0.507;0.507
'CoExistence(u, m)';'CoExistence';'u';'m';0.770;0.792;0.792
'RespondedExistence(u, m)';'RespondedExistence';'u';'m';0.770;0.883;0.883
'CoExistence(u, n)';'CoExistence';'u';'n';0.848;0.860;0.860
'RespondedExistence(u, n)';'RespondedExistence';'u';'n';0.848;0.972;0.972
'Response(u, n)';'Response';'u';'n';0.654;0.750;0.750
'CoExistence(u, o)';'CoExistence';'u';'o';0.814;0.831;0.831
'RespondedExistence(u, o)';'RespondedExistence';'u';'o';0.814;0.933;0.933
'CoExistence(u, p)';'CoExistence';'u';'p';0.862;0.867;0.867
'RespondedExistence(u, p)';'RespondedExistence';'u';'p';0.862;0.989;0.989
'Response(u, p)';'Response';'u';'p';0.544;0.624;0.624
'CoExistence(u, q)';'CoExistence';'u';'q';0.774;0.801;0.801
'RespondedExistence(u, q)';'RespondedExistence';'u';'q';0.774;0.888;0.888
'NotSuccession(u, r)';'NotSuccession';'u';'r';0.820;0.932;0.932
'NotCoExistence(u, r)';'NotCoExistence';'u';'r';0.792;0.900;0.900
'CoExistence(u, s)';'CoExistence';'u';'s';0.802;0.837;0.837
'RespondedExistence(u, s)';'RespondedExistence';'u';'s';0.802;0.920;0.920
'CoExistence(u, t)';'CoExistence';'u';'t';0.856;0.873;0.873
'RespondedExistence(u, t)';'RespondedExistence';'u';'t';0.856;0.982;0.982
'Response(u, t)';'Response';'u';'t';0.454;0.521;0.521
'CoExistence(u, v)';'CoExistence';'u';'v';0.806;0.824;0.824
'RespondedExistence(u, v)';'RespondedExistence';'u';'v';0.806;0.924;0.924
'CoExistence(u, w)';'CoExistence';'u';'w';0.762;0.781;0.781
'RespondedExistence(u, w)';'RespondedExistence';'u';'w';0.762;0.874;0.874
'CoExistence(u, z)';'CoExistence';'u';'z';0.798;0.821;0.821
'RespondedExistence(u, z)';'RespondedExistence';'u';'z';0.798;0.915;0.915
'Participation(v)';'Participation';'v';;0.912;0.912;0.912
'Precedence(a, v)';'Precedence';'v';'a';0.908;0.996;0.996
'Precedence(p, v)';'Precedence';'v';'p';0.580;0.636;0.636
'CoExistence(v, a)';'CoExistence';'v';'a';0.912;0.912;0.912
'RespondedExistence(v, a)';'RespondedExistence';'v';'a';0.912;1.000;1.000
'Response(v, a)';'Response';'v';'a';0.458;0.502;0.502
'CoExistence(v, b)';'CoExistence';'v';'b';0.912;0.912;0.912
'RespondedExistence(v, b)';'RespondedExistence';'v';'b';0.912;1.000;1.000
'Response(v, b)';'Response';'v';'b';0.882;0.967;0.967
'CoExistence(v, c)';'CoExistence';'v';'c';0.792;0.807;0.807
'RespondedExistence(v, c)';'RespondedExistence';'v';'c';0.792;0.868;0.868
'NotSuccession(v, c)';'NotSuccession';'v';'c';0.586;0.597;0.597
'CoExistence(v, d)';'CoExistence';'v';'d';0.910;0.910;0.910
'RespondedExistence(v, d)';'RespondedExistence';'v';'d';0.910;0.998;0.998
'Response(v, d)';'Response';'v';'d';0.478;0.524;0.524
'CoExistence(v, e)';'CoExistence';'v';'e';0.768;0.787;0.787
'RespondedExistence(v, e)';'RespondedExistence';'v';'e';0.768;0.842;0.842
'CoExistence(v, f)';'CoExistence';'v';'f';0.880;0.898;0.898
'RespondedExistence(v, f)';'RespondedExistence';'v';'f';0.880;0.965;0.965
'Response(v, f)';'Response';'v';'f';0.698;0.765;0.765
'CoExistence(v, g)';'CoExistence';'v';'g';0.830;0.838;0.838
'RespondedExistence(v, g)';'RespondedExistence';'v';'g';0.830;0.910;0.910
'CoExistence(v, h)';'CoExistence';'v';'h';0.624;0.647;0.647
'RespondedExistence(v, h)';'RespondedExistence';'v';'h';0.624;0.684;0.684
'CoExistence(v, i)';'CoExistence';'v';'i';0.802;0.813;0.813
'RespondedExistence(v, i)';'RespondedExistence';'v';'i';0.802;0.879;0.879
'CoExistence(v, l)';'CoExistence';'v';'l';0.570;0.595;0.595
'RespondedExistence(v, l)';'RespondedExistence';'v';'l';0.570;0.625;0.625
'NotSuccession(v, l)';'NotSuccession';'v';'l';0.498;0.520;0.520
'CoExistence(v, m)';'CoExistence';'v';'m';0.798;0.811;0.811
'RespondedExistence(v, m)';'RespondedExistence';'v';'m';0.798;0.875;0.875
'CoExistence(v, n)';'CoExistence';'v';'n';0.882;0.889;0.889
'RespondedExistence(v, n)';'RespondedExistence';'v';'n';0.882;0.967;0.967
'Response(v, n)';'Response';'v';'n';0.650;0.713;0.713
'CoExistence(v, o)';'CoExistence';'v';'o';0.850;0.864;0.864
'RespondedExistence(v, o)';'RespondedExistence';'v';'o';0.850;0.932;0.932
'CoExistence(v, p)';'CoExistence';'v';'p';0.900;0.904;0.904
'RespondedExistence(v, p)';'RespondedExistence';'v';'p';0.900;0.987;0.987
'Response(v, p)';'Response';'v';'p';0.594;0.651;0.651
'CoExistence(v, q)';'CoExistence';'v';'q';0.808;0.831;0.831
'RespondedExistence(v, q)';'RespondedExistence';'v';'q';0.808;0.886;0.886
'NotSuccession(v, r)';'NotSuccession';'v';'r';0.854;0.932;0.932
'NotCoExistence(v, r)';'NotCoExistence';'v';'r';0.824;0.900;0.900
'CoExistence(v, s)';'CoExistence';'v';'s';0.822;0.840;0.840
'RespondedExistence(v, s)';'RespondedExistence';'v';'s';0.822;0.901;0.901
'CoExistence(v, t)';'CoExistence';'v';'t';0.892;0.907;0.907
'RespondedExistence(v, t)';'RespondedExistence';'v';'t';0.892;0.978;0.978
'Response(v, t)';'Response';'v';'t';0.488;0.535;0.535
'CoExistence(v, u)';'CoExistence';'v';'u';0.806;0.824;0.824
'RespondedExistence(v, u)';'RespondedExistence';'v';'u';0.806;0.884;0.884
'CoExistence(v, w)';'CoExistence';'v';'w';0.794;0.807;0.807
'RespondedExistence(v, w)';'RespondedExistence';'v';'w';0.794;0.871;0.871
'CoExistence(v, z)';'CoExistence';'v';'z';0.828;0.843;0.843
'RespondedExistence(v, z)';'RespondedExistence';'v';'z';0.828;0.908;0.908
'Participation(w)';'Participation';'w';;0.866;0.866;0.866
'Precedence(a, w)';'Precedence';'w';'a';0.862;0.995;0.995
'Precedence(p, w)';'Precedence';'w';'p';0.576;0.665;0.665
'CoExistence(w, a)';'CoExistence';'w';'a';0.866;0.866;0.866
'RespondedExistence(w, a)';'RespondedExistence';'w';'a';0.866;1.000;1.000
'CoExistence(w, b)';'CoExistence';'w';'b';0.866;0.866;0.866
'RespondedExistence(w, b)';'RespondedExistence';'w';'b';0.866;1.000;1.000
'Response(w, b)';'Response';'w';'b';0.846;0.977;0.977
'CoExistence(w, c)';'CoExistence';'w';'c';0.746;0.760;0.760
'RespondedExistence(w, c)';'RespondedExistence';'w';'c';0.746;0.861;0.861
'NotSuccession(w, c)';'NotSuccession';'w';'c';0.622;0.633;0.633
'CoExistence(w, d)';'CoExistence';'w';'d';0.864;0.864;0.864
'RespondedExistence(w, d)';'RespondedExistence';'w';'d';0.864;0.998;0.998
'Response(w, d)';'Response';'w';'d';0.458;0.529;0.529
'CoExistence(w, e)';'CoExistence';'w';'e';0.734;0.761;0.761
'RespondedExistence(w, e)';'RespondedExistence';'w';'e';0.734;0.848;0.848
'CoExistence(w, f)';'CoExistence';'w';'f';0.832;0.847;0.847
'RespondedExistence(w, f)';'RespondedExistence';'w';'f';0.832;0.961;0.961
'Response(w, f)';'Response';'w';'f';0.638;0.737;0.737
'CoExistence(w, g)';'CoExistence';'w';'g';0.786;0.796;0.796
'RespondedExistence(w, g)';'RespondedExistence';'w';'g';0.786;0.908;0.908
'CoExistence(w, h)';'CoExistence';'w';'h';0.608;0.651;0.651
'RespondedExistence(w, h)';'RespondedExistence';'w';'h';0.608;0.702;0.702
'CoExistence(w, i)';'CoExistence';'w';'i';0.772;0.796;0.796
'RespondedExistence(w, i)';'RespondedExistence';'w';'i';0.772;0.891;0.891
'CoExistence(w, l)';'CoExistence';'w';'l';0.536;0.567;0.567
'RespondedExistence(w, l)';'RespondedExistence';'w';'l';0.536;0.619;0.619
'NotSuccession(w, l)';'NotSuccession';'w';'l';0.504;0.533;0.533
'CoExistence(w, m)';'CoExistence';'w';'m';0.762;0.782;0.782
'RespondedExistence(w, m)';'RespondedExistence';'w';'m';0.762;0.880;0.880
'CoExistence(w, n)';'CoExistence';'w';'n';0.840;0.850;0.850
'RespondedExistence(w, n)';'RespondedExistence';'w';'n';0.840;0.970;0.970
'Response(w, n)';'Response';'w';'n';0.618;0.714;0.714
'CoExistence(w, o)';'CoExistence';'w';'o';0.806;0.821;0.821
'RespondedExistence(w, o)';'RespondedExistence';'w';'o';0.806;0.931;0.931
'CoExistence(w, p)';'CoExistence';'w';'p';0.856;0.861;0.861
'RespondedExistence(w, p)';'RespondedExistence';'w';'p';0.856;0.988;0.988
'Response(w, p)';'Response';'w';'p';0.548;0.633;0.633
'CoExistence(w, q)';'CoExistence';'w';'q';0.758;0.777;0.777
'RespondedExistence(w, q)';'RespondedExistence';'w';'q';0.758;0.875;0.875
'NotSuccession(w, r)';'NotSuccession';'w';'r';0.816;0.932;0.932
'NotCoExistence(w, r)';'NotCoExistence';'w';'r';0.790;0.902;0.902
'CoExistence(w, s)';'CoExistence';'w';'s';0.780;0.801;0.801
'RespondedExistence(w, s)';'RespondedExistence';'w';'s';0.780;0.901;0.901
'CoExistence(w, t)';'CoExistence';'w';'t';0.838;0.845;0.845
'RespondedExistence(w, t)';'RespondedExistence';'w';'t';0.838;0.968;0.968
'CoExistence(w, u)';'CoExistence';'w';'u';0.762;0.781;0.781
'RespondedExistence(w, u)';'RespondedExistence';'w';'u';0.762;0.880;0.880
'CoExistence(w, v)';'CoExistence';'w';'v';0.794;0.807;0.807
'RespondedExistence(w, v)';'RespondedExistence';'w';'v';0.794;0.917;0.917
'CoExistence(w, z)';'CoExistence';'w';'z';0.788;0.807;0.807
'RespondedExistence(w, z)';'RespondedExistence';'w';'z';0.788;0.910;0.910
'Participation(z)';'Participation';'z';;0.898;0.898;0.898
'Precedence(a, z)';'Precedence';'z';'a';0.894;0.996;0.996
'Precedence(b, z)';'Precedence';'z';'b';0.452;0.503;0.503
'Precedence(p, z)';'Precedence';'z';'p';0.602;0.670;0.670
'CoExistence(z, a)';'CoExistence';'z';'a';0.898;0.898;0.898
'RespondedExistence(z, a)';'RespondedExistence';'z';'a';0.898;1.000;1.000
'CoExistence(z, b)';'CoExistence';'z';'b';0.898;0.898;0.898
'RespondedExistence(z, b)';'RespondedExistence';'z';'b';0.898;1.000;1.000
'Response(z, b)';'Response';'z';'b';0.878;0.978;0.978
'CoExistence(z, c)';'CoExistence';'z';'c';0.782;0.800;0.800
'RespondedExistence(z, c)';'RespondedExistence';'z';'c';0.782;0.871;0.871
'NotSuccession(z, c)';'NotSuccession';'z';'c';0.604;0.618;0.618
'CoExistence(z, d)';'CoExistence';'z';'d';0.896;0.896;0.896
'RespondedExistence(z, d)';'RespondedExistence';'z';'d';0.896;0.998;0.998
'Response(z, d)';'Response';'z';'d';0.486;0.541;0.541
'CoExistence(z, e)';'CoExistence';'z';'e';0.756;0.776;0.776
'RespondedExistence(z, e)';'RespondedExistence';'z';'e';0.756;0.842;0.842
'CoExistence(z, f)';'CoExistence';'z';'f';0.858;0.868;0.868
'RespondedExistence(z, f)';'RespondedExistence';'z';'f';0.858;0.955;0.955
'Response(z, f)';'Response';'z';'f';0.674;0.751;0.751
'CoExistence(z, g)';'CoExistence';'z';'g';0.824;0.839;0.839
'RespondedExistence(z, g)';'RespondedExistence';'z';'g';0.824;0.918;0.918
'CoExistence(z, h)';'CoExistence';'z';'h';0.614;0.640;0.640
'RespondedExistence(z, h)';'RespondedExistence';'z';'h';0.614;0.684;0.684
'CoExistence(z, i)';'CoExistence';'z';'i';0.798;0.818;0.818
'RespondedExistence(z, i)';'RespondedExistence';'z';'i';0.798;0.889;0.889
'CoExistence(z, l)';'CoExistence';'z';'l';0.570;0.604;0.604
'RespondedExistence(z, l)';'RespondedExistence';'z';'l';0.570;0.635;0.635
'NotSuccession(z, l)';'NotSuccession';'z';'l';0.486;0.515;0.515
'CoExistence(z, m)';'CoExistence';'z';'m';0.794;0.815;0.815
'RespondedExistence(z, m)';'RespondedExistence';'z';'m';0.794;0.884;0.884
'CoExistence(z, n)';'CoExistence';'z';'n';0.868;0.875;0.875
'RespondedExistence(z, n)';'RespondedExistence';'z';'n';0.868;0.967;0.967
'Response(z, n)';'Response';'z';'n';0.644;0.717;0.717
'CoExistence(z, o)';'CoExistence';'z';'o';0.838;0.853;0.853
'RespondedExistence(z, o)';'RespondedExistence';'z';'o';0.838;0.933;0.933
'CoExistence(z, p)';'CoExistence';'z';'p';0.886;0.890;0.890
'RespondedExistence(z, p)';'RespondedExistence';'z';'p';0.886;0.987;0.987
'Response(z, p)';'Response';'z';'p';0.572;0.637;0.637
'CoExistence(z, q)';'CoExistence';'z';'q';0.796;0.821;0.821
'RespondedExistence(z, q)';'RespondedExistence';'z';'q';0.796;0.886;0.886
'NotSuccession(z, r)';'NotSuccession';'z';'r';0.844;0.936;0.936
'NotCoExistence(z, r)';'NotCoExistence';'z';'r';0.810;0.898;0.898
'CoExistence(z, s)';'CoExistence';'z';'s';0.806;0.822;0.822
'RespondedExistence(z, s)';'RespondedExistence';'z';'s';0.806;0.898;0.898
'CoExistence(z, t)';'CoExistence';'z';'t';0.878;0.892;0.892
'RespondedExistence(z, t)';'RespondedExistence';'z';'t';0.878;0.978;0.978
'Response(z, t)';'Response';'z';'t';0.454;0.506;0.506
'CoExistence(z, u)';'CoExistence';'z';'u';0.798;0.821;0.821
'RespondedExistence(z, u)';'RespondedExistence';'z';'u';0.798;0.889;0.889
'CoExistence(z, v)';'CoExistence';'z';'v';0.828;0.843;0.843
'RespondedExistence(z, v)';'RespondedExistence';'z';'v';0.828;0.922;0.922
'CoExistence(z, w)';'CoExistence';'z';'w';0.788;0.807;0.807
'RespondedExistence(z, w)';'RespondedExistence';'z';'w';0.788;0.878;0.878
