Rank-5-true;Rank-5-TOT;Measure
11;1290;ORIGINAL-MODEL
3;652;Recall
2;6;Laplace Correction
1;8;Information Gain
1;8;Example and Counterexample Rate
1;8;Confidence
1;8;Compliance
1;6;Support
1;6;Prevalence
1;6;Odd Multiplier
1;6;Lift
1;6;Least Contradiction
1;6;Jaccard
1;6;Cosine
1;6;Conviction
1;6;Accuracy
0;458;Ylue Y
0;457;Ylue Q
0;457;Odds Ratio
0;454;Specificity
0;454;Relative Risk
0;13;Linear Correlation Coefficient
0;8;Sebag-Schoenauer
0;8;Lovinger
0;7;Two-way Support Variation
0;6;Zhang
0;6;Two-way Support
0;6;Piatetsky-Shapiro
0;6;One-way Support
0;6;Leverage
0;6;Klosgen
0;6;J Measure
0;6;Interestingness Weighting Dependency
0;6;Gini Index
0;6;Coverage
0;6;Collective Strength
0;6;Certainty factor
0;6;Added Value
