Rank-1500-true;Rank-1500-TOT;Measure
11;1290;ORIGINAL-MODEL
11;1290;Two-way Support
11;1290;Support
11;1290;Sebag-Schoenauer
11;1290;Recall
11;1290;Prevalence
11;1290;Piatetsky-Shapiro
11;1290;One-way Support
11;1290;Lift
11;1290;Leverage
11;1290;Least Contradiction
11;1290;Laplace Correction
11;1290;Klosgen
11;1290;Jaccard
11;1290;Interestingness Weighting Dependency
11;1290;Information Gain
11;1290;Example and Counterexample Rate
11;1290;Coverage
11;1290;Cosine
11;1290;Confidence
11;1290;Compliance
11;1290;Added Value
11;1290;Accuracy
11;1286;Zhang
11;1286;Odd Multiplier
11;1286;Lovinger
11;1286;Conviction
11;1286;Certainty factor
11;1283;J Measure
8;1117;Linear Correlation Coefficient
8;1092;Ylue Y
8;1092;Ylue Q
8;1092;Specificity
8;1092;Relative Risk
8;1092;Odds Ratio
8;1092;Gini Index
8;1092;Collective Strength
7;615;Two-way Support Variation
