Rank-10-true;Rank-10-TOT;Measure
11;1290;ORIGINAL-MODEL
3;652;Recall
2;25;Prevalence
2;14;Compliance
2;11;Lift
2;11;Laplace Correction
2;11;Example and Counterexample Rate
2;11;Conviction
2;11;Confidence
1;15;Information Gain
1;14;Added Value
1;13;Support
1;13;Least Contradiction
1;13;Jaccard
1;13;Cosine
1;13;Accuracy
1;11;One-way Support
1;11;Odd Multiplier
0;458;Ylue Y
0;457;Ylue Q
0;457;Odds Ratio
0;454;Specificity
0;454;Relative Risk
0;14;Piatetsky-Shapiro
0;14;Coverage
0;13;Lovinger
0;13;Linear Correlation Coefficient
0;13;Leverage
0;12;Sebag-Schoenauer
0;11;Zhang
0;11;Two-way Support Variation
0;11;Two-way Support
0;11;Klosgen
0;11;J Measure
0;11;Interestingness Weighting Dependency
0;11;Gini Index
0;11;Collective Strength
0;11;Certainty factor
