Rank-100-true;Rank-100-TOT;Measure
11;1290;ORIGINAL-MODEL
7;106;Example and Counterexample Rate
7;106;Confidence
7;102;Laplace Correction
7;101;Zhang
7;101;Two-way Support Variation
7;101;Odd Multiplier
7;101;Linear Correlation Coefficient
7;101;Conviction
7;101;Certainty factor
6;107;Compliance
6;102;Klosgen
6;101;Two-way Support
6;101;Piatetsky-Shapiro
6;101;Interestingness Weighting Dependency
5;102;Lift
5;101;One-way Support
5;101;Added Value
4;254;Lovinger
4;124;Prevalence
4;102;Information Gain
3;652;Recall
3;187;Coverage
3;106;Accuracy
3;104;Support
2;102;Sebag-Schoenauer
2;101;Leverage
2;101;Least Contradiction
2;101;Jaccard
2;101;Cosine
1;101;Gini Index
0;458;Ylue Y
0;457;Ylue Q
0;457;Odds Ratio
0;454;Specificity
0;454;Relative Risk
0;101;J Measure
0;101;Collective Strength
