Rank-500-true;Rank-500-TOT;Measure
11;1320;ORIGINAL-MODEL
11;503;Compliance
11;502;Laplace Correction
11;502;Example and Counterexample Rate
11;502;Confidence
10;502;Accuracy
10;501;Lovinger
9;501;Least Contradiction
9;501;Jaccard
9;501;Cosine
8;501;Leverage
7;502;Zhang
7;502;Two-way Support
7;502;Prevalence
7;502;Piatetsky-Shapiro
7;502;One-way Support
7;502;Interestingness Weighting Dependency
7;502;Information Gain
7;502;Added Value
7;501;Ylue Y
7;501;Ylue Q
7;501;Two-way Support Variation
7;501;Odd Multiplier
7;501;Linear Correlation Coefficient
7;501;Lift
7;501;Klosgen
7;501;J Measure
7;501;Conviction
7;501;Certainty factor
6;516;Support
6;501;Relative Risk
6;501;Gini Index
4;501;Specificity
4;501;Odds Ratio
3;677;Recall
3;501;Sebag-Schoenauer
3;501;Coverage
3;501;Collective Strength
