Rank-10-true;Rank-10-TOT;Measure
11;1320;ORIGINAL-MODEL
4;11;Odd Multiplier
4;11;Conviction
3;677;Recall
3;11;Lift
2;17;Example and Counterexample Rate
2;17;Confidence
1;423;Ylue Y
1;423;Ylue Q
1;28;Information Gain
1;17;Sebag-Schoenauer
1;17;Compliance
1;14;Support
1;14;Prevalence
1;14;Least Contradiction
1;14;Laplace Correction
1;14;Jaccard
1;14;Cosine
1;14;Accuracy
1;11;One-way Support
0;423;Odds Ratio
0;420;Specificity
0;420;Relative Risk
0;25;Linear Correlation Coefficient
0;15;Piatetsky-Shapiro
0;15;Added Value
0;13;Lovinger
0;13;Coverage
0;11;Zhang
0;11;Two-way Support Variation
0;11;Two-way Support
0;11;Leverage
0;11;Klosgen
0;11;J Measure
0;11;Interestingness Weighting Dependency
0;11;Gini Index
0;11;Collective Strength
0;11;Certainty factor
