Rank-50-true;Rank-50-TOT;Measure
11;1320;ORIGINAL-MODEL
6;51;Odd Multiplier
6;51;Conviction
5;51;Zhang
5;51;Certainty factor
3;677;Recall
3;234;Coverage
3;55;Lift
3;53;Information Gain
3;52;Two-way Support
3;51;Two-way Support Variation
3;51;Piatetsky-Shapiro
3;51;One-way Support
3;51;Klosgen
3;51;Interestingness Weighting Dependency
3;51;Added Value
2;84;Prevalence
2;52;Example and Counterexample Rate
2;52;Confidence
2;51;Laplace Correction
2;51;Compliance
1;423;Ylue Y
1;423;Ylue Q
1;57;Accuracy
1;54;Support
1;53;Jaccard
1;53;Cosine
1;52;Least Contradiction
1;51;Sebag-Schoenauer
1;51;Lovinger
1;51;Linear Correlation Coefficient
1;51;Leverage
0;423;Odds Ratio
0;420;Specificity
0;420;Relative Risk
0;51;J Measure
0;51;Gini Index
0;51;Collective Strength
