'Constraint';'Template';'Activation';'Target';'Support';'Confidence level';'Interest factor'
'Init(a)';'Init';'a';;0.942;0.942;0.942
'CoExistence(a, b)';'CoExistence';'a';'b';1.000;1.000;1.000
'RespondedExistence(a, b)';'RespondedExistence';'a';'b';1.000;1.000;1.000
'CoExistence(a, c)';'CoExistence';'a';'c';0.888;0.888;0.888
'RespondedExistence(a, c)';'RespondedExistence';'a';'c';0.888;0.888;0.888
'CoExistence(a, d)';'CoExistence';'a';'d';1.000;1.000;1.000
'Succession(a, d)';'Succession';'a';'d';0.592;0.592;0.592
'RespondedExistence(a, d)';'RespondedExistence';'a';'d';1.000;1.000;1.000
'Response(a, d)';'Response';'a';'d';0.600;0.600;0.600
'CoExistence(a, e)';'CoExistence';'a';'e';0.890;0.890;0.890
'RespondedExistence(a, e)';'RespondedExistence';'a';'e';0.890;0.890;0.890
'CoExistence(a, f)';'CoExistence';'a';'f';0.980;0.980;0.980
'Succession(a, f)';'Succession';'a';'f';0.784;0.784;0.784
'RespondedExistence(a, f)';'RespondedExistence';'a';'f';0.980;0.980;0.980
'Response(a, f)';'Response';'a';'f';0.798;0.798;0.798
'CoExistence(a, g)';'CoExistence';'a';'g';0.900;0.900;0.900
'RespondedExistence(a, g)';'RespondedExistence';'a';'g';0.900;0.900;0.900
'CoExistence(a, h)';'CoExistence';'a';'h';0.666;0.666;0.666
'RespondedExistence(a, h)';'RespondedExistence';'a';'h';0.666;0.666;0.666
'CoExistence(a, i)';'CoExistence';'a';'i';0.888;0.888;0.888
'RespondedExistence(a, i)';'RespondedExistence';'a';'i';0.888;0.888;0.888
'Response(a, i)';'Response';'a';'i';0.500;0.500;0.500
'CoExistence(a, l)';'CoExistence';'a';'l';0.714;0.714;0.714
'RespondedExistence(a, l)';'RespondedExistence';'a';'l';0.714;0.714;0.714
'CoExistence(a, m)';'CoExistence';'a';'m';0.850;0.850;0.850
'RespondedExistence(a, m)';'RespondedExistence';'a';'m';0.850;0.850;0.850
'CoExistence(a, n)';'CoExistence';'a';'n';0.976;0.976;0.976
'Succession(a, n)';'Succession';'a';'n';0.752;0.752;0.752
'RespondedExistence(a, n)';'RespondedExistence';'a';'n';0.976;0.976;0.976
'Response(a, n)';'Response';'a';'n';0.766;0.766;0.766
'CoExistence(a, o)';'CoExistence';'a';'o';0.908;0.908;0.908
'RespondedExistence(a, o)';'RespondedExistence';'a';'o';0.908;0.908;0.908
'CoExistence(a, p)';'CoExistence';'a';'p';0.990;0.990;0.990
'Succession(a, p)';'Succession';'a';'p';0.636;0.636;0.636
'RespondedExistence(a, p)';'RespondedExistence';'a';'p';0.990;0.990;0.990
'Response(a, p)';'Response';'a';'p';0.652;0.652;0.652
'CoExistence(a, q)';'CoExistence';'a';'q';0.912;0.912;0.912
'RespondedExistence(a, q)';'RespondedExistence';'a';'q';0.912;0.912;0.912
'NotSuccession(a, r)';'NotSuccession';'a';'r';0.892;0.892;0.892
'NotCoExistence(a, r)';'NotCoExistence';'a';'r';0.890;0.890;0.890
'CoExistence(a, s)';'CoExistence';'a';'s';0.898;0.898;0.898
'RespondedExistence(a, s)';'RespondedExistence';'a';'s';0.898;0.898;0.898
'CoExistence(a, t)';'CoExistence';'a';'t';0.980;0.980;0.980
'Succession(a, t)';'Succession';'a';'t';0.576;0.576;0.576
'RespondedExistence(a, t)';'RespondedExistence';'a';'t';0.980;0.980;0.980
'Response(a, t)';'Response';'a';'t';0.586;0.586;0.586
'CoExistence(a, u)';'CoExistence';'a';'u';0.880;0.880;0.880
'RespondedExistence(a, u)';'RespondedExistence';'a';'u';0.880;0.880;0.880
'CoExistence(a, v)';'CoExistence';'a';'v';0.904;0.904;0.904
'RespondedExistence(a, v)';'RespondedExistence';'a';'v';0.904;0.904;0.904
'Response(a, v)';'Response';'a';'v';0.502;0.502;0.502
'CoExistence(a, w)';'CoExistence';'a';'w';0.896;0.896;0.896
'RespondedExistence(a, w)';'RespondedExistence';'a';'w';0.896;0.896;0.896
'CoExistence(a, z)';'CoExistence';'a';'z';0.912;0.912;0.912
'RespondedExistence(a, z)';'RespondedExistence';'a';'z';0.912;0.912;0.912
'End(b)';'End';'b';;0.938;0.938;0.938
'CoExistence(b, a)';'CoExistence';'b';'a';1.000;1.000;1.000
'RespondedExistence(b, a)';'RespondedExistence';'b';'a';1.000;1.000;1.000
'CoExistence(b, c)';'CoExistence';'b';'c';0.888;0.888;0.888
'RespondedExistence(b, c)';'RespondedExistence';'b';'c';0.888;0.888;0.888
'NotSuccession(b, c)';'NotSuccession';'b';'c';0.596;0.596;0.596
'CoExistence(b, d)';'CoExistence';'b';'d';1.000;1.000;1.000
'RespondedExistence(b, d)';'RespondedExistence';'b';'d';1.000;1.000;1.000
'CoExistence(b, e)';'CoExistence';'b';'e';0.890;0.890;0.890
'RespondedExistence(b, e)';'RespondedExistence';'b';'e';0.890;0.890;0.890
'CoExistence(b, f)';'CoExistence';'b';'f';0.980;0.980;0.980
'RespondedExistence(b, f)';'RespondedExistence';'b';'f';0.980;0.980;0.980
'CoExistence(b, g)';'CoExistence';'b';'g';0.900;0.900;0.900
'RespondedExistence(b, g)';'RespondedExistence';'b';'g';0.900;0.900;0.900
'CoExistence(b, h)';'CoExistence';'b';'h';0.666;0.666;0.666
'RespondedExistence(b, h)';'RespondedExistence';'b';'h';0.666;0.666;0.666
'CoExistence(b, i)';'CoExistence';'b';'i';0.888;0.888;0.888
'RespondedExistence(b, i)';'RespondedExistence';'b';'i';0.888;0.888;0.888
'CoExistence(b, l)';'CoExistence';'b';'l';0.714;0.714;0.714
'RespondedExistence(b, l)';'RespondedExistence';'b';'l';0.714;0.714;0.714
'CoExistence(b, m)';'CoExistence';'b';'m';0.850;0.850;0.850
'RespondedExistence(b, m)';'RespondedExistence';'b';'m';0.850;0.850;0.850
'CoExistence(b, n)';'CoExistence';'b';'n';0.976;0.976;0.976
'RespondedExistence(b, n)';'RespondedExistence';'b';'n';0.976;0.976;0.976
'CoExistence(b, o)';'CoExistence';'b';'o';0.908;0.908;0.908
'RespondedExistence(b, o)';'RespondedExistence';'b';'o';0.908;0.908;0.908
'CoExistence(b, p)';'CoExistence';'b';'p';0.990;0.990;0.990
'RespondedExistence(b, p)';'RespondedExistence';'b';'p';0.990;0.990;0.990
'CoExistence(b, q)';'CoExistence';'b';'q';0.912;0.912;0.912
'RespondedExistence(b, q)';'RespondedExistence';'b';'q';0.912;0.912;0.912
'NotSuccession(b, r)';'NotSuccession';'b';'r';0.932;0.932;0.932
'NotCoExistence(b, r)';'NotCoExistence';'b';'r';0.890;0.890;0.890
'CoExistence(b, s)';'CoExistence';'b';'s';0.898;0.898;0.898
'RespondedExistence(b, s)';'RespondedExistence';'b';'s';0.898;0.898;0.898
'CoExistence(b, t)';'CoExistence';'b';'t';0.980;0.980;0.980
'RespondedExistence(b, t)';'RespondedExistence';'b';'t';0.980;0.980;0.980
'CoExistence(b, u)';'CoExistence';'b';'u';0.880;0.880;0.880
'RespondedExistence(b, u)';'RespondedExistence';'b';'u';0.880;0.880;0.880
'CoExistence(b, v)';'CoExistence';'b';'v';0.904;0.904;0.904
'RespondedExistence(b, v)';'RespondedExistence';'b';'v';0.904;0.904;0.904
'CoExistence(b, w)';'CoExistence';'b';'w';0.896;0.896;0.896
'RespondedExistence(b, w)';'RespondedExistence';'b';'w';0.896;0.896;0.896
'CoExistence(b, z)';'CoExistence';'b';'z';0.912;0.912;0.912
'RespondedExistence(b, z)';'RespondedExistence';'b';'z';0.912;0.912;0.912
'Precedence(i, b)';'Precedence';'b';'i';0.524;0.524;0.524
'Precedence(p, b)';'Precedence';'b';'p';0.662;0.662;0.662
'Precedence(q, b)';'Precedence';'b';'q';0.500;0.500;0.500
'Precedence(s, b)';'Precedence';'b';'s';0.512;0.512;0.512
'Precedence(z, b)';'Precedence';'b';'z';0.514;0.514;0.514
'AtMostOne(c)';'AtMostOne';'c';;0.860;0.968;0.968
'Participation(c)';'Participation';'c';;0.888;0.888;0.888
'CoExistence(c, a)';'CoExistence';'c';'a';0.888;0.888;0.888
'Response(c, a)';'Response';'c';'a';0.674;0.759;0.759
'AlternateResponse(c, a)';'AlternateResponse';'c';'a';0.666;0.750;0.750
'CoExistence(c, b)';'CoExistence';'c';'b';0.888;0.888;0.888
'CoExistence(c, d)';'CoExistence';'c';'d';0.888;0.888;0.888
'Succession(c, d)';'Succession';'c';'d';0.542;0.542;0.542
'Response(c, d)';'Response';'c';'d';0.752;0.847;0.847
'AlternateResponse(c, d)';'AlternateResponse';'c';'d';0.742;0.836;0.836
'CoExistence(c, e)';'CoExistence';'c';'e';0.800;0.818;0.818
'RespondedExistence(c, e)';'RespondedExistence';'c';'e';0.800;0.901;0.901
'Response(c, e)';'Response';'c';'e';0.636;0.716;0.716
'AlternateResponse(c, e)';'AlternateResponse';'c';'e';0.630;0.709;0.709
'CoExistence(c, f)';'CoExistence';'c';'f';0.872;0.876;0.876
'Succession(c, f)';'Succession';'c';'f';0.500;0.502;0.502
'RespondedExistence(c, f)';'RespondedExistence';'c';'f';0.872;0.982;0.982
'Response(c, f)';'Response';'c';'f';0.828;0.932;0.932
'AlternateResponse(c, f)';'AlternateResponse';'c';'f';0.812;0.914;0.914
'CoExistence(c, g)';'CoExistence';'c';'g';0.806;0.821;0.821
'RespondedExistence(c, g)';'RespondedExistence';'c';'g';0.806;0.908;0.908
'Response(c, g)';'Response';'c';'g';0.666;0.750;0.750
'AlternateResponse(c, g)';'AlternateResponse';'c';'g';0.658;0.741;0.741
'CoExistence(c, h)';'CoExistence';'c';'h';0.596;0.622;0.622
'RespondedExistence(c, h)';'RespondedExistence';'c';'h';0.596;0.671;0.671
'Response(c, h)';'Response';'c';'h';0.526;0.592;0.592
'AlternateResponse(c, h)';'AlternateResponse';'c';'h';0.520;0.586;0.586
'CoExistence(c, i)';'CoExistence';'c';'i';0.790;0.801;0.801
'RespondedExistence(c, i)';'RespondedExistence';'c';'i';0.790;0.890;0.890
'Response(c, i)';'Response';'c';'i';0.664;0.748;0.748
'AlternateResponse(c, i)';'AlternateResponse';'c';'i';0.660;0.743;0.743
'CoExistence(c, l)';'CoExistence';'c';'l';0.636;0.658;0.658
'RespondedExistence(c, l)';'RespondedExistence';'c';'l';0.636;0.716;0.716
'Response(c, l)';'Response';'c';'l';0.524;0.590;0.590
'AlternateResponse(c, l)';'AlternateResponse';'c';'l';0.518;0.583;0.583
'CoExistence(c, m)';'CoExistence';'c';'m';0.758;0.773;0.773
'RespondedExistence(c, m)';'RespondedExistence';'c';'m';0.758;0.854;0.854
'Response(c, m)';'Response';'c';'m';0.520;0.586;0.586
'AlternateResponse(c, m)';'AlternateResponse';'c';'m';0.506;0.570;0.570
'CoExistence(c, n)';'CoExistence';'c';'n';0.876;0.887;0.887
'RespondedExistence(c, n)';'RespondedExistence';'c';'n';0.876;0.986;0.986
'Response(c, n)';'Response';'c';'n';0.830;0.935;0.935
'AlternateResponse(c, n)';'AlternateResponse';'c';'n';0.816;0.919;0.919
'CoExistence(c, o)';'CoExistence';'c';'o';0.804;0.810;0.810
'RespondedExistence(c, o)';'RespondedExistence';'c';'o';0.804;0.905;0.905
'Response(c, o)';'Response';'c';'o';0.654;0.736;0.736
'AlternateResponse(c, o)';'AlternateResponse';'c';'o';0.644;0.725;0.725
'CoExistence(c, p)';'CoExistence';'c';'p';0.878;0.878;0.878
'RespondedExistence(c, p)';'RespondedExistence';'c';'p';0.878;0.989;0.989
'Response(c, p)';'Response';'c';'p';0.784;0.883;0.883
'AlternateResponse(c, p)';'AlternateResponse';'c';'p';0.782;0.881;0.881
'CoExistence(c, q)';'CoExistence';'c';'q';0.814;0.826;0.826
'RespondedExistence(c, q)';'RespondedExistence';'c';'q';0.814;0.917;0.917
'Response(c, q)';'Response';'c';'q';0.674;0.759;0.759
'AlternateResponse(c, q)';'AlternateResponse';'c';'q';0.666;0.750;0.750
'NotSuccession(c, r)';'NotSuccession';'c';'r';0.838;0.923;0.923
'NotCoExistence(c, r)';'NotCoExistence';'c';'r';0.818;0.901;0.901
'CoExistence(c, s)';'CoExistence';'c';'s';0.794;0.800;0.800
'RespondedExistence(c, s)';'RespondedExistence';'c';'s';0.794;0.894;0.894
'Response(c, s)';'Response';'c';'s';0.658;0.741;0.741
'AlternateResponse(c, s)';'AlternateResponse';'c';'s';0.650;0.732;0.732
'CoExistence(c, t)';'CoExistence';'c';'t';0.872;0.876;0.876
'RespondedExistence(c, t)';'RespondedExistence';'c';'t';0.872;0.982;0.982
'Response(c, t)';'Response';'c';'t';0.748;0.842;0.842
'AlternateResponse(c, t)';'AlternateResponse';'c';'t';0.736;0.829;0.829
'CoExistence(c, u)';'CoExistence';'c';'u';0.786;0.800;0.800
'RespondedExistence(c, u)';'RespondedExistence';'c';'u';0.786;0.885;0.885
'Response(c, u)';'Response';'c';'u';0.668;0.752;0.752
'AlternateResponse(c, u)';'AlternateResponse';'c';'u';0.662;0.745;0.745
'CoExistence(c, v)';'CoExistence';'c';'v';0.804;0.814;0.814
'RespondedExistence(c, v)';'RespondedExistence';'c';'v';0.804;0.905;0.905
'Response(c, v)';'Response';'c';'v';0.670;0.755;0.755
'AlternateResponse(c, v)';'AlternateResponse';'c';'v';0.654;0.736;0.736
'CoExistence(c, w)';'CoExistence';'c';'w';0.792;0.798;0.798
'RespondedExistence(c, w)';'RespondedExistence';'c';'w';0.792;0.892;0.892
'Response(c, w)';'Response';'c';'w';0.652;0.734;0.734
'AlternateResponse(c, w)';'AlternateResponse';'c';'w';0.644;0.725;0.725
'CoExistence(c, z)';'CoExistence';'c';'z';0.818;0.833;0.833
'RespondedExistence(c, z)';'RespondedExistence';'c';'z';0.818;0.921;0.921
'Response(c, z)';'Response';'c';'z';0.652;0.734;0.734
'AlternateResponse(c, z)';'AlternateResponse';'c';'z';0.642;0.723;0.723
'Precedence(p, c)';'Precedence';'c';'p';0.548;0.617;0.617
'AlternatePrecedence(p, c)';'AlternatePrecedence';'c';'p';0.546;0.615;0.615
'Participation(d)';'Participation';'d';;1.000;1.000;1.000
'AlternatePrecedence(a, d)';'AlternatePrecedence';'d';'a';0.530;0.530;0.530
'Precedence(b, d)';'Precedence';'d';'b';0.530;0.530;0.530
'Precedence(c, d)';'Precedence';'d';'c';0.544;0.544;0.544
'CoExistence(d, a)';'CoExistence';'d';'a';1.000;1.000;1.000
'RespondedExistence(d, a)';'RespondedExistence';'d';'a';1.000;1.000;1.000
'CoExistence(d, b)';'CoExistence';'d';'b';1.000;1.000;1.000
'RespondedExistence(d, b)';'RespondedExistence';'d';'b';1.000;1.000;1.000
'AlternateResponse(d, b)';'AlternateResponse';'d';'b';0.514;0.514;0.514
'CoExistence(d, c)';'CoExistence';'d';'c';0.888;0.888;0.888
'RespondedExistence(d, c)';'RespondedExistence';'d';'c';0.888;0.888;0.888
'NotSuccession(d, c)';'NotSuccession';'d';'c';0.650;0.650;0.650
'CoExistence(d, e)';'CoExistence';'d';'e';0.890;0.890;0.890
'RespondedExistence(d, e)';'RespondedExistence';'d';'e';0.890;0.890;0.890
'CoExistence(d, f)';'CoExistence';'d';'f';0.980;0.980;0.980
'RespondedExistence(d, f)';'RespondedExistence';'d';'f';0.980;0.980;0.980
'Response(d, f)';'Response';'d';'f';0.682;0.682;0.682
'CoExistence(d, g)';'CoExistence';'d';'g';0.900;0.900;0.900
'RespondedExistence(d, g)';'RespondedExistence';'d';'g';0.900;0.900;0.900
'CoExistence(d, h)';'CoExistence';'d';'h';0.666;0.666;0.666
'RespondedExistence(d, h)';'RespondedExistence';'d';'h';0.666;0.666;0.666
'CoExistence(d, i)';'CoExistence';'d';'i';0.888;0.888;0.888
'RespondedExistence(d, i)';'RespondedExistence';'d';'i';0.888;0.888;0.888
'CoExistence(d, l)';'CoExistence';'d';'l';0.714;0.714;0.714
'RespondedExistence(d, l)';'RespondedExistence';'d';'l';0.714;0.714;0.714
'CoExistence(d, m)';'CoExistence';'d';'m';0.850;0.850;0.850
'RespondedExistence(d, m)';'RespondedExistence';'d';'m';0.850;0.850;0.850
'CoExistence(d, n)';'CoExistence';'d';'n';0.976;0.976;0.976
'RespondedExistence(d, n)';'RespondedExistence';'d';'n';0.976;0.976;0.976
'Response(d, n)';'Response';'d';'n';0.658;0.658;0.658
'CoExistence(d, o)';'CoExistence';'d';'o';0.908;0.908;0.908
'RespondedExistence(d, o)';'RespondedExistence';'d';'o';0.908;0.908;0.908
'CoExistence(d, p)';'CoExistence';'d';'p';0.990;0.990;0.990
'RespondedExistence(d, p)';'RespondedExistence';'d';'p';0.990;0.990;0.990
'Response(d, p)';'Response';'d';'p';0.524;0.524;0.524
'CoExistence(d, q)';'CoExistence';'d';'q';0.912;0.912;0.912
'RespondedExistence(d, q)';'RespondedExistence';'d';'q';0.912;0.912;0.912
'NotSuccession(d, r)';'NotSuccession';'d';'r';0.948;0.948;0.948
'NotCoExistence(d, r)';'NotCoExistence';'d';'r';0.890;0.890;0.890
'CoExistence(d, s)';'CoExistence';'d';'s';0.898;0.898;0.898
'RespondedExistence(d, s)';'RespondedExistence';'d';'s';0.898;0.898;0.898
'CoExistence(d, t)';'CoExistence';'d';'t';0.980;0.980;0.980
'RespondedExistence(d, t)';'RespondedExistence';'d';'t';0.980;0.980;0.980
'CoExistence(d, u)';'CoExistence';'d';'u';0.880;0.880;0.880
'RespondedExistence(d, u)';'RespondedExistence';'d';'u';0.880;0.880;0.880
'CoExistence(d, v)';'CoExistence';'d';'v';0.904;0.904;0.904
'RespondedExistence(d, v)';'RespondedExistence';'d';'v';0.904;0.904;0.904
'CoExistence(d, w)';'CoExistence';'d';'w';0.896;0.896;0.896
'RespondedExistence(d, w)';'RespondedExistence';'d';'w';0.896;0.896;0.896
'CoExistence(d, z)';'CoExistence';'d';'z';0.912;0.912;0.912
'RespondedExistence(d, z)';'RespondedExistence';'d';'z';0.912;0.912;0.912
'Precedence(e, d)';'Precedence';'d';'e';0.546;0.546;0.546
'Precedence(f, d)';'Precedence';'d';'f';0.554;0.554;0.554
'Precedence(g, d)';'Precedence';'d';'g';0.508;0.508;0.508
'Precedence(i, d)';'Precedence';'d';'i';0.536;0.536;0.536
'Precedence(n, d)';'Precedence';'d';'n';0.534;0.534;0.534
'Precedence(o, d)';'Precedence';'d';'o';0.504;0.504;0.504
'Precedence(p, d)';'Precedence';'d';'p';0.700;0.700;0.700
'Precedence(q, d)';'Precedence';'d';'q';0.566;0.566;0.566
'Precedence(s, d)';'Precedence';'d';'s';0.554;0.554;0.554
'Precedence(t, d)';'Precedence';'d';'t';0.530;0.530;0.530
'Precedence(u, d)';'Precedence';'d';'u';0.520;0.520;0.520
'Precedence(v, d)';'Precedence';'d';'v';0.528;0.528;0.528
'Precedence(w, d)';'Precedence';'d';'w';0.530;0.530;0.530
'Precedence(z, d)';'Precedence';'d';'z';0.544;0.544;0.544
'Participation(e)';'Participation';'e';;0.890;0.890;0.890
'CoExistence(e, a)';'CoExistence';'e';'a';0.890;0.890;0.890
'CoExistence(e, b)';'CoExistence';'e';'b';0.890;0.890;0.890
'CoExistence(e, c)';'CoExistence';'e';'c';0.800;0.818;0.818
'RespondedExistence(e, c)';'RespondedExistence';'e';'c';0.800;0.899;0.899
'NotSuccession(e, c)';'NotSuccession';'e';'c';0.582;0.595;0.595
'CoExistence(e, d)';'CoExistence';'e';'d';0.890;0.890;0.890
'Response(e, d)';'Response';'e';'d';0.558;0.627;0.627
'CoExistence(e, f)';'CoExistence';'e';'f';0.888;0.904;0.904
'Response(e, f)';'Response';'e';'f';0.872;0.980;0.980
'CoExistence(e, g)';'CoExistence';'e';'g';0.804;0.815;0.815
'RespondedExistence(e, g)';'RespondedExistence';'e';'g';0.804;0.903;0.903
'CoExistence(e, h)';'CoExistence';'e';'h';0.596;0.621;0.621
'RespondedExistence(e, h)';'RespondedExistence';'e';'h';0.596;0.670;0.670
'CoExistence(e, i)';'CoExistence';'e';'i';0.804;0.825;0.825
'RespondedExistence(e, i)';'RespondedExistence';'e';'i';0.804;0.903;0.903
'Response(e, i)';'Response';'e';'i';0.446;0.501;0.501
'CoExistence(e, l)';'CoExistence';'e';'l';0.662;0.703;0.703
'RespondedExistence(e, l)';'RespondedExistence';'e';'l';0.662;0.744;0.744
'CoExistence(e, m)';'CoExistence';'e';'m';0.770;0.794;0.794
'RespondedExistence(e, m)';'RespondedExistence';'e';'m';0.770;0.865;0.865
'CoExistence(e, n)';'CoExistence';'e';'n';0.886;0.904;0.904
'RespondedExistence(e, n)';'RespondedExistence';'e';'n';0.886;0.996;0.996
'Response(e, n)';'Response';'e';'n';0.706;0.793;0.793
'CoExistence(e, o)';'CoExistence';'e';'o';0.816;0.831;0.831
'RespondedExistence(e, o)';'RespondedExistence';'e';'o';0.816;0.917;0.917
'Response(e, o)';'Response';'e';'o';0.456;0.512;0.512
'CoExistence(e, p)';'CoExistence';'e';'p';0.886;0.891;0.891
'RespondedExistence(e, p)';'RespondedExistence';'e';'p';0.886;0.996;0.996
'Response(e, p)';'Response';'e';'p';0.608;0.683;0.683
'CoExistence(e, q)';'CoExistence';'e';'q';0.820;0.835;0.835
'RespondedExistence(e, q)';'RespondedExistence';'e';'q';0.820;0.921;0.921
'Response(e, q)';'Response';'e';'q';0.446;0.501;0.501
'NotSuccession(e, r)';'NotSuccession';'e';'r';0.832;0.922;0.922
'NotCoExistence(e, r)';'NotCoExistence';'e';'r';0.804;0.891;0.891
'CoExistence(e, s)';'CoExistence';'e';'s';0.816;0.840;0.840
'RespondedExistence(e, s)';'RespondedExistence';'e';'s';0.816;0.917;0.917
'Response(e, s)';'Response';'e';'s';0.458;0.515;0.515
'CoExistence(e, t)';'CoExistence';'e';'t';0.882;0.893;0.893
'RespondedExistence(e, t)';'RespondedExistence';'e';'t';0.882;0.991;0.991
'Response(e, t)';'Response';'e';'t';0.516;0.580;0.580
'CoExistence(e, u)';'CoExistence';'e';'u';0.794;0.814;0.814
'RespondedExistence(e, u)';'RespondedExistence';'e';'u';0.794;0.892;0.892
'Response(e, u)';'Response';'e';'u';0.452;0.508;0.508
'CoExistence(e, v)';'CoExistence';'e';'v';0.816;0.834;0.834
'RespondedExistence(e, v)';'RespondedExistence';'e';'v';0.816;0.917;0.917
'Response(e, v)';'Response';'e';'v';0.452;0.508;0.508
'CoExistence(e, w)';'CoExistence';'e';'w';0.812;0.834;0.834
'RespondedExistence(e, w)';'RespondedExistence';'e';'w';0.812;0.912;0.912
'CoExistence(e, z)';'CoExistence';'e';'z';0.828;0.850;0.850
'RespondedExistence(e, z)';'RespondedExistence';'e';'z';0.828;0.930;0.930
'Response(e, z)';'Response';'e';'z';0.458;0.515;0.515
'Precedence(p, e)';'Precedence';'e';'p';0.530;0.596;0.596
'Participation(f)';'Participation';'f';;0.980;0.980;0.980
'Precedence(c, f)';'Precedence';'f';'c';0.500;0.510;0.510
'CoExistence(f, a)';'CoExistence';'f';'a';0.980;0.980;0.980
'CoExistence(f, b)';'CoExistence';'f';'b';0.980;0.980;0.980
'CoExistence(f, c)';'CoExistence';'f';'c';0.872;0.876;0.876
'RespondedExistence(f, c)';'RespondedExistence';'f';'c';0.872;0.890;0.890
'NotSuccession(f, c)';'NotSuccession';'f';'c';0.620;0.622;0.622
'CoExistence(f, d)';'CoExistence';'f';'d';0.980;0.980;0.980
'CoExistence(f, e)';'CoExistence';'f';'e';0.888;0.904;0.904
'RespondedExistence(f, e)';'RespondedExistence';'f';'e';0.888;0.906;0.906
'CoExistence(f, g)';'CoExistence';'f';'g';0.886;0.891;0.891
'RespondedExistence(f, g)';'RespondedExistence';'f';'g';0.886;0.904;0.904
'CoExistence(f, h)';'CoExistence';'f';'h';0.656;0.663;0.663
'RespondedExistence(f, h)';'RespondedExistence';'f';'h';0.656;0.669;0.669
'CoExistence(f, i)';'CoExistence';'f';'i';0.872;0.876;0.876
'RespondedExistence(f, i)';'RespondedExistence';'f';'i';0.872;0.890;0.890
'CoExistence(f, l)';'CoExistence';'f';'l';0.706;0.715;0.715
'RespondedExistence(f, l)';'RespondedExistence';'f';'l';0.706;0.720;0.720
'CoExistence(f, m)';'CoExistence';'f';'m';0.844;0.856;0.856
'RespondedExistence(f, m)';'RespondedExistence';'f';'m';0.844;0.861;0.861
'CoExistence(f, n)';'CoExistence';'f';'n';0.964;0.972;0.972
'RespondedExistence(f, n)';'RespondedExistence';'f';'n';0.964;0.984;0.984
'CoExistence(f, o)';'CoExistence';'f';'o';0.892;0.896;0.896
'RespondedExistence(f, o)';'RespondedExistence';'f';'o';0.892;0.910;0.910
'CoExistence(f, p)';'CoExistence';'f';'p';0.974;0.978;0.978
'RespondedExistence(f, p)';'RespondedExistence';'f';'p';0.974;0.994;0.994
'CoExistence(f, q)';'CoExistence';'f';'q';0.896;0.900;0.900
'RespondedExistence(f, q)';'RespondedExistence';'f';'q';0.896;0.914;0.914
'NotSuccession(f, r)';'NotSuccession';'f';'r';0.914;0.933;0.933
'NotCoExistence(f, r)';'NotCoExistence';'f';'r';0.870;0.888;0.888
'CoExistence(f, s)';'CoExistence';'f';'s';0.890;0.901;0.901
'RespondedExistence(f, s)';'RespondedExistence';'f';'s';0.890;0.908;0.908
'CoExistence(f, t)';'CoExistence';'f';'t';0.970;0.980;0.980
'RespondedExistence(f, t)';'RespondedExistence';'f';'t';0.970;0.990;0.990
'CoExistence(f, u)';'CoExistence';'f';'u';0.868;0.875;0.875
'RespondedExistence(f, u)';'RespondedExistence';'f';'u';0.868;0.886;0.886
'CoExistence(f, v)';'CoExistence';'f';'v';0.890;0.895;0.895
'RespondedExistence(f, v)';'RespondedExistence';'f';'v';0.890;0.908;0.908
'CoExistence(f, w)';'CoExistence';'f';'w';0.884;0.891;0.891
'RespondedExistence(f, w)';'RespondedExistence';'f';'w';0.884;0.902;0.902
'CoExistence(f, z)';'CoExistence';'f';'z';0.902;0.911;0.911
'RespondedExistence(f, z)';'RespondedExistence';'f';'z';0.902;0.920;0.920
'Precedence(p, f)';'Precedence';'f';'p';0.640;0.653;0.653
'Precedence(q, f)';'Precedence';'f';'q';0.522;0.533;0.533
'Precedence(s, f)';'Precedence';'f';'s';0.502;0.512;0.512
'Participation(g)';'Participation';'g';;0.900;0.900;0.900
'Precedence(b, g)';'Precedence';'g';'b';0.464;0.516;0.516
'Precedence(e, g)';'Precedence';'g';'e';0.470;0.522;0.522
'CoExistence(g, a)';'CoExistence';'g';'a';0.900;0.900;0.900
'CoExistence(g, b)';'CoExistence';'g';'b';0.900;0.900;0.900
'CoExistence(g, c)';'CoExistence';'g';'c';0.806;0.821;0.821
'RespondedExistence(g, c)';'RespondedExistence';'g';'c';0.806;0.896;0.896
'NotSuccession(g, c)';'NotSuccession';'g';'c';0.618;0.629;0.629
'CoExistence(g, d)';'CoExistence';'g';'d';0.900;0.900;0.900
'Response(g, d)';'Response';'g';'d';0.514;0.571;0.571
'CoExistence(g, e)';'CoExistence';'g';'e';0.804;0.815;0.815
'RespondedExistence(g, e)';'RespondedExistence';'g';'e';0.804;0.893;0.893
'CoExistence(g, f)';'CoExistence';'g';'f';0.886;0.891;0.891
'RespondedExistence(g, f)';'RespondedExistence';'g';'f';0.886;0.984;0.984
'Response(g, f)';'Response';'g';'f';0.714;0.793;0.793
'CoExistence(g, h)';'CoExistence';'g';'h';0.662;0.732;0.732
'RespondedExistence(g, h)';'RespondedExistence';'g';'h';0.662;0.736;0.736
'CoExistence(g, i)';'CoExistence';'g';'i';0.804;0.817;0.817
'RespondedExistence(g, i)';'RespondedExistence';'g';'i';0.804;0.893;0.893
'CoExistence(g, l)';'CoExistence';'g';'l';0.646;0.667;0.667
'RespondedExistence(g, l)';'RespondedExistence';'g';'l';0.646;0.718;0.718
'CoExistence(g, m)';'CoExistence';'g';'m';0.772;0.789;0.789
'RespondedExistence(g, m)';'RespondedExistence';'g';'m';0.772;0.858;0.858
'CoExistence(g, n)';'CoExistence';'g';'n';0.886;0.895;0.895
'RespondedExistence(g, n)';'RespondedExistence';'g';'n';0.886;0.984;0.984
'Response(g, n)';'Response';'g';'n';0.690;0.767;0.767
'CoExistence(g, o)';'CoExistence';'g';'o';0.816;0.823;0.823
'RespondedExistence(g, o)';'RespondedExistence';'g';'o';0.816;0.907;0.907
'CoExistence(g, p)';'CoExistence';'g';'p';0.894;0.898;0.898
'RespondedExistence(g, p)';'RespondedExistence';'g';'p';0.894;0.993;0.993
'Response(g, p)';'Response';'g';'p';0.550;0.611;0.611
'CoExistence(g, q)';'CoExistence';'g';'q';0.826;0.838;0.838
'RespondedExistence(g, q)';'RespondedExistence';'g';'q';0.826;0.918;0.918
'NotSuccession(g, r)';'NotSuccession';'g';'r';0.846;0.930;0.930
'NotCoExistence(g, r)';'NotCoExistence';'g';'r';0.810;0.890;0.890
'CoExistence(g, s)';'CoExistence';'g';'s';0.816;0.831;0.831
'RespondedExistence(g, s)';'RespondedExistence';'g';'s';0.816;0.907;0.907
'CoExistence(g, t)';'CoExistence';'g';'t';0.886;0.891;0.891
'RespondedExistence(g, t)';'RespondedExistence';'g';'t';0.886;0.984;0.984
'Response(g, t)';'Response';'g';'t';0.462;0.513;0.513
'CoExistence(g, u)';'CoExistence';'g';'u';0.798;0.813;0.813
'RespondedExistence(g, u)';'RespondedExistence';'g';'u';0.798;0.887;0.887
'CoExistence(g, v)';'CoExistence';'g';'v';0.812;0.819;0.819
'RespondedExistence(g, v)';'RespondedExistence';'g';'v';0.812;0.902;0.902
'CoExistence(g, w)';'CoExistence';'g';'w';0.808;0.818;0.818
'RespondedExistence(g, w)';'RespondedExistence';'g';'w';0.808;0.898;0.898
'CoExistence(g, z)';'CoExistence';'g';'z';0.824;0.834;0.834
'RespondedExistence(g, z)';'RespondedExistence';'g';'z';0.824;0.916;0.916
'Precedence(p, g)';'Precedence';'g';'p';0.580;0.644;0.644
'Precedence(q, g)';'Precedence';'g';'q';0.458;0.509;0.509
'Precedence(s, g)';'Precedence';'g';'s';0.478;0.531;0.531
'Participation(h)';'Participation';'h';;0.666;0.666;0.666
'AlternatePrecedence(a, h)';'AlternatePrecedence';'h';'a';0.372;0.559;0.559
'Precedence(b, h)';'Precedence';'h';'b';0.418;0.628;0.628
'Precedence(c, h)';'Precedence';'h';'c';0.432;0.649;0.649
'Precedence(d, h)';'Precedence';'h';'d';0.438;0.658;0.658
'Precedence(e, h)';'Precedence';'h';'e';0.440;0.661;0.661
'Precedence(f, h)';'Precedence';'h';'f';0.440;0.661;0.661
'Precedence(g, h)';'Precedence';'h';'g';0.638;0.958;0.958
'AlternatePrecedence(g, h)';'AlternatePrecedence';'h';'g';0.352;0.529;0.529
'CoExistence(h, a)';'CoExistence';'h';'a';0.666;0.666;0.666
'NotSuccession(h, a)';'NotSuccession';'h';'a';0.578;0.578;0.578
'CoExistence(h, b)';'CoExistence';'h';'b';0.666;0.666;0.666
'AlternateResponse(h, b)';'AlternateResponse';'h';'b';0.340;0.511;0.511
'CoExistence(h, c)';'CoExistence';'h';'c';0.596;0.622;0.622
'RespondedExistence(h, c)';'RespondedExistence';'h';'c';0.596;0.895;0.895
'NotSuccession(h, c)';'NotSuccession';'h';'c';0.790;0.825;0.825
'CoExistence(h, d)';'CoExistence';'h';'d';0.666;0.666;0.666
'Response(h, d)';'Response';'h';'d';0.348;0.523;0.523
'NotSuccession(h, d)';'NotSuccession';'h';'d';0.518;0.518;0.518
'CoExistence(h, e)';'CoExistence';'h';'e';0.596;0.621;0.621
'RespondedExistence(h, e)';'RespondedExistence';'h';'e';0.596;0.895;0.895
'NotSuccession(h, e)';'NotSuccession';'h';'e';0.568;0.592;0.592
'CoExistence(h, f)';'CoExistence';'h';'f';0.656;0.663;0.663
'RespondedExistence(h, f)';'RespondedExistence';'h';'f';0.656;0.985;0.985
'Response(h, f)';'Response';'h';'f';0.496;0.745;0.745
'CoExistence(h, g)';'CoExistence';'h';'g';0.662;0.732;0.732
'NotSuccession(h, g)';'NotSuccession';'h';'g';0.478;0.529;0.529
'CoExistence(h, i)';'CoExistence';'h';'i';0.612;0.650;0.650
'RespondedExistence(h, i)';'RespondedExistence';'h';'i';0.612;0.919;0.919
'NotSuccession(h, i)';'NotSuccession';'h';'i';0.524;0.556;0.556
'CoExistence(h, l)';'CoExistence';'h';'l';0.492;0.554;0.554
'RespondedExistence(h, l)';'RespondedExistence';'h';'l';0.492;0.739;0.739
'NotSuccession(h, l)';'NotSuccession';'h';'l';0.596;0.671;0.671
'CoExistence(h, m)';'CoExistence';'h';'m';0.584;0.627;0.627
'RespondedExistence(h, m)';'RespondedExistence';'h';'m';0.584;0.877;0.877
'NotSuccession(h, m)';'NotSuccession';'h';'m';0.642;0.689;0.689
'CoExistence(h, n)';'CoExistence';'h';'n';0.660;0.672;0.672
'RespondedExistence(h, n)';'RespondedExistence';'h';'n';0.660;0.991;0.991
'Response(h, n)';'Response';'h';'n';0.498;0.748;0.748
'CoExistence(h, o)';'CoExistence';'h';'o';0.602;0.619;0.619
'RespondedExistence(h, o)';'RespondedExistence';'h';'o';0.602;0.904;0.904
'NotSuccession(h, o)';'NotSuccession';'h';'o';0.580;0.597;0.597
'CoExistence(h, p)';'CoExistence';'h';'p';0.666;0.673;0.673
'RespondedExistence(h, p)';'RespondedExistence';'h';'p';0.666;1.000;1.000
'Response(h, p)';'Response';'h';'p';0.382;0.574;0.574
'CoExistence(h, q)';'CoExistence';'h';'q';0.612;0.634;0.634
'RespondedExistence(h, q)';'RespondedExistence';'h';'q';0.612;0.919;0.919
'NotSuccession(h, q)';'NotSuccession';'h';'q';0.576;0.596;0.596
'NotSuccession(h, r)';'NotSuccession';'h';'r';0.660;0.948;0.948
'NotCoExistence(h, r)';'NotCoExistence';'h';'r';0.616;0.885;0.885
'CoExistence(h, s)';'CoExistence';'h';'s';0.608;0.636;0.636
'RespondedExistence(h, s)';'RespondedExistence';'h';'s';0.608;0.913;0.913
'NotSuccession(h, s)';'NotSuccession';'h';'s';0.548;0.573;0.573
'CoExistence(h, t)';'CoExistence';'h';'t';0.654;0.659;0.659
'RespondedExistence(h, t)';'RespondedExistence';'h';'t';0.654;0.982;0.982
'Response(h, t)';'Response';'h';'t';0.344;0.517;0.517
'NotSuccession(h, t)';'NotSuccession';'h';'t';0.516;0.520;0.520
'CoExistence(h, u)';'CoExistence';'h';'u';0.586;0.610;0.610
'RespondedExistence(h, u)';'RespondedExistence';'h';'u';0.586;0.880;0.880
'NotSuccession(h, u)';'NotSuccession';'h';'u';0.552;0.575;0.575
'CoExistence(h, v)';'CoExistence';'h';'v';0.608;0.632;0.632
'RespondedExistence(h, v)';'RespondedExistence';'h';'v';0.608;0.913;0.913
'NotSuccession(h, v)';'NotSuccession';'h';'v';0.550;0.572;0.572
'CoExistence(h, w)';'CoExistence';'h';'w';0.600;0.624;0.624
'RespondedExistence(h, w)';'RespondedExistence';'h';'w';0.600;0.901;0.901
'NotSuccession(h, w)';'NotSuccession';'h';'w';0.568;0.590;0.590
'CoExistence(h, z)';'CoExistence';'h';'z';0.618;0.644;0.644
'RespondedExistence(h, z)';'RespondedExistence';'h';'z';0.618;0.928;0.928
'NotSuccession(h, z)';'NotSuccession';'h';'z';0.556;0.579;0.579
'Precedence(i, h)';'Precedence';'h';'i';0.440;0.661;0.661
'Precedence(m, h)';'Precedence';'h';'m';0.410;0.616;0.616
'Precedence(n, h)';'Precedence';'h';'n';0.430;0.646;0.646
'Precedence(o, h)';'Precedence';'h';'o';0.400;0.601;0.601
'Precedence(p, h)';'Precedence';'h';'p';0.532;0.799;0.799
'AlternatePrecedence(p, h)';'AlternatePrecedence';'h';'p';0.340;0.511;0.511
'Precedence(q, h)';'Precedence';'h';'q';0.454;0.682;0.682
'Precedence(s, h)';'Precedence';'h';'s';0.454;0.682;0.682
'Precedence(t, h)';'Precedence';'h';'t';0.422;0.634;0.634
'Precedence(u, h)';'Precedence';'h';'u';0.414;0.622;0.622
'Precedence(v, h)';'Precedence';'h';'v';0.428;0.643;0.643
'Precedence(w, h)';'Precedence';'h';'w';0.414;0.622;0.622
'Precedence(z, h)';'Precedence';'h';'z';0.428;0.643;0.643
'Participation(i)';'Participation';'i';;0.888;0.888;0.888
'CoExistence(i, a)';'CoExistence';'i';'a';0.888;0.888;0.888
'CoExistence(i, b)';'CoExistence';'i';'b';0.888;0.888;0.888
'Succession(i, b)';'Succession';'i';'b';0.516;0.516;0.516
'CoExistence(i, c)';'CoExistence';'i';'c';0.790;0.801;0.801
'RespondedExistence(i, c)';'RespondedExistence';'i';'c';0.790;0.890;0.890
'NotSuccession(i, c)';'NotSuccession';'i';'c';0.586;0.594;0.594
'CoExistence(i, d)';'CoExistence';'i';'d';0.888;0.888;0.888
'Response(i, d)';'Response';'i';'d';0.526;0.592;0.592
'CoExistence(i, e)';'CoExistence';'i';'e';0.804;0.825;0.825
'RespondedExistence(i, e)';'RespondedExistence';'i';'e';0.804;0.905;0.905
'CoExistence(i, f)';'CoExistence';'i';'f';0.872;0.876;0.876
'RespondedExistence(i, f)';'RespondedExistence';'i';'f';0.872;0.982;0.982
'Response(i, f)';'Response';'i';'f';0.666;0.750;0.750
'CoExistence(i, g)';'CoExistence';'i';'g';0.804;0.817;0.817
'RespondedExistence(i, g)';'RespondedExistence';'i';'g';0.804;0.905;0.905
'CoExistence(i, h)';'CoExistence';'i';'h';0.612;0.650;0.650
'RespondedExistence(i, h)';'RespondedExistence';'i';'h';0.612;0.689;0.689
'CoExistence(i, l)';'CoExistence';'i';'l';0.706;0.788;0.788
'RespondedExistence(i, l)';'RespondedExistence';'i';'l';0.706;0.795;0.795
'CoExistence(i, m)';'CoExistence';'i';'m';0.758;0.773;0.773
'RespondedExistence(i, m)';'RespondedExistence';'i';'m';0.758;0.854;0.854
'CoExistence(i, n)';'CoExistence';'i';'n';0.872;0.879;0.879
'RespondedExistence(i, n)';'RespondedExistence';'i';'n';0.872;0.982;0.982
'Response(i, n)';'Response';'i';'n';0.666;0.750;0.750
'CoExistence(i, o)';'CoExistence';'i';'o';0.808;0.818;0.818
'RespondedExistence(i, o)';'RespondedExistence';'i';'o';0.808;0.910;0.910
'CoExistence(i, p)';'CoExistence';'i';'p';0.880;0.882;0.882
'RespondedExistence(i, p)';'RespondedExistence';'i';'p';0.880;0.991;0.991
'Response(i, p)';'Response';'i';'p';0.556;0.626;0.626
'CoExistence(i, q)';'CoExistence';'i';'q';0.822;0.840;0.840
'RespondedExistence(i, q)';'RespondedExistence';'i';'q';0.822;0.926;0.926
'NotSuccession(i, r)';'NotSuccession';'i';'r';0.822;0.917;0.917
'NotCoExistence(i, r)';'NotCoExistence';'i';'r';0.794;0.886;0.886
'CoExistence(i, s)';'CoExistence';'i';'s';0.806;0.822;0.822
'RespondedExistence(i, s)';'RespondedExistence';'i';'s';0.806;0.908;0.908
'CoExistence(i, t)';'CoExistence';'i';'t';0.872;0.876;0.876
'RespondedExistence(i, t)';'RespondedExistence';'i';'t';0.872;0.982;0.982
'Response(i, t)';'Response';'i';'t';0.498;0.561;0.561
'CoExistence(i, u)';'CoExistence';'i';'u';0.790;0.808;0.808
'RespondedExistence(i, u)';'RespondedExistence';'i';'u';0.790;0.890;0.890
'CoExistence(i, v)';'CoExistence';'i';'v';0.802;0.810;0.810
'RespondedExistence(i, v)';'RespondedExistence';'i';'v';0.802;0.903;0.903
'CoExistence(i, w)';'CoExistence';'i';'w';0.796;0.806;0.806
'RespondedExistence(i, w)';'RespondedExistence';'i';'w';0.796;0.896;0.896
'CoExistence(i, z)';'CoExistence';'i';'z';0.818;0.833;0.833
'RespondedExistence(i, z)';'RespondedExistence';'i';'z';0.818;0.921;0.921
'Precedence(p, i)';'Precedence';'i';'p';0.550;0.619;0.619
'AtMostOne(l)';'AtMostOne';'l';;0.500;0.700;0.700
'Participation(l)';'Participation';'l';;0.714;0.714;0.714
'AlternatePrecedence(a, l)';'AlternatePrecedence';'l';'a';0.604;0.846;0.846
'Precedence(b, l)';'Precedence';'l';'b';0.442;0.619;0.619
'AlternatePrecedence(b, l)';'AlternatePrecedence';'l';'b';0.382;0.535;0.535
'Precedence(c, l)';'Precedence';'l';'c';0.464;0.650;0.650
'AlternatePrecedence(c, l)';'AlternatePrecedence';'l';'c';0.360;0.504;0.504
'Precedence(d, l)';'Precedence';'l';'d';0.434;0.608;0.608
'AlternatePrecedence(d, l)';'AlternatePrecedence';'l';'d';0.390;0.546;0.546
'Precedence(e, l)';'Precedence';'l';'e';0.462;0.647;0.647
'AlternatePrecedence(e, l)';'AlternatePrecedence';'l';'e';0.424;0.594;0.594
'Precedence(f, l)';'Precedence';'l';'f';0.448;0.627;0.627
'AlternatePrecedence(f, l)';'AlternatePrecedence';'l';'f';0.394;0.552;0.552
'Precedence(g, l)';'Precedence';'l';'g';0.428;0.599;0.599
'AlternatePrecedence(g, l)';'AlternatePrecedence';'l';'g';0.376;0.527;0.527
'AlternatePrecedence(i, l)';'AlternatePrecedence';'l';'i';0.678;0.950;0.950
'CoExistence(l, a)';'CoExistence';'l';'a';0.714;0.714;0.714
'Response(l, a)';'Response';'l';'a';0.366;0.513;0.513
'NotSuccession(l, a)';'NotSuccession';'l';'a';0.542;0.542;0.542
'CoExistence(l, b)';'CoExistence';'l';'b';0.714;0.714;0.714
'AlternateResponse(l, b)';'AlternateResponse';'l';'b';0.576;0.807;0.807
'CoExistence(l, c)';'CoExistence';'l';'c';0.636;0.658;0.658
'RespondedExistence(l, c)';'RespondedExistence';'l';'c';0.636;0.891;0.891
'NotSuccession(l, c)';'NotSuccession';'l';'c';0.786;0.814;0.814
'CoExistence(l, d)';'CoExistence';'l';'d';0.714;0.714;0.714
'Response(l, d)';'Response';'l';'d';0.442;0.619;0.619
'AlternateResponse(l, d)';'AlternateResponse';'l';'d';0.370;0.518;0.518
'CoExistence(l, e)';'CoExistence';'l';'e';0.662;0.703;0.703
'RespondedExistence(l, e)';'RespondedExistence';'l';'e';0.662;0.927;0.927
'NotSuccession(l, e)';'NotSuccession';'l';'e';0.516;0.548;0.548
'CoExistence(l, f)';'CoExistence';'l';'f';0.706;0.715;0.715
'RespondedExistence(l, f)';'RespondedExistence';'l';'f';0.706;0.989;0.989
'Response(l, f)';'Response';'l';'f';0.602;0.843;0.843
'AlternateResponse(l, f)';'AlternateResponse';'l';'f';0.522;0.731;0.731
'CoExistence(l, g)';'CoExistence';'l';'g';0.646;0.667;0.667
'RespondedExistence(l, g)';'RespondedExistence';'l';'g';0.646;0.905;0.905
'Response(l, g)';'Response';'l';'g';0.382;0.535;0.535
'NotSuccession(l, g)';'NotSuccession';'l';'g';0.510;0.527;0.527
'CoExistence(l, h)';'CoExistence';'l';'h';0.492;0.554;0.554
'RespondedExistence(l, h)';'RespondedExistence';'l';'h';0.492;0.689;0.689
'NotSuccession(l, h)';'NotSuccession';'l';'h';0.510;0.574;0.574
'CoExistence(l, i)';'CoExistence';'l';'i';0.706;0.788;0.788
'CoExistence(l, m)';'CoExistence';'l';'m';0.616;0.650;0.650
'RespondedExistence(l, m)';'RespondedExistence';'l';'m';0.616;0.863;0.863
'NotSuccession(l, m)';'NotSuccession';'l';'m';0.620;0.654;0.654
'CoExistence(l, n)';'CoExistence';'l';'n';0.708;0.721;0.721
'RespondedExistence(l, n)';'RespondedExistence';'l';'n';0.708;0.992;0.992
'Response(l, n)';'Response';'l';'n';0.568;0.796;0.796
'AlternateResponse(l, n)';'AlternateResponse';'l';'n';0.468;0.655;0.655
'CoExistence(l, o)';'CoExistence';'l';'o';0.650;0.669;0.669
'RespondedExistence(l, o)';'RespondedExistence';'l';'o';0.650;0.910;0.910
'Response(l, o)';'Response';'l';'o';0.364;0.510;0.510
'NotSuccession(l, o)';'NotSuccession';'l';'o';0.532;0.547;0.547
'CoExistence(l, p)';'CoExistence';'l';'p';0.708;0.711;0.711
'RespondedExistence(l, p)';'RespondedExistence';'l';'p';0.708;0.992;0.992
'Response(l, p)';'Response';'l';'p';0.514;0.720;0.720
'AlternateResponse(l, p)';'AlternateResponse';'l';'p';0.458;0.641;0.641
'CoExistence(l, q)';'CoExistence';'l';'q';0.662;0.687;0.687
'RespondedExistence(l, q)';'RespondedExistence';'l';'q';0.662;0.927;0.927
'NotSuccession(l, q)';'NotSuccession';'l';'q';0.540;0.560;0.560
'NotSuccession(l, r)';'NotSuccession';'l';'r';0.698;0.943;0.943
'NotCoExistence(l, r)';'NotCoExistence';'l';'r';0.656;0.886;0.886
'CoExistence(l, s)';'CoExistence';'l';'s';0.658;0.690;0.690
'RespondedExistence(l, s)';'RespondedExistence';'l';'s';0.658;0.922;0.922
'Response(l, s)';'Response';'l';'s';0.388;0.543;0.543
'NotSuccession(l, s)';'NotSuccession';'l';'s';0.490;0.514;0.514
'CoExistence(l, t)';'CoExistence';'l';'t';0.708;0.718;0.718
'RespondedExistence(l, t)';'RespondedExistence';'l';'t';0.708;0.992;0.992
'Response(l, t)';'Response';'l';'t';0.426;0.597;0.597
'AlternateResponse(l, t)';'AlternateResponse';'l';'t';0.374;0.524;0.524
'CoExistence(l, u)';'CoExistence';'l';'u';0.628;0.650;0.650
'RespondedExistence(l, u)';'RespondedExistence';'l';'u';0.628;0.880;0.880
'Response(l, u)';'Response';'l';'u';0.364;0.510;0.510
'NotSuccession(l, u)';'NotSuccession';'l';'u';0.518;0.536;0.536
'CoExistence(l, v)';'CoExistence';'l';'v';0.650;0.671;0.671
'RespondedExistence(l, v)';'RespondedExistence';'l';'v';0.650;0.910;0.910
'Response(l, v)';'Response';'l';'v';0.368;0.515;0.515
'NotSuccession(l, v)';'NotSuccession';'l';'v';0.498;0.514;0.514
'CoExistence(l, w)';'CoExistence';'l';'w';0.638;0.656;0.656
'RespondedExistence(l, w)';'RespondedExistence';'l';'w';0.638;0.894;0.894
'NotSuccession(l, w)';'NotSuccession';'l';'w';0.548;0.564;0.564
'CoExistence(l, z)';'CoExistence';'l';'z';0.660;0.683;0.683
'RespondedExistence(l, z)';'RespondedExistence';'l';'z';0.660;0.924;0.924
'NotSuccession(l, z)';'NotSuccession';'l';'z';0.532;0.551;0.551
'Precedence(m, l)';'Precedence';'l';'m';0.442;0.619;0.619
'AlternatePrecedence(m, l)';'AlternatePrecedence';'l';'m';0.358;0.501;0.501
'Precedence(n, l)';'Precedence';'l';'n';0.430;0.602;0.602
'AlternatePrecedence(n, l)';'AlternatePrecedence';'l';'n';0.370;0.518;0.518
'Precedence(o, l)';'Precedence';'l';'o';0.442;0.619;0.619
'AlternatePrecedence(o, l)';'AlternatePrecedence';'l';'o';0.380;0.532;0.532
'Precedence(p, l)';'Precedence';'l';'p';0.590;0.826;0.826
'AlternatePrecedence(p, l)';'AlternatePrecedence';'l';'p';0.528;0.739;0.739
'Precedence(q, l)';'Precedence';'l';'q';0.510;0.714;0.714
'AlternatePrecedence(q, l)';'AlternatePrecedence';'l';'q';0.436;0.611;0.611
'Precedence(s, l)';'Precedence';'l';'s';0.488;0.683;0.683
'AlternatePrecedence(s, l)';'AlternatePrecedence';'l';'s';0.426;0.597;0.597
'Precedence(t, l)';'Precedence';'l';'t';0.462;0.647;0.647
'AlternatePrecedence(t, l)';'AlternatePrecedence';'l';'t';0.400;0.560;0.560
'Precedence(u, l)';'Precedence';'l';'u';0.434;0.608;0.608
'AlternatePrecedence(u, l)';'AlternatePrecedence';'l';'u';0.398;0.557;0.557
'Precedence(v, l)';'Precedence';'l';'v';0.428;0.599;0.599
'AlternatePrecedence(v, l)';'AlternatePrecedence';'l';'v';0.390;0.546;0.546
'Precedence(w, l)';'Precedence';'l';'w';0.472;0.661;0.661
'AlternatePrecedence(w, l)';'AlternatePrecedence';'l';'w';0.420;0.588;0.588
'Precedence(z, l)';'Precedence';'l';'z';0.466;0.653;0.653
'AlternatePrecedence(z, l)';'AlternatePrecedence';'l';'z';0.408;0.571;0.571
'AtMostOne(m)';'AtMostOne';'m';;0.468;0.551;0.551
'Participation(m)';'Participation';'m';;0.850;0.850;0.850
'AlternatePrecedence(a, m)';'AlternatePrecedence';'m';'a';0.652;0.767;0.767
'CoExistence(m, a)';'CoExistence';'m';'a';0.850;0.850;0.850
'Response(m, a)';'Response';'m';'a';0.534;0.628;0.628
'AlternateResponse(m, a)';'AlternateResponse';'m';'a';0.432;0.508;0.508
'CoExistence(m, b)';'CoExistence';'m';'b';0.850;0.850;0.850
'AlternateResponse(m, b)';'AlternateResponse';'m';'b';0.666;0.784;0.784
'CoExistence(m, c)';'CoExistence';'m';'c';0.758;0.773;0.773
'RespondedExistence(m, c)';'RespondedExistence';'m';'c';0.758;0.892;0.892
'NotSuccession(m, c)';'NotSuccession';'m';'c';0.582;0.594;0.594
'CoExistence(m, d)';'CoExistence';'m';'d';0.850;0.850;0.850
'Response(m, d)';'Response';'m';'d';0.616;0.725;0.725
'AlternateResponse(m, d)';'AlternateResponse';'m';'d';0.480;0.565;0.565
'CoExistence(m, e)';'CoExistence';'m';'e';0.770;0.794;0.794
'RespondedExistence(m, e)';'RespondedExistence';'m';'e';0.770;0.906;0.906
'Response(m, e)';'Response';'m';'e';0.474;0.558;0.558
'CoExistence(m, f)';'CoExistence';'m';'f';0.844;0.856;0.856
'RespondedExistence(m, f)';'RespondedExistence';'m';'f';0.844;0.993;0.993
'Response(m, f)';'Response';'m';'f';0.762;0.896;0.896
'AlternateResponse(m, f)';'AlternateResponse';'m';'f';0.586;0.689;0.689
'CoExistence(m, g)';'CoExistence';'m';'g';0.772;0.789;0.789
'RespondedExistence(m, g)';'RespondedExistence';'m';'g';0.772;0.908;0.908
'Response(m, g)';'Response';'m';'g';0.536;0.631;0.631
'AlternateResponse(m, g)';'AlternateResponse';'m';'g';0.430;0.506;0.506
'CoExistence(m, h)';'CoExistence';'m';'h';0.584;0.627;0.627
'RespondedExistence(m, h)';'RespondedExistence';'m';'h';0.584;0.687;0.687
'Response(m, h)';'Response';'m';'h';0.428;0.504;0.504
'CoExistence(m, i)';'CoExistence';'m';'i';0.758;0.773;0.773
'RespondedExistence(m, i)';'RespondedExistence';'m';'i';0.758;0.892;0.892
'Response(m, i)';'Response';'m';'i';0.506;0.595;0.595
'CoExistence(m, l)';'CoExistence';'m';'l';0.616;0.650;0.650
'RespondedExistence(m, l)';'RespondedExistence';'m';'l';0.616;0.725;0.725
'CoExistence(m, n)';'CoExistence';'m';'n';0.848;0.867;0.867
'AlternateResponse(m, n)';'AlternateResponse';'m';'n';0.766;0.901;0.901
'CoExistence(m, o)';'CoExistence';'m';'o';0.776;0.790;0.790
'RespondedExistence(m, o)';'RespondedExistence';'m';'o';0.776;0.913;0.913
'Response(m, o)';'Response';'m';'o';0.498;0.586;0.586
'CoExistence(m, p)';'CoExistence';'m';'p';0.844;0.847;0.847
'RespondedExistence(m, p)';'RespondedExistence';'m';'p';0.844;0.993;0.993
'Response(m, p)';'Response';'m';'p';0.640;0.753;0.753
'AlternateResponse(m, p)';'AlternateResponse';'m';'p';0.564;0.664;0.664
'CoExistence(m, q)';'CoExistence';'m';'q';0.784;0.802;0.802
'RespondedExistence(m, q)';'RespondedExistence';'m';'q';0.784;0.922;0.922
'Response(m, q)';'Response';'m';'q';0.518;0.609;0.609
'NotSuccession(m, r)';'NotSuccession';'m';'r';0.790;0.914;0.914
'NotCoExistence(m, r)';'NotCoExistence';'m';'r';0.768;0.889;0.889
'CoExistence(m, s)';'CoExistence';'m';'s';0.784;0.813;0.813
'RespondedExistence(m, s)';'RespondedExistence';'m';'s';0.784;0.922;0.922
'Response(m, s)';'Response';'m';'s';0.502;0.591;0.591
'AlternateResponse(m, s)';'AlternateResponse';'m';'s';0.428;0.504;0.504
'CoExistence(m, t)';'CoExistence';'m';'t';0.842;0.852;0.852
'RespondedExistence(m, t)';'RespondedExistence';'m';'t';0.842;0.991;0.991
'Response(m, t)';'Response';'m';'t';0.586;0.689;0.689
'AlternateResponse(m, t)';'AlternateResponse';'m';'t';0.480;0.565;0.565
'CoExistence(m, u)';'CoExistence';'m';'u';0.754;0.773;0.773
'RespondedExistence(m, u)';'RespondedExistence';'m';'u';0.754;0.887;0.887
'Response(m, u)';'Response';'m';'u';0.490;0.576;0.576
'CoExistence(m, v)';'CoExistence';'m';'v';0.784;0.808;0.808
'RespondedExistence(m, v)';'RespondedExistence';'m';'v';0.784;0.922;0.922
'Response(m, v)';'Response';'m';'v';0.520;0.612;0.612
'AlternateResponse(m, v)';'AlternateResponse';'m';'v';0.432;0.508;0.508
'CoExistence(m, w)';'CoExistence';'m';'w';0.770;0.789;0.789
'RespondedExistence(m, w)';'RespondedExistence';'m';'w';0.770;0.906;0.906
'Response(m, w)';'Response';'m';'w';0.490;0.576;0.576
'CoExistence(m, z)';'CoExistence';'m';'z';0.782;0.798;0.798
'RespondedExistence(m, z)';'RespondedExistence';'m';'z';0.782;0.920;0.920
'Response(m, z)';'Response';'m';'z';0.520;0.612;0.612
'Precedence(p, m)';'Precedence';'m';'p';0.542;0.638;0.638
'AlternatePrecedence(p, m)';'AlternatePrecedence';'m';'p';0.480;0.565;0.565
'Precedence(q, m)';'Precedence';'m';'q';0.434;0.511;0.511
'Participation(n)';'Participation';'n';;0.976;0.976;0.976
'Precedence(b, n)';'Precedence';'n';'b';0.490;0.502;0.502
'Precedence(e, n)';'Precedence';'n';'e';0.508;0.520;0.520
'Precedence(f, n)';'Precedence';'n';'f';0.504;0.516;0.516
'CoExistence(n, a)';'CoExistence';'n';'a';0.976;0.976;0.976
'CoExistence(n, b)';'CoExistence';'n';'b';0.976;0.976;0.976
'CoExistence(n, c)';'CoExistence';'n';'c';0.876;0.887;0.887
'RespondedExistence(n, c)';'RespondedExistence';'n';'c';0.876;0.898;0.898
'NotSuccession(n, c)';'NotSuccession';'n';'c';0.588;0.595;0.595
'CoExistence(n, d)';'CoExistence';'n';'d';0.976;0.976;0.976
'CoExistence(n, e)';'CoExistence';'n';'e';0.886;0.904;0.904
'RespondedExistence(n, e)';'RespondedExistence';'n';'e';0.886;0.908;0.908
'CoExistence(n, f)';'CoExistence';'n';'f';0.964;0.972;0.972
'RespondedExistence(n, f)';'RespondedExistence';'n';'f';0.964;0.988;0.988
'Response(n, f)';'Response';'n';'f';0.514;0.527;0.527
'CoExistence(n, g)';'CoExistence';'n';'g';0.886;0.895;0.895
'RespondedExistence(n, g)';'RespondedExistence';'n';'g';0.886;0.908;0.908
'CoExistence(n, h)';'CoExistence';'n';'h';0.660;0.672;0.672
'RespondedExistence(n, h)';'RespondedExistence';'n';'h';0.660;0.676;0.676
'CoExistence(n, i)';'CoExistence';'n';'i';0.872;0.879;0.879
'RespondedExistence(n, i)';'RespondedExistence';'n';'i';0.872;0.893;0.893
'CoExistence(n, l)';'CoExistence';'n';'l';0.708;0.721;0.721
'RespondedExistence(n, l)';'RespondedExistence';'n';'l';0.708;0.725;0.725
'CoExistence(n, m)';'CoExistence';'n';'m';0.848;0.867;0.867
'RespondedExistence(n, m)';'RespondedExistence';'n';'m';0.848;0.869;0.869
'CoExistence(n, o)';'CoExistence';'n';'o';0.890;0.895;0.895
'RespondedExistence(n, o)';'RespondedExistence';'n';'o';0.890;0.912;0.912
'CoExistence(n, p)';'CoExistence';'n';'p';0.968;0.970;0.970
'RespondedExistence(n, p)';'RespondedExistence';'n';'p';0.968;0.992;0.992
'CoExistence(n, q)';'CoExistence';'n';'q';0.896;0.903;0.903
'RespondedExistence(n, q)';'RespondedExistence';'n';'q';0.896;0.918;0.918
'NotSuccession(n, r)';'NotSuccession';'n';'r';0.910;0.930;0.930
'NotCoExistence(n, r)';'NotCoExistence';'n';'r';0.870;0.890;0.890
'CoExistence(n, s)';'CoExistence';'n';'s';0.888;0.901;0.901
'RespondedExistence(n, s)';'RespondedExistence';'n';'s';0.888;0.910;0.910
'CoExistence(n, t)';'CoExistence';'n';'t';0.960;0.964;0.964
'RespondedExistence(n, t)';'RespondedExistence';'n';'t';0.960;0.984;0.984
'CoExistence(n, u)';'CoExistence';'n';'u';0.866;0.875;0.875
'RespondedExistence(n, u)';'RespondedExistence';'n';'u';0.866;0.887;0.887
'CoExistence(n, v)';'CoExistence';'n';'v';0.894;0.907;0.907
'RespondedExistence(n, v)';'RespondedExistence';'n';'v';0.894;0.916;0.916
'CoExistence(n, w)';'CoExistence';'n';'w';0.876;0.880;0.880
'RespondedExistence(n, w)';'RespondedExistence';'n';'w';0.876;0.898;0.898
'CoExistence(n, z)';'CoExistence';'n';'z';0.896;0.903;0.903
'RespondedExistence(n, z)';'RespondedExistence';'n';'z';0.896;0.918;0.918
'Precedence(p, n)';'Precedence';'n';'p';0.634;0.650;0.650
'Precedence(q, n)';'Precedence';'n';'q';0.496;0.508;0.508
'Precedence(s, n)';'Precedence';'n';'s';0.510;0.523;0.523
'Precedence(v, n)';'Precedence';'n';'v';0.490;0.502;0.502
'Participation(o)';'Participation';'o';;0.908;0.908;0.908
'CoExistence(o, a)';'CoExistence';'o';'a';0.908;0.908;0.908
'CoExistence(o, b)';'CoExistence';'o';'b';0.908;0.908;0.908
'CoExistence(o, c)';'CoExistence';'o';'c';0.804;0.810;0.810
'RespondedExistence(o, c)';'RespondedExistence';'o';'c';0.804;0.885;0.885
'NotSuccession(o, c)';'NotSuccession';'o';'c';0.620;0.625;0.625
'CoExistence(o, d)';'CoExistence';'o';'d';0.908;0.908;0.908
'Response(o, d)';'Response';'o';'d';0.520;0.573;0.573
'CoExistence(o, e)';'CoExistence';'o';'e';0.816;0.831;0.831
'RespondedExistence(o, e)';'RespondedExistence';'o';'e';0.816;0.899;0.899
'CoExistence(o, f)';'CoExistence';'o';'f';0.892;0.896;0.896
'RespondedExistence(o, f)';'RespondedExistence';'o';'f';0.892;0.982;0.982
'Response(o, f)';'Response';'o';'f';0.724;0.797;0.797
'CoExistence(o, g)';'CoExistence';'o';'g';0.816;0.823;0.823
'RespondedExistence(o, g)';'RespondedExistence';'o';'g';0.816;0.899;0.899
'CoExistence(o, h)';'CoExistence';'o';'h';0.602;0.619;0.619
'RespondedExistence(o, h)';'RespondedExistence';'o';'h';0.602;0.663;0.663
'CoExistence(o, i)';'CoExistence';'o';'i';0.808;0.818;0.818
'RespondedExistence(o, i)';'RespondedExistence';'o';'i';0.808;0.890;0.890
'CoExistence(o, l)';'CoExistence';'o';'l';0.650;0.669;0.669
'RespondedExistence(o, l)';'RespondedExistence';'o';'l';0.650;0.716;0.716
'CoExistence(o, m)';'CoExistence';'o';'m';0.776;0.790;0.790
'RespondedExistence(o, m)';'RespondedExistence';'o';'m';0.776;0.855;0.855
'CoExistence(o, n)';'CoExistence';'o';'n';0.890;0.895;0.895
'RespondedExistence(o, n)';'RespondedExistence';'o';'n';0.890;0.980;0.980
'Response(o, n)';'Response';'o';'n';0.672;0.740;0.740
'CoExistence(o, p)';'CoExistence';'o';'p';0.908;0.917;0.917
'ChainResponse(o, p)';'ChainResponse';'o';'p';0.702;0.773;0.773
'CoExistence(o, q)';'CoExistence';'o';'q';0.830;0.838;0.838
'RespondedExistence(o, q)';'RespondedExistence';'o';'q';0.830;0.914;0.914
'NotSuccession(o, r)';'NotSuccession';'o';'r';0.846;0.922;0.922
'NotCoExistence(o, r)';'NotCoExistence';'o';'r';0.818;0.891;0.891
'CoExistence(o, s)';'CoExistence';'o';'s';0.822;0.835;0.835
'RespondedExistence(o, s)';'RespondedExistence';'o';'s';0.822;0.905;0.905
'CoExistence(o, t)';'CoExistence';'o';'t';0.892;0.896;0.896
'RespondedExistence(o, t)';'RespondedExistence';'o';'t';0.892;0.982;0.982
'Response(o, t)';'Response';'o';'t';0.522;0.575;0.575
'CoExistence(o, u)';'CoExistence';'o';'u';0.804;0.817;0.817
'RespondedExistence(o, u)';'RespondedExistence';'o';'u';0.804;0.885;0.885
'CoExistence(o, v)';'CoExistence';'o';'v';0.822;0.830;0.830
'RespondedExistence(o, v)';'RespondedExistence';'o';'v';0.822;0.905;0.905
'CoExistence(o, w)';'CoExistence';'o';'w';0.820;0.833;0.833
'RespondedExistence(o, w)';'RespondedExistence';'o';'w';0.820;0.903;0.903
'CoExistence(o, z)';'CoExistence';'o';'z';0.832;0.842;0.842
'RespondedExistence(o, z)';'RespondedExistence';'o';'z';0.832;0.916;0.916
'Precedence(p, o)';'Precedence';'o';'p';0.466;0.513;0.513
'Precedence(q, o)';'Precedence';'o';'q';0.482;0.531;0.531
'Precedence(s, o)';'Precedence';'o';'s';0.460;0.507;0.507
'Precedence(z, o)';'Precedence';'o';'z';0.454;0.500;0.500
'Participation(p)';'Participation';'p';;0.990;0.990;0.990
'CoExistence(p, a)';'CoExistence';'p';'a';0.990;0.990;0.990
'CoExistence(p, b)';'CoExistence';'p';'b';0.990;0.990;0.990
'Succession(p, b)';'Succession';'p';'b';0.660;0.660;0.660
'CoExistence(p, c)';'CoExistence';'p';'c';0.878;0.878;0.878
'RespondedExistence(p, c)';'RespondedExistence';'p';'c';0.878;0.887;0.887
'CoExistence(p, d)';'CoExistence';'p';'d';0.990;0.990;0.990
'CoExistence(p, e)';'CoExistence';'p';'e';0.886;0.891;0.891
'RespondedExistence(p, e)';'RespondedExistence';'p';'e';0.886;0.895;0.895
'CoExistence(p, f)';'CoExistence';'p';'f';0.974;0.978;0.978
'RespondedExistence(p, f)';'RespondedExistence';'p';'f';0.974;0.984;0.984
'Response(p, f)';'Response';'p';'f';0.712;0.719;0.719
'CoExistence(p, g)';'CoExistence';'p';'g';0.894;0.898;0.898
'RespondedExistence(p, g)';'RespondedExistence';'p';'g';0.894;0.903;0.903
'CoExistence(p, h)';'CoExistence';'p';'h';0.666;0.673;0.673
'RespondedExistence(p, h)';'RespondedExistence';'p';'h';0.666;0.673;0.673
'CoExistence(p, i)';'CoExistence';'p';'i';0.880;0.882;0.882
'RespondedExistence(p, i)';'RespondedExistence';'p';'i';0.880;0.889;0.889
'CoExistence(p, l)';'CoExistence';'p';'l';0.708;0.711;0.711
'RespondedExistence(p, l)';'RespondedExistence';'p';'l';0.708;0.715;0.715
'CoExistence(p, m)';'CoExistence';'p';'m';0.844;0.847;0.847
'RespondedExistence(p, m)';'RespondedExistence';'p';'m';0.844;0.853;0.853
'CoExistence(p, n)';'CoExistence';'p';'n';0.968;0.970;0.970
'RespondedExistence(p, n)';'RespondedExistence';'p';'n';0.968;0.978;0.978
'Response(p, n)';'Response';'p';'n';0.650;0.657;0.657
'CoExistence(p, o)';'CoExistence';'p';'o';0.908;0.917;0.917
'RespondedExistence(p, o)';'RespondedExistence';'p';'o';0.908;0.917;0.917
'CoExistence(p, q)';'CoExistence';'p';'q';0.906;0.910;0.910
'RespondedExistence(p, q)';'RespondedExistence';'p';'q';0.906;0.915;0.915
'NotSuccession(p, r)';'NotSuccession';'p';'r';0.904;0.913;0.913
'NotCoExistence(p, r)';'NotCoExistence';'p';'r';0.880;0.889;0.889
'CoExistence(p, s)';'CoExistence';'p';'s';0.894;0.899;0.899
'RespondedExistence(p, s)';'RespondedExistence';'p';'s';0.894;0.903;0.903
'CoExistence(p, t)';'CoExistence';'p';'t';0.974;0.978;0.978
'RespondedExistence(p, t)';'RespondedExistence';'p';'t';0.974;0.984;0.984
'CoExistence(p, u)';'CoExistence';'p';'u';0.876;0.881;0.881
'RespondedExistence(p, u)';'RespondedExistence';'p';'u';0.876;0.885;0.885
'CoExistence(p, v)';'CoExistence';'p';'v';0.896;0.898;0.898
'RespondedExistence(p, v)';'RespondedExistence';'p';'v';0.896;0.905;0.905
'CoExistence(p, w)';'CoExistence';'p';'w';0.890;0.894;0.894
'RespondedExistence(p, w)';'RespondedExistence';'p';'w';0.890;0.899;0.899
'CoExistence(p, z)';'CoExistence';'p';'z';0.906;0.910;0.910
'RespondedExistence(p, z)';'RespondedExistence';'p';'z';0.906;0.915;0.915
'Participation(q)';'Participation';'q';;0.912;0.912;0.912
'Precedence(p, q)';'Precedence';'q';'p';0.542;0.594;0.594
'CoExistence(q, a)';'CoExistence';'q';'a';0.912;0.912;0.912
'CoExistence(q, b)';'CoExistence';'q';'b';0.912;0.912;0.912
'CoExistence(q, c)';'CoExistence';'q';'c';0.814;0.826;0.826
'RespondedExistence(q, c)';'RespondedExistence';'q';'c';0.814;0.893;0.893
'NotSuccession(q, c)';'NotSuccession';'q';'c';0.582;0.590;0.590
'CoExistence(q, d)';'CoExistence';'q';'d';0.912;0.912;0.912
'Response(q, d)';'Response';'q';'d';0.556;0.610;0.610
'CoExistence(q, e)';'CoExistence';'q';'e';0.820;0.835;0.835
'RespondedExistence(q, e)';'RespondedExistence';'q';'e';0.820;0.899;0.899
'CoExistence(q, f)';'CoExistence';'q';'f';0.896;0.900;0.900
'RespondedExistence(q, f)';'RespondedExistence';'q';'f';0.896;0.982;0.982
'Response(q, f)';'Response';'q';'f';0.716;0.785;0.785
'CoExistence(q, g)';'CoExistence';'q';'g';0.826;0.838;0.838
'RespondedExistence(q, g)';'RespondedExistence';'q';'g';0.826;0.906;0.906
'CoExistence(q, h)';'CoExistence';'q';'h';0.612;0.634;0.634
'RespondedExistence(q, h)';'RespondedExistence';'q';'h';0.612;0.671;0.671
'CoExistence(q, i)';'CoExistence';'q';'i';0.822;0.840;0.840
'RespondedExistence(q, i)';'RespondedExistence';'q';'i';0.822;0.901;0.901
'CoExistence(q, l)';'CoExistence';'q';'l';0.662;0.687;0.687
'RespondedExistence(q, l)';'RespondedExistence';'q';'l';0.662;0.726;0.726
'CoExistence(q, m)';'CoExistence';'q';'m';0.784;0.802;0.802
'RespondedExistence(q, m)';'RespondedExistence';'q';'m';0.784;0.860;0.860
'CoExistence(q, n)';'CoExistence';'q';'n';0.896;0.903;0.903
'RespondedExistence(q, n)';'RespondedExistence';'q';'n';0.896;0.982;0.982
'Response(q, n)';'Response';'q';'n';0.700;0.768;0.768
'CoExistence(q, o)';'CoExistence';'q';'o';0.830;0.838;0.838
'RespondedExistence(q, o)';'RespondedExistence';'q';'o';0.830;0.910;0.910
'CoExistence(q, p)';'CoExistence';'q';'p';0.906;0.910;0.910
'RespondedExistence(q, p)';'RespondedExistence';'q';'p';0.906;0.993;0.993
'Response(q, p)';'Response';'q';'p';0.570;0.625;0.625
'NotSuccession(q, r)';'NotSuccession';'q';'r';0.804;0.882;0.882
'NotCoExistence(q, r)';'NotCoExistence';'q';'r';0.802;0.879;0.879
'CoExistence(q, s)';'CoExistence';'q';'s';0.830;0.847;0.847
'RespondedExistence(q, s)';'RespondedExistence';'q';'s';0.830;0.910;0.910
'CoExistence(q, t)';'CoExistence';'q';'t';0.896;0.900;0.900
'RespondedExistence(q, t)';'RespondedExistence';'q';'t';0.896;0.982;0.982
'Response(q, t)';'Response';'q';'t';0.512;0.561;0.561
'CoExistence(q, u)';'CoExistence';'q';'u';0.806;0.817;0.817
'RespondedExistence(q, u)';'RespondedExistence';'q';'u';0.806;0.884;0.884
'CoExistence(q, v)';'CoExistence';'q';'v';0.826;0.834;0.834
'RespondedExistence(q, v)';'RespondedExistence';'q';'v';0.826;0.906;0.906
'CoExistence(q, w)';'CoExistence';'q';'w';0.816;0.823;0.823
'RespondedExistence(q, w)';'RespondedExistence';'q';'w';0.816;0.895;0.895
'CoExistence(q, z)';'CoExistence';'q';'z';0.838;0.850;0.850
'RespondedExistence(q, z)';'RespondedExistence';'q';'z';0.838;0.919;0.919
'AtMostOne(r)';'AtMostOne';'r';;0.108;0.982;0.982
'AlternatePrecedence(a, r)';'AlternatePrecedence';'r';'a';0.106;0.964;0.964
'Precedence(b, r)';'Precedence';'r';'b';0.068;0.618;0.618
'AlternatePrecedence(b, r)';'AlternatePrecedence';'r';'b';0.066;0.600;0.600
'Precedence(c, r)';'Precedence';'r';'c';0.070;0.636;0.636
'AlternatePrecedence(c, r)';'AlternatePrecedence';'r';'c';0.068;0.618;0.618
'Precedence(e, r)';'Precedence';'r';'e';0.070;0.636;0.636
'AlternatePrecedence(e, r)';'AlternatePrecedence';'r';'e';0.068;0.618;0.618
'Precedence(f, r)';'Precedence';'r';'f';0.066;0.600;0.600
'AlternatePrecedence(f, r)';'AlternatePrecedence';'r';'f';0.064;0.582;0.582
'Precedence(g, r)';'Precedence';'r';'g';0.064;0.582;0.582
'AlternatePrecedence(g, r)';'AlternatePrecedence';'r';'g';0.064;0.582;0.582
'Precedence(i, r)';'Precedence';'r';'i';0.074;0.673;0.673
'AlternatePrecedence(i, r)';'AlternatePrecedence';'r';'i';0.074;0.673;0.673
'Precedence(m, r)';'Precedence';'r';'m';0.074;0.673;0.673
'AlternatePrecedence(m, r)';'AlternatePrecedence';'r';'m';0.072;0.655;0.655
'Precedence(n, r)';'Precedence';'r';'n';0.068;0.618;0.618
'AlternatePrecedence(n, r)';'AlternatePrecedence';'r';'n';0.066;0.600;0.600
'Precedence(o, r)';'Precedence';'r';'o';0.072;0.655;0.655
'AlternatePrecedence(o, r)';'AlternatePrecedence';'r';'o';0.070;0.636;0.636
'Precedence(p, r)';'Precedence';'r';'p';0.086;0.782;0.782
'AlternatePrecedence(p, r)';'AlternatePrecedence';'r';'p';0.086;0.782;0.782
'ChainPrecedence(q, r)';'ChainPrecedence';'r';'q';0.100;0.909;0.909
'Response(r, a)';'Response';'r';'a';0.066;0.600;0.600
'AlternateResponse(r, a)';'AlternateResponse';'r';'a';0.064;0.582;0.582
'NotSuccession(r, a)';'NotSuccession';'r';'a';0.934;0.934;0.934
'NotCoExistence(r, a)';'NotCoExistence';'r';'a';0.890;0.890;0.890
'AlternateResponse(r, b)';'AlternateResponse';'r';'b';0.108;0.982;0.982
'NotSuccession(r, b)';'NotSuccession';'r';'b';0.890;0.890;0.890
'NotCoExistence(r, b)';'NotCoExistence';'r';'b';0.890;0.890;0.890
'RespondedExistence(r, c)';'RespondedExistence';'r';'c';0.090;0.818;0.818
'NotSuccession(r, c)';'NotSuccession';'r';'c';0.888;0.978;0.978
'NotCoExistence(r, c)';'NotCoExistence';'r';'c';0.818;0.901;0.901
'Response(r, d)';'Response';'r';'d';0.080;0.727;0.727
'AlternateResponse(r, d)';'AlternateResponse';'r';'d';0.080;0.727;0.727
'NotSuccession(r, d)';'NotSuccession';'r';'d';0.920;0.920;0.920
'NotCoExistence(r, d)';'NotCoExistence';'r';'d';0.890;0.890;0.890
'RespondedExistence(r, e)';'RespondedExistence';'r';'e';0.098;0.891;0.891
'Response(r, e)';'Response';'r';'e';0.058;0.527;0.527
'AlternateResponse(r, e)';'AlternateResponse';'r';'e';0.058;0.527;0.527
'NotSuccession(r, e)';'NotSuccession';'r';'e';0.844;0.936;0.936
'NotCoExistence(r, e)';'NotCoExistence';'r';'e';0.804;0.891;0.891
'RespondedExistence(r, f)';'RespondedExistence';'r';'f';0.110;1.000;1.000
'Response(r, f)';'Response';'r';'f';0.092;0.836;0.836
'AlternateResponse(r, f)';'AlternateResponse';'r';'f';0.092;0.836;0.836
'NotSuccession(r, f)';'NotSuccession';'r';'f';0.888;0.906;0.906
'NotCoExistence(r, f)';'NotCoExistence';'r';'f';0.870;0.888;0.888
'RespondedExistence(r, g)';'RespondedExistence';'r';'g';0.100;0.909;0.909
'NotSuccession(r, g)';'NotSuccession';'r';'g';0.856;0.941;0.941
'NotCoExistence(r, g)';'NotCoExistence';'r';'g';0.810;0.890;0.890
'RespondedExistence(r, h)';'RespondedExistence';'r';'h';0.080;0.727;0.727
'Response(r, h)';'Response';'r';'h';0.062;0.564;0.564
'AlternateResponse(r, h)';'AlternateResponse';'r';'h';0.060;0.545;0.545
'NotSuccession(r, h)';'NotSuccession';'r';'h';0.634;0.911;0.911
'NotCoExistence(r, h)';'NotCoExistence';'r';'h';0.616;0.885;0.885
'RespondedExistence(r, i)';'RespondedExistence';'r';'i';0.102;0.927;0.927
'Response(r, i)';'Response';'r';'i';0.062;0.564;0.564
'AlternateResponse(r, i)';'AlternateResponse';'r';'i';0.062;0.564;0.564
'NotSuccession(r, i)';'NotSuccession';'r';'i';0.834;0.931;0.931
'NotCoExistence(r, i)';'NotCoExistence';'r';'i';0.794;0.886;0.886
'RespondedExistence(r, l)';'RespondedExistence';'r';'l';0.084;0.764;0.764
'NotSuccession(r, l)';'NotSuccession';'r';'l';0.690;0.932;0.932
'NotCoExistence(r, l)';'NotCoExistence';'r';'l';0.656;0.886;0.886
'RespondedExistence(r, m)';'RespondedExistence';'r';'m';0.096;0.873;0.873
'NotSuccession(r, m)';'NotSuccession';'r';'m';0.830;0.961;0.961
'NotCoExistence(r, m)';'NotCoExistence';'r';'m';0.768;0.889;0.889
'RespondedExistence(r, n)';'RespondedExistence';'r';'n';0.108;0.982;0.982
'Response(r, n)';'Response';'r';'n';0.096;0.873;0.873
'AlternateResponse(r, n)';'AlternateResponse';'r';'n';0.094;0.855;0.855
'NotSuccession(r, n)';'NotSuccession';'r';'n';0.882;0.902;0.902
'NotCoExistence(r, n)';'NotCoExistence';'r';'n';0.870;0.890;0.890
'RespondedExistence(r, o)';'RespondedExistence';'r';'o';0.100;0.909;0.909
'Response(r, o)';'Response';'r';'o';0.060;0.545;0.545
'AlternateResponse(r, o)';'AlternateResponse';'r';'o';0.060;0.545;0.545
'NotSuccession(r, o)';'NotSuccession';'r';'o';0.858;0.935;0.935
'NotCoExistence(r, o)';'NotCoExistence';'r';'o';0.818;0.891;0.891
'RespondedExistence(r, p)';'RespondedExistence';'r';'p';0.110;1.000;1.000
'Response(r, p)';'Response';'r';'p';0.078;0.709;0.709
'AlternateResponse(r, p)';'AlternateResponse';'r';'p';0.078;0.709;0.709
'NotSuccession(r, p)';'NotSuccession';'r';'p';0.912;0.921;0.921
'NotCoExistence(r, p)';'NotCoExistence';'r';'p';0.880;0.889;0.889
'Response(r, q)';'Response';'r';'q';0.076;0.691;0.691
'AlternateResponse(r, q)';'AlternateResponse';'r';'q';0.076;0.691;0.691
'NotSuccession(r, q)';'NotSuccession';'r';'q';0.836;0.917;0.917
'NotCoExistence(r, q)';'NotCoExistence';'r';'q';0.802;0.879;0.879
'RespondedExistence(r, s)';'RespondedExistence';'r';'s';0.102;0.927;0.927
'Response(r, s)';'Response';'r';'s';0.070;0.636;0.636
'AlternateResponse(r, s)';'AlternateResponse';'r';'s';0.070;0.636;0.636
'NotSuccession(r, s)';'NotSuccession';'r';'s';0.836;0.923;0.923
'NotCoExistence(r, s)';'NotCoExistence';'r';'s';0.804;0.887;0.887
'RespondedExistence(r, t)';'RespondedExistence';'r';'t';0.106;0.964;0.964
'Response(r, t)';'Response';'r';'t';0.080;0.727;0.727
'AlternateResponse(r, t)';'AlternateResponse';'r';'t';0.080;0.727;0.727
'NotSuccession(r, t)';'NotSuccession';'r';'t';0.904;0.919;0.919
'NotCoExistence(r, t)';'NotCoExistence';'r';'t';0.878;0.892;0.892
'RespondedExistence(r, u)';'RespondedExistence';'r';'u';0.096;0.873;0.873
'Response(r, u)';'Response';'r';'u';0.066;0.600;0.600
'AlternateResponse(r, u)';'AlternateResponse';'r';'u';0.066;0.600;0.600
'NotSuccession(r, u)';'NotSuccession';'r';'u';0.828;0.926;0.926
'NotCoExistence(r, u)';'NotCoExistence';'r';'u';0.798;0.893;0.893
'RespondedExistence(r, v)';'RespondedExistence';'r';'v';0.104;0.945;0.945
'Response(r, v)';'Response';'r';'v';0.066;0.600;0.600
'AlternateResponse(r, v)';'AlternateResponse';'r';'v';0.066;0.600;0.600
'NotSuccession(r, v)';'NotSuccession';'r';'v';0.844;0.927;0.927
'NotCoExistence(r, v)';'NotCoExistence';'r';'v';0.806;0.886;0.886
'RespondedExistence(r, w)';'RespondedExistence';'r';'w';0.100;0.909;0.909
'Response(r, w)';'Response';'r';'w';0.062;0.564;0.564
'AlternateResponse(r, w)';'AlternateResponse';'r';'w';0.062;0.564;0.564
'NotSuccession(r, w)';'NotSuccession';'r';'w';0.844;0.932;0.932
'NotCoExistence(r, w)';'NotCoExistence';'r';'w';0.806;0.890;0.890
'RespondedExistence(r, z)';'RespondedExistence';'r';'z';0.102;0.927;0.927
'Response(r, z)';'Response';'r';'z';0.060;0.545;0.545
'AlternateResponse(r, z)';'AlternateResponse';'r';'z';0.060;0.545;0.545
'NotSuccession(r, z)';'NotSuccession';'r';'z';0.858;0.933;0.933
'NotCoExistence(r, z)';'NotCoExistence';'r';'z';0.818;0.889;0.889
'Precedence(s, r)';'Precedence';'r';'s';0.074;0.673;0.673
'AlternatePrecedence(s, r)';'AlternatePrecedence';'r';'s';0.072;0.655;0.655
'Precedence(u, r)';'Precedence';'r';'u';0.068;0.618;0.618
'AlternatePrecedence(u, r)';'AlternatePrecedence';'r';'u';0.066;0.600;0.600
'Precedence(v, r)';'Precedence';'r';'v';0.074;0.673;0.673
'AlternatePrecedence(v, r)';'AlternatePrecedence';'r';'v';0.072;0.655;0.655
'Precedence(w, r)';'Precedence';'r';'w';0.074;0.673;0.673
'AlternatePrecedence(w, r)';'AlternatePrecedence';'r';'w';0.072;0.655;0.655
'Precedence(z, r)';'Precedence';'r';'z';0.076;0.691;0.691
'AlternatePrecedence(z, r)';'AlternatePrecedence';'r';'z';0.076;0.691;0.691
'Participation(s)';'Participation';'s';;0.898;0.898;0.898
'Precedence(p, s)';'Precedence';'s';'p';0.534;0.595;0.595
'CoExistence(s, a)';'CoExistence';'s';'a';0.898;0.898;0.898
'CoExistence(s, b)';'CoExistence';'s';'b';0.898;0.898;0.898
'Succession(s, b)';'Succession';'s';'b';0.508;0.508;0.508
'CoExistence(s, c)';'CoExistence';'s';'c';0.794;0.800;0.800
'RespondedExistence(s, c)';'RespondedExistence';'s';'c';0.794;0.884;0.884
'NotSuccession(s, c)';'NotSuccession';'s';'c';0.576;0.581;0.581
'CoExistence(s, d)';'CoExistence';'s';'d';0.898;0.898;0.898
'Response(s, d)';'Response';'s';'d';0.516;0.575;0.575
'CoExistence(s, e)';'CoExistence';'s';'e';0.816;0.840;0.840
'RespondedExistence(s, e)';'RespondedExistence';'s';'e';0.816;0.909;0.909
'CoExistence(s, f)';'CoExistence';'s';'f';0.890;0.901;0.901
'RespondedExistence(s, f)';'RespondedExistence';'s';'f';0.890;0.991;0.991
'Response(s, f)';'Response';'s';'f';0.706;0.786;0.786
'CoExistence(s, g)';'CoExistence';'s';'g';0.816;0.831;0.831
'RespondedExistence(s, g)';'RespondedExistence';'s';'g';0.816;0.909;0.909
'CoExistence(s, h)';'CoExistence';'s';'h';0.608;0.636;0.636
'RespondedExistence(s, h)';'RespondedExistence';'s';'h';0.608;0.677;0.677
'CoExistence(s, i)';'CoExistence';'s';'i';0.806;0.822;0.822
'RespondedExistence(s, i)';'RespondedExistence';'s';'i';0.806;0.898;0.898
'CoExistence(s, l)';'CoExistence';'s';'l';0.658;0.690;0.690
'RespondedExistence(s, l)';'RespondedExistence';'s';'l';0.658;0.733;0.733
'CoExistence(s, m)';'CoExistence';'s';'m';0.784;0.813;0.813
'RespondedExistence(s, m)';'RespondedExistence';'s';'m';0.784;0.873;0.873
'CoExistence(s, n)';'CoExistence';'s';'n';0.888;0.901;0.901
'RespondedExistence(s, n)';'RespondedExistence';'s';'n';0.888;0.989;0.989
'Response(s, n)';'Response';'s';'n';0.662;0.737;0.737
'CoExistence(s, o)';'CoExistence';'s';'o';0.822;0.835;0.835
'RespondedExistence(s, o)';'RespondedExistence';'s';'o';0.822;0.915;0.915
'CoExistence(s, p)';'CoExistence';'s';'p';0.894;0.899;0.899
'RespondedExistence(s, p)';'RespondedExistence';'s';'p';0.894;0.996;0.996
'Response(s, p)';'Response';'s';'p';0.546;0.608;0.608
'CoExistence(s, q)';'CoExistence';'s';'q';0.830;0.847;0.847
'RespondedExistence(s, q)';'RespondedExistence';'s';'q';0.830;0.924;0.924
'NotSuccession(s, r)';'NotSuccession';'s';'r';0.832;0.918;0.918
'NotCoExistence(s, r)';'NotCoExistence';'s';'r';0.804;0.887;0.887
'CoExistence(s, t)';'CoExistence';'s';'t';0.896;0.912;0.912
'RespondedExistence(s, t)';'RespondedExistence';'s';'t';0.896;0.998;0.998
'Response(s, t)';'Response';'s';'t';0.480;0.535;0.535
'CoExistence(s, u)';'CoExistence';'s';'u';0.802;0.822;0.822
'RespondedExistence(s, u)';'RespondedExistence';'s';'u';0.802;0.893;0.893
'CoExistence(s, v)';'CoExistence';'s';'v';0.818;0.831;0.831
'RespondedExistence(s, v)';'RespondedExistence';'s';'v';0.818;0.911;0.911
'CoExistence(s, w)';'CoExistence';'s';'w';0.812;0.827;0.827
'RespondedExistence(s, w)';'RespondedExistence';'s';'w';0.812;0.904;0.904
'CoExistence(s, z)';'CoExistence';'s';'z';0.838;0.862;0.862
'RespondedExistence(s, z)';'RespondedExistence';'s';'z';0.838;0.933;0.933
'Participation(t)';'Participation';'t';;0.980;0.980;0.980
'Precedence(c, t)';'Precedence';'t';'c';0.496;0.506;0.506
'Precedence(e, t)';'Precedence';'t';'e';0.514;0.524;0.524
'Precedence(f, t)';'Precedence';'t';'f';0.526;0.537;0.537
'Precedence(i, t)';'Precedence';'t';'i';0.510;0.520;0.520
'Precedence(m, t)';'Precedence';'t';'m';0.502;0.512;0.512
'Precedence(p, t)';'Precedence';'t';'p';0.666;0.680;0.680
'Precedence(q, t)';'Precedence';'t';'q';0.532;0.543;0.543
'Precedence(s, t)';'Precedence';'t';'s';0.528;0.539;0.539
'CoExistence(t, a)';'CoExistence';'t';'a';0.980;0.980;0.980
'CoExistence(t, b)';'CoExistence';'t';'b';0.980;0.980;0.980
'CoExistence(t, c)';'CoExistence';'t';'c';0.872;0.876;0.876
'RespondedExistence(t, c)';'RespondedExistence';'t';'c';0.872;0.890;0.890
'NotSuccession(t, c)';'NotSuccession';'t';'c';0.614;0.616;0.616
'CoExistence(t, d)';'CoExistence';'t';'d';0.980;0.980;0.980
'Response(t, d)';'Response';'t';'d';0.514;0.524;0.524
'CoExistence(t, e)';'CoExistence';'t';'e';0.882;0.893;0.893
'RespondedExistence(t, e)';'RespondedExistence';'t';'e';0.882;0.900;0.900
'CoExistence(t, f)';'CoExistence';'t';'f';0.970;0.980;0.980
'RespondedExistence(t, f)';'RespondedExistence';'t';'f';0.970;0.990;0.990
'Response(t, f)';'Response';'t';'f';0.728;0.743;0.743
'CoExistence(t, g)';'CoExistence';'t';'g';0.886;0.891;0.891
'RespondedExistence(t, g)';'RespondedExistence';'t';'g';0.886;0.904;0.904
'CoExistence(t, h)';'CoExistence';'t';'h';0.654;0.659;0.659
'RespondedExistence(t, h)';'RespondedExistence';'t';'h';0.654;0.667;0.667
'CoExistence(t, i)';'CoExistence';'t';'i';0.872;0.876;0.876
'RespondedExistence(t, i)';'RespondedExistence';'t';'i';0.872;0.890;0.890
'CoExistence(t, l)';'CoExistence';'t';'l';0.708;0.718;0.718
'RespondedExistence(t, l)';'RespondedExistence';'t';'l';0.708;0.722;0.722
'CoExistence(t, m)';'CoExistence';'t';'m';0.842;0.852;0.852
'RespondedExistence(t, m)';'RespondedExistence';'t';'m';0.842;0.859;0.859
'CoExistence(t, n)';'CoExistence';'t';'n';0.960;0.964;0.964
'RespondedExistence(t, n)';'RespondedExistence';'t';'n';0.960;0.980;0.980
'Response(t, n)';'Response';'t';'n';0.680;0.694;0.694
'CoExistence(t, o)';'CoExistence';'t';'o';0.892;0.896;0.896
'RespondedExistence(t, o)';'RespondedExistence';'t';'o';0.892;0.910;0.910
'CoExistence(t, p)';'CoExistence';'t';'p';0.974;0.978;0.978
'RespondedExistence(t, p)';'RespondedExistence';'t';'p';0.974;0.994;0.994
'Response(t, p)';'Response';'t';'p';0.538;0.549;0.549
'CoExistence(t, q)';'CoExistence';'t';'q';0.896;0.900;0.900
'RespondedExistence(t, q)';'RespondedExistence';'t';'q';0.896;0.914;0.914
'NotSuccession(t, r)';'NotSuccession';'t';'r';0.932;0.947;0.947
'NotCoExistence(t, r)';'NotCoExistence';'t';'r';0.878;0.892;0.892
'CoExistence(t, s)';'CoExistence';'t';'s';0.896;0.912;0.912
'RespondedExistence(t, s)';'RespondedExistence';'t';'s';0.896;0.914;0.914
'CoExistence(t, u)';'CoExistence';'t';'u';0.864;0.867;0.867
'RespondedExistence(t, u)';'RespondedExistence';'t';'u';0.864;0.882;0.882
'CoExistence(t, v)';'CoExistence';'t';'v';0.888;0.892;0.892
'RespondedExistence(t, v)';'RespondedExistence';'t';'v';0.888;0.906;0.906
'CoExistence(t, w)';'CoExistence';'t';'w';0.882;0.887;0.887
'RespondedExistence(t, w)';'RespondedExistence';'t';'w';0.882;0.900;0.900
'CoExistence(t, z)';'CoExistence';'t';'z';0.904;0.915;0.915
'RespondedExistence(t, z)';'RespondedExistence';'t';'z';0.904;0.922;0.922
'Precedence(v, t)';'Precedence';'t';'v';0.490;0.500;0.500
'Precedence(w, t)';'Precedence';'t';'w';0.506;0.516;0.516
'Precedence(z, t)';'Precedence';'t';'z';0.518;0.529;0.529
'Participation(u)';'Participation';'u';;0.880;0.880;0.880
'Precedence(p, u)';'Precedence';'u';'p';0.566;0.643;0.643
'Precedence(q, u)';'Precedence';'u';'q';0.450;0.511;0.511
'Precedence(s, u)';'Precedence';'u';'s';0.450;0.511;0.511
'CoExistence(u, a)';'CoExistence';'u';'a';0.880;0.880;0.880
'CoExistence(u, b)';'CoExistence';'u';'b';0.880;0.880;0.880
'CoExistence(u, c)';'CoExistence';'u';'c';0.786;0.800;0.800
'RespondedExistence(u, c)';'RespondedExistence';'u';'c';0.786;0.893;0.893
'NotSuccession(u, c)';'NotSuccession';'u';'c';0.628;0.640;0.640
'CoExistence(u, d)';'CoExistence';'u';'d';0.880;0.880;0.880
'Response(u, d)';'Response';'u';'d';0.506;0.575;0.575
'CoExistence(u, e)';'CoExistence';'u';'e';0.794;0.814;0.814
'RespondedExistence(u, e)';'RespondedExistence';'u';'e';0.794;0.902;0.902
'CoExistence(u, f)';'CoExistence';'u';'f';0.868;0.875;0.875
'RespondedExistence(u, f)';'RespondedExistence';'u';'f';0.868;0.986;0.986
'Response(u, f)';'Response';'u';'f';0.672;0.764;0.764
'CoExistence(u, g)';'CoExistence';'u';'g';0.798;0.813;0.813
'RespondedExistence(u, g)';'RespondedExistence';'u';'g';0.798;0.907;0.907
'CoExistence(u, h)';'CoExistence';'u';'h';0.586;0.610;0.610
'RespondedExistence(u, h)';'RespondedExistence';'u';'h';0.586;0.666;0.666
'CoExistence(u, i)';'CoExistence';'u';'i';0.790;0.808;0.808
'RespondedExistence(u, i)';'RespondedExistence';'u';'i';0.790;0.898;0.898
'CoExistence(u, l)';'CoExistence';'u';'l';0.628;0.650;0.650
'RespondedExistence(u, l)';'RespondedExistence';'u';'l';0.628;0.714;0.714
'CoExistence(u, m)';'CoExistence';'u';'m';0.754;0.773;0.773
'RespondedExistence(u, m)';'RespondedExistence';'u';'m';0.754;0.857;0.857
'CoExistence(u, n)';'CoExistence';'u';'n';0.866;0.875;0.875
'RespondedExistence(u, n)';'RespondedExistence';'u';'n';0.866;0.984;0.984
'Response(u, n)';'Response';'u';'n';0.660;0.750;0.750
'CoExistence(u, o)';'CoExistence';'u';'o';0.804;0.817;0.817
'RespondedExistence(u, o)';'RespondedExistence';'u';'o';0.804;0.914;0.914
'CoExistence(u, p)';'CoExistence';'u';'p';0.876;0.881;0.881
'RespondedExistence(u, p)';'RespondedExistence';'u';'p';0.876;0.995;0.995
'Response(u, p)';'Response';'u';'p';0.548;0.623;0.623
'CoExistence(u, q)';'CoExistence';'u';'q';0.806;0.817;0.817
'RespondedExistence(u, q)';'RespondedExistence';'u';'q';0.806;0.916;0.916
'NotSuccession(u, r)';'NotSuccession';'u';'r';0.826;0.924;0.924
'NotCoExistence(u, r)';'NotCoExistence';'u';'r';0.798;0.893;0.893
'CoExistence(u, s)';'CoExistence';'u';'s';0.802;0.822;0.822
'RespondedExistence(u, s)';'RespondedExistence';'u';'s';0.802;0.911;0.911
'CoExistence(u, t)';'CoExistence';'u';'t';0.864;0.867;0.867
'RespondedExistence(u, t)';'RespondedExistence';'u';'t';0.864;0.982;0.982
'Response(u, t)';'Response';'u';'t';0.462;0.525;0.525
'CoExistence(u, v)';'CoExistence';'u';'v';0.798;0.809;0.809
'RespondedExistence(u, v)';'RespondedExistence';'u';'v';0.798;0.907;0.907
'CoExistence(u, w)';'CoExistence';'u';'w';0.800;0.820;0.820
'RespondedExistence(u, w)';'RespondedExistence';'u';'w';0.800;0.909;0.909
'CoExistence(u, z)';'CoExistence';'u';'z';0.808;0.821;0.821
'RespondedExistence(u, z)';'RespondedExistence';'u';'z';0.808;0.918;0.918
'Participation(v)';'Participation';'v';;0.904;0.904;0.904
'Precedence(c, v)';'Precedence';'v';'c';0.454;0.502;0.502
'Precedence(p, v)';'Precedence';'v';'p';0.586;0.648;0.648
'CoExistence(v, a)';'CoExistence';'v';'a';0.904;0.904;0.904
'CoExistence(v, b)';'CoExistence';'v';'b';0.904;0.904;0.904
'CoExistence(v, c)';'CoExistence';'v';'c';0.804;0.814;0.814
'RespondedExistence(v, c)';'RespondedExistence';'v';'c';0.804;0.889;0.889
'NotSuccession(v, c)';'NotSuccession';'v';'c';0.636;0.644;0.644
'CoExistence(v, d)';'CoExistence';'v';'d';0.904;0.904;0.904
'Response(v, d)';'Response';'v';'d';0.524;0.580;0.580
'CoExistence(v, e)';'CoExistence';'v';'e';0.816;0.834;0.834
'RespondedExistence(v, e)';'RespondedExistence';'v';'e';0.816;0.903;0.903
'CoExistence(v, f)';'CoExistence';'v';'f';0.890;0.895;0.895
'RespondedExistence(v, f)';'RespondedExistence';'v';'f';0.890;0.985;0.985
'Response(v, f)';'Response';'v';'f';0.720;0.796;0.796
'CoExistence(v, g)';'CoExistence';'v';'g';0.812;0.819;0.819
'RespondedExistence(v, g)';'RespondedExistence';'v';'g';0.812;0.898;0.898
'CoExistence(v, h)';'CoExistence';'v';'h';0.608;0.632;0.632
'RespondedExistence(v, h)';'RespondedExistence';'v';'h';0.608;0.673;0.673
'CoExistence(v, i)';'CoExistence';'v';'i';0.802;0.810;0.810
'RespondedExistence(v, i)';'RespondedExistence';'v';'i';0.802;0.887;0.887
'CoExistence(v, l)';'CoExistence';'v';'l';0.650;0.671;0.671
'RespondedExistence(v, l)';'RespondedExistence';'v';'l';0.650;0.719;0.719
'CoExistence(v, m)';'CoExistence';'v';'m';0.784;0.808;0.808
'RespondedExistence(v, m)';'RespondedExistence';'v';'m';0.784;0.867;0.867
'CoExistence(v, n)';'CoExistence';'v';'n';0.894;0.907;0.907
'RespondedExistence(v, n)';'RespondedExistence';'v';'n';0.894;0.989;0.989
'Response(v, n)';'Response';'v';'n';0.690;0.763;0.763
'CoExistence(v, o)';'CoExistence';'v';'o';0.822;0.830;0.830
'RespondedExistence(v, o)';'RespondedExistence';'v';'o';0.822;0.909;0.909
'CoExistence(v, p)';'CoExistence';'v';'p';0.896;0.898;0.898
'RespondedExistence(v, p)';'RespondedExistence';'v';'p';0.896;0.991;0.991
'Response(v, p)';'Response';'v';'p';0.532;0.588;0.588
'CoExistence(v, q)';'CoExistence';'v';'q';0.826;0.834;0.834
'RespondedExistence(v, q)';'RespondedExistence';'v';'q';0.826;0.914;0.914
'NotSuccession(v, r)';'NotSuccession';'v';'r';0.836;0.919;0.919
'NotCoExistence(v, r)';'NotCoExistence';'v';'r';0.806;0.886;0.886
'CoExistence(v, s)';'CoExistence';'v';'s';0.818;0.831;0.831
'RespondedExistence(v, s)';'RespondedExistence';'v';'s';0.818;0.905;0.905
'CoExistence(v, t)';'CoExistence';'v';'t';0.888;0.892;0.892
'RespondedExistence(v, t)';'RespondedExistence';'v';'t';0.888;0.982;0.982
'Response(v, t)';'Response';'v';'t';0.470;0.520;0.520
'CoExistence(v, u)';'CoExistence';'v';'u';0.798;0.809;0.809
'RespondedExistence(v, u)';'RespondedExistence';'v';'u';0.798;0.883;0.883
'CoExistence(v, w)';'CoExistence';'v';'w';0.810;0.818;0.818
'RespondedExistence(v, w)';'RespondedExistence';'v';'w';0.810;0.896;0.896
'CoExistence(v, z)';'CoExistence';'v';'z';0.832;0.846;0.846
'RespondedExistence(v, z)';'RespondedExistence';'v';'z';0.832;0.920;0.920
'Participation(w)';'Participation';'w';;0.896;0.896;0.896
'Precedence(p, w)';'Precedence';'w';'p';0.542;0.605;0.605
'CoExistence(w, a)';'CoExistence';'w';'a';0.896;0.896;0.896
'CoExistence(w, b)';'CoExistence';'w';'b';0.896;0.896;0.896
'CoExistence(w, c)';'CoExistence';'w';'c';0.792;0.798;0.798
'RespondedExistence(w, c)';'RespondedExistence';'w';'c';0.792;0.884;0.884
'NotSuccession(w, c)';'NotSuccession';'w';'c';0.600;0.605;0.605
'CoExistence(w, d)';'CoExistence';'w';'d';0.896;0.896;0.896
'Response(w, d)';'Response';'w';'d';0.556;0.621;0.621
'CoExistence(w, e)';'CoExistence';'w';'e';0.812;0.834;0.834
'RespondedExistence(w, e)';'RespondedExistence';'w';'e';0.812;0.906;0.906
'CoExistence(w, f)';'CoExistence';'w';'f';0.884;0.891;0.891
'RespondedExistence(w, f)';'RespondedExistence';'w';'f';0.884;0.987;0.987
'Response(w, f)';'Response';'w';'f';0.718;0.801;0.801
'CoExistence(w, g)';'CoExistence';'w';'g';0.808;0.818;0.818
'RespondedExistence(w, g)';'RespondedExistence';'w';'g';0.808;0.902;0.902
'CoExistence(w, h)';'CoExistence';'w';'h';0.600;0.624;0.624
'RespondedExistence(w, h)';'RespondedExistence';'w';'h';0.600;0.670;0.670
'CoExistence(w, i)';'CoExistence';'w';'i';0.796;0.806;0.806
'RespondedExistence(w, i)';'RespondedExistence';'w';'i';0.796;0.888;0.888
'CoExistence(w, l)';'CoExistence';'w';'l';0.638;0.656;0.656
'RespondedExistence(w, l)';'RespondedExistence';'w';'l';0.638;0.712;0.712
'CoExistence(w, m)';'CoExistence';'w';'m';0.770;0.789;0.789
'RespondedExistence(w, m)';'RespondedExistence';'w';'m';0.770;0.859;0.859
'CoExistence(w, n)';'CoExistence';'w';'n';0.876;0.880;0.880
'RespondedExistence(w, n)';'RespondedExistence';'w';'n';0.876;0.978;0.978
'Response(w, n)';'Response';'w';'n';0.678;0.757;0.757
'CoExistence(w, o)';'CoExistence';'w';'o';0.820;0.833;0.833
'RespondedExistence(w, o)';'RespondedExistence';'w';'o';0.820;0.915;0.915
'CoExistence(w, p)';'CoExistence';'w';'p';0.890;0.894;0.894
'RespondedExistence(w, p)';'RespondedExistence';'w';'p';0.890;0.993;0.993
'Response(w, p)';'Response';'w';'p';0.572;0.638;0.638
'CoExistence(w, q)';'CoExistence';'w';'q';0.816;0.823;0.823
'RespondedExistence(w, q)';'RespondedExistence';'w';'q';0.816;0.911;0.911
'NotSuccession(w, r)';'NotSuccession';'w';'r';0.832;0.918;0.918
'NotCoExistence(w, r)';'NotCoExistence';'w';'r';0.806;0.890;0.890
'CoExistence(w, s)';'CoExistence';'w';'s';0.812;0.827;0.827
'RespondedExistence(w, s)';'RespondedExistence';'w';'s';0.812;0.906;0.906
'CoExistence(w, t)';'CoExistence';'w';'t';0.882;0.887;0.887
'RespondedExistence(w, t)';'RespondedExistence';'w';'t';0.882;0.984;0.984
'Response(w, t)';'Response';'w';'t';0.502;0.560;0.560
'CoExistence(w, u)';'CoExistence';'w';'u';0.800;0.820;0.820
'RespondedExistence(w, u)';'RespondedExistence';'w';'u';0.800;0.893;0.893
'CoExistence(w, v)';'CoExistence';'w';'v';0.810;0.818;0.818
'RespondedExistence(w, v)';'RespondedExistence';'w';'v';0.810;0.904;0.904
'CoExistence(w, z)';'CoExistence';'w';'z';0.822;0.834;0.834
'RespondedExistence(w, z)';'RespondedExistence';'w';'z';0.822;0.917;0.917
'Participation(z)';'Participation';'z';;0.912;0.912;0.912
'Precedence(p, z)';'Precedence';'z';'p';0.578;0.634;0.634
'Precedence(q, z)';'Precedence';'z';'q';0.458;0.502;0.502
'Precedence(s, z)';'Precedence';'z';'s';0.458;0.502;0.502
'CoExistence(z, a)';'CoExistence';'z';'a';0.912;0.912;0.912
'CoExistence(z, b)';'CoExistence';'z';'b';0.912;0.912;0.912
'Succession(z, b)';'Succession';'z';'b';0.508;0.508;0.508
'CoExistence(z, c)';'CoExistence';'z';'c';0.818;0.833;0.833
'RespondedExistence(z, c)';'RespondedExistence';'z';'c';0.818;0.897;0.897
'NotSuccession(z, c)';'NotSuccession';'z';'c';0.586;0.597;0.597
'CoExistence(z, d)';'CoExistence';'z';'d';0.912;0.912;0.912
'Response(z, d)';'Response';'z';'d';0.548;0.601;0.601
'CoExistence(z, e)';'CoExistence';'z';'e';0.828;0.850;0.850
'RespondedExistence(z, e)';'RespondedExistence';'z';'e';0.828;0.908;0.908
'CoExistence(z, f)';'CoExistence';'z';'f';0.902;0.911;0.911
'RespondedExistence(z, f)';'RespondedExistence';'z';'f';0.902;0.989;0.989
'Response(z, f)';'Response';'z';'f';0.748;0.820;0.820
'CoExistence(z, g)';'CoExistence';'z';'g';0.824;0.834;0.834
'RespondedExistence(z, g)';'RespondedExistence';'z';'g';0.824;0.904;0.904
'CoExistence(z, h)';'CoExistence';'z';'h';0.618;0.644;0.644
'RespondedExistence(z, h)';'RespondedExistence';'z';'h';0.618;0.678;0.678
'CoExistence(z, i)';'CoExistence';'z';'i';0.818;0.833;0.833
'RespondedExistence(z, i)';'RespondedExistence';'z';'i';0.818;0.897;0.897
'CoExistence(z, l)';'CoExistence';'z';'l';0.660;0.683;0.683
'RespondedExistence(z, l)';'RespondedExistence';'z';'l';0.660;0.724;0.724
'CoExistence(z, m)';'CoExistence';'z';'m';0.782;0.798;0.798
'RespondedExistence(z, m)';'RespondedExistence';'z';'m';0.782;0.857;0.857
'CoExistence(z, n)';'CoExistence';'z';'n';0.896;0.903;0.903
'RespondedExistence(z, n)';'RespondedExistence';'z';'n';0.896;0.982;0.982
'Response(z, n)';'Response';'z';'n';0.708;0.776;0.776
'CoExistence(z, o)';'CoExistence';'z';'o';0.832;0.842;0.842
'RespondedExistence(z, o)';'RespondedExistence';'z';'o';0.832;0.912;0.912
'CoExistence(z, p)';'CoExistence';'z';'p';0.906;0.910;0.910
'RespondedExistence(z, p)';'RespondedExistence';'z';'p';0.906;0.993;0.993
'Response(z, p)';'Response';'z';'p';0.580;0.636;0.636
'CoExistence(z, q)';'CoExistence';'z';'q';0.838;0.850;0.850
'RespondedExistence(z, q)';'RespondedExistence';'z';'q';0.838;0.919;0.919
'NotSuccession(z, r)';'NotSuccession';'z';'r';0.844;0.917;0.917
'NotCoExistence(z, r)';'NotCoExistence';'z';'r';0.818;0.889;0.889
'CoExistence(z, s)';'CoExistence';'z';'s';0.838;0.862;0.862
'RespondedExistence(z, s)';'RespondedExistence';'z';'s';0.838;0.919;0.919
'CoExistence(z, t)';'CoExistence';'z';'t';0.904;0.915;0.915
'RespondedExistence(z, t)';'RespondedExistence';'z';'t';0.904;0.991;0.991
'Response(z, t)';'Response';'z';'t';0.526;0.577;0.577
'CoExistence(z, u)';'CoExistence';'z';'u';0.808;0.821;0.821
'RespondedExistence(z, u)';'RespondedExistence';'z';'u';0.808;0.886;0.886
'CoExistence(z, v)';'CoExistence';'z';'v';0.832;0.846;0.846
'RespondedExistence(z, v)';'RespondedExistence';'z';'v';0.832;0.912;0.912
'Response(z, v)';'Response';'z';'v';0.458;0.502;0.502
'CoExistence(z, w)';'CoExistence';'z';'w';0.822;0.834;0.834
'RespondedExistence(z, w)';'RespondedExistence';'z';'w';0.822;0.901;0.901
