Rank-1-true;Rank-1-TOT;Measure
11;1320;ORIGINAL-MODEL
3;677;Recall
2;17;Example and Counterexample Rate
2;17;Confidence
1;423;Ylue Y
1;423;Ylue Q
1;17;Sebag-Schoenauer
1;17;Compliance
1;14;Support
1;14;Prevalence
1;14;Least Contradiction
1;14;Laplace Correction
1;14;Jaccard
1;14;Cosine
1;14;Accuracy
1;4;Odd Multiplier
1;4;Conviction
1;2;Lift
0;423;Odds Ratio
0;420;Specificity
0;420;Relative Risk
0;25;Linear Correlation Coefficient
0;15;Piatetsky-Shapiro
0;15;Added Value
0;8;Lovinger
0;2;Zhang
0;2;Two-way Support Variation
0;2;Two-way Support
0;2;One-way Support
0;2;Leverage
0;2;Klosgen
0;2;J Measure
0;2;Interestingness Weighting Dependency
0;2;Information Gain
0;2;Gini Index
0;2;Coverage
0;2;Collective Strength
0;2;Certainty factor
