Rank-100-true;Rank-100-TOT;Measure
11;1320;ORIGINAL-MODEL
7;102;Zhang
7;102;Odd Multiplier
7;102;Conviction
7;102;Certainty factor
7;101;Two-way Support Variation
6;101;Linear Correlation Coefficient
5;101;Two-way Support
5;101;Piatetsky-Shapiro
5;101;Lift
5;101;Klosgen
4;106;Compliance
4;102;One-way Support
4;102;Added Value
4;101;Interestingness Weighting Dependency
4;101;Information Gain
3;677;Recall
3;234;Coverage
3;116;Support
3;112;Example and Counterexample Rate
3;112;Confidence
3;108;Laplace Correction
3;101;Least Contradiction
3;101;Jaccard
3;101;Cosine
2;119;Prevalence
2;101;Accuracy
1;423;Ylue Y
1;423;Ylue Q
1;101;Sebag-Schoenauer
1;101;Lovinger
1;101;Leverage
0;423;Odds Ratio
0;420;Specificity
0;420;Relative Risk
0;102;J Measure
0;101;Gini Index
0;101;Collective Strength
