Rank-1500-true;Rank-1500-TOT;Measure
11;1320;ORIGINAL-MODEL
11;1320;Two-way Support
11;1320;Support
11;1320;Sebag-Schoenauer
11;1320;Recall
11;1320;Prevalence
11;1320;Piatetsky-Shapiro
11;1320;One-way Support
11;1320;Lift
11;1320;Leverage
11;1320;Least Contradiction
11;1320;Laplace Correction
11;1320;Klosgen
11;1320;Jaccard
11;1320;Interestingness Weighting Dependency
11;1320;Information Gain
11;1320;Example and Counterexample Rate
11;1320;Coverage
11;1320;Cosine
11;1320;Confidence
11;1320;Compliance
11;1320;Added Value
11;1320;Accuracy
10;1307;Zhang
10;1307;Odd Multiplier
10;1307;Lovinger
10;1307;Conviction
10;1307;Certainty factor
10;1304;J Measure
8;1099;Linear Correlation Coefficient
8;1063;Ylue Y
8;1063;Ylue Q
8;1063;Specificity
8;1063;Relative Risk
8;1063;Odds Ratio
8;1063;Gini Index
8;1063;Collective Strength
7;635;Two-way Support Variation
