Rank-25-true;Rank-25-TOT;Measure
11;1320;ORIGINAL-MODEL
5;26;Odd Multiplier
5;26;Conviction
3;677;Recall
3;234;Coverage
3;27;Lift
2;27;Compliance
2;26;Laplace Correction
2;26;Example and Counterexample Rate
2;26;Confidence
1;423;Ylue Y
1;423;Ylue Q
1;49;Accuracy
1;46;Least Contradiction
1;44;Support
1;44;Jaccard
1;44;Cosine
1;40;Prevalence
1;28;Information Gain
1;28;Certainty factor
1;27;Sebag-Schoenauer
1;27;Added Value
1;26;One-way Support
1;26;Leverage
0;423;Odds Ratio
0;420;Specificity
0;420;Relative Risk
0;27;Piatetsky-Shapiro
0;26;Zhang
0;26;Two-way Support Variation
0;26;Two-way Support
0;26;Lovinger
0;26;Linear Correlation Coefficient
0;26;Klosgen
0;26;J Measure
0;26;Interestingness Weighting Dependency
0;26;Gini Index
0;26;Collective Strength
