Rank-5-true;Rank-5-TOT;Measure
11;1320;ORIGINAL-MODEL
3;677;Recall
3;6;Odd Multiplier
2;17;Example and Counterexample Rate
2;17;Confidence
2;6;Conviction
1;423;Ylue Y
1;423;Ylue Q
1;17;Sebag-Schoenauer
1;17;Compliance
1;14;Support
1;14;Prevalence
1;14;Least Contradiction
1;14;Laplace Correction
1;14;Jaccard
1;14;Cosine
1;14;Accuracy
1;6;Lift
0;423;Odds Ratio
0;420;Specificity
0;420;Relative Risk
0;25;Linear Correlation Coefficient
0;15;Piatetsky-Shapiro
0;15;Added Value
0;13;Coverage
0;8;Lovinger
0;7;Two-way Support
0;7;J Measure
0;6;Zhang
0;6;Two-way Support Variation
0;6;One-way Support
0;6;Leverage
0;6;Klosgen
0;6;Interestingness Weighting Dependency
0;6;Information Gain
0;6;Gini Index
0;6;Collective Strength
0;6;Certainty factor
