Rank-200-true;Rank-200-TOT;Measure
11;1320;ORIGINAL-MODEL
9;201;Laplace Correction
9;201;Example and Counterexample Rate
9;201;Confidence
8;201;Compliance
7;210;Accuracy
7;202;Two-way Support Variation
7;202;Conviction
7;201;Zhang
7;201;Odd Multiplier
7;201;Linear Correlation Coefficient
7;201;Certainty factor
6;216;Prevalence
6;203;Information Gain
6;202;Interestingness Weighting Dependency
6;201;Two-way Support
6;201;Piatetsky-Shapiro
6;201;One-way Support
6;201;Lift
6;201;Klosgen
6;201;Added Value
5;202;Jaccard
5;202;Gini Index
5;202;Cosine
5;201;Least Contradiction
4;212;Support
3;677;Recall
3;320;Lovinger
3;234;Coverage
3;201;Leverage
2;202;Sebag-Schoenauer
1;423;Ylue Y
1;423;Ylue Q
0;423;Odds Ratio
0;420;Specificity
0;420;Relative Risk
0;201;J Measure
0;201;Collective Strength
