Rank-500-true;Rank-500-TOT;Measure
11.0;1311.8;ORIGINAL-MODEL
11.0;512.9;Compliance
11.0;503.8;Laplace Correction
11.0;503.5;Example and Counterexample Rate
11.0;503.5;Confidence
11.0;503.0;Accuracy
11.0;501.5;Sebag-Schoenauer
10.0;501.8;Least Contradiction
9.4;501.4;Cosine
9.3;501.8;Jaccard
8.0;511.2;Prevalence
8.0;503.5;Support
7.9;501.1;Leverage
7.0;501.8;Interestingness Weighting Dependency
7.0;501.8;Added Value
7.0;501.7;Linear Correlation Coefficient
7.0;501.6;One-way Support
7.0;501.6;Odds Ratio
7.0;501.5;Ylue Y
7.0;501.5;Ylue Q
7.0;501.5;Two-way Support
7.0;501.5;Odd Multiplier
7.0;501.3;Conviction
7.0;501.3;Certainty factor
7.0;501.2;Piatetsky-Shapiro
7.0;501.2;Klosgen
7.0;501.1;Zhang
7.0;501.1;Lovinger
6.9;502.9;Information Gain
6.9;502.8;Lift
6.3;501.5;Gini Index
6.0;501.0;Relative Risk
4.8;501.1;Specificity
4.2;501.1;Collective Strength
3.5;705.8;Recall
3.0;509.4;Coverage
0.0;501.2;Two-way Support Variation
0.0;501.2;J Measure
