Rank-1000-true;Rank-1000-TOT;Measure
11.0;1311.8;ORIGINAL-MODEL
11.0;1002.9;Least Contradiction
11.0;1002.8;Accuracy
11.0;1002.1;Cosine
11.0;1002.0;Jaccard
11.0;1002.0;Compliance
11.0;1001.5;Sebag-Schoenauer
11.0;1001.0;Laplace Correction
11.0;1001.0;Example and Counterexample Rate
11.0;1001.0;Confidence
10.0;1003.1;Support
10.0;1001.6;Prevalence
9.8;1157.4;Lift
9.8;1154.3;Two-way Support
9.8;1154.3;Piatetsky-Shapiro
9.8;1154.3;Information Gain
9.8;1154.2;One-way Support
9.8;1154.2;Klosgen
9.8;1154.2;Added Value
9.8;1154.1;Interestingness Weighting Dependency
8.0;1002.3;Collective Strength
8.0;1001.3;Leverage
8.0;1001.0;Relative Risk
7.4;1001.1;Recall
7.1;1001.0;Gini Index
7.0;1217.4;Odd Multiplier
7.0;1150.5;Conviction
7.0;1139.4;Zhang
7.0;1139.4;Certainty factor
7.0;1004.5;Linear Correlation Coefficient
7.0;1001.5;Specificity
7.0;1001.5;Lovinger
7.0;1001.2;Ylue Y
7.0;1001.2;Ylue Q
7.0;1001.1;Odds Ratio
5.8;1007.7;Coverage
0.0;1001.2;J Measure
0.0;592.8;Two-way Support Variation
