Rank-10-true;Rank-10-TOT;Measure
11.0;1311.8;ORIGINAL-MODEL
11.0;31.0;Sebag-Schoenauer
11.0;31.0;Example and Counterexample Rate
11.0;31.0;Confidence
11.0;31.0;Compliance
7.0;450.8;Ylue Y
7.0;450.8;Ylue Q
7.0;450.8;Odds Ratio
7.0;11.3;Odd Multiplier
7.0;11.2;Conviction
4.0;22.0;Prevalence
4.0;21.0;Least Contradiction
4.0;21.0;Laplace Correction
4.0;21.0;Jaccard
4.0;21.0;Cosine
4.0;21.0;Accuracy
3.5;705.8;Recall
3.0;21.0;Support
2.6;11.0;Lift
1.0;441.8;Specificity
1.0;18.6;Information Gain
0.9;11.0;One-way Support
0.8;28.0;Linear Correlation Coefficient
0.6;58.8;Coverage
0.4;441.8;Relative Risk
0.0;13.4;Lovinger
0.0;13.4;Leverage
0.0;12.5;Piatetsky-Shapiro
0.0;12.5;Added Value
0.0;11.2;Two-way Support Variation
0.0;11.0;Zhang
0.0;11.0;Two-way Support
0.0;11.0;Klosgen
0.0;11.0;J Measure
0.0;11.0;Interestingness Weighting Dependency
0.0;11.0;Gini Index
0.0;11.0;Collective Strength
0.0;11.0;Certainty factor
