Rank-200-true;Rank-200-TOT;Measure
11.0;1311.8;ORIGINAL-MODEL
11.0;203.4;Sebag-Schoenauer
11.0;202.6;Compliance
11.0;201.7;Example and Counterexample Rate
11.0;201.7;Confidence
11.0;201.4;Laplace Correction
8.1;205.7;Accuracy
7.5;209.2;Prevalence
7.4;202.6;Least Contradiction
7.0;450.8;Ylue Y
7.0;450.8;Ylue Q
7.0;450.8;Odds Ratio
7.0;204.6;Cosine
7.0;203.2;Jaccard
7.0;201.8;Linear Correlation Coefficient
7.0;201.5;Zhang
7.0;201.2;Conviction
7.0;201.2;Certainty factor
7.0;201.0;Odd Multiplier
6.5;201.5;Interestingness Weighting Dependency
6.3;201.2;Two-way Support
6.3;201.1;Piatetsky-Shapiro
6.2;201.3;Added Value
6.2;201.2;One-way Support
6.1;201.2;Klosgen
6.0;202.2;Information Gain
6.0;201.9;Lift
6.0;201.4;Gini Index
4.7;210.0;Support
3.5;705.8;Recall
3.1;201.0;Leverage
3.0;238.0;Coverage
1.0;441.8;Specificity
1.0;306.7;Lovinger
0.4;441.8;Relative Risk
0.0;201.2;Two-way Support Variation
0.0;201.2;J Measure
0.0;201.0;Collective Strength
