Rank-1500-true;Rank-1500-TOT;Measure
11.0;1311.8;Two-way Support
11.0;1311.8;Support
11.0;1311.8;Sebag-Schoenauer
11.0;1311.8;Recall
11.0;1311.8;Prevalence
11.0;1311.8;Piatetsky-Shapiro
11.0;1311.8;One-way Support
11.0;1311.8;ORIGINAL-MODEL
11.0;1311.8;Lift
11.0;1311.8;Leverage
11.0;1311.8;Least Contradiction
11.0;1311.8;Laplace Correction
11.0;1311.8;Klosgen
11.0;1311.8;Jaccard
11.0;1311.8;Interestingness Weighting Dependency
11.0;1311.8;Information Gain
11.0;1311.8;Example and Counterexample Rate
11.0;1311.8;Coverage
11.0;1311.8;Cosine
11.0;1311.8;Confidence
11.0;1311.8;Compliance
11.0;1311.8;Added Value
11.0;1311.8;Accuracy
8.0;1047.8;Specificity
8.0;1047.8;Relative Risk
8.0;1047.8;Gini Index
8.0;1047.8;Collective Strength
7.0;1290.8;Zhang
7.0;1290.8;Odd Multiplier
7.0;1290.8;Lovinger
7.0;1290.8;Conviction
7.0;1290.8;Certainty factor
7.0;1086.5;Linear Correlation Coefficient
7.0;1046.8;Ylue Y
7.0;1046.8;Ylue Q
7.0;1046.8;Odds Ratio
0.0;1281.8;J Measure
0.0;592.8;Two-way Support Variation
