Rank-1-true;Rank-1-TOT;Measure
11.0;1311.8;ORIGINAL-MODEL
11.0;31.0;Sebag-Schoenauer
11.0;31.0;Example and Counterexample Rate
11.0;31.0;Confidence
11.0;31.0;Compliance
7.0;450.8;Ylue Y
7.0;450.8;Ylue Q
7.0;450.8;Odds Ratio
7.0;10.0;Odd Multiplier
7.0;10.0;Conviction
4.0;22.0;Prevalence
4.0;21.0;Least Contradiction
4.0;21.0;Laplace Correction
4.0;21.0;Jaccard
4.0;21.0;Cosine
4.0;21.0;Accuracy
3.5;705.8;Recall
3.0;21.0;Support
1.0;441.8;Specificity
1.0;2.0;Lift
0.8;28.0;Linear Correlation Coefficient
0.4;441.8;Relative Risk
0.0;9.7;Piatetsky-Shapiro
0.0;8.1;Added Value
0.0;6.5;Lovinger
0.0;4.1;Coverage
0.0;3.3;Leverage
0.0;2.8;Information Gain
0.0;2.0;Zhang
0.0;2.0;Two-way Support Variation
0.0;2.0;Two-way Support
0.0;2.0;One-way Support
0.0;2.0;Klosgen
0.0;2.0;J Measure
0.0;2.0;Interestingness Weighting Dependency
0.0;2.0;Gini Index
0.0;2.0;Collective Strength
0.0;2.0;Certainty factor
