Rank-50-true;Rank-50-TOT;Measure
11.0;1311.8;ORIGINAL-MODEL
11.0;55.1;Compliance
11.0;51.4;Sebag-Schoenauer
11.0;51.1;Example and Counterexample Rate
11.0;51.1;Confidence
10.5;51.1;Laplace Correction
7.0;450.8;Ylue Y
7.0;450.8;Ylue Q
7.0;450.8;Odds Ratio
7.0;51.6;Odd Multiplier
7.0;51.3;Certainty factor
7.0;51.2;Conviction
7.0;51.0;Zhang
4.2;52.6;Prevalence
4.1;54.6;Accuracy
4.0;54.6;Least Contradiction
4.0;54.4;Jaccard
4.0;54.4;Cosine
3.5;705.8;Recall
3.4;51.7;Lift
3.4;51.1;Two-way Support
3.3;51.2;Klosgen
3.3;51.1;Added Value
3.3;51.0;One-way Support
3.2;51.3;Information Gain
3.1;51.3;Interestingness Weighting Dependency
3.0;238.0;Coverage
3.0;52.5;Support
2.7;51.3;Piatetsky-Shapiro
1.9;51.0;Linear Correlation Coefficient
1.0;441.8;Specificity
1.0;51.0;Leverage
0.4;441.8;Relative Risk
0.0;51.3;Two-way Support Variation
0.0;51.1;Gini Index
0.0;51.1;Collective Strength
0.0;51.0;Lovinger
0.0;51.0;J Measure
