Rank-25-true;Rank-25-TOT;Measure
11.0;1311.8;ORIGINAL-MODEL
11.0;31.0;Sebag-Schoenauer
11.0;31.0;Example and Counterexample Rate
11.0;31.0;Confidence
11.0;31.0;Compliance
9.0;26.0;Laplace Correction
7.0;450.8;Ylue Y
7.0;450.8;Ylue Q
7.0;450.8;Odds Ratio
7.0;26.0;Odd Multiplier
7.0;26.0;Conviction
4.1;42.5;Prevalence
4.0;33.4;Accuracy
4.0;33.1;Least Contradiction
4.0;33.1;Jaccard
4.0;33.1;Cosine
3.5;705.8;Recall
3.1;27.3;Lift
3.0;238.0;Coverage
3.0;32.0;Support
2.8;28.1;Certainty factor
1.5;26.1;Zhang
1.0;441.8;Specificity
1.0;30.6;Information Gain
1.0;26.1;One-way Support
0.9;28.3;Leverage
0.8;29.3;Linear Correlation Coefficient
0.7;28.3;Added Value
0.4;441.8;Relative Risk
0.4;26.1;Klosgen
0.1;26.0;Interestingness Weighting Dependency
0.0;29.1;Piatetsky-Shapiro
0.0;28.7;Lovinger
0.0;26.2;Two-way Support Variation
0.0;26.2;J Measure
0.0;26.1;Two-way Support
0.0;26.0;Gini Index
0.0;26.0;Collective Strength
