Rank-100-true;Rank-100-TOT;Measure
11.0;1311.8;ORIGINAL-MODEL
11.0;106.9;Compliance
11.0;105.9;Example and Counterexample Rate
11.0;105.9;Confidence
11.0;104.6;Laplace Correction
11.0;102.6;Sebag-Schoenauer
7.0;450.8;Ylue Y
7.0;450.8;Ylue Q
7.0;450.8;Odds Ratio
7.0;101.3;Certainty factor
7.0;101.1;Zhang
7.0;101.1;Conviction
7.0;101.0;Odd Multiplier
6.1;101.5;Linear Correlation Coefficient
5.2;101.4;Interestingness Weighting Dependency
5.1;101.4;Two-way Support
5.1;101.4;Piatetsky-Shapiro
5.0;102.2;Accuracy
4.8;101.4;Klosgen
4.7;107.4;Prevalence
4.6;101.2;Lift
4.5;101.2;Added Value
4.5;101.0;One-way Support
4.1;101.0;Least Contradiction
4.0;101.2;Jaccard
4.0;101.0;Cosine
3.8;101.0;Information Gain
3.5;705.8;Recall
3.1;101.6;Support
3.0;238.0;Coverage
2.7;101.2;Gini Index
2.1;101.0;Leverage
1.0;441.8;Specificity
0.4;441.8;Relative Risk
0.3;156.1;Lovinger
0.0;101.5;Two-way Support Variation
0.0;101.3;J Measure
0.0;101.0;Collective Strength
