Rank-500-true;Rank-500-TOT;Measure
11;1290;ORIGINAL-MODEL
11;509;Compliance
11;507;Accuracy
11;503;Example and Counterexample Rate
11;503;Confidence
11;502;Laplace Correction
11;501;Sebag-Schoenauer
10;502;Cosine
10;501;Least Contradiction
9;501;Jaccard
8;505;Prevalence
8;503;Support
8;501;Leverage
7;502;Odds Ratio
7;502;Linear Correlation Coefficient
7;502;Klosgen
7;501;Zhang
7;501;Ylue Y
7;501;Ylue Q
7;501;Two-way Support
7;501;Piatetsky-Shapiro
7;501;One-way Support
7;501;Odd Multiplier
7;501;Lovinger
7;501;Lift
7;501;Interestingness Weighting Dependency
7;501;Information Gain
7;501;Gini Index
7;501;Conviction
7;501;Certainty factor
7;501;Added Value
6;501;Specificity
6;501;Relative Risk
4;693;Recall
4;501;Collective Strength
3;502;Coverage
0;501;Two-way Support Variation
0;501;J Measure
