Rank-50-true;Rank-50-TOT;Measure
11;1290;ORIGINAL-MODEL
11;58;Compliance
11;51;Sebag-Schoenauer
11;51;Laplace Correction
11;51;Example and Counterexample Rate
11;51;Confidence
7;450;Ylue Y
7;450;Ylue Q
7;450;Odds Ratio
7;51;Zhang
7;51;Odd Multiplier
7;51;Conviction
7;51;Certainty factor
5;52;Accuracy
4;693;Recall
4;60;Least Contradiction
4;58;Jaccard
4;58;Cosine
4;51;Prevalence
3;231;Coverage
3;53;Support
3;53;Lift
3;52;Two-way Support
3;52;Klosgen
3;52;Information Gain
3;51;One-way Support
3;51;Interestingness Weighting Dependency
3;51;Added Value
2;51;Piatetsky-Shapiro
2;51;Linear Correlation Coefficient
1;442;Specificity
1;51;Leverage
0;442;Relative Risk
0;51;Two-way Support Variation
0;51;Lovinger
0;51;J Measure
0;51;Gini Index
0;51;Collective Strength
