Rank-25-true;Rank-25-TOT;Measure
11;1290;ORIGINAL-MODEL
11;30;Sebag-Schoenauer
11;30;Example and Counterexample Rate
11;30;Confidence
11;30;Compliance
9;26;Laplace Correction
7;450;Ylue Y
7;450;Ylue Q
7;450;Odds Ratio
7;30;Certainty factor
7;26;Odd Multiplier
7;26;Conviction
6;27;Zhang
4;693;Recall
4;32;Least Contradiction
4;32;Jaccard
4;32;Cosine
4;32;Accuracy
4;30;Prevalence
3;231;Coverage
3;31;Support
3;26;Lift
1;442;Specificity
1;27;One-way Support
1;27;Klosgen
1;27;Added Value
1;26;Linear Correlation Coefficient
1;26;Leverage
1;26;Interestingness Weighting Dependency
1;26;Information Gain
0;442;Relative Risk
0;26;Two-way Support Variation
0;26;Two-way Support
0;26;Piatetsky-Shapiro
0;26;Lovinger
0;26;J Measure
0;26;Gini Index
0;26;Collective Strength
