Rank-5-true;Rank-5-TOT;Measure
11;1290;ORIGINAL-MODEL
11;30;Sebag-Schoenauer
11;30;Example and Counterexample Rate
11;30;Confidence
11;30;Compliance
7;450;Ylue Y
7;450;Ylue Q
7;450;Odds Ratio
7;9;Odd Multiplier
7;9;Conviction
4;693;Recall
4;22;Prevalence
4;21;Least Contradiction
4;21;Laplace Correction
4;21;Jaccard
4;21;Cosine
4;21;Accuracy
3;21;Support
1;442;Specificity
1;22;Linear Correlation Coefficient
1;10;Information Gain
1;6;Lift
0;442;Relative Risk
0;11;Piatetsky-Shapiro
0;11;Added Value
0;10;Leverage
0;8;Lovinger
0;6;Zhang
0;6;Two-way Support Variation
0;6;Two-way Support
0;6;One-way Support
0;6;Klosgen
0;6;J Measure
0;6;Interestingness Weighting Dependency
0;6;Gini Index
0;6;Coverage
0;6;Collective Strength
0;6;Certainty factor
