Rank-1000-true;Rank-1000-TOT;Measure
11;1290;ORIGINAL-MODEL
11;1217;Two-way Support
11;1217;Piatetsky-Shapiro
11;1217;One-way Support
11;1217;Lift
11;1217;Klosgen
11;1217;Interestingness Weighting Dependency
11;1217;Information Gain
11;1217;Added Value
11;1003;Least Contradiction
11;1002;Accuracy
11;1001;Sebag-Schoenauer
11;1001;Laplace Correction
11;1001;Jaccard
11;1001;Example and Counterexample Rate
11;1001;Cosine
11;1001;Confidence
11;1001;Compliance
10;1007;Prevalence
10;1006;Support
8;1002;Collective Strength
8;1001;Relative Risk
8;1001;Recall
8;1001;Leverage
7;1204;Odd Multiplier
7;1196;Zhang
7;1196;Certainty factor
7;1183;Conviction
7;1002;Linear Correlation Coefficient
7;1001;Ylue Y
7;1001;Ylue Q
7;1001;Specificity
7;1001;Odds Ratio
7;1001;Lovinger
7;1001;Gini Index
6;1004;Coverage
0;1001;J Measure
0;586;Two-way Support Variation
