'Constraint';'Template';'Activation';'Target';'Support';'Confidence level';'Interest factor'
'Init(a)';'Init';'a';;1.000;1.000;1.000
'CoExistence(a, b)';'CoExistence';'a';'b';1.000;1.000;1.000
'Succession(a, b)';'Succession';'a';'b';1.000;1.000;1.000
'RespondedExistence(a, b)';'RespondedExistence';'a';'b';1.000;1.000;1.000
'Response(a, b)';'Response';'a';'b';1.000;1.000;1.000
'CoExistence(a, c)';'CoExistence';'a';'c';0.880;0.880;0.880
'RespondedExistence(a, c)';'RespondedExistence';'a';'c';0.880;0.880;0.880
'CoExistence(a, d)';'CoExistence';'a';'d';1.000;1.000;1.000
'Succession(a, d)';'Succession';'a';'d';0.628;0.628;0.628
'RespondedExistence(a, d)';'RespondedExistence';'a';'d';1.000;1.000;1.000
'Response(a, d)';'Response';'a';'d';0.628;0.628;0.628
'CoExistence(a, e)';'CoExistence';'a';'e';0.834;0.834;0.834
'RespondedExistence(a, e)';'RespondedExistence';'a';'e';0.834;0.834;0.834
'CoExistence(a, f)';'CoExistence';'a';'f';0.958;0.958;0.958
'Succession(a, f)';'Succession';'a';'f';0.798;0.798;0.798
'RespondedExistence(a, f)';'RespondedExistence';'a';'f';0.958;0.958;0.958
'Response(a, f)';'Response';'a';'f';0.798;0.798;0.798
'CoExistence(a, g)';'CoExistence';'a';'g';0.876;0.876;0.876
'RespondedExistence(a, g)';'RespondedExistence';'a';'g';0.876;0.876;0.876
'CoExistence(a, h)';'CoExistence';'a';'h';0.654;0.654;0.654
'RespondedExistence(a, h)';'RespondedExistence';'a';'h';0.654;0.654;0.654
'CoExistence(a, i)';'CoExistence';'a';'i';0.874;0.874;0.874
'RespondedExistence(a, i)';'RespondedExistence';'a';'i';0.874;0.874;0.874
'CoExistence(a, l)';'CoExistence';'a';'l';0.614;0.614;0.614
'RespondedExistence(a, l)';'RespondedExistence';'a';'l';0.614;0.614;0.614
'CoExistence(a, m)';'CoExistence';'a';'m';0.832;0.832;0.832
'RespondedExistence(a, m)';'RespondedExistence';'a';'m';0.832;0.832;0.832
'CoExistence(a, n)';'CoExistence';'a';'n';0.954;0.954;0.954
'Succession(a, n)';'Succession';'a';'n';0.778;0.778;0.778
'RespondedExistence(a, n)';'RespondedExistence';'a';'n';0.954;0.954;0.954
'Response(a, n)';'Response';'a';'n';0.778;0.778;0.778
'CoExistence(a, o)';'CoExistence';'a';'o';0.884;0.884;0.884
'Succession(a, o)';'Succession';'a';'o';0.504;0.504;0.504
'RespondedExistence(a, o)';'RespondedExistence';'a';'o';0.884;0.884;0.884
'Response(a, o)';'Response';'a';'o';0.504;0.504;0.504
'CoExistence(a, p)';'CoExistence';'a';'p';0.978;0.978;0.978
'Succession(a, p)';'Succession';'a';'p';0.668;0.668;0.668
'RespondedExistence(a, p)';'RespondedExistence';'a';'p';0.978;0.978;0.978
'Response(a, p)';'Response';'a';'p';0.668;0.668;0.668
'CoExistence(a, q)';'CoExistence';'a';'q';0.828;0.828;0.828
'RespondedExistence(a, q)';'RespondedExistence';'a';'q';0.828;0.828;0.828
'NotSuccession(a, r)';'NotSuccession';'a';'r';0.900;0.900;0.900
'NotCoExistence(a, r)';'NotCoExistence';'a';'r';0.900;0.900;0.900
'CoExistence(a, s)';'CoExistence';'a';'s';0.866;0.866;0.866
'RespondedExistence(a, s)';'RespondedExistence';'a';'s';0.866;0.866;0.866
'CoExistence(a, t)';'CoExistence';'a';'t';0.960;0.960;0.960
'Succession(a, t)';'Succession';'a';'t';0.560;0.560;0.560
'RespondedExistence(a, t)';'RespondedExistence';'a';'t';0.960;0.960;0.960
'Response(a, t)';'Response';'a';'t';0.560;0.560;0.560
'CoExistence(a, u)';'CoExistence';'a';'u';0.894;0.894;0.894
'Succession(a, u)';'Succession';'a';'u';0.514;0.514;0.514
'RespondedExistence(a, u)';'RespondedExistence';'a';'u';0.894;0.894;0.894
'Response(a, u)';'Response';'a';'u';0.514;0.514;0.514
'CoExistence(a, v)';'CoExistence';'a';'v';0.864;0.864;0.864
'RespondedExistence(a, v)';'RespondedExistence';'a';'v';0.864;0.864;0.864
'CoExistence(a, w)';'CoExistence';'a';'w';0.878;0.878;0.878
'RespondedExistence(a, w)';'RespondedExistence';'a';'w';0.878;0.878;0.878
'CoExistence(a, z)';'CoExistence';'a';'z';0.870;0.870;0.870
'RespondedExistence(a, z)';'RespondedExistence';'a';'z';0.870;0.870;0.870
'End(b)';'End';'b';;1.000;1.000;1.000
'Precedence(a, b)';'Precedence';'b';'a';1.000;1.000;1.000
'CoExistence(b, a)';'CoExistence';'b';'a';1.000;1.000;1.000
'RespondedExistence(b, a)';'RespondedExistence';'b';'a';1.000;1.000;1.000
'CoExistence(b, c)';'CoExistence';'b';'c';0.880;0.880;0.880
'RespondedExistence(b, c)';'RespondedExistence';'b';'c';0.880;0.880;0.880
'NotSuccession(b, c)';'NotSuccession';'b';'c';0.618;0.618;0.618
'CoExistence(b, d)';'CoExistence';'b';'d';1.000;1.000;1.000
'RespondedExistence(b, d)';'RespondedExistence';'b';'d';1.000;1.000;1.000
'CoExistence(b, e)';'CoExistence';'b';'e';0.834;0.834;0.834
'RespondedExistence(b, e)';'RespondedExistence';'b';'e';0.834;0.834;0.834
'CoExistence(b, f)';'CoExistence';'b';'f';0.958;0.958;0.958
'RespondedExistence(b, f)';'RespondedExistence';'b';'f';0.958;0.958;0.958
'CoExistence(b, g)';'CoExistence';'b';'g';0.876;0.876;0.876
'RespondedExistence(b, g)';'RespondedExistence';'b';'g';0.876;0.876;0.876
'CoExistence(b, h)';'CoExistence';'b';'h';0.654;0.654;0.654
'RespondedExistence(b, h)';'RespondedExistence';'b';'h';0.654;0.654;0.654
'CoExistence(b, i)';'CoExistence';'b';'i';0.874;0.874;0.874
'RespondedExistence(b, i)';'RespondedExistence';'b';'i';0.874;0.874;0.874
'CoExistence(b, l)';'CoExistence';'b';'l';0.614;0.614;0.614
'RespondedExistence(b, l)';'RespondedExistence';'b';'l';0.614;0.614;0.614
'NotSuccession(b, l)';'NotSuccession';'b';'l';0.570;0.570;0.570
'CoExistence(b, m)';'CoExistence';'b';'m';0.832;0.832;0.832
'RespondedExistence(b, m)';'RespondedExistence';'b';'m';0.832;0.832;0.832
'CoExistence(b, n)';'CoExistence';'b';'n';0.954;0.954;0.954
'RespondedExistence(b, n)';'RespondedExistence';'b';'n';0.954;0.954;0.954
'CoExistence(b, o)';'CoExistence';'b';'o';0.884;0.884;0.884
'RespondedExistence(b, o)';'RespondedExistence';'b';'o';0.884;0.884;0.884
'CoExistence(b, p)';'CoExistence';'b';'p';0.978;0.978;0.978
'RespondedExistence(b, p)';'RespondedExistence';'b';'p';0.978;0.978;0.978
'CoExistence(b, q)';'CoExistence';'b';'q';0.828;0.828;0.828
'RespondedExistence(b, q)';'RespondedExistence';'b';'q';0.828;0.828;0.828
'NotSuccession(b, r)';'NotSuccession';'b';'r';0.938;0.938;0.938
'NotCoExistence(b, r)';'NotCoExistence';'b';'r';0.900;0.900;0.900
'CoExistence(b, s)';'CoExistence';'b';'s';0.866;0.866;0.866
'RespondedExistence(b, s)';'RespondedExistence';'b';'s';0.866;0.866;0.866
'CoExistence(b, t)';'CoExistence';'b';'t';0.960;0.960;0.960
'RespondedExistence(b, t)';'RespondedExistence';'b';'t';0.960;0.960;0.960
'CoExistence(b, u)';'CoExistence';'b';'u';0.894;0.894;0.894
'RespondedExistence(b, u)';'RespondedExistence';'b';'u';0.894;0.894;0.894
'CoExistence(b, v)';'CoExistence';'b';'v';0.864;0.864;0.864
'RespondedExistence(b, v)';'RespondedExistence';'b';'v';0.864;0.864;0.864
'CoExistence(b, w)';'CoExistence';'b';'w';0.878;0.878;0.878
'RespondedExistence(b, w)';'RespondedExistence';'b';'w';0.878;0.878;0.878
'CoExistence(b, z)';'CoExistence';'b';'z';0.870;0.870;0.870
'RespondedExistence(b, z)';'RespondedExistence';'b';'z';0.870;0.870;0.870
'Precedence(n, b)';'Precedence';'b';'n';0.522;0.522;0.522
'Precedence(p, b)';'Precedence';'b';'p';0.632;0.632;0.632
'Precedence(v, b)';'Precedence';'b';'v';0.502;0.502;0.502
'AtMostOne(c)';'AtMostOne';'c';;0.880;1.000;1.000
'Participation(c)';'Participation';'c';;0.880;0.880;0.880
'CoExistence(c, a)';'CoExistence';'c';'a';0.880;0.880;0.880
'Response(c, a)';'Response';'c';'a';0.618;0.702;0.702
'AlternateResponse(c, a)';'AlternateResponse';'c';'a';0.618;0.702;0.702
'CoExistence(c, b)';'CoExistence';'c';'b';0.880;0.880;0.880
'CoExistence(c, d)';'CoExistence';'c';'d';0.880;0.880;0.880
'Response(c, d)';'Response';'c';'d';0.742;0.843;0.843
'AlternateResponse(c, d)';'AlternateResponse';'c';'d';0.742;0.843;0.843
'CoExistence(c, e)';'CoExistence';'c';'e';0.748;0.774;0.774
'RespondedExistence(c, e)';'RespondedExistence';'c';'e';0.748;0.850;0.850
'Response(c, e)';'Response';'c';'e';0.606;0.689;0.689
'AlternateResponse(c, e)';'AlternateResponse';'c';'e';0.606;0.689;0.689
'CoExistence(c, f)';'CoExistence';'c';'f';0.848;0.857;0.857
'RespondedExistence(c, f)';'RespondedExistence';'c';'f';0.848;0.964;0.964
'Response(c, f)';'Response';'c';'f';0.796;0.905;0.905
'AlternateResponse(c, f)';'AlternateResponse';'c';'f';0.796;0.905;0.905
'CoExistence(c, g)';'CoExistence';'c';'g';0.780;0.799;0.799
'RespondedExistence(c, g)';'RespondedExistence';'c';'g';0.780;0.886;0.886
'Response(c, g)';'Response';'c';'g';0.630;0.716;0.716
'AlternateResponse(c, g)';'AlternateResponse';'c';'g';0.630;0.716;0.716
'CoExistence(c, h)';'CoExistence';'c';'h';0.584;0.615;0.615
'RespondedExistence(c, h)';'RespondedExistence';'c';'h';0.584;0.664;0.664
'Response(c, h)';'Response';'c';'h';0.504;0.573;0.573
'AlternateResponse(c, h)';'AlternateResponse';'c';'h';0.504;0.573;0.573
'CoExistence(c, i)';'CoExistence';'c';'i';0.784;0.808;0.808
'RespondedExistence(c, i)';'RespondedExistence';'c';'i';0.784;0.891;0.891
'Response(c, i)';'Response';'c';'i';0.626;0.711;0.711
'AlternateResponse(c, i)';'AlternateResponse';'c';'i';0.626;0.711;0.711
'CoExistence(c, l)';'CoExistence';'c';'l';0.552;0.586;0.586
'RespondedExistence(c, l)';'RespondedExistence';'c';'l';0.552;0.627;0.627
'Response(c, l)';'Response';'c';'l';0.446;0.507;0.507
'AlternateResponse(c, l)';'AlternateResponse';'c';'l';0.446;0.507;0.507
'NotSuccession(c, l)';'NotSuccession';'c';'l';0.496;0.527;0.527
'CoExistence(c, m)';'CoExistence';'c';'m';0.748;0.776;0.776
'RespondedExistence(c, m)';'RespondedExistence';'c';'m';0.748;0.850;0.850
'Response(c, m)';'Response';'c';'m';0.498;0.566;0.566
'AlternateResponse(c, m)';'AlternateResponse';'c';'m';0.498;0.566;0.566
'CoExistence(c, n)';'CoExistence';'c';'n';0.846;0.856;0.856
'RespondedExistence(c, n)';'RespondedExistence';'c';'n';0.846;0.961;0.961
'Response(c, n)';'Response';'c';'n';0.790;0.898;0.898
'AlternateResponse(c, n)';'AlternateResponse';'c';'n';0.790;0.898;0.898
'CoExistence(c, o)';'CoExistence';'c';'o';0.788;0.807;0.807
'RespondedExistence(c, o)';'RespondedExistence';'c';'o';0.788;0.895;0.895
'Response(c, o)';'Response';'c';'o';0.650;0.739;0.739
'AlternateResponse(c, o)';'AlternateResponse';'c';'o';0.650;0.739;0.739
'CoExistence(c, p)';'CoExistence';'c';'p';0.868;0.877;0.877
'RespondedExistence(c, p)';'RespondedExistence';'c';'p';0.868;0.986;0.986
'Response(c, p)';'Response';'c';'p';0.778;0.884;0.884
'AlternateResponse(c, p)';'AlternateResponse';'c';'p';0.778;0.884;0.884
'CoExistence(c, q)';'CoExistence';'c';'q';0.746;0.775;0.775
'RespondedExistence(c, q)';'RespondedExistence';'c';'q';0.746;0.848;0.848
'Response(c, q)';'Response';'c';'q';0.604;0.686;0.686
'AlternateResponse(c, q)';'AlternateResponse';'c';'q';0.604;0.686;0.686
'NotSuccession(c, r)';'NotSuccession';'c';'r';0.820;0.930;0.930
'NotCoExistence(c, r)';'NotCoExistence';'c';'r';0.784;0.889;0.889
'CoExistence(c, s)';'CoExistence';'c';'s';0.776;0.800;0.800
'RespondedExistence(c, s)';'RespondedExistence';'c';'s';0.776;0.882;0.882
'Response(c, s)';'Response';'c';'s';0.638;0.725;0.725
'AlternateResponse(c, s)';'AlternateResponse';'c';'s';0.638;0.725;0.725
'CoExistence(c, t)';'CoExistence';'c';'t';0.856;0.870;0.870
'RespondedExistence(c, t)';'RespondedExistence';'c';'t';0.856;0.973;0.973
'Response(c, t)';'Response';'c';'t';0.700;0.795;0.795
'AlternateResponse(c, t)';'AlternateResponse';'c';'t';0.700;0.795;0.795
'CoExistence(c, u)';'CoExistence';'c';'u';0.796;0.814;0.814
'RespondedExistence(c, u)';'RespondedExistence';'c';'u';0.796;0.905;0.905
'Response(c, u)';'Response';'c';'u';0.650;0.739;0.739
'AlternateResponse(c, u)';'AlternateResponse';'c';'u';0.650;0.739;0.739
'CoExistence(c, v)';'CoExistence';'c';'v';0.768;0.787;0.787
'RespondedExistence(c, v)';'RespondedExistence';'c';'v';0.768;0.873;0.873
'Response(c, v)';'Response';'c';'v';0.632;0.718;0.718
'AlternateResponse(c, v)';'AlternateResponse';'c';'v';0.632;0.718;0.718
'CoExistence(c, w)';'CoExistence';'c';'w';0.786;0.809;0.809
'RespondedExistence(c, w)';'RespondedExistence';'c';'w';0.786;0.893;0.893
'Response(c, w)';'Response';'c';'w';0.634;0.720;0.720
'AlternateResponse(c, w)';'AlternateResponse';'c';'w';0.634;0.720;0.720
'CoExistence(c, z)';'CoExistence';'c';'z';0.778;0.800;0.800
'RespondedExistence(c, z)';'RespondedExistence';'c';'z';0.778;0.884;0.884
'Response(c, z)';'Response';'c';'z';0.626;0.711;0.711
'AlternateResponse(c, z)';'AlternateResponse';'c';'z';0.626;0.711;0.711
'Precedence(p, c)';'Precedence';'c';'p';0.538;0.611;0.611
'AlternatePrecedence(p, c)';'AlternatePrecedence';'c';'p';0.538;0.611;0.611
'Participation(d)';'Participation';'d';;1.000;1.000;1.000
'Precedence(a, d)';'Precedence';'d';'a';1.000;1.000;1.000
'AlternatePrecedence(a, d)';'AlternatePrecedence';'d';'a';0.528;0.528;0.528
'Precedence(b, d)';'Precedence';'d';'b';0.522;0.522;0.522
'CoExistence(d, a)';'CoExistence';'d';'a';1.000;1.000;1.000
'RespondedExistence(d, a)';'RespondedExistence';'d';'a';1.000;1.000;1.000
'CoExistence(d, b)';'CoExistence';'d';'b';1.000;1.000;1.000
'RespondedExistence(d, b)';'RespondedExistence';'d';'b';1.000;1.000;1.000
'Response(d, b)';'Response';'d';'b';1.000;1.000;1.000
'CoExistence(d, c)';'CoExistence';'d';'c';0.880;0.880;0.880
'RespondedExistence(d, c)';'RespondedExistence';'d';'c';0.880;0.880;0.880
'NotSuccession(d, c)';'NotSuccession';'d';'c';0.596;0.596;0.596
'CoExistence(d, e)';'CoExistence';'d';'e';0.834;0.834;0.834
'RespondedExistence(d, e)';'RespondedExistence';'d';'e';0.834;0.834;0.834
'CoExistence(d, f)';'CoExistence';'d';'f';0.958;0.958;0.958
'RespondedExistence(d, f)';'RespondedExistence';'d';'f';0.958;0.958;0.958
'Response(d, f)';'Response';'d';'f';0.714;0.714;0.714
'CoExistence(d, g)';'CoExistence';'d';'g';0.876;0.876;0.876
'RespondedExistence(d, g)';'RespondedExistence';'d';'g';0.876;0.876;0.876
'CoExistence(d, h)';'CoExistence';'d';'h';0.654;0.654;0.654
'RespondedExistence(d, h)';'RespondedExistence';'d';'h';0.654;0.654;0.654
'CoExistence(d, i)';'CoExistence';'d';'i';0.874;0.874;0.874
'RespondedExistence(d, i)';'RespondedExistence';'d';'i';0.874;0.874;0.874
'CoExistence(d, l)';'CoExistence';'d';'l';0.614;0.614;0.614
'RespondedExistence(d, l)';'RespondedExistence';'d';'l';0.614;0.614;0.614
'NotSuccession(d, l)';'NotSuccession';'d';'l';0.574;0.574;0.574
'CoExistence(d, m)';'CoExistence';'d';'m';0.832;0.832;0.832
'RespondedExistence(d, m)';'RespondedExistence';'d';'m';0.832;0.832;0.832
'CoExistence(d, n)';'CoExistence';'d';'n';0.954;0.954;0.954
'RespondedExistence(d, n)';'RespondedExistence';'d';'n';0.954;0.954;0.954
'Response(d, n)';'Response';'d';'n';0.688;0.688;0.688
'CoExistence(d, o)';'CoExistence';'d';'o';0.884;0.884;0.884
'RespondedExistence(d, o)';'RespondedExistence';'d';'o';0.884;0.884;0.884
'CoExistence(d, p)';'CoExistence';'d';'p';0.978;0.978;0.978
'RespondedExistence(d, p)';'RespondedExistence';'d';'p';0.978;0.978;0.978
'Response(d, p)';'Response';'d';'p';0.588;0.588;0.588
'CoExistence(d, q)';'CoExistence';'d';'q';0.828;0.828;0.828
'RespondedExistence(d, q)';'RespondedExistence';'d';'q';0.828;0.828;0.828
'NotSuccession(d, r)';'NotSuccession';'d';'r';0.942;0.942;0.942
'NotCoExistence(d, r)';'NotCoExistence';'d';'r';0.900;0.900;0.900
'CoExistence(d, s)';'CoExistence';'d';'s';0.866;0.866;0.866
'RespondedExistence(d, s)';'RespondedExistence';'d';'s';0.866;0.866;0.866
'CoExistence(d, t)';'CoExistence';'d';'t';0.960;0.960;0.960
'RespondedExistence(d, t)';'RespondedExistence';'d';'t';0.960;0.960;0.960
'CoExistence(d, u)';'CoExistence';'d';'u';0.894;0.894;0.894
'RespondedExistence(d, u)';'RespondedExistence';'d';'u';0.894;0.894;0.894
'CoExistence(d, v)';'CoExistence';'d';'v';0.864;0.864;0.864
'RespondedExistence(d, v)';'RespondedExistence';'d';'v';0.864;0.864;0.864
'CoExistence(d, w)';'CoExistence';'d';'w';0.878;0.878;0.878
'RespondedExistence(d, w)';'RespondedExistence';'d';'w';0.878;0.878;0.878
'CoExistence(d, z)';'CoExistence';'d';'z';0.870;0.870;0.870
'RespondedExistence(d, z)';'RespondedExistence';'d';'z';0.870;0.870;0.870
'Precedence(f, d)';'Precedence';'d';'f';0.512;0.512;0.512
'Precedence(g, d)';'Precedence';'d';'g';0.518;0.518;0.518
'Precedence(n, d)';'Precedence';'d';'n';0.518;0.518;0.518
'Precedence(p, d)';'Precedence';'d';'p';0.648;0.648;0.648
'Precedence(u, d)';'Precedence';'d';'u';0.524;0.524;0.524
'Precedence(w, d)';'Precedence';'d';'w';0.520;0.520;0.520
'Participation(e)';'Participation';'e';;0.834;0.834;0.834
'CoExistence(e, a)';'CoExistence';'e';'a';0.834;0.834;0.834
'CoExistence(e, b)';'CoExistence';'e';'b';0.834;0.834;0.834
'CoExistence(e, c)';'CoExistence';'e';'c';0.748;0.774;0.774
'RespondedExistence(e, c)';'RespondedExistence';'e';'c';0.748;0.897;0.897
'NotSuccession(e, c)';'NotSuccession';'e';'c';0.556;0.576;0.576
'CoExistence(e, d)';'CoExistence';'e';'d';0.834;0.834;0.834
'Response(e, d)';'Response';'e';'d';0.486;0.583;0.583
'CoExistence(e, f)';'CoExistence';'e';'f';0.834;0.871;0.871
'Response(e, f)';'Response';'e';'f';0.834;1.000;1.000
'CoExistence(e, g)';'CoExistence';'e';'g';0.750;0.781;0.781
'RespondedExistence(e, g)';'RespondedExistence';'e';'g';0.750;0.899;0.899
'CoExistence(e, h)';'CoExistence';'e';'h';0.578;0.635;0.635
'RespondedExistence(e, h)';'RespondedExistence';'e';'h';0.578;0.693;0.693
'CoExistence(e, i)';'CoExistence';'e';'i';0.742;0.768;0.768
'RespondedExistence(e, i)';'RespondedExistence';'e';'i';0.742;0.890;0.890
'CoExistence(e, l)';'CoExistence';'e';'l';0.522;0.564;0.564
'RespondedExistence(e, l)';'RespondedExistence';'e';'l';0.522;0.626;0.626
'NotSuccession(e, l)';'NotSuccession';'e';'l';0.500;0.540;0.540
'CoExistence(e, m)';'CoExistence';'e';'m';0.722;0.765;0.765
'RespondedExistence(e, m)';'RespondedExistence';'e';'m';0.722;0.866;0.866
'CoExistence(e, n)';'CoExistence';'e';'n';0.810;0.828;0.828
'RespondedExistence(e, n)';'RespondedExistence';'e';'n';0.810;0.971;0.971
'Response(e, n)';'Response';'e';'n';0.660;0.791;0.791
'CoExistence(e, o)';'CoExistence';'e';'o';0.748;0.771;0.771
'RespondedExistence(e, o)';'RespondedExistence';'e';'o';0.748;0.897;0.897
'CoExistence(e, p)';'CoExistence';'e';'p';0.824;0.834;0.834
'RespondedExistence(e, p)';'RespondedExistence';'e';'p';0.824;0.988;0.988
'Response(e, p)';'Response';'e';'p';0.548;0.657;0.657
'CoExistence(e, q)';'CoExistence';'e';'q';0.704;0.735;0.735
'RespondedExistence(e, q)';'RespondedExistence';'e';'q';0.704;0.844;0.844
'NotSuccession(e, r)';'NotSuccession';'e';'r';0.786;0.927;0.927
'NotCoExistence(e, r)';'NotCoExistence';'e';'r';0.762;0.899;0.899
'CoExistence(e, s)';'CoExistence';'e';'s';0.760;0.809;0.809
'RespondedExistence(e, s)';'RespondedExistence';'e';'s';0.760;0.911;0.911
'CoExistence(e, t)';'CoExistence';'e';'t';0.816;0.834;0.834
'RespondedExistence(e, t)';'RespondedExistence';'e';'t';0.816;0.978;0.978
'Response(e, t)';'Response';'e';'t';0.448;0.537;0.537
'CoExistence(e, u)';'CoExistence';'e';'u';0.762;0.789;0.789
'RespondedExistence(e, u)';'RespondedExistence';'e';'u';0.762;0.914;0.914
'CoExistence(e, v)';'CoExistence';'e';'v';0.746;0.784;0.784
'RespondedExistence(e, v)';'RespondedExistence';'e';'v';0.746;0.894;0.894
'CoExistence(e, w)';'CoExistence';'e';'w';0.746;0.772;0.772
'RespondedExistence(e, w)';'RespondedExistence';'e';'w';0.746;0.894;0.894
'CoExistence(e, z)';'CoExistence';'e';'z';0.746;0.779;0.779
'RespondedExistence(e, z)';'RespondedExistence';'e';'z';0.746;0.894;0.894
'Precedence(p, e)';'Precedence';'e';'p';0.506;0.607;0.607
'Participation(f)';'Participation';'f';;0.958;0.958;0.958
'CoExistence(f, a)';'CoExistence';'f';'a';0.958;0.958;0.958
'CoExistence(f, b)';'CoExistence';'f';'b';0.958;0.958;0.958
'CoExistence(f, c)';'CoExistence';'f';'c';0.848;0.857;0.857
'RespondedExistence(f, c)';'RespondedExistence';'f';'c';0.848;0.885;0.885
'NotSuccession(f, c)';'NotSuccession';'f';'c';0.600;0.606;0.606
'CoExistence(f, d)';'CoExistence';'f';'d';0.958;0.958;0.958
'CoExistence(f, e)';'CoExistence';'f';'e';0.834;0.871;0.871
'RespondedExistence(f, e)';'RespondedExistence';'f';'e';0.834;0.871;0.871
'CoExistence(f, g)';'CoExistence';'f';'g';0.852;0.868;0.868
'RespondedExistence(f, g)';'RespondedExistence';'f';'g';0.852;0.889;0.889
'CoExistence(f, h)';'CoExistence';'f';'h';0.642;0.662;0.662
'RespondedExistence(f, h)';'RespondedExistence';'f';'h';0.642;0.670;0.670
'CoExistence(f, i)';'CoExistence';'f';'i';0.850;0.866;0.866
'RespondedExistence(f, i)';'RespondedExistence';'f';'i';0.850;0.887;0.887
'CoExistence(f, l)';'CoExistence';'f';'l';0.596;0.611;0.611
'RespondedExistence(f, l)';'RespondedExistence';'f';'l';0.596;0.622;0.622
'NotSuccession(f, l)';'NotSuccession';'f';'l';0.554;0.568;0.568
'CoExistence(f, m)';'CoExistence';'f';'m';0.808;0.823;0.823
'RespondedExistence(f, m)';'RespondedExistence';'f';'m';0.808;0.843;0.843
'CoExistence(f, n)';'CoExistence';'f';'n';0.922;0.931;0.931
'RespondedExistence(f, n)';'RespondedExistence';'f';'n';0.922;0.962;0.962
'CoExistence(f, o)';'CoExistence';'f';'o';0.854;0.864;0.864
'RespondedExistence(f, o)';'RespondedExistence';'f';'o';0.854;0.891;0.891
'CoExistence(f, p)';'CoExistence';'f';'p';0.944;0.952;0.952
'RespondedExistence(f, p)';'RespondedExistence';'f';'p';0.944;0.985;0.985
'CoExistence(f, q)';'CoExistence';'f';'q';0.808;0.826;0.826
'RespondedExistence(f, q)';'RespondedExistence';'f';'q';0.808;0.843;0.843
'NotSuccession(f, r)';'NotSuccession';'f';'r';0.888;0.925;0.925
'NotCoExistence(f, r)';'NotCoExistence';'f';'r';0.862;0.898;0.898
'CoExistence(f, s)';'CoExistence';'f';'s';0.848;0.869;0.869
'RespondedExistence(f, s)';'RespondedExistence';'f';'s';0.848;0.885;0.885
'CoExistence(f, t)';'CoExistence';'f';'t';0.930;0.941;0.941
'RespondedExistence(f, t)';'RespondedExistence';'f';'t';0.930;0.971;0.971
'CoExistence(f, u)';'CoExistence';'f';'u';0.866;0.878;0.878
'RespondedExistence(f, u)';'RespondedExistence';'f';'u';0.866;0.904;0.904
'CoExistence(f, v)';'CoExistence';'f';'v';0.840;0.855;0.855
'RespondedExistence(f, v)';'RespondedExistence';'f';'v';0.840;0.877;0.877
'CoExistence(f, w)';'CoExistence';'f';'w';0.848;0.858;0.858
'RespondedExistence(f, w)';'RespondedExistence';'f';'w';0.848;0.885;0.885
'CoExistence(f, z)';'CoExistence';'f';'z';0.838;0.846;0.846
'RespondedExistence(f, z)';'RespondedExistence';'f';'z';0.838;0.875;0.875
'Precedence(p, f)';'Precedence';'f';'p';0.594;0.620;0.620
'Participation(g)';'Participation';'g';;0.876;0.876;0.876
'CoExistence(g, a)';'CoExistence';'g';'a';0.876;0.876;0.876
'CoExistence(g, b)';'CoExistence';'g';'b';0.876;0.876;0.876
'CoExistence(g, c)';'CoExistence';'g';'c';0.780;0.799;0.799
'RespondedExistence(g, c)';'RespondedExistence';'g';'c';0.780;0.890;0.890
'NotSuccession(g, c)';'NotSuccession';'g';'c';0.570;0.584;0.584
'CoExistence(g, d)';'CoExistence';'g';'d';0.876;0.876;0.876
'Response(g, d)';'Response';'g';'d';0.490;0.559;0.559
'CoExistence(g, e)';'CoExistence';'g';'e';0.750;0.781;0.781
'RespondedExistence(g, e)';'RespondedExistence';'g';'e';0.750;0.856;0.856
'CoExistence(g, f)';'CoExistence';'g';'f';0.852;0.868;0.868
'RespondedExistence(g, f)';'RespondedExistence';'g';'f';0.852;0.973;0.973
'Response(g, f)';'Response';'g';'f';0.690;0.788;0.788
'CoExistence(g, h)';'CoExistence';'g';'h';0.654;0.747;0.747
'RespondedExistence(g, h)';'RespondedExistence';'g';'h';0.654;0.747;0.747
'CoExistence(g, i)';'CoExistence';'g';'i';0.772;0.789;0.789
'RespondedExistence(g, i)';'RespondedExistence';'g';'i';0.772;0.881;0.881
'CoExistence(g, l)';'CoExistence';'g';'l';0.546;0.578;0.578
'RespondedExistence(g, l)';'RespondedExistence';'g';'l';0.546;0.623;0.623
'NotSuccession(g, l)';'NotSuccession';'g';'l';0.508;0.538;0.538
'CoExistence(g, m)';'CoExistence';'g';'m';0.746;0.775;0.775
'RespondedExistence(g, m)';'RespondedExistence';'g';'m';0.746;0.852;0.852
'CoExistence(g, n)';'CoExistence';'g';'n';0.846;0.860;0.860
'RespondedExistence(g, n)';'RespondedExistence';'g';'n';0.846;0.966;0.966
'Response(g, n)';'Response';'g';'n';0.666;0.760;0.760
'CoExistence(g, o)';'CoExistence';'g';'o';0.784;0.803;0.803
'RespondedExistence(g, o)';'RespondedExistence';'g';'o';0.784;0.895;0.895
'CoExistence(g, p)';'CoExistence';'g';'p';0.864;0.873;0.873
'RespondedExistence(g, p)';'RespondedExistence';'g';'p';0.864;0.986;0.986
'Response(g, p)';'Response';'g';'p';0.556;0.635;0.635
'CoExistence(g, q)';'CoExistence';'g';'q';0.732;0.753;0.753
'RespondedExistence(g, q)';'RespondedExistence';'g';'q';0.732;0.836;0.836
'NotSuccession(g, r)';'NotSuccession';'g';'r';0.838;0.937;0.937
'NotCoExistence(g, r)';'NotCoExistence';'g';'r';0.812;0.908;0.908
'CoExistence(g, s)';'CoExistence';'g';'s';0.786;0.822;0.822
'RespondedExistence(g, s)';'RespondedExistence';'g';'s';0.786;0.897;0.897
'CoExistence(g, t)';'CoExistence';'g';'t';0.866;0.893;0.893
'RespondedExistence(g, t)';'RespondedExistence';'g';'t';0.866;0.989;0.989
'Response(g, t)';'Response';'g';'t';0.438;0.500;0.500
'CoExistence(g, u)';'CoExistence';'g';'u';0.790;0.806;0.806
'RespondedExistence(g, u)';'RespondedExistence';'g';'u';0.790;0.902;0.902
'CoExistence(g, v)';'CoExistence';'g';'v';0.768;0.790;0.790
'RespondedExistence(g, v)';'RespondedExistence';'g';'v';0.768;0.877;0.877
'CoExistence(g, w)';'CoExistence';'g';'w';0.774;0.790;0.790
'RespondedExistence(g, w)';'RespondedExistence';'g';'w';0.774;0.884;0.884
'CoExistence(g, z)';'CoExistence';'g';'z';0.772;0.793;0.793
'RespondedExistence(g, z)';'RespondedExistence';'g';'z';0.772;0.881;0.881
'Precedence(p, g)';'Precedence';'g';'p';0.516;0.589;0.589
'Participation(h)';'Participation';'h';;0.654;0.654;0.654
'AlternatePrecedence(a, h)';'AlternatePrecedence';'h';'a';0.352;0.538;0.538
'Precedence(b, h)';'Precedence';'h';'b';0.412;0.630;0.630
'Precedence(c, h)';'Precedence';'h';'c';0.408;0.624;0.624
'Precedence(d, h)';'Precedence';'h';'d';0.384;0.587;0.587
'Precedence(e, h)';'Precedence';'h';'e';0.424;0.648;0.648
'Precedence(f, h)';'Precedence';'h';'f';0.424;0.648;0.648
'Precedence(g, h)';'Precedence';'h';'g';0.654;1.000;1.000
'AlternatePrecedence(g, h)';'AlternatePrecedence';'h';'g';0.354;0.541;0.541
'CoExistence(h, a)';'CoExistence';'h';'a';0.654;0.654;0.654
'NotSuccession(h, a)';'NotSuccession';'h';'a';0.588;0.588;0.588
'CoExistence(h, b)';'CoExistence';'h';'b';0.654;0.654;0.654
'AlternateResponse(h, b)';'AlternateResponse';'h';'b';0.330;0.505;0.505
'CoExistence(h, c)';'CoExistence';'h';'c';0.584;0.615;0.615
'RespondedExistence(h, c)';'RespondedExistence';'h';'c';0.584;0.893;0.893
'NotSuccession(h, c)';'NotSuccession';'h';'c';0.774;0.815;0.815
'CoExistence(h, d)';'CoExistence';'h';'d';0.654;0.654;0.654
'Response(h, d)';'Response';'h';'d';0.352;0.538;0.538
'NotSuccession(h, d)';'NotSuccession';'h';'d';0.502;0.502;0.502
'CoExistence(h, e)';'CoExistence';'h';'e';0.578;0.635;0.635
'RespondedExistence(h, e)';'RespondedExistence';'h';'e';0.578;0.884;0.884
'NotSuccession(h, e)';'NotSuccession';'h';'e';0.530;0.582;0.582
'CoExistence(h, f)';'CoExistence';'h';'f';0.642;0.662;0.662
'RespondedExistence(h, f)';'RespondedExistence';'h';'f';0.642;0.982;0.982
'Response(h, f)';'Response';'h';'f';0.508;0.777;0.777
'CoExistence(h, g)';'CoExistence';'h';'g';0.654;0.747;0.747
'NotSuccession(h, g)';'NotSuccession';'h';'g';0.474;0.541;0.541
'CoExistence(h, i)';'CoExistence';'h';'i';0.576;0.605;0.605
'RespondedExistence(h, i)';'RespondedExistence';'h';'i';0.576;0.881;0.881
'NotSuccession(h, i)';'NotSuccession';'h';'i';0.582;0.611;0.611
'RespondedExistence(h, l)';'RespondedExistence';'h';'l';0.410;0.627;0.627
'NotSuccession(h, l)';'NotSuccession';'h';'l';0.600;0.699;0.699
'NotCoExistence(h, l)';'NotCoExistence';'h';'l';0.448;0.522;0.522
'CoExistence(h, m)';'CoExistence';'h';'m';0.576;0.633;0.633
'RespondedExistence(h, m)';'RespondedExistence';'h';'m';0.576;0.881;0.881
'NotSuccession(h, m)';'NotSuccession';'h';'m';0.622;0.684;0.684
'CoExistence(h, n)';'CoExistence';'h';'n';0.638;0.658;0.658
'RespondedExistence(h, n)';'RespondedExistence';'h';'n';0.638;0.976;0.976
'Response(h, n)';'Response';'h';'n';0.490;0.749;0.749
'CoExistence(h, o)';'CoExistence';'h';'o';0.592;0.626;0.626
'RespondedExistence(h, o)';'RespondedExistence';'h';'o';0.592;0.905;0.905
'NotSuccession(h, o)';'NotSuccession';'h';'o';0.550;0.581;0.581
'CoExistence(h, p)';'CoExistence';'h';'p';0.646;0.655;0.655
'RespondedExistence(h, p)';'RespondedExistence';'h';'p';0.646;0.988;0.988
'Response(h, p)';'Response';'h';'p';0.402;0.615;0.615
'CoExistence(h, q)';'CoExistence';'h';'q';0.550;0.590;0.590
'RespondedExistence(h, q)';'RespondedExistence';'h';'q';0.550;0.841;0.841
'NotSuccession(h, q)';'NotSuccession';'h';'q';0.566;0.607;0.607
'NotSuccession(h, r)';'NotSuccession';'h';'r';0.660;0.951;0.951
'NotCoExistence(h, r)';'NotCoExistence';'h';'r';0.634;0.914;0.914
'CoExistence(h, s)';'CoExistence';'h';'s';0.596;0.645;0.645
'RespondedExistence(h, s)';'RespondedExistence';'h';'s';0.596;0.911;0.911
'NotSuccession(h, s)';'NotSuccession';'h';'s';0.526;0.569;0.569
'CoExistence(h, t)';'CoExistence';'h';'t';0.648;0.671;0.671
'RespondedExistence(h, t)';'RespondedExistence';'h';'t';0.648;0.991;0.991
'NotSuccession(h, t)';'NotSuccession';'h';'t';0.526;0.545;0.545
'CoExistence(h, u)';'CoExistence';'h';'u';0.596;0.626;0.626
'RespondedExistence(h, u)';'RespondedExistence';'h';'u';0.596;0.911;0.911
'NotSuccession(h, u)';'NotSuccession';'h';'u';0.568;0.597;0.597
'CoExistence(h, v)';'CoExistence';'h';'v';0.586;0.629;0.629
'RespondedExistence(h, v)';'RespondedExistence';'h';'v';0.586;0.896;0.896
'NotSuccession(h, v)';'NotSuccession';'h';'v';0.530;0.569;0.569
'CoExistence(h, w)';'CoExistence';'h';'w';0.586;0.619;0.619
'RespondedExistence(h, w)';'RespondedExistence';'h';'w';0.586;0.896;0.896
'NotSuccession(h, w)';'NotSuccession';'h';'w';0.560;0.592;0.592
'CoExistence(h, z)';'CoExistence';'h';'z';0.582;0.618;0.618
'RespondedExistence(h, z)';'RespondedExistence';'h';'z';0.582;0.890;0.890
'NotSuccession(h, z)';'NotSuccession';'h';'z';0.568;0.603;0.603
'Precedence(i, h)';'Precedence';'h';'i';0.420;0.642;0.642
'Precedence(m, h)';'Precedence';'h';'m';0.422;0.645;0.645
'Precedence(n, h)';'Precedence';'h';'n';0.412;0.630;0.630
'Precedence(o, h)';'Precedence';'h';'o';0.416;0.636;0.636
'Precedence(p, h)';'Precedence';'h';'p';0.550;0.841;0.841
'AlternatePrecedence(p, h)';'AlternatePrecedence';'h';'p';0.334;0.511;0.511
'Precedence(q, h)';'Precedence';'h';'q';0.398;0.609;0.609
'Precedence(s, h)';'Precedence';'h';'s';0.438;0.670;0.670
'Precedence(t, h)';'Precedence';'h';'t';0.408;0.624;0.624
'Precedence(u, h)';'Precedence';'h';'u';0.418;0.639;0.639
'Precedence(v, h)';'Precedence';'h';'v';0.402;0.615;0.615
'Precedence(w, h)';'Precedence';'h';'w';0.420;0.642;0.642
'Precedence(z, h)';'Precedence';'h';'z';0.394;0.602;0.602
'Participation(i)';'Participation';'i';;0.874;0.874;0.874
'CoExistence(i, a)';'CoExistence';'i';'a';0.874;0.874;0.874
'CoExistence(i, b)';'CoExistence';'i';'b';0.874;0.874;0.874
'CoExistence(i, c)';'CoExistence';'i';'c';0.784;0.808;0.808
'RespondedExistence(i, c)';'RespondedExistence';'i';'c';0.784;0.897;0.897
'NotSuccession(i, c)';'NotSuccession';'i';'c';0.570;0.588;0.588
'CoExistence(i, d)';'CoExistence';'i';'d';0.874;0.874;0.874
'Response(i, d)';'Response';'i';'d';0.506;0.579;0.579
'CoExistence(i, e)';'CoExistence';'i';'e';0.742;0.768;0.768
'RespondedExistence(i, e)';'RespondedExistence';'i';'e';0.742;0.849;0.849
'CoExistence(i, f)';'CoExistence';'i';'f';0.850;0.866;0.866
'RespondedExistence(i, f)';'RespondedExistence';'i';'f';0.850;0.973;0.973
'Response(i, f)';'Response';'i';'f';0.682;0.780;0.780
'CoExistence(i, g)';'CoExistence';'i';'g';0.772;0.789;0.789
'RespondedExistence(i, g)';'RespondedExistence';'i';'g';0.772;0.883;0.883
'CoExistence(i, h)';'CoExistence';'i';'h';0.576;0.605;0.605
'RespondedExistence(i, h)';'RespondedExistence';'i';'h';0.576;0.659;0.659
'CoExistence(i, l)';'CoExistence';'i';'l';0.614;0.703;0.703
'RespondedExistence(i, l)';'RespondedExistence';'i';'l';0.614;0.703;0.703
'CoExistence(i, m)';'CoExistence';'i';'m';0.742;0.770;0.770
'RespondedExistence(i, m)';'RespondedExistence';'i';'m';0.742;0.849;0.849
'CoExistence(i, n)';'CoExistence';'i';'n';0.842;0.854;0.854
'RespondedExistence(i, n)';'RespondedExistence';'i';'n';0.842;0.963;0.963
'Response(i, n)';'Response';'i';'n';0.656;0.751;0.751
'CoExistence(i, o)';'CoExistence';'i';'o';0.772;0.783;0.783
'RespondedExistence(i, o)';'RespondedExistence';'i';'o';0.772;0.883;0.883
'CoExistence(i, p)';'CoExistence';'i';'p';0.860;0.867;0.867
'RespondedExistence(i, p)';'RespondedExistence';'i';'p';0.860;0.984;0.984
'Response(i, p)';'Response';'i';'p';0.578;0.661;0.661
'CoExistence(i, q)';'CoExistence';'i';'q';0.740;0.769;0.769
'RespondedExistence(i, q)';'RespondedExistence';'i';'q';0.740;0.847;0.847
'NotSuccession(i, r)';'NotSuccession';'i';'r';0.816;0.923;0.923
'NotCoExistence(i, r)';'NotCoExistence';'i';'r';0.794;0.898;0.898
'CoExistence(i, s)';'CoExistence';'i';'s';0.772;0.798;0.798
'RespondedExistence(i, s)';'RespondedExistence';'i';'s';0.772;0.883;0.883
'CoExistence(i, t)';'CoExistence';'i';'t';0.850;0.864;0.864
'RespondedExistence(i, t)';'RespondedExistence';'i';'t';0.850;0.973;0.973
'Response(i, t)';'Response';'i';'t';0.486;0.556;0.556
'CoExistence(i, u)';'CoExistence';'i';'u';0.784;0.797;0.797
'RespondedExistence(i, u)';'RespondedExistence';'i';'u';0.784;0.897;0.897
'CoExistence(i, v)';'CoExistence';'i';'v';0.764;0.784;0.784
'RespondedExistence(i, v)';'RespondedExistence';'i';'v';0.764;0.874;0.874
'CoExistence(i, w)';'CoExistence';'i';'w';0.774;0.791;0.791
'RespondedExistence(i, w)';'RespondedExistence';'i';'w';0.774;0.886;0.886
'CoExistence(i, z)';'CoExistence';'i';'z';0.774;0.798;0.798
'RespondedExistence(i, z)';'RespondedExistence';'i';'z';0.774;0.886;0.886
'Precedence(p, i)';'Precedence';'i';'p';0.502;0.574;0.574
'AtMostOne(l)';'AtMostOne';'l';;0.436;0.710;0.710
'Participation(l)';'Participation';'l';;0.614;0.614;0.614
'AlternatePrecedence(a, l)';'AlternatePrecedence';'l';'a';0.540;0.879;0.879
'Precedence(b, l)';'Precedence';'l';'b';0.364;0.593;0.593
'AlternatePrecedence(b, l)';'AlternatePrecedence';'l';'b';0.314;0.511;0.511
'Precedence(c, l)';'Precedence';'l';'c';0.386;0.629;0.629
'Precedence(d, l)';'Precedence';'l';'d';0.352;0.573;0.573
'AlternatePrecedence(d, l)';'AlternatePrecedence';'l';'d';0.310;0.505;0.505
'Precedence(e, l)';'Precedence';'l';'e';0.390;0.635;0.635
'AlternatePrecedence(e, l)';'AlternatePrecedence';'l';'e';0.348;0.567;0.567
'Precedence(f, l)';'Precedence';'l';'f';0.378;0.616;0.616
'AlternatePrecedence(f, l)';'AlternatePrecedence';'l';'f';0.318;0.518;0.518
'Precedence(g, l)';'Precedence';'l';'g';0.376;0.612;0.612
'AlternatePrecedence(g, l)';'AlternatePrecedence';'l';'g';0.330;0.537;0.537
'AlternatePrecedence(i, l)';'AlternatePrecedence';'l';'i';0.614;1.000;1.000
'CoExistence(l, a)';'CoExistence';'l';'a';0.614;0.614;0.614
'NotSuccession(l, a)';'NotSuccession';'l';'a';0.608;0.608;0.608
'CoExistence(l, b)';'CoExistence';'l';'b';0.614;0.614;0.614
'AlternateResponse(l, b)';'AlternateResponse';'l';'b';0.532;0.866;0.866
'CoExistence(l, c)';'CoExistence';'l';'c';0.552;0.586;0.586
'RespondedExistence(l, c)';'RespondedExistence';'l';'c';0.552;0.899;0.899
'NotSuccession(l, c)';'NotSuccession';'l';'c';0.776;0.824;0.824
'CoExistence(l, d)';'CoExistence';'l';'d';0.614;0.614;0.614
'Response(l, d)';'Response';'l';'d';0.380;0.619;0.619
'AlternateResponse(l, d)';'AlternateResponse';'l';'d';0.334;0.544;0.544
'NotSuccession(l, d)';'NotSuccession';'l';'d';0.548;0.548;0.548
'CoExistence(l, e)';'CoExistence';'l';'e';0.522;0.564;0.564
'RespondedExistence(l, e)';'RespondedExistence';'l';'e';0.522;0.850;0.850
'NotSuccession(l, e)';'NotSuccession';'l';'e';0.564;0.609;0.609
'CoExistence(l, f)';'CoExistence';'l';'f';0.596;0.611;0.611
'RespondedExistence(l, f)';'RespondedExistence';'l';'f';0.596;0.971;0.971
'Response(l, f)';'Response';'l';'f';0.502;0.818;0.818
'AlternateResponse(l, f)';'AlternateResponse';'l';'f';0.416;0.678;0.678
'CoExistence(l, g)';'CoExistence';'l';'g';0.546;0.578;0.578
'RespondedExistence(l, g)';'RespondedExistence';'l';'g';0.546;0.889;0.889
'Response(l, g)';'Response';'l';'g';0.314;0.511;0.511
'NotSuccession(l, g)';'NotSuccession';'l';'g';0.556;0.589;0.589
'RespondedExistence(l, h)';'RespondedExistence';'l';'h';0.410;0.668;0.668
'NotSuccession(l, h)';'NotSuccession';'l';'h';0.550;0.641;0.641
'NotCoExistence(l, h)';'NotCoExistence';'l';'h';0.448;0.522;0.522
'CoExistence(l, i)';'CoExistence';'l';'i';0.614;0.703;0.703
'NotSuccession(l, i)';'NotSuccession';'l';'i';0.502;0.574;0.574
'CoExistence(l, m)';'CoExistence';'l';'m';0.524;0.568;0.568
'RespondedExistence(l, m)';'RespondedExistence';'l';'m';0.524;0.853;0.853
'NotSuccession(l, m)';'NotSuccession';'l';'m';0.658;0.714;0.714
'CoExistence(l, n)';'CoExistence';'l';'n';0.592;0.607;0.607
'RespondedExistence(l, n)';'RespondedExistence';'l';'n';0.592;0.964;0.964
'Response(l, n)';'Response';'l';'n';0.474;0.772;0.772
'AlternateResponse(l, n)';'AlternateResponse';'l';'n';0.400;0.651;0.651
'CoExistence(l, o)';'CoExistence';'l';'o';0.536;0.557;0.557
'RespondedExistence(l, o)';'RespondedExistence';'l';'o';0.536;0.873;0.873
'Response(l, o)';'Response';'l';'o';0.324;0.528;0.528
'NotSuccession(l, o)';'NotSuccession';'l';'o';0.572;0.595;0.595
'CoExistence(l, p)';'CoExistence';'l';'p';0.606;0.615;0.615
'RespondedExistence(l, p)';'RespondedExistence';'l';'p';0.606;0.987;0.987
'Response(l, p)';'Response';'l';'p';0.434;0.707;0.707
'AlternateResponse(l, p)';'AlternateResponse';'l';'p';0.398;0.648;0.648
'CoExistence(l, q)';'CoExistence';'l';'q';0.534;0.588;0.588
'RespondedExistence(l, q)';'RespondedExistence';'l';'q';0.534;0.870;0.870
'NotSuccession(l, q)';'NotSuccession';'l';'q';0.540;0.595;0.595
'NotSuccession(l, r)';'NotSuccession';'l';'r';0.606;0.935;0.935
'NotCoExistence(l, r)';'NotCoExistence';'l';'r';0.582;0.898;0.898
'CoExistence(l, s)';'CoExistence';'l';'s';0.544;0.581;0.581
'RespondedExistence(l, s)';'RespondedExistence';'l';'s';0.544;0.886;0.886
'Response(l, s)';'Response';'l';'s';0.322;0.524;0.524
'NotSuccession(l, s)';'NotSuccession';'l';'s';0.540;0.577;0.577
'CoExistence(l, t)';'CoExistence';'l';'t';0.602;0.619;0.619
'RespondedExistence(l, t)';'RespondedExistence';'l';'t';0.602;0.980;0.980
'Response(l, t)';'Response';'l';'t';0.366;0.596;0.596
'AlternateResponse(l, t)';'AlternateResponse';'l';'t';0.310;0.505;0.505
'NotSuccession(l, t)';'NotSuccession';'l';'t';0.534;0.549;0.549
'CoExistence(l, u)';'CoExistence';'l';'u';0.548;0.571;0.571
'RespondedExistence(l, u)';'RespondedExistence';'l';'u';0.548;0.893;0.893
'Response(l, u)';'Response';'l';'u';0.320;0.521;0.521
'NotSuccession(l, u)';'NotSuccession';'l';'u';0.558;0.581;0.581
'CoExistence(l, v)';'CoExistence';'l';'v';0.532;0.562;0.562
'RespondedExistence(l, v)';'RespondedExistence';'l';'v';0.532;0.866;0.866
'Response(l, v)';'Response';'l';'v';0.316;0.515;0.515
'NotSuccession(l, v)';'NotSuccession';'l';'v';0.562;0.594;0.594
'CoExistence(l, w)';'CoExistence';'l';'w';0.540;0.567;0.567
'RespondedExistence(l, w)';'RespondedExistence';'l';'w';0.540;0.879;0.879
'Response(l, w)';'Response';'l';'w';0.322;0.524;0.524
'NotSuccession(l, w)';'NotSuccession';'l';'w';0.554;0.582;0.582
'CoExistence(l, z)';'CoExistence';'l';'z';0.548;0.585;0.585
'RespondedExistence(l, z)';'RespondedExistence';'l';'z';0.548;0.893;0.893
'Response(l, z)';'Response';'l';'z';0.318;0.518;0.518
'NotSuccession(l, z)';'NotSuccession';'l';'z';0.552;0.590;0.590
'Precedence(m, l)';'Precedence';'l';'m';0.374;0.609;0.609
'Precedence(n, l)';'Precedence';'l';'n';0.372;0.606;0.606
'AlternatePrecedence(n, l)';'AlternatePrecedence';'l';'n';0.322;0.524;0.524
'Precedence(o, l)';'Precedence';'l';'o';0.348;0.567;0.567
'AlternatePrecedence(o, l)';'AlternatePrecedence';'l';'o';0.308;0.502;0.502
'Precedence(p, l)';'Precedence';'l';'p';0.486;0.792;0.792
'AlternatePrecedence(p, l)';'AlternatePrecedence';'l';'p';0.446;0.726;0.726
'Precedence(q, l)';'Precedence';'l';'q';0.384;0.625;0.625
'AlternatePrecedence(q, l)';'AlternatePrecedence';'l';'q';0.328;0.534;0.534
'Precedence(s, l)';'Precedence';'l';'s';0.366;0.596;0.596
'AlternatePrecedence(s, l)';'AlternatePrecedence';'l';'s';0.328;0.534;0.534
'Precedence(t, l)';'Precedence';'l';'t';0.380;0.619;0.619
'AlternatePrecedence(t, l)';'AlternatePrecedence';'l';'t';0.328;0.534;0.534
'Precedence(u, l)';'Precedence';'l';'u';0.370;0.603;0.603
'AlternatePrecedence(u, l)';'AlternatePrecedence';'l';'u';0.332;0.541;0.541
'Precedence(v, l)';'Precedence';'l';'v';0.350;0.570;0.570
'Precedence(w, l)';'Precedence';'l';'w';0.358;0.583;0.583
'AlternatePrecedence(w, l)';'AlternatePrecedence';'l';'w';0.310;0.505;0.505
'Precedence(z, l)';'Precedence';'l';'z';0.374;0.609;0.609
'AlternatePrecedence(z, l)';'AlternatePrecedence';'l';'z';0.320;0.521;0.521
'AtMostOne(m)';'AtMostOne';'m';;0.470;0.565;0.565
'Participation(m)';'Participation';'m';;0.832;0.832;0.832
'AlternatePrecedence(a, m)';'AlternatePrecedence';'m';'a';0.660;0.793;0.793
'CoExistence(m, a)';'CoExistence';'m';'a';0.832;0.832;0.832
'Response(m, a)';'Response';'m';'a';0.500;0.601;0.601
'AlternateResponse(m, a)';'AlternateResponse';'m';'a';0.422;0.507;0.507
'CoExistence(m, b)';'CoExistence';'m';'b';0.832;0.832;0.832
'AlternateResponse(m, b)';'AlternateResponse';'m';'b';0.654;0.786;0.786
'CoExistence(m, c)';'CoExistence';'m';'c';0.748;0.776;0.776
'RespondedExistence(m, c)';'RespondedExistence';'m';'c';0.748;0.899;0.899
'NotSuccession(m, c)';'NotSuccession';'m';'c';0.564;0.585;0.585
'CoExistence(m, d)';'CoExistence';'m';'d';0.832;0.832;0.832
'Response(m, d)';'Response';'m';'d';0.598;0.719;0.719
'AlternateResponse(m, d)';'AlternateResponse';'m';'d';0.472;0.567;0.567
'CoExistence(m, e)';'CoExistence';'m';'e';0.722;0.765;0.765
'RespondedExistence(m, e)';'RespondedExistence';'m';'e';0.722;0.868;0.868
'Response(m, e)';'Response';'m';'e';0.480;0.577;0.577
'CoExistence(m, f)';'CoExistence';'m';'f';0.808;0.823;0.823
'RespondedExistence(m, f)';'RespondedExistence';'m';'f';0.808;0.971;0.971
'Response(m, f)';'Response';'m';'f';0.714;0.858;0.858
'AlternateResponse(m, f)';'AlternateResponse';'m';'f';0.562;0.675;0.675
'CoExistence(m, g)';'CoExistence';'m';'g';0.746;0.775;0.775
'RespondedExistence(m, g)';'RespondedExistence';'m';'g';0.746;0.897;0.897
'Response(m, g)';'Response';'m';'g';0.500;0.601;0.601
'CoExistence(m, h)';'CoExistence';'m';'h';0.576;0.633;0.633
'RespondedExistence(m, h)';'RespondedExistence';'m';'h';0.576;0.692;0.692
'Response(m, h)';'Response';'m';'h';0.428;0.514;0.514
'CoExistence(m, i)';'CoExistence';'m';'i';0.742;0.770;0.770
'RespondedExistence(m, i)';'RespondedExistence';'m';'i';0.742;0.892;0.892
'Response(m, i)';'Response';'m';'i';0.466;0.560;0.560
'CoExistence(m, l)';'CoExistence';'m';'l';0.524;0.568;0.568
'RespondedExistence(m, l)';'RespondedExistence';'m';'l';0.524;0.630;0.630
'NotSuccession(m, l)';'NotSuccession';'m';'l';0.496;0.538;0.538
'CoExistence(m, n)';'CoExistence';'m';'n';0.832;0.872;0.872
'AlternateResponse(m, n)';'AlternateResponse';'m';'n';0.832;1.000;1.000
'CoExistence(m, o)';'CoExistence';'m';'o';0.752;0.780;0.780
'RespondedExistence(m, o)';'RespondedExistence';'m';'o';0.752;0.904;0.904
'Response(m, o)';'Response';'m';'o';0.504;0.606;0.606
'CoExistence(m, p)';'CoExistence';'m';'p';0.822;0.832;0.832
'RespondedExistence(m, p)';'RespondedExistence';'m';'p';0.822;0.988;0.988
'Response(m, p)';'Response';'m';'p';0.634;0.762;0.762
'AlternateResponse(m, p)';'AlternateResponse';'m';'p';0.568;0.683;0.683
'CoExistence(m, q)';'CoExistence';'m';'q';0.708;0.744;0.744
'RespondedExistence(m, q)';'RespondedExistence';'m';'q';0.708;0.851;0.851
'Response(m, q)';'Response';'m';'q';0.456;0.548;0.548
'NotSuccession(m, r)';'NotSuccession';'m';'r';0.800;0.935;0.935
'NotCoExistence(m, r)';'NotCoExistence';'m';'r';0.780;0.911;0.911
'CoExistence(m, s)';'CoExistence';'m';'s';0.748;0.787;0.787
'RespondedExistence(m, s)';'RespondedExistence';'m';'s';0.748;0.899;0.899
'Response(m, s)';'Response';'m';'s';0.460;0.553;0.553
'CoExistence(m, t)';'CoExistence';'m';'t';0.820;0.844;0.844
'RespondedExistence(m, t)';'RespondedExistence';'m';'t';0.820;0.986;0.986
'Response(m, t)';'Response';'m';'t';0.542;0.651;0.651
'AlternateResponse(m, t)';'AlternateResponse';'m';'t';0.428;0.514;0.514
'CoExistence(m, u)';'CoExistence';'m';'u';0.762;0.790;0.790
'RespondedExistence(m, u)';'RespondedExistence';'m';'u';0.762;0.916;0.916
'Response(m, u)';'Response';'m';'u';0.506;0.608;0.608
'AlternateResponse(m, u)';'AlternateResponse';'m';'u';0.416;0.500;0.500
'CoExistence(m, v)';'CoExistence';'m';'v';0.738;0.770;0.770
'RespondedExistence(m, v)';'RespondedExistence';'m';'v';0.738;0.887;0.887
'Response(m, v)';'Response';'m';'v';0.468;0.563;0.563
'CoExistence(m, w)';'CoExistence';'m';'w';0.748;0.778;0.778
'RespondedExistence(m, w)';'RespondedExistence';'m';'w';0.748;0.899;0.899
'Response(m, w)';'Response';'m';'w';0.482;0.579;0.579
'CoExistence(m, z)';'CoExistence';'m';'z';0.746;0.780;0.780
'RespondedExistence(m, z)';'RespondedExistence';'m';'z';0.746;0.897;0.897
'Response(m, z)';'Response';'m';'z';0.496;0.596;0.596
'Precedence(p, m)';'Precedence';'m';'p';0.488;0.587;0.587
'AlternatePrecedence(p, m)';'AlternatePrecedence';'m';'p';0.434;0.522;0.522
'Participation(n)';'Participation';'n';;0.954;0.954;0.954
'CoExistence(n, a)';'CoExistence';'n';'a';0.954;0.954;0.954
'CoExistence(n, b)';'CoExistence';'n';'b';0.954;0.954;0.954
'Succession(n, b)';'Succession';'n';'b';0.522;0.522;0.522
'CoExistence(n, c)';'CoExistence';'n';'c';0.846;0.856;0.856
'RespondedExistence(n, c)';'RespondedExistence';'n';'c';0.846;0.887;0.887
'NotSuccession(n, c)';'NotSuccession';'n';'c';0.600;0.607;0.607
'CoExistence(n, d)';'CoExistence';'n';'d';0.954;0.954;0.954
'CoExistence(n, e)';'CoExistence';'n';'e';0.810;0.828;0.828
'RespondedExistence(n, e)';'RespondedExistence';'n';'e';0.810;0.849;0.849
'CoExistence(n, f)';'CoExistence';'n';'f';0.922;0.931;0.931
'RespondedExistence(n, f)';'RespondedExistence';'n';'f';0.922;0.966;0.966
'CoExistence(n, g)';'CoExistence';'n';'g';0.846;0.860;0.860
'RespondedExistence(n, g)';'RespondedExistence';'n';'g';0.846;0.887;0.887
'CoExistence(n, h)';'CoExistence';'n';'h';0.638;0.658;0.658
'RespondedExistence(n, h)';'RespondedExistence';'n';'h';0.638;0.669;0.669
'CoExistence(n, i)';'CoExistence';'n';'i';0.842;0.854;0.854
'RespondedExistence(n, i)';'RespondedExistence';'n';'i';0.842;0.883;0.883
'CoExistence(n, l)';'CoExistence';'n';'l';0.592;0.607;0.607
'RespondedExistence(n, l)';'RespondedExistence';'n';'l';0.592;0.621;0.621
'NotSuccession(n, l)';'NotSuccession';'n';'l';0.546;0.559;0.559
'CoExistence(n, m)';'CoExistence';'n';'m';0.832;0.872;0.872
'RespondedExistence(n, m)';'RespondedExistence';'n';'m';0.832;0.872;0.872
'CoExistence(n, o)';'CoExistence';'n';'o';0.856;0.872;0.872
'RespondedExistence(n, o)';'RespondedExistence';'n';'o';0.856;0.897;0.897
'CoExistence(n, p)';'CoExistence';'n';'p';0.942;0.952;0.952
'RespondedExistence(n, p)';'RespondedExistence';'n';'p';0.942;0.987;0.987
'CoExistence(n, q)';'CoExistence';'n';'q';0.804;0.822;0.822
'RespondedExistence(n, q)';'RespondedExistence';'n';'q';0.804;0.843;0.843
'NotSuccession(n, r)';'NotSuccession';'n';'r';0.904;0.942;0.942
'NotCoExistence(n, r)';'NotCoExistence';'n';'r';0.866;0.902;0.902
'CoExistence(n, s)';'CoExistence';'n';'s';0.842;0.861;0.861
'RespondedExistence(n, s)';'RespondedExistence';'n';'s';0.842;0.883;0.883
'CoExistence(n, t)';'CoExistence';'n';'t';0.928;0.941;0.941
'RespondedExistence(n, t)';'RespondedExistence';'n';'t';0.928;0.973;0.973
'CoExistence(n, u)';'CoExistence';'n';'u';0.864;0.878;0.878
'RespondedExistence(n, u)';'RespondedExistence';'n';'u';0.864;0.906;0.906
'CoExistence(n, v)';'CoExistence';'n';'v';0.828;0.836;0.836
'RespondedExistence(n, v)';'RespondedExistence';'n';'v';0.828;0.868;0.868
'CoExistence(n, w)';'CoExistence';'n';'w';0.844;0.854;0.854
'RespondedExistence(n, w)';'RespondedExistence';'n';'w';0.844;0.885;0.885
'CoExistence(n, z)';'CoExistence';'n';'z';0.838;0.850;0.850
'RespondedExistence(n, z)';'RespondedExistence';'n';'z';0.838;0.878;0.878
'Precedence(p, n)';'Precedence';'n';'p';0.572;0.600;0.600
'Participation(o)';'Participation';'o';;0.884;0.884;0.884
'CoExistence(o, a)';'CoExistence';'o';'a';0.884;0.884;0.884
'CoExistence(o, b)';'CoExistence';'o';'b';0.884;0.884;0.884
'CoExistence(o, c)';'CoExistence';'o';'c';0.788;0.807;0.807
'RespondedExistence(o, c)';'RespondedExistence';'o';'c';0.788;0.891;0.891
'NotSuccession(o, c)';'NotSuccession';'o';'c';0.586;0.600;0.600
'CoExistence(o, d)';'CoExistence';'o';'d';0.884;0.884;0.884
'Response(o, d)';'Response';'o';'d';0.480;0.543;0.543
'CoExistence(o, e)';'CoExistence';'o';'e';0.748;0.771;0.771
'RespondedExistence(o, e)';'RespondedExistence';'o';'e';0.748;0.846;0.846
'CoExistence(o, f)';'CoExistence';'o';'f';0.854;0.864;0.864
'RespondedExistence(o, f)';'RespondedExistence';'o';'f';0.854;0.966;0.966
'Response(o, f)';'Response';'o';'f';0.674;0.762;0.762
'CoExistence(o, g)';'CoExistence';'o';'g';0.784;0.803;0.803
'RespondedExistence(o, g)';'RespondedExistence';'o';'g';0.784;0.887;0.887
'CoExistence(o, h)';'CoExistence';'o';'h';0.592;0.626;0.626
'RespondedExistence(o, h)';'RespondedExistence';'o';'h';0.592;0.670;0.670
'CoExistence(o, i)';'CoExistence';'o';'i';0.772;0.783;0.783
'RespondedExistence(o, i)';'RespondedExistence';'o';'i';0.772;0.873;0.873
'CoExistence(o, l)';'CoExistence';'o';'l';0.536;0.557;0.557
'RespondedExistence(o, l)';'RespondedExistence';'o';'l';0.536;0.606;0.606
'NotSuccession(o, l)';'NotSuccession';'o';'l';0.552;0.574;0.574
'CoExistence(o, m)';'CoExistence';'o';'m';0.752;0.780;0.780
'RespondedExistence(o, m)';'RespondedExistence';'o';'m';0.752;0.851;0.851
'CoExistence(o, n)';'CoExistence';'o';'n';0.856;0.872;0.872
'RespondedExistence(o, n)';'RespondedExistence';'o';'n';0.856;0.968;0.968
'Response(o, n)';'Response';'o';'n';0.664;0.751;0.751
'CoExistence(o, p)';'CoExistence';'o';'p';0.884;0.904;0.904
'ChainResponse(o, p)';'ChainResponse';'o';'p';0.884;1.000;1.000
'CoExistence(o, q)';'CoExistence';'o';'q';0.748;0.776;0.776
'RespondedExistence(o, q)';'RespondedExistence';'o';'q';0.748;0.846;0.846
'NotSuccession(o, r)';'NotSuccession';'o';'r';0.848;0.944;0.944
'NotCoExistence(o, r)';'NotCoExistence';'o';'r';0.812;0.904;0.904
'CoExistence(o, s)';'CoExistence';'o';'s';0.776;0.797;0.797
'RespondedExistence(o, s)';'RespondedExistence';'o';'s';0.776;0.878;0.878
'CoExistence(o, t)';'CoExistence';'o';'t';0.860;0.874;0.874
'RespondedExistence(o, t)';'RespondedExistence';'o';'t';0.860;0.973;0.973
'Response(o, t)';'Response';'o';'t';0.456;0.516;0.516
'CoExistence(o, u)';'CoExistence';'o';'u';0.804;0.825;0.825
'RespondedExistence(o, u)';'RespondedExistence';'o';'u';0.804;0.910;0.910
'CoExistence(o, v)';'CoExistence';'o';'v';0.776;0.798;0.798
'RespondedExistence(o, v)';'RespondedExistence';'o';'v';0.776;0.878;0.878
'CoExistence(o, w)';'CoExistence';'o';'w';0.780;0.794;0.794
'RespondedExistence(o, w)';'RespondedExistence';'o';'w';0.780;0.882;0.882
'CoExistence(o, z)';'CoExistence';'o';'z';0.778;0.797;0.797
'RespondedExistence(o, z)';'RespondedExistence';'o';'z';0.778;0.880;0.880
'Participation(p)';'Participation';'p';;0.978;0.978;0.978
'CoExistence(p, a)';'CoExistence';'p';'a';0.978;0.978;0.978
'CoExistence(p, b)';'CoExistence';'p';'b';0.978;0.978;0.978
'Succession(p, b)';'Succession';'p';'b';0.632;0.632;0.632
'CoExistence(p, c)';'CoExistence';'p';'c';0.868;0.877;0.877
'RespondedExistence(p, c)';'RespondedExistence';'p';'c';0.868;0.888;0.888
'CoExistence(p, d)';'CoExistence';'p';'d';0.978;0.978;0.978
'CoExistence(p, e)';'CoExistence';'p';'e';0.824;0.834;0.834
'RespondedExistence(p, e)';'RespondedExistence';'p';'e';0.824;0.843;0.843
'CoExistence(p, f)';'CoExistence';'p';'f';0.944;0.952;0.952
'RespondedExistence(p, f)';'RespondedExistence';'p';'f';0.944;0.965;0.965
'Response(p, f)';'Response';'p';'f';0.668;0.683;0.683
'CoExistence(p, g)';'CoExistence';'p';'g';0.864;0.873;0.873
'RespondedExistence(p, g)';'RespondedExistence';'p';'g';0.864;0.883;0.883
'CoExistence(p, h)';'CoExistence';'p';'h';0.646;0.655;0.655
'RespondedExistence(p, h)';'RespondedExistence';'p';'h';0.646;0.661;0.661
'CoExistence(p, i)';'CoExistence';'p';'i';0.860;0.867;0.867
'RespondedExistence(p, i)';'RespondedExistence';'p';'i';0.860;0.879;0.879
'CoExistence(p, l)';'CoExistence';'p';'l';0.606;0.615;0.615
'RespondedExistence(p, l)';'RespondedExistence';'p';'l';0.606;0.620;0.620
'CoExistence(p, m)';'CoExistence';'p';'m';0.822;0.832;0.832
'RespondedExistence(p, m)';'RespondedExistence';'p';'m';0.822;0.840;0.840
'CoExistence(p, n)';'CoExistence';'p';'n';0.942;0.952;0.952
'RespondedExistence(p, n)';'RespondedExistence';'p';'n';0.942;0.963;0.963
'Response(p, n)';'Response';'p';'n';0.660;0.675;0.675
'CoExistence(p, o)';'CoExistence';'p';'o';0.884;0.904;0.904
'RespondedExistence(p, o)';'RespondedExistence';'p';'o';0.884;0.904;0.904
'CoExistence(p, q)';'CoExistence';'p';'q';0.816;0.824;0.824
'RespondedExistence(p, q)';'RespondedExistence';'p';'q';0.816;0.834;0.834
'NotSuccession(p, r)';'NotSuccession';'p';'r';0.904;0.921;0.921
'NotCoExistence(p, r)';'NotCoExistence';'p';'r';0.886;0.902;0.902
'CoExistence(p, s)';'CoExistence';'p';'s';0.860;0.874;0.874
'RespondedExistence(p, s)';'RespondedExistence';'p';'s';0.860;0.879;0.879
'CoExistence(p, t)';'CoExistence';'p';'t';0.948;0.958;0.958
'RespondedExistence(p, t)';'RespondedExistence';'p';'t';0.948;0.969;0.969
'CoExistence(p, u)';'CoExistence';'p';'u';0.876;0.880;0.880
'RespondedExistence(p, u)';'RespondedExistence';'p';'u';0.876;0.896;0.896
'CoExistence(p, v)';'CoExistence';'p';'v';0.852;0.861;0.861
'RespondedExistence(p, v)';'RespondedExistence';'p';'v';0.852;0.871;0.871
'CoExistence(p, w)';'CoExistence';'p';'w';0.862;0.867;0.867
'RespondedExistence(p, w)';'RespondedExistence';'p';'w';0.862;0.881;0.881
'CoExistence(p, z)';'CoExistence';'p';'z';0.854;0.859;0.859
'RespondedExistence(p, z)';'RespondedExistence';'p';'z';0.854;0.873;0.873
'Participation(q)';'Participation';'q';;0.828;0.828;0.828
'Precedence(p, q)';'Precedence';'q';'p';0.474;0.572;0.572
'CoExistence(q, a)';'CoExistence';'q';'a';0.828;0.828;0.828
'CoExistence(q, b)';'CoExistence';'q';'b';0.828;0.828;0.828
'CoExistence(q, c)';'CoExistence';'q';'c';0.746;0.775;0.775
'RespondedExistence(q, c)';'RespondedExistence';'q';'c';0.746;0.901;0.901
'NotSuccession(q, c)';'NotSuccession';'q';'c';0.546;0.568;0.568
'CoExistence(q, d)';'CoExistence';'q';'d';0.828;0.828;0.828
'Response(q, d)';'Response';'q';'d';0.460;0.556;0.556
'CoExistence(q, e)';'CoExistence';'q';'e';0.704;0.735;0.735
'RespondedExistence(q, e)';'RespondedExistence';'q';'e';0.704;0.850;0.850
'CoExistence(q, f)';'CoExistence';'q';'f';0.808;0.826;0.826
'RespondedExistence(q, f)';'RespondedExistence';'q';'f';0.808;0.976;0.976
'Response(q, f)';'Response';'q';'f';0.644;0.778;0.778
'CoExistence(q, g)';'CoExistence';'q';'g';0.732;0.753;0.753
'RespondedExistence(q, g)';'RespondedExistence';'q';'g';0.732;0.884;0.884
'CoExistence(q, h)';'CoExistence';'q';'h';0.550;0.590;0.590
'RespondedExistence(q, h)';'RespondedExistence';'q';'h';0.550;0.664;0.664
'CoExistence(q, i)';'CoExistence';'q';'i';0.740;0.769;0.769
'RespondedExistence(q, i)';'RespondedExistence';'q';'i';0.740;0.894;0.894
'CoExistence(q, l)';'CoExistence';'q';'l';0.534;0.588;0.588
'RespondedExistence(q, l)';'RespondedExistence';'q';'l';0.534;0.645;0.645
'NotSuccession(q, l)';'NotSuccession';'q';'l';0.462;0.509;0.509
'CoExistence(q, m)';'CoExistence';'q';'m';0.708;0.744;0.744
'RespondedExistence(q, m)';'RespondedExistence';'q';'m';0.708;0.855;0.855
'CoExistence(q, n)';'CoExistence';'q';'n';0.804;0.822;0.822
'RespondedExistence(q, n)';'RespondedExistence';'q';'n';0.804;0.971;0.971
'Response(q, n)';'Response';'q';'n';0.644;0.778;0.778
'CoExistence(q, o)';'CoExistence';'q';'o';0.748;0.776;0.776
'RespondedExistence(q, o)';'RespondedExistence';'q';'o';0.748;0.903;0.903
'CoExistence(q, p)';'CoExistence';'q';'p';0.816;0.824;0.824
'RespondedExistence(q, p)';'RespondedExistence';'q';'p';0.816;0.986;0.986
'Response(q, p)';'Response';'q';'p';0.540;0.652;0.652
'NotSuccession(q, r)';'NotSuccession';'q';'r';0.728;0.879;0.879
'NotCoExistence(q, r)';'NotCoExistence';'q';'r';0.728;0.879;0.879
'CoExistence(q, s)';'CoExistence';'q';'s';0.740;0.776;0.776
'RespondedExistence(q, s)';'RespondedExistence';'q';'s';0.740;0.894;0.894
'CoExistence(q, t)';'CoExistence';'q';'t';0.814;0.836;0.836
'RespondedExistence(q, t)';'RespondedExistence';'q';'t';0.814;0.983;0.983
'Response(q, t)';'Response';'q';'t';0.458;0.553;0.553
'CoExistence(q, u)';'CoExistence';'q';'u';0.746;0.764;0.764
'RespondedExistence(q, u)';'RespondedExistence';'q';'u';0.746;0.901;0.901
'Response(q, u)';'Response';'q';'u';0.420;0.507;0.507
'CoExistence(q, v)';'CoExistence';'q';'v';0.732;0.763;0.763
'RespondedExistence(q, v)';'RespondedExistence';'q';'v';0.732;0.884;0.884
'CoExistence(q, w)';'CoExistence';'q';'w';0.740;0.766;0.766
'RespondedExistence(q, w)';'RespondedExistence';'q';'w';0.740;0.894;0.894
'CoExistence(q, z)';'CoExistence';'q';'z';0.728;0.751;0.751
'RespondedExistence(q, z)';'RespondedExistence';'q';'z';0.728;0.879;0.879
'AtMostOne(r)';'AtMostOne';'r';;0.094;0.940;0.940
'AlternatePrecedence(a, r)';'AlternatePrecedence';'r';'a';0.096;0.960;0.960
'Precedence(b, r)';'Precedence';'r';'b';0.060;0.600;0.600
'AlternatePrecedence(b, r)';'AlternatePrecedence';'r';'b';0.058;0.580;0.580
'Precedence(c, r)';'Precedence';'r';'c';0.062;0.620;0.620
'AlternatePrecedence(c, r)';'AlternatePrecedence';'r';'c';0.058;0.580;0.580
'Precedence(d, r)';'Precedence';'r';'d';0.056;0.560;0.560
'AlternatePrecedence(d, r)';'AlternatePrecedence';'r';'d';0.056;0.560;0.560
'Precedence(e, r)';'Precedence';'r';'e';0.058;0.580;0.580
'AlternatePrecedence(e, r)';'AlternatePrecedence';'r';'e';0.058;0.580;0.580
'Precedence(f, r)';'Precedence';'r';'f';0.072;0.720;0.720
'AlternatePrecedence(f, r)';'AlternatePrecedence';'r';'f';0.068;0.680;0.680
'Precedence(g, r)';'Precedence';'r';'g';0.056;0.560;0.560
'AlternatePrecedence(g, r)';'AlternatePrecedence';'r';'g';0.056;0.560;0.560
'Precedence(i, r)';'Precedence';'r';'i';0.068;0.680;0.680
'AlternatePrecedence(i, r)';'AlternatePrecedence';'r';'i';0.062;0.620;0.620
'Precedence(m, r)';'Precedence';'r';'m';0.056;0.560;0.560
'AlternatePrecedence(m, r)';'AlternatePrecedence';'r';'m';0.052;0.520;0.520
'Precedence(n, r)';'Precedence';'r';'n';0.056;0.560;0.560
'AlternatePrecedence(n, r)';'AlternatePrecedence';'r';'n';0.056;0.560;0.560
'Precedence(o, r)';'Precedence';'r';'o';0.050;0.500;0.500
'Precedence(p, r)';'Precedence';'r';'p';0.076;0.760;0.760
'AlternatePrecedence(p, r)';'AlternatePrecedence';'r';'p';0.072;0.720;0.720
'ChainPrecedence(q, r)';'ChainPrecedence';'r';'q';0.100;1.000;1.000
'NotSuccession(r, a)';'NotSuccession';'r';'a';0.954;0.954;0.954
'NotCoExistence(r, a)';'NotCoExistence';'r';'a';0.900;0.900;0.900
'AlternateResponse(r, b)';'AlternateResponse';'r';'b';0.098;0.980;0.980
'NotSuccession(r, b)';'NotSuccession';'r';'b';0.900;0.900;0.900
'NotCoExistence(r, b)';'NotCoExistence';'r';'b';0.900;0.900;0.900
'RespondedExistence(r, c)';'RespondedExistence';'r';'c';0.098;0.980;0.980
'NotSuccession(r, c)';'NotSuccession';'r';'c';0.846;0.959;0.959
'NotCoExistence(r, c)';'NotCoExistence';'r';'c';0.784;0.889;0.889
'Response(r, d)';'Response';'r';'d';0.076;0.760;0.760
'AlternateResponse(r, d)';'AlternateResponse';'r';'d';0.074;0.740;0.740
'NotSuccession(r, d)';'NotSuccession';'r';'d';0.922;0.922;0.922
'NotCoExistence(r, d)';'NotCoExistence';'r';'d';0.900;0.900;0.900
'RespondedExistence(r, e)';'RespondedExistence';'r';'e';0.086;0.860;0.860
'Response(r, e)';'Response';'r';'e';0.050;0.500;0.500
'AlternateResponse(r, e)';'AlternateResponse';'r';'e';0.050;0.500;0.500
'NotSuccession(r, e)';'NotSuccession';'r';'e';0.796;0.939;0.939
'NotCoExistence(r, e)';'NotCoExistence';'r';'e';0.762;0.899;0.899
'RespondedExistence(r, f)';'RespondedExistence';'r';'f';0.098;0.980;0.980
'Response(r, f)';'Response';'r';'f';0.080;0.800;0.800
'AlternateResponse(r, f)';'AlternateResponse';'r';'f';0.076;0.760;0.760
'NotSuccession(r, f)';'NotSuccession';'r';'f';0.880;0.917;0.917
'NotCoExistence(r, f)';'NotCoExistence';'r';'f';0.862;0.898;0.898
'RespondedExistence(r, g)';'RespondedExistence';'r';'g';0.082;0.820;0.820
'Response(r, g)';'Response';'r';'g';0.052;0.520;0.520
'NotSuccession(r, g)';'NotSuccession';'r';'g';0.842;0.942;0.942
'NotCoExistence(r, g)';'NotCoExistence';'r';'g';0.812;0.908;0.908
'RespondedExistence(r, h)';'RespondedExistence';'r';'h';0.060;0.600;0.600
'NotSuccession(r, h)';'NotSuccession';'r';'h';0.656;0.945;0.945
'NotCoExistence(r, h)';'NotCoExistence';'r';'h';0.634;0.914;0.914
'RespondedExistence(r, i)';'RespondedExistence';'r';'i';0.090;0.900;0.900
'NotSuccession(r, i)';'NotSuccession';'r';'i';0.838;0.948;0.948
'NotCoExistence(r, i)';'NotCoExistence';'r';'i';0.794;0.898;0.898
'RespondedExistence(r, l)';'RespondedExistence';'r';'l';0.066;0.660;0.660
'NotSuccession(r, l)';'NotSuccession';'r';'l';0.616;0.951;0.951
'NotCoExistence(r, l)';'NotCoExistence';'r';'l';0.582;0.898;0.898
'RespondedExistence(r, m)';'RespondedExistence';'r';'m';0.076;0.760;0.760
'NotSuccession(r, m)';'NotSuccession';'r';'m';0.818;0.956;0.956
'NotCoExistence(r, m)';'NotCoExistence';'r';'m';0.780;0.911;0.911
'RespondedExistence(r, n)';'RespondedExistence';'r';'n';0.094;0.940;0.940
'Response(r, n)';'Response';'r';'n';0.078;0.780;0.780
'AlternateResponse(r, n)';'AlternateResponse';'r';'n';0.076;0.760;0.760
'NotSuccession(r, n)';'NotSuccession';'r';'n';0.882;0.919;0.919
'NotCoExistence(r, n)';'NotCoExistence';'r';'n';0.866;0.902;0.902
'RespondedExistence(r, o)';'RespondedExistence';'r';'o';0.086;0.860;0.860
'Response(r, o)';'Response';'r';'o';0.062;0.620;0.620
'AlternateResponse(r, o)';'AlternateResponse';'r';'o';0.058;0.580;0.580
'NotSuccession(r, o)';'NotSuccession';'r';'o';0.836;0.931;0.931
'NotCoExistence(r, o)';'NotCoExistence';'r';'o';0.812;0.904;0.904
'RespondedExistence(r, p)';'RespondedExistence';'r';'p';0.096;0.960;0.960
'Response(r, p)';'Response';'r';'p';0.078;0.780;0.780
'AlternateResponse(r, p)';'AlternateResponse';'r';'p';0.074;0.740;0.740
'NotSuccession(r, p)';'NotSuccession';'r';'p';0.902;0.919;0.919
'NotCoExistence(r, p)';'NotCoExistence';'r';'p';0.886;0.902;0.902
'Response(r, q)';'Response';'r';'q';0.056;0.560;0.560
'AlternateResponse(r, q)';'AlternateResponse';'r';'q';0.056;0.560;0.560
'NotSuccession(r, q)';'NotSuccession';'r';'q';0.766;0.925;0.925
'NotCoExistence(r, q)';'NotCoExistence';'r';'q';0.728;0.879;0.879
'RespondedExistence(r, s)';'RespondedExistence';'r';'s';0.094;0.940;0.940
'Response(r, s)';'Response';'r';'s';0.054;0.540;0.540
'AlternateResponse(r, s)';'AlternateResponse';'r';'s';0.050;0.500;0.500
'NotSuccession(r, s)';'NotSuccession';'r';'s';0.816;0.936;0.936
'NotCoExistence(r, s)';'NotCoExistence';'r';'s';0.778;0.892;0.892
'RespondedExistence(r, t)';'RespondedExistence';'r';'t';0.100;1.000;1.000
'Response(r, t)';'Response';'r';'t';0.066;0.660;0.660
'AlternateResponse(r, t)';'AlternateResponse';'r';'t';0.064;0.640;0.640
'NotSuccession(r, t)';'NotSuccession';'r';'t';0.894;0.931;0.931
'NotCoExistence(r, t)';'NotCoExistence';'r';'t';0.860;0.896;0.896
'RespondedExistence(r, u)';'RespondedExistence';'r';'u';0.090;0.900;0.900
'Response(r, u)';'Response';'r';'u';0.050;0.500;0.500
'NotSuccession(r, u)';'NotSuccession';'r';'u';0.852;0.942;0.942
'NotCoExistence(r, u)';'NotCoExistence';'r';'u';0.814;0.900;0.900
'RespondedExistence(r, v)';'RespondedExistence';'r';'v';0.090;0.900;0.900
'Response(r, v)';'Response';'r';'v';0.058;0.580;0.580
'AlternateResponse(r, v)';'AlternateResponse';'r';'v';0.058;0.580;0.580
'NotSuccession(r, v)';'NotSuccession';'r';'v';0.810;0.927;0.927
'NotCoExistence(r, v)';'NotCoExistence';'r';'v';0.784;0.897;0.897
'RespondedExistence(r, w)';'RespondedExistence';'r';'w';0.086;0.860;0.860
'Response(r, w)';'Response';'r';'w';0.054;0.540;0.540
'AlternateResponse(r, w)';'AlternateResponse';'r';'w';0.054;0.540;0.540
'NotSuccession(r, w)';'NotSuccession';'r';'w';0.838;0.939;0.939
'NotCoExistence(r, w)';'NotCoExistence';'r';'w';0.806;0.904;0.904
'RespondedExistence(r, z)';'RespondedExistence';'r';'z';0.088;0.880;0.880
'Response(r, z)';'Response';'r';'z';0.064;0.640;0.640
'AlternateResponse(r, z)';'AlternateResponse';'r';'z';0.060;0.600;0.600
'NotSuccession(r, z)';'NotSuccession';'r';'z';0.818;0.927;0.927
'NotCoExistence(r, z)';'NotCoExistence';'r';'z';0.794;0.900;0.900
'Precedence(s, r)';'Precedence';'r';'s';0.064;0.640;0.640
'AlternatePrecedence(s, r)';'AlternatePrecedence';'r';'s';0.062;0.620;0.620
'Precedence(t, r)';'Precedence';'r';'t';0.070;0.700;0.700
'AlternatePrecedence(t, r)';'AlternatePrecedence';'r';'t';0.070;0.700;0.700
'Precedence(u, r)';'Precedence';'r';'u';0.064;0.640;0.640
'AlternatePrecedence(u, r)';'AlternatePrecedence';'r';'u';0.062;0.620;0.620
'Precedence(v, r)';'Precedence';'r';'v';0.056;0.560;0.560
'AlternatePrecedence(v, r)';'AlternatePrecedence';'r';'v';0.056;0.560;0.560
'Precedence(w, r)';'Precedence';'r';'w';0.064;0.640;0.640
'AlternatePrecedence(w, r)';'AlternatePrecedence';'r';'w';0.060;0.600;0.600
'Precedence(z, r)';'Precedence';'r';'z';0.054;0.540;0.540
'AlternatePrecedence(z, r)';'AlternatePrecedence';'r';'z';0.052;0.520;0.520
'Participation(s)';'Participation';'s';;0.866;0.866;0.866
'Precedence(p, s)';'Precedence';'s';'p';0.530;0.612;0.612
'CoExistence(s, a)';'CoExistence';'s';'a';0.866;0.866;0.866
'CoExistence(s, b)';'CoExistence';'s';'b';0.866;0.866;0.866
'CoExistence(s, c)';'CoExistence';'s';'c';0.776;0.800;0.800
'RespondedExistence(s, c)';'RespondedExistence';'s';'c';0.776;0.896;0.896
'NotSuccession(s, c)';'NotSuccession';'s';'c';0.614;0.633;0.633
'CoExistence(s, d)';'CoExistence';'s';'d';0.866;0.866;0.866
'Response(s, d)';'Response';'s';'d';0.494;0.570;0.570
'CoExistence(s, e)';'CoExistence';'s';'e';0.760;0.809;0.809
'RespondedExistence(s, e)';'RespondedExistence';'s';'e';0.760;0.878;0.878
'CoExistence(s, f)';'CoExistence';'s';'f';0.848;0.869;0.869
'RespondedExistence(s, f)';'RespondedExistence';'s';'f';0.848;0.979;0.979
'Response(s, f)';'Response';'s';'f';0.670;0.774;0.774
'CoExistence(s, g)';'CoExistence';'s';'g';0.786;0.822;0.822
'RespondedExistence(s, g)';'RespondedExistence';'s';'g';0.786;0.908;0.908
'CoExistence(s, h)';'CoExistence';'s';'h';0.596;0.645;0.645
'RespondedExistence(s, h)';'RespondedExistence';'s';'h';0.596;0.688;0.688
'CoExistence(s, i)';'CoExistence';'s';'i';0.772;0.798;0.798
'RespondedExistence(s, i)';'RespondedExistence';'s';'i';0.772;0.891;0.891
'CoExistence(s, l)';'CoExistence';'s';'l';0.544;0.581;0.581
'RespondedExistence(s, l)';'RespondedExistence';'s';'l';0.544;0.628;0.628
'NotSuccession(s, l)';'NotSuccession';'s';'l';0.516;0.551;0.551
'CoExistence(s, m)';'CoExistence';'s';'m';0.748;0.787;0.787
'RespondedExistence(s, m)';'RespondedExistence';'s';'m';0.748;0.864;0.864
'CoExistence(s, n)';'CoExistence';'s';'n';0.842;0.861;0.861
'RespondedExistence(s, n)';'RespondedExistence';'s';'n';0.842;0.972;0.972
'Response(s, n)';'Response';'s';'n';0.644;0.744;0.744
'CoExistence(s, o)';'CoExistence';'s';'o';0.776;0.797;0.797
'RespondedExistence(s, o)';'RespondedExistence';'s';'o';0.776;0.896;0.896
'CoExistence(s, p)';'CoExistence';'s';'p';0.860;0.874;0.874
'RespondedExistence(s, p)';'RespondedExistence';'s';'p';0.860;0.993;0.993
'Response(s, p)';'Response';'s';'p';0.548;0.633;0.633
'CoExistence(s, q)';'CoExistence';'s';'q';0.740;0.776;0.776
'RespondedExistence(s, q)';'RespondedExistence';'s';'q';0.740;0.855;0.855
'NotSuccession(s, r)';'NotSuccession';'s';'r';0.806;0.924;0.924
'NotCoExistence(s, r)';'NotCoExistence';'s';'r';0.778;0.892;0.892
'CoExistence(s, t)';'CoExistence';'s';'t';0.866;0.902;0.902
'RespondedExistence(s, t)';'RespondedExistence';'s';'t';0.866;1.000;1.000
'Response(s, t)';'Response';'s';'t';0.450;0.520;0.520
'CoExistence(s, u)';'CoExistence';'s';'u';0.786;0.807;0.807
'RespondedExistence(s, u)';'RespondedExistence';'s';'u';0.786;0.908;0.908
'CoExistence(s, v)';'CoExistence';'s';'v';0.766;0.795;0.795
'RespondedExistence(s, v)';'RespondedExistence';'s';'v';0.766;0.885;0.885
'CoExistence(s, w)';'CoExistence';'s';'w';0.772;0.794;0.794
'RespondedExistence(s, w)';'RespondedExistence';'s';'w';0.772;0.891;0.891
'CoExistence(s, z)';'CoExistence';'s';'z';0.770;0.797;0.797
'RespondedExistence(s, z)';'RespondedExistence';'s';'z';0.770;0.889;0.889
'Participation(t)';'Participation';'t';;0.960;0.960;0.960
'AlternatePrecedence(a, t)';'AlternatePrecedence';'t';'a';0.480;0.500;0.500
'Precedence(b, t)';'Precedence';'t';'b';0.480;0.500;0.500
'Precedence(f, t)';'Precedence';'t';'f';0.484;0.504;0.504
'Precedence(i, t)';'Precedence';'t';'i';0.486;0.506;0.506
'Precedence(n, t)';'Precedence';'t';'n';0.492;0.513;0.513
'Precedence(p, t)';'Precedence';'t';'p';0.610;0.635;0.635
'Precedence(s, t)';'Precedence';'t';'s';0.486;0.506;0.506
'CoExistence(t, a)';'CoExistence';'t';'a';0.960;0.960;0.960
'CoExistence(t, b)';'CoExistence';'t';'b';0.960;0.960;0.960
'AlternateResponse(t, b)';'AlternateResponse';'t';'b';0.484;0.504;0.504
'CoExistence(t, c)';'CoExistence';'t';'c';0.856;0.870;0.870
'RespondedExistence(t, c)';'RespondedExistence';'t';'c';0.856;0.892;0.892
'NotSuccession(t, c)';'NotSuccession';'t';'c';0.606;0.616;0.616
'CoExistence(t, d)';'CoExistence';'t';'d';0.960;0.960;0.960
'Response(t, d)';'Response';'t';'d';0.546;0.569;0.569
'CoExistence(t, e)';'CoExistence';'t';'e';0.816;0.834;0.834
'RespondedExistence(t, e)';'RespondedExistence';'t';'e';0.816;0.850;0.850
'CoExistence(t, f)';'CoExistence';'t';'f';0.930;0.941;0.941
'RespondedExistence(t, f)';'RespondedExistence';'t';'f';0.930;0.969;0.969
'Response(t, f)';'Response';'t';'f';0.692;0.721;0.721
'CoExistence(t, g)';'CoExistence';'t';'g';0.866;0.893;0.893
'RespondedExistence(t, g)';'RespondedExistence';'t';'g';0.866;0.902;0.902
'CoExistence(t, h)';'CoExistence';'t';'h';0.648;0.671;0.671
'RespondedExistence(t, h)';'RespondedExistence';'t';'h';0.648;0.675;0.675
'CoExistence(t, i)';'CoExistence';'t';'i';0.850;0.864;0.864
'RespondedExistence(t, i)';'RespondedExistence';'t';'i';0.850;0.885;0.885
'CoExistence(t, l)';'CoExistence';'t';'l';0.602;0.619;0.619
'RespondedExistence(t, l)';'RespondedExistence';'t';'l';0.602;0.627;0.627
'NotSuccession(t, l)';'NotSuccession';'t';'l';0.534;0.549;0.549
'CoExistence(t, m)';'CoExistence';'t';'m';0.820;0.844;0.844
'RespondedExistence(t, m)';'RespondedExistence';'t';'m';0.820;0.854;0.854
'CoExistence(t, n)';'CoExistence';'t';'n';0.928;0.941;0.941
'RespondedExistence(t, n)';'RespondedExistence';'t';'n';0.928;0.967;0.967
'Response(t, n)';'Response';'t';'n';0.708;0.738;0.738
'CoExistence(t, o)';'CoExistence';'t';'o';0.860;0.874;0.874
'RespondedExistence(t, o)';'RespondedExistence';'t';'o';0.860;0.896;0.896
'CoExistence(t, p)';'CoExistence';'t';'p';0.948;0.958;0.958
'RespondedExistence(t, p)';'RespondedExistence';'t';'p';0.948;0.988;0.988
'Response(t, p)';'Response';'t';'p';0.572;0.596;0.596
'CoExistence(t, q)';'CoExistence';'t';'q';0.814;0.836;0.836
'RespondedExistence(t, q)';'RespondedExistence';'t';'q';0.814;0.848;0.848
'NotSuccession(t, r)';'NotSuccession';'t';'r';0.886;0.923;0.923
'NotCoExistence(t, r)';'NotCoExistence';'t';'r';0.860;0.896;0.896
'CoExistence(t, s)';'CoExistence';'t';'s';0.866;0.902;0.902
'RespondedExistence(t, s)';'RespondedExistence';'t';'s';0.866;0.902;0.902
'CoExistence(t, u)';'CoExistence';'t';'u';0.868;0.880;0.880
'RespondedExistence(t, u)';'RespondedExistence';'t';'u';0.868;0.904;0.904
'CoExistence(t, v)';'CoExistence';'t';'v';0.846;0.865;0.865
'RespondedExistence(t, v)';'RespondedExistence';'t';'v';0.846;0.881;0.881
'CoExistence(t, w)';'CoExistence';'t';'w';0.848;0.857;0.857
'RespondedExistence(t, w)';'RespondedExistence';'t';'w';0.848;0.883;0.883
'CoExistence(t, z)';'CoExistence';'t';'z';0.848;0.864;0.864
'RespondedExistence(t, z)';'RespondedExistence';'t';'z';0.848;0.883;0.883
'Precedence(u, t)';'Precedence';'t';'u';0.496;0.517;0.517
'Participation(u)';'Participation';'u';;0.894;0.894;0.894
'Precedence(p, u)';'Precedence';'u';'p';0.546;0.611;0.611
'CoExistence(u, a)';'CoExistence';'u';'a';0.894;0.894;0.894
'CoExistence(u, b)';'CoExistence';'u';'b';0.894;0.894;0.894
'CoExistence(u, c)';'CoExistence';'u';'c';0.796;0.814;0.814
'RespondedExistence(u, c)';'RespondedExistence';'u';'c';0.796;0.890;0.890
'NotSuccession(u, c)';'NotSuccession';'u';'c';0.542;0.554;0.554
'CoExistence(u, d)';'CoExistence';'u';'d';0.894;0.894;0.894
'Response(u, d)';'Response';'u';'d';0.494;0.553;0.553
'CoExistence(u, e)';'CoExistence';'u';'e';0.762;0.789;0.789
'RespondedExistence(u, e)';'RespondedExistence';'u';'e';0.762;0.852;0.852
'CoExistence(u, f)';'CoExistence';'u';'f';0.866;0.878;0.878
'RespondedExistence(u, f)';'RespondedExistence';'u';'f';0.866;0.969;0.969
'Response(u, f)';'Response';'u';'f';0.692;0.774;0.774
'CoExistence(u, g)';'CoExistence';'u';'g';0.790;0.806;0.806
'RespondedExistence(u, g)';'RespondedExistence';'u';'g';0.790;0.884;0.884
'CoExistence(u, h)';'CoExistence';'u';'h';0.596;0.626;0.626
'RespondedExistence(u, h)';'RespondedExistence';'u';'h';0.596;0.667;0.667
'CoExistence(u, i)';'CoExistence';'u';'i';0.784;0.797;0.797
'RespondedExistence(u, i)';'RespondedExistence';'u';'i';0.784;0.877;0.877
'CoExistence(u, l)';'CoExistence';'u';'l';0.548;0.571;0.571
'RespondedExistence(u, l)';'RespondedExistence';'u';'l';0.548;0.613;0.613
'NotSuccession(u, l)';'NotSuccession';'u';'l';0.536;0.558;0.558
'CoExistence(u, m)';'CoExistence';'u';'m';0.762;0.790;0.790
'RespondedExistence(u, m)';'RespondedExistence';'u';'m';0.762;0.852;0.852
'CoExistence(u, n)';'CoExistence';'u';'n';0.864;0.878;0.878
'RespondedExistence(u, n)';'RespondedExistence';'u';'n';0.864;0.966;0.966
'Response(u, n)';'Response';'u';'n';0.678;0.758;0.758
'CoExistence(u, o)';'CoExistence';'u';'o';0.804;0.825;0.825
'RespondedExistence(u, o)';'RespondedExistence';'u';'o';0.804;0.899;0.899
'CoExistence(u, p)';'CoExistence';'u';'p';0.876;0.880;0.880
'RespondedExistence(u, p)';'RespondedExistence';'u';'p';0.876;0.980;0.980
'Response(u, p)';'Response';'u';'p';0.558;0.624;0.624
'CoExistence(u, q)';'CoExistence';'u';'q';0.746;0.764;0.764
'RespondedExistence(u, q)';'RespondedExistence';'u';'q';0.746;0.834;0.834
'NotSuccession(u, r)';'NotSuccession';'u';'r';0.838;0.927;0.927
'NotCoExistence(u, r)';'NotCoExistence';'u';'r';0.814;0.900;0.900
'CoExistence(u, s)';'CoExistence';'u';'s';0.786;0.807;0.807
'RespondedExistence(u, s)';'RespondedExistence';'u';'s';0.786;0.879;0.879
'CoExistence(u, t)';'CoExistence';'u';'t';0.868;0.880;0.880
'RespondedExistence(u, t)';'RespondedExistence';'u';'t';0.868;0.971;0.971
'CoExistence(u, v)';'CoExistence';'u';'v';0.776;0.790;0.790
'RespondedExistence(u, v)';'RespondedExistence';'u';'v';0.776;0.868;0.868
'CoExistence(u, w)';'CoExistence';'u';'w';0.800;0.823;0.823
'RespondedExistence(u, w)';'RespondedExistence';'u';'w';0.800;0.895;0.895
'CoExistence(u, z)';'CoExistence';'u';'z';0.784;0.800;0.800
'RespondedExistence(u, z)';'RespondedExistence';'u';'z';0.784;0.877;0.877
'Participation(v)';'Participation';'v';;0.864;0.864;0.864
'Precedence(p, v)';'Precedence';'v';'p';0.522;0.604;0.604
'CoExistence(v, a)';'CoExistence';'v';'a';0.864;0.864;0.864
'CoExistence(v, b)';'CoExistence';'v';'b';0.864;0.864;0.864
'Succession(v, b)';'Succession';'v';'b';0.502;0.502;0.502
'CoExistence(v, c)';'CoExistence';'v';'c';0.768;0.787;0.787
'RespondedExistence(v, c)';'RespondedExistence';'v';'c';0.768;0.889;0.889
'NotSuccession(v, c)';'NotSuccession';'v';'c';0.598;0.613;0.613
'CoExistence(v, d)';'CoExistence';'v';'d';0.864;0.864;0.864
'Response(v, d)';'Response';'v';'d';0.486;0.563;0.563
'CoExistence(v, e)';'CoExistence';'v';'e';0.746;0.784;0.784
'RespondedExistence(v, e)';'RespondedExistence';'v';'e';0.746;0.863;0.863
'CoExistence(v, f)';'CoExistence';'v';'f';0.840;0.855;0.855
'RespondedExistence(v, f)';'RespondedExistence';'v';'f';0.840;0.972;0.972
'Response(v, f)';'Response';'v';'f';0.668;0.773;0.773
'CoExistence(v, g)';'CoExistence';'v';'g';0.768;0.790;0.790
'RespondedExistence(v, g)';'RespondedExistence';'v';'g';0.768;0.889;0.889
'CoExistence(v, h)';'CoExistence';'v';'h';0.586;0.629;0.629
'RespondedExistence(v, h)';'RespondedExistence';'v';'h';0.586;0.678;0.678
'CoExistence(v, i)';'CoExistence';'v';'i';0.764;0.784;0.784
'RespondedExistence(v, i)';'RespondedExistence';'v';'i';0.764;0.884;0.884
'CoExistence(v, l)';'CoExistence';'v';'l';0.532;0.562;0.562
'RespondedExistence(v, l)';'RespondedExistence';'v';'l';0.532;0.616;0.616
'NotSuccession(v, l)';'NotSuccession';'v';'l';0.544;0.575;0.575
'CoExistence(v, m)';'CoExistence';'v';'m';0.738;0.770;0.770
'RespondedExistence(v, m)';'RespondedExistence';'v';'m';0.738;0.854;0.854
'CoExistence(v, n)';'CoExistence';'v';'n';0.828;0.836;0.836
'RespondedExistence(v, n)';'RespondedExistence';'v';'n';0.828;0.958;0.958
'Response(v, n)';'Response';'v';'n';0.672;0.778;0.778
'CoExistence(v, o)';'CoExistence';'v';'o';0.776;0.798;0.798
'RespondedExistence(v, o)';'RespondedExistence';'v';'o';0.776;0.898;0.898
'CoExistence(v, p)';'CoExistence';'v';'p';0.852;0.861;0.861
'RespondedExistence(v, p)';'RespondedExistence';'v';'p';0.852;0.986;0.986
'Response(v, p)';'Response';'v';'p';0.578;0.669;0.669
'CoExistence(v, q)';'CoExistence';'v';'q';0.732;0.763;0.763
'RespondedExistence(v, q)';'RespondedExistence';'v';'q';0.732;0.847;0.847
'NotSuccession(v, r)';'NotSuccession';'v';'r';0.816;0.934;0.934
'NotCoExistence(v, r)';'NotCoExistence';'v';'r';0.784;0.897;0.897
'CoExistence(v, s)';'CoExistence';'v';'s';0.766;0.795;0.795
'RespondedExistence(v, s)';'RespondedExistence';'v';'s';0.766;0.887;0.887
'Response(v, s)';'Response';'v';'s';0.434;0.502;0.502
'CoExistence(v, t)';'CoExistence';'v';'t';0.846;0.865;0.865
'RespondedExistence(v, t)';'RespondedExistence';'v';'t';0.846;0.979;0.979
'Response(v, t)';'Response';'v';'t';0.474;0.549;0.549
'CoExistence(v, u)';'CoExistence';'v';'u';0.776;0.790;0.790
'RespondedExistence(v, u)';'RespondedExistence';'v';'u';0.776;0.898;0.898
'CoExistence(v, w)';'CoExistence';'v';'w';0.772;0.796;0.796
'RespondedExistence(v, w)';'RespondedExistence';'v';'w';0.772;0.894;0.894
'CoExistence(v, z)';'CoExistence';'v';'z';0.762;0.784;0.784
'RespondedExistence(v, z)';'RespondedExistence';'v';'z';0.762;0.882;0.882
'Participation(w)';'Participation';'w';;0.878;0.878;0.878
'Precedence(p, w)';'Precedence';'w';'p';0.520;0.592;0.592
'CoExistence(w, a)';'CoExistence';'w';'a';0.878;0.878;0.878
'CoExistence(w, b)';'CoExistence';'w';'b';0.878;0.878;0.878
'CoExistence(w, c)';'CoExistence';'w';'c';0.786;0.809;0.809
'RespondedExistence(w, c)';'RespondedExistence';'w';'c';0.786;0.895;0.895
'NotSuccession(w, c)';'NotSuccession';'w';'c';0.578;0.595;0.595
'CoExistence(w, d)';'CoExistence';'w';'d';0.878;0.878;0.878
'Response(w, d)';'Response';'w';'d';0.526;0.599;0.599
'CoExistence(w, e)';'CoExistence';'w';'e';0.746;0.772;0.772
'RespondedExistence(w, e)';'RespondedExistence';'w';'e';0.746;0.850;0.850
'CoExistence(w, f)';'CoExistence';'w';'f';0.848;0.858;0.858
'RespondedExistence(w, f)';'RespondedExistence';'w';'f';0.848;0.966;0.966
'Response(w, f)';'Response';'w';'f';0.678;0.772;0.772
'CoExistence(w, g)';'CoExistence';'w';'g';0.774;0.790;0.790
'RespondedExistence(w, g)';'RespondedExistence';'w';'g';0.774;0.882;0.882
'CoExistence(w, h)';'CoExistence';'w';'h';0.586;0.619;0.619
'RespondedExistence(w, h)';'RespondedExistence';'w';'h';0.586;0.667;0.667
'CoExistence(w, i)';'CoExistence';'w';'i';0.774;0.791;0.791
'RespondedExistence(w, i)';'RespondedExistence';'w';'i';0.774;0.882;0.882
'CoExistence(w, l)';'CoExistence';'w';'l';0.540;0.567;0.567
'RespondedExistence(w, l)';'RespondedExistence';'w';'l';0.540;0.615;0.615
'NotSuccession(w, l)';'NotSuccession';'w';'l';0.532;0.559;0.559
'CoExistence(w, m)';'CoExistence';'w';'m';0.748;0.778;0.778
'RespondedExistence(w, m)';'RespondedExistence';'w';'m';0.748;0.852;0.852
'CoExistence(w, n)';'CoExistence';'w';'n';0.844;0.854;0.854
'RespondedExistence(w, n)';'RespondedExistence';'w';'n';0.844;0.961;0.961
'Response(w, n)';'Response';'w';'n';0.680;0.774;0.774
'CoExistence(w, o)';'CoExistence';'w';'o';0.780;0.794;0.794
'RespondedExistence(w, o)';'RespondedExistence';'w';'o';0.780;0.888;0.888
'CoExistence(w, p)';'CoExistence';'w';'p';0.862;0.867;0.867
'RespondedExistence(w, p)';'RespondedExistence';'w';'p';0.862;0.982;0.982
'Response(w, p)';'Response';'w';'p';0.574;0.654;0.654
'CoExistence(w, q)';'CoExistence';'w';'q';0.740;0.766;0.766
'RespondedExistence(w, q)';'RespondedExistence';'w';'q';0.740;0.843;0.843
'NotSuccession(w, r)';'NotSuccession';'w';'r';0.828;0.928;0.928
'NotCoExistence(w, r)';'NotCoExistence';'w';'r';0.806;0.904;0.904
'CoExistence(w, s)';'CoExistence';'w';'s';0.772;0.794;0.794
'RespondedExistence(w, s)';'RespondedExistence';'w';'s';0.772;0.879;0.879
'CoExistence(w, t)';'CoExistence';'w';'t';0.848;0.857;0.857
'RespondedExistence(w, t)';'RespondedExistence';'w';'t';0.848;0.966;0.966
'Response(w, t)';'Response';'w';'t';0.466;0.531;0.531
'CoExistence(w, u)';'CoExistence';'w';'u';0.800;0.823;0.823
'RespondedExistence(w, u)';'RespondedExistence';'w';'u';0.800;0.911;0.911
'CoExistence(w, v)';'CoExistence';'w';'v';0.772;0.796;0.796
'RespondedExistence(w, v)';'RespondedExistence';'w';'v';0.772;0.879;0.879
'CoExistence(w, z)';'CoExistence';'w';'z';0.776;0.798;0.798
'RespondedExistence(w, z)';'RespondedExistence';'w';'z';0.776;0.884;0.884
'Participation(z)';'Participation';'z';;0.870;0.870;0.870
'Precedence(p, z)';'Precedence';'z';'p';0.526;0.605;0.605
'CoExistence(z, a)';'CoExistence';'z';'a';0.870;0.870;0.870
'CoExistence(z, b)';'CoExistence';'z';'b';0.870;0.870;0.870
'CoExistence(z, c)';'CoExistence';'z';'c';0.778;0.800;0.800
'RespondedExistence(z, c)';'RespondedExistence';'z';'c';0.778;0.894;0.894
'NotSuccession(z, c)';'NotSuccession';'z';'c';0.592;0.609;0.609
'CoExistence(z, d)';'CoExistence';'z';'d';0.870;0.870;0.870
'Response(z, d)';'Response';'z';'d';0.510;0.586;0.586
'CoExistence(z, e)';'CoExistence';'z';'e';0.746;0.779;0.779
'RespondedExistence(z, e)';'RespondedExistence';'z';'e';0.746;0.857;0.857
'CoExistence(z, f)';'CoExistence';'z';'f';0.838;0.846;0.846
'RespondedExistence(z, f)';'RespondedExistence';'z';'f';0.838;0.963;0.963
'Response(z, f)';'Response';'z';'f';0.690;0.793;0.793
'CoExistence(z, g)';'CoExistence';'z';'g';0.772;0.793;0.793
'RespondedExistence(z, g)';'RespondedExistence';'z';'g';0.772;0.887;0.887
'CoExistence(z, h)';'CoExistence';'z';'h';0.582;0.618;0.618
'RespondedExistence(z, h)';'RespondedExistence';'z';'h';0.582;0.669;0.669
'CoExistence(z, i)';'CoExistence';'z';'i';0.774;0.798;0.798
'RespondedExistence(z, i)';'RespondedExistence';'z';'i';0.774;0.890;0.890
'CoExistence(z, l)';'CoExistence';'z';'l';0.548;0.585;0.585
'RespondedExistence(z, l)';'RespondedExistence';'z';'l';0.548;0.630;0.630
'NotSuccession(z, l)';'NotSuccession';'z';'l';0.510;0.545;0.545
'CoExistence(z, m)';'CoExistence';'z';'m';0.746;0.780;0.780
'RespondedExistence(z, m)';'RespondedExistence';'z';'m';0.746;0.857;0.857
'CoExistence(z, n)';'CoExistence';'z';'n';0.838;0.850;0.850
'RespondedExistence(z, n)';'RespondedExistence';'z';'n';0.838;0.963;0.963
'Response(z, n)';'Response';'z';'n';0.666;0.766;0.766
'CoExistence(z, o)';'CoExistence';'z';'o';0.778;0.797;0.797
'RespondedExistence(z, o)';'RespondedExistence';'z';'o';0.778;0.894;0.894
'CoExistence(z, p)';'CoExistence';'z';'p';0.854;0.859;0.859
'RespondedExistence(z, p)';'RespondedExistence';'z';'p';0.854;0.982;0.982
'Response(z, p)';'Response';'z';'p';0.540;0.621;0.621
'CoExistence(z, q)';'CoExistence';'z';'q';0.728;0.751;0.751
'RespondedExistence(z, q)';'RespondedExistence';'z';'q';0.728;0.837;0.837
'NotSuccession(z, r)';'NotSuccession';'z';'r';0.826;0.937;0.937
'NotCoExistence(z, r)';'NotCoExistence';'z';'r';0.794;0.900;0.900
'CoExistence(z, s)';'CoExistence';'z';'s';0.770;0.797;0.797
'RespondedExistence(z, s)';'RespondedExistence';'z';'s';0.770;0.885;0.885
'CoExistence(z, t)';'CoExistence';'z';'t';0.848;0.864;0.864
'RespondedExistence(z, t)';'RespondedExistence';'z';'t';0.848;0.975;0.975
'Response(z, t)';'Response';'z';'t';0.452;0.520;0.520
'CoExistence(z, u)';'CoExistence';'z';'u';0.784;0.800;0.800
'RespondedExistence(z, u)';'RespondedExistence';'z';'u';0.784;0.901;0.901
'CoExistence(z, v)';'CoExistence';'z';'v';0.762;0.784;0.784
'RespondedExistence(z, v)';'RespondedExistence';'z';'v';0.762;0.876;0.876
'CoExistence(z, w)';'CoExistence';'z';'w';0.776;0.798;0.798
'RespondedExistence(z, w)';'RespondedExistence';'z';'w';0.776;0.892;0.892
