Rank-100-true;Rank-100-TOT;Measure
11;1290;ORIGINAL-MODEL
11;106;Compliance
11;101;Sebag-Schoenauer
11;101;Laplace Correction
11;101;Example and Counterexample Rate
11;101;Confidence
7;450;Ylue Y
7;450;Ylue Q
7;450;Odds Ratio
7;101;Zhang
7;101;Odd Multiplier
7;101;Linear Correlation Coefficient
7;101;Conviction
7;101;Certainty factor
6;101;Two-way Support
6;101;Piatetsky-Shapiro
6;101;One-way Support
6;101;Lift
6;101;Klosgen
6;101;Interestingness Weighting Dependency
6;101;Added Value
5;107;Prevalence
5;101;Information Gain
5;101;Accuracy
4;693;Recall
4;101;Least Contradiction
4;101;Jaccard
4;101;Gini Index
4;101;Cosine
3;231;Coverage
3;101;Support
3;101;Leverage
1;442;Specificity
1;290;Lovinger
0;442;Relative Risk
0;102;Two-way Support Variation
0;102;J Measure
0;101;Collective Strength
