Rank-200-true;Rank-200-TOT;Measure
11;1290;ORIGINAL-MODEL
11;201;Sebag-Schoenauer
11;201;Laplace Correction
11;201;Example and Counterexample Rate
11;201;Confidence
11;201;Compliance
8;210;Accuracy
8;201;Least Contradiction
7;450;Ylue Y
7;450;Ylue Q
7;450;Odds Ratio
7;207;Jaccard
7;207;Cosine
7;205;Prevalence
7;202;Two-way Support
7;202;Linear Correlation Coefficient
7;202;Conviction
7;202;Added Value
7;201;Zhang
7;201;Piatetsky-Shapiro
7;201;One-way Support
7;201;Odd Multiplier
7;201;Interestingness Weighting Dependency
7;201;Certainty factor
6;203;Information Gain
6;202;Gini Index
6;201;Lift
6;201;Klosgen
5;201;Support
4;693;Recall
3;231;Coverage
3;201;Leverage
1;442;Specificity
1;290;Lovinger
0;442;Relative Risk
0;201;Two-way Support Variation
0;201;J Measure
0;201;Collective Strength
