Rank-1500-true;Rank-1500-TOT;Measure
11;1290;ORIGINAL-MODEL
11;1290;Two-way Support
11;1290;Support
11;1290;Sebag-Schoenauer
11;1290;Recall
11;1290;Prevalence
11;1290;Piatetsky-Shapiro
11;1290;One-way Support
11;1290;Lift
11;1290;Leverage
11;1290;Least Contradiction
11;1290;Laplace Correction
11;1290;Klosgen
11;1290;Jaccard
11;1290;Interestingness Weighting Dependency
11;1290;Information Gain
11;1290;Example and Counterexample Rate
11;1290;Coverage
11;1290;Cosine
11;1290;Confidence
11;1290;Compliance
11;1290;Added Value
11;1290;Accuracy
8;1039;Specificity
8;1039;Relative Risk
8;1039;Gini Index
8;1039;Collective Strength
7;1269;Zhang
7;1269;Odd Multiplier
7;1269;Lovinger
7;1269;Conviction
7;1269;Certainty factor
7;1067;Linear Correlation Coefficient
7;1038;Ylue Y
7;1038;Ylue Q
7;1038;Odds Ratio
0;1261;J Measure
0;586;Two-way Support Variation
