Rank-10-true;Rank-10-TOT;Measure
11;1290;ORIGINAL-MODEL
11;30;Sebag-Schoenauer
11;30;Example and Counterexample Rate
11;30;Confidence
11;30;Compliance
7;450;Ylue Y
7;450;Ylue Q
7;450;Odds Ratio
7;11;Odd Multiplier
7;11;Conviction
4;693;Recall
4;22;Prevalence
4;21;Least Contradiction
4;21;Laplace Correction
4;21;Jaccard
4;21;Cosine
4;21;Accuracy
3;231;Coverage
3;21;Support
3;11;Lift
1;442;Specificity
1;22;Linear Correlation Coefficient
1;11;One-way Support
1;11;Information Gain
0;442;Relative Risk
0;12;Lovinger
0;12;Leverage
0;11;Zhang
0;11;Two-way Support Variation
0;11;Two-way Support
0;11;Piatetsky-Shapiro
0;11;Klosgen
0;11;J Measure
0;11;Interestingness Weighting Dependency
0;11;Gini Index
0;11;Collective Strength
0;11;Certainty factor
0;11;Added Value
