Rank-500-true;Rank-500-TOT;Measure
11;1327;ORIGINAL-MODEL
11;504;Accuracy
11;501;Sebag-Schoenauer
11;501;Laplace Correction
11;501;Example and Counterexample Rate
11;501;Confidence
11;501;Compliance
10;501;Least Contradiction
9;504;Jaccard
9;501;Cosine
8;504;Prevalence
8;501;Support
7;504;Added Value
7;503;One-way Support
7;503;Information Gain
7;502;Two-way Support
7;502;Odd Multiplier
7;502;Linear Correlation Coefficient
7;501;Zhang
7;501;Ylue Y
7;501;Ylue Q
7;501;Piatetsky-Shapiro
7;501;Odds Ratio
7;501;Lovinger
7;501;Lift
7;501;Leverage
7;501;Klosgen
7;501;Interestingness Weighting Dependency
7;501;Conviction
7;501;Certainty factor
6;501;Specificity
6;501;Relative Risk
6;501;Gini Index
4;715;Recall
3;503;Coverage
3;501;Collective Strength
0;501;Two-way Support Variation
0;501;J Measure
