Rank-100-true;Rank-100-TOT;Measure
11;1327;ORIGINAL-MODEL
11;108;Compliance
11;102;Laplace Correction
11;101;Sebag-Schoenauer
11;101;Example and Counterexample Rate
11;101;Confidence
7;448;Ylue Y
7;448;Ylue Q
7;448;Odds Ratio
7;101;Zhang
7;101;Odd Multiplier
7;101;Conviction
7;101;Certainty factor
6;101;Linear Correlation Coefficient
5;107;Prevalence
5;102;Klosgen
5;102;Interestingness Weighting Dependency
5;101;Two-way Support
5;101;Piatetsky-Shapiro
5;101;Accuracy
4;715;Recall
4;101;One-way Support
4;101;Lift
4;101;Least Contradiction
4;101;Jaccard
4;101;Cosine
4;101;Added Value
3;251;Coverage
3;101;Support
3;101;Information Gain
1;438;Specificity
1;438;Relative Risk
1;101;Leverage
0;101;Two-way Support Variation
0;101;Lovinger
0;101;J Measure
0;101;Gini Index
0;101;Collective Strength
