Rank-1000-true;Rank-1000-TOT;Measure
11;1327;ORIGINAL-MODEL
11;1233;Two-way Support
11;1233;Piatetsky-Shapiro
11;1233;One-way Support
11;1233;Lift
11;1233;Klosgen
11;1233;Interestingness Weighting Dependency
11;1233;Information Gain
11;1233;Added Value
11;1010;Cosine
11;1003;Compliance
11;1003;Accuracy
11;1002;Least Contradiction
11;1002;Jaccard
11;1001;Sebag-Schoenauer
11;1001;Laplace Correction
11;1001;Example and Counterexample Rate
11;1001;Confidence
10;1001;Support
10;1001;Prevalence
8;1002;Collective Strength
8;1001;Relative Risk
8;1001;Recall
8;1001;Leverage
7;1228;Odd Multiplier
7;1212;Zhang
7;1212;Certainty factor
7;1201;Conviction
7;1014;Linear Correlation Coefficient
7;1002;Specificity
7;1001;Ylue Y
7;1001;Ylue Q
7;1001;Odds Ratio
7;1001;Lovinger
7;1001;Gini Index
5;1001;Coverage
0;1001;J Measure
0;597;Two-way Support Variation
