Rank-1500-true;Rank-1500-TOT;Measure
11;1327;ORIGINAL-MODEL
11;1327;Two-way Support
11;1327;Support
11;1327;Sebag-Schoenauer
11;1327;Recall
11;1327;Prevalence
11;1327;Piatetsky-Shapiro
11;1327;One-way Support
11;1327;Lift
11;1327;Leverage
11;1327;Least Contradiction
11;1327;Laplace Correction
11;1327;Klosgen
11;1327;Jaccard
11;1327;Interestingness Weighting Dependency
11;1327;Information Gain
11;1327;Example and Counterexample Rate
11;1327;Coverage
11;1327;Cosine
11;1327;Confidence
11;1327;Compliance
11;1327;Added Value
11;1327;Accuracy
8;1050;Specificity
8;1050;Relative Risk
8;1050;Gini Index
8;1050;Collective Strength
7;1306;Zhang
7;1306;Odd Multiplier
7;1306;Lovinger
7;1306;Conviction
7;1306;Certainty factor
7;1092;Linear Correlation Coefficient
7;1049;Ylue Y
7;1049;Ylue Q
7;1049;Odds Ratio
0;1296;J Measure
0;597;Two-way Support Variation
