Rank-25-true;Rank-25-TOT;Measure
11;1327;ORIGINAL-MODEL
11;32;Sebag-Schoenauer
11;32;Example and Counterexample Rate
11;32;Confidence
11;32;Compliance
9;26;Laplace Correction
7;448;Ylue Y
7;448;Ylue Q
7;448;Odds Ratio
7;26;Odd Multiplier
7;26;Conviction
4;715;Recall
4;47;Prevalence
4;32;Least Contradiction
4;32;Jaccard
4;32;Cosine
4;32;Accuracy
3;251;Coverage
3;31;Support
3;26;Lift
1;438;Specificity
1;438;Relative Risk
1;29;Information Gain
1;29;Added Value
1;28;Linear Correlation Coefficient
1;28;Leverage
1;26;One-way Support
0;30;Piatetsky-Shapiro
0;29;Lovinger
0;26;Zhang
0;26;Two-way Support Variation
0;26;Two-way Support
0;26;Klosgen
0;26;J Measure
0;26;Interestingness Weighting Dependency
0;26;Gini Index
0;26;Collective Strength
0;26;Certainty factor
