Rank-1-true;Rank-1-TOT;Measure
11;1327;ORIGINAL-MODEL
11;32;Sebag-Schoenauer
11;32;Example and Counterexample Rate
11;32;Confidence
11;32;Compliance
7;448;Ylue Y
7;448;Ylue Q
7;448;Odds Ratio
7;11;Odd Multiplier
7;11;Conviction
4;715;Recall
4;22;Prevalence
4;21;Least Contradiction
4;21;Laplace Correction
4;21;Jaccard
4;21;Cosine
4;21;Accuracy
3;21;Support
1;438;Specificity
1;438;Relative Risk
1;28;Linear Correlation Coefficient
1;2;Lift
0;8;Coverage
0;6;Lovinger
0;6;Information Gain
0;5;Leverage
0;2;Zhang
0;2;Two-way Support Variation
0;2;Two-way Support
0;2;Piatetsky-Shapiro
0;2;One-way Support
0;2;Klosgen
0;2;J Measure
0;2;Interestingness Weighting Dependency
0;2;Gini Index
0;2;Collective Strength
0;2;Certainty factor
0;2;Added Value
