Rank-200-true;Rank-200-TOT;Measure
11;1327;ORIGINAL-MODEL
11;208;Compliance
11;203;Sebag-Schoenauer
11;201;Laplace Correction
11;201;Example and Counterexample Rate
11;201;Confidence
9;205;Accuracy
8;226;Prevalence
8;204;Jaccard
8;202;Least Contradiction
8;202;Cosine
7;448;Ylue Y
7;448;Ylue Q
7;448;Odds Ratio
7;204;Linear Correlation Coefficient
7;202;Zhang
7;201;Odd Multiplier
7;201;Interestingness Weighting Dependency
7;201;Conviction
7;201;Certainty factor
6;202;One-way Support
6;202;Klosgen
6;202;Information Gain
6;201;Two-way Support
6;201;Piatetsky-Shapiro
6;201;Lift
6;201;Gini Index
6;201;Added Value
5;211;Support
4;715;Recall
3;251;Coverage
3;201;Leverage
1;438;Specificity
1;438;Relative Risk
1;321;Lovinger
0;201;Two-way Support Variation
0;201;J Measure
0;201;Collective Strength
