Rank-50-true;Rank-50-TOT;Measure
11;1327;ORIGINAL-MODEL
11;52;Sebag-Schoenauer
11;51;Laplace Correction
11;51;Example and Counterexample Rate
11;51;Confidence
11;51;Compliance
7;448;Ylue Y
7;448;Ylue Q
7;448;Odds Ratio
7;51;Zhang
7;51;Odd Multiplier
7;51;Conviction
7;51;Certainty factor
5;52;Prevalence
4;715;Recall
4;53;Accuracy
4;52;Least Contradiction
4;52;Jaccard
4;52;Cosine
3;251;Coverage
3;52;Piatetsky-Shapiro
3;52;Interestingness Weighting Dependency
3;52;Added Value
3;51;Two-way Support
3;51;Support
3;51;One-way Support
3;51;Lift
3;51;Klosgen
3;51;Information Gain
2;51;Linear Correlation Coefficient
1;438;Specificity
1;438;Relative Risk
1;51;Leverage
0;51;Two-way Support Variation
0;51;Lovinger
0;51;J Measure
0;51;Gini Index
0;51;Collective Strength
