Rank-5-true;Rank-5-TOT;Measure
11;1327;ORIGINAL-MODEL
11;32;Sebag-Schoenauer
11;32;Example and Counterexample Rate
11;32;Confidence
11;32;Compliance
7;448;Ylue Y
7;448;Ylue Q
7;448;Odds Ratio
7;11;Odd Multiplier
7;11;Conviction
4;715;Recall
4;22;Prevalence
4;21;Least Contradiction
4;21;Laplace Correction
4;21;Jaccard
4;21;Cosine
4;21;Accuracy
3;21;Support
1;438;Specificity
1;438;Relative Risk
1;28;Linear Correlation Coefficient
1;6;Lift
0;12;Piatetsky-Shapiro
0;11;Added Value
0;8;Coverage
0;7;Two-way Support Variation
0;7;Leverage
0;6;Zhang
0;6;Two-way Support
0;6;One-way Support
0;6;Lovinger
0;6;Klosgen
0;6;J Measure
0;6;Interestingness Weighting Dependency
0;6;Information Gain
0;6;Gini Index
0;6;Collective Strength
0;6;Certainty factor
