Rank-1500-true;Rank-1500-TOT;Measure
11.0;1295.2;Two-way Support
11.0;1295.2;Support
11.0;1295.2;Sebag-Schoenauer
11.0;1295.2;Recall
11.0;1295.2;Prevalence
11.0;1295.2;Piatetsky-Shapiro
11.0;1295.2;One-way Support
11.0;1295.2;ORIGINAL-MODEL
11.0;1295.2;Lift
11.0;1295.2;Leverage
11.0;1295.2;Least Contradiction
11.0;1295.2;Laplace Correction
11.0;1295.2;Klosgen
11.0;1295.2;Jaccard
11.0;1295.2;Interestingness Weighting Dependency
11.0;1295.2;Information Gain
11.0;1295.2;Example and Counterexample Rate
11.0;1295.2;Coverage
11.0;1295.2;Cosine
11.0;1295.2;Confidence
11.0;1295.2;Compliance
11.0;1295.2;Added Value
11.0;1295.2;Accuracy
10.3;1286.1;Zhang
10.3;1286.1;Odd Multiplier
10.3;1286.1;Lovinger
10.3;1286.1;Conviction
10.3;1286.1;Certainty factor
10.0;1282.4;J Measure
8.0;1098.4;Linear Correlation Coefficient
8.0;1065.6;Ylue Y
8.0;1065.6;Ylue Q
8.0;1065.6;Specificity
8.0;1065.6;Relative Risk
8.0;1065.6;Odds Ratio
8.0;1065.6;Gini Index
8.0;1065.6;Collective Strength
6.7;609.5;Two-way Support Variation
