Rank-200-true;Rank-200-TOT;Measure
11.0;1295.2;ORIGINAL-MODEL
8.8;201.1;Laplace Correction
8.7;201.2;Example and Counterexample Rate
8.7;201.2;Confidence
8.0;202.2;Compliance
7.0;201.2;Conviction
7.0;201.1;Zhang
7.0;201.0;Odd Multiplier
7.0;201.0;Certainty factor
6.9;201.3;Linear Correlation Coefficient
6.7;201.6;Two-way Support Variation
6.5;207.2;Accuracy
6.4;201.4;Interestingness Weighting Dependency
6.2;201.3;Piatetsky-Shapiro
6.2;201.2;Two-way Support
6.1;201.2;One-way Support
6.1;201.2;Klosgen
6.1;201.1;Added Value
6.0;216.6;Prevalence
5.9;202.7;Lift
5.9;201.6;Gini Index
5.8;202.5;Information Gain
5.3;202.0;Least Contradiction
5.1;202.4;Jaccard
5.1;202.3;Cosine
3.7;279.9;Lovinger
3.4;207.4;Support
3.2;201.5;J Measure
3.0;670.3;Recall
3.0;223.1;Coverage
3.0;201.1;Leverage
2.2;202.8;Sebag-Schoenauer
1.1;444.5;Ylue Y
1.1;444.4;Ylue Q
0.3;444.4;Odds Ratio
0.3;440.7;Specificity
0.1;201.0;Collective Strength
0.0;440.7;Relative Risk
