Rank-100-true;Rank-100-TOT;Measure
11.0;1295.2;ORIGINAL-MODEL
7.0;101.1;Odd Multiplier
6.9;101.2;Conviction
6.6;101.6;Certainty factor
6.6;101.4;Two-way Support Variation
6.6;101.1;Zhang
6.1;101.3;Linear Correlation Coefficient
5.7;101.5;Interestingness Weighting Dependency
5.5;106.2;Compliance
5.4;101.4;Piatetsky-Shapiro
5.4;101.3;Two-way Support
5.0;101.2;Klosgen
4.6;103.1;Example and Counterexample Rate
4.6;103.1;Confidence
4.6;102.9;Laplace Correction
4.4;101.3;Lift
4.3;101.2;Added Value
4.2;101.3;One-way Support
3.7;101.6;Information Gain
3.0;670.3;Recall
3.0;210.0;Coverage
3.0;115.8;Prevalence
2.9;216.3;Lovinger
2.9;104.1;Support
2.5;101.8;Accuracy
2.2;101.1;Least Contradiction
2.2;101.1;Jaccard
2.2;101.1;Cosine
1.6;101.2;Gini Index
1.5;102.3;Sebag-Schoenauer
1.5;101.1;Leverage
1.1;444.5;Ylue Y
1.1;444.4;Ylue Q
0.3;444.4;Odds Ratio
0.3;440.7;Specificity
0.2;101.4;J Measure
0.0;440.7;Relative Risk
0.0;101.0;Collective Strength
