Rank-500-true;Rank-500-TOT;Measure
11.0;1295.2;ORIGINAL-MODEL
10.7;509.4;Compliance
10.5;501.8;Example and Counterexample Rate
10.5;501.8;Confidence
10.3;502.5;Laplace Correction
10.3;501.0;Lovinger
10.1;504.0;Accuracy
8.5;501.8;Least Contradiction
8.3;502.3;Jaccard
8.3;502.2;Cosine
7.9;501.2;Leverage
7.0;511.3;Prevalence
7.0;501.9;Certainty factor
7.0;501.5;Odd Multiplier
7.0;501.4;Linear Correlation Coefficient
7.0;501.3;Zhang
7.0;501.1;Conviction
6.9;501.9;Lift
6.9;501.5;Interestingness Weighting Dependency
6.9;501.4;Piatetsky-Shapiro
6.9;501.3;Two-way Support
6.9;501.3;Klosgen
6.9;501.2;One-way Support
6.9;501.1;Added Value
6.8;503.8;Information Gain
6.8;501.2;J Measure
6.7;505.5;Support
6.7;501.2;Two-way Support Variation
6.7;501.1;Gini Index
6.6;501.6;Ylue Y
6.6;501.5;Ylue Q
5.3;501.0;Relative Risk
4.4;501.7;Specificity
3.8;501.6;Sebag-Schoenauer
3.7;501.1;Collective Strength
3.0;670.3;Recall
3.0;510.1;Coverage
2.3;501.2;Odds Ratio
