Rank-5-true;Rank-5-TOT;Measure
11.0;1295.2;ORIGINAL-MODEL
3.0;670.3;Recall
1.6;13.8;Example and Counterexample Rate
1.6;13.8;Confidence
1.6;10.8;Laplace Correction
1.6;6.3;Odd Multiplier
1.5;6.3;Conviction
1.2;13.8;Compliance
1.1;444.5;Ylue Y
1.1;444.4;Ylue Q
1.0;13.8;Sebag-Schoenauer
1.0;11.1;Prevalence
1.0;10.8;Support
1.0;10.8;Least Contradiction
1.0;10.8;Jaccard
1.0;10.8;Cosine
1.0;10.8;Accuracy
1.0;6.0;Lift
0.7;8.5;Information Gain
0.3;444.4;Odds Ratio
0.3;440.7;Specificity
0.1;6.1;J Measure
0.1;6.0;One-way Support
0.0;440.7;Relative Risk
0.0;21.6;Linear Correlation Coefficient
0.0;9.4;Piatetsky-Shapiro
0.0;9.1;Added Value
0.0;8.7;Coverage
0.0;8.2;Leverage
0.0;7.1;Lovinger
0.0;6.3;Collective Strength
0.0;6.2;Two-way Support Variation
0.0;6.1;Two-way Support
0.0;6.0;Zhang
0.0;6.0;Klosgen
0.0;6.0;Interestingness Weighting Dependency
0.0;6.0;Gini Index
0.0;6.0;Certainty factor
