Rank-25-true;Rank-25-TOT;Measure
11.0;1295.2;ORIGINAL-MODEL
4.3;26.0;Conviction
4.0;26.0;Odd Multiplier
3.0;670.3;Recall
3.0;210.0;Coverage
3.0;27.0;Lift
2.2;29.1;Compliance
2.2;26.8;Laplace Correction
2.2;26.2;Example and Counterexample Rate
2.2;26.2;Confidence
1.7;26.5;Certainty factor
1.6;37.4;Prevalence
1.4;27.0;Added Value
1.4;26.0;One-way Support
1.3;26.1;Zhang
1.2;27.4;Information Gain
1.1;444.5;Ylue Y
1.1;444.4;Ylue Q
1.0;34.1;Accuracy
1.0;33.4;Support
1.0;33.0;Least Contradiction
1.0;32.6;Jaccard
1.0;32.4;Cosine
1.0;28.4;Sebag-Schoenauer
0.9;26.2;Klosgen
0.8;26.1;Two-way Support Variation
0.7;26.1;Two-way Support
0.5;27.5;Piatetsky-Shapiro
0.4;26.7;Leverage
0.3;444.4;Odds Ratio
0.3;440.7;Specificity
0.2;26.7;Lovinger
0.1;26.1;J Measure
0.1;26.0;Interestingness Weighting Dependency
0.1;26.0;Gini Index
0.0;440.7;Relative Risk
0.0;26.7;Linear Correlation Coefficient
0.0;26.0;Collective Strength
