Rank-1000-true;Rank-1000-TOT;Measure
11.0;1295.2;ORIGINAL-MODEL
11.0;1002.8;Accuracy
11.0;1001.8;Least Contradiction
11.0;1001.3;Compliance
11.0;1001.1;Example and Counterexample Rate
11.0;1001.1;Confidence
11.0;1001.0;Laplace Correction
10.5;1002.0;Jaccard
10.3;1001.1;Lovinger
10.1;1001.2;Cosine
10.0;1004.0;Prevalence
9.5;1001.9;Sebag-Schoenauer
9.4;1003.0;Support
8.2;1134.0;Odd Multiplier
8.0;1002.0;Collective Strength
8.0;1001.4;Leverage
7.8;1078.6;Conviction
7.6;1001.1;Ylue Y
7.6;1001.1;Ylue Q
7.4;1001.0;Gini Index
7.3;1026.6;Lift
7.3;1021.8;Two-way Support
7.3;1021.7;Piatetsky-Shapiro
7.3;1021.7;Klosgen
7.3;1021.7;Interestingness Weighting Dependency
7.3;1021.7;Information Gain
7.3;1021.6;One-way Support
7.3;1021.6;Added Value
7.3;1001.0;Relative Risk
7.2;1020.4;Certainty factor
7.2;1020.3;Zhang
7.1;1001.1;J Measure
7.0;1001.2;Recall
7.0;1001.2;Linear Correlation Coefficient
7.0;1001.0;Odds Ratio
6.9;1001.6;Specificity
6.7;609.5;Two-way Support Variation
6.5;1011.5;Coverage
