Rank-50-true;Rank-50-TOT;Measure
11.0;1295.2;ORIGINAL-MODEL
5.4;51.1;Two-way Support Variation
5.4;51.1;Conviction
5.3;51.6;Odd Multiplier
5.2;51.0;Certainty factor
5.0;51.1;Zhang
3.1;53.1;Lift
3.0;670.3;Recall
3.0;210.0;Coverage
3.0;57.0;Compliance
3.0;52.6;Information Gain
3.0;51.3;Two-way Support
3.0;51.2;Added Value
3.0;51.1;One-way Support
3.0;51.1;Klosgen
3.0;51.1;Interestingness Weighting Dependency
2.8;52.7;Example and Counterexample Rate
2.8;52.7;Confidence
2.8;52.0;Laplace Correction
2.3;66.8;Prevalence
2.1;51.2;Piatetsky-Shapiro
1.1;444.5;Ylue Y
1.1;444.4;Ylue Q
1.1;55.1;Support
1.1;53.7;Jaccard
1.1;53.5;Least Contradiction
1.1;53.4;Cosine
1.0;52.7;Accuracy
1.0;51.8;Sebag-Schoenauer
1.0;51.0;Lovinger
1.0;51.0;Leverage
0.8;51.1;Linear Correlation Coefficient
0.3;444.4;Odds Ratio
0.3;440.7;Specificity
0.3;51.1;Gini Index
0.1;51.1;J Measure
0.0;440.7;Relative Risk
0.0;51.0;Collective Strength
