Rank-10-true;Rank-10-TOT;Measure
11.0;1295.2;ORIGINAL-MODEL
3.2;11.0;Conviction
3.0;670.3;Recall
2.7;11.1;Odd Multiplier
2.2;11.0;Lift
1.8;14.6;Example and Counterexample Rate
1.8;14.6;Confidence
1.7;12.9;Laplace Correction
1.4;15.6;Compliance
1.3;16.2;Prevalence
1.1;444.5;Ylue Y
1.1;444.4;Ylue Q
1.0;15.9;Information Gain
1.0;14.7;Sebag-Schoenauer
1.0;13.9;Accuracy
1.0;13.8;Support
1.0;13.8;Least Contradiction
1.0;13.8;Jaccard
1.0;13.7;Cosine
0.9;11.0;One-way Support
0.3;444.4;Odds Ratio
0.3;440.7;Specificity
0.3;27.9;Coverage
0.1;12.6;Added Value
0.1;11.0;J Measure
0.0;440.7;Relative Risk
0.0;21.6;Linear Correlation Coefficient
0.0;13.5;Leverage
0.0;13.1;Piatetsky-Shapiro
0.0;12.6;Lovinger
0.0;11.0;Zhang
0.0;11.0;Two-way Support Variation
0.0;11.0;Two-way Support
0.0;11.0;Klosgen
0.0;11.0;Interestingness Weighting Dependency
0.0;11.0;Gini Index
0.0;11.0;Collective Strength
0.0;11.0;Certainty factor
