Rank-1-true;Rank-1-TOT;Measure
11.0;1295.2;ORIGINAL-MODEL
3.0;670.3;Recall
1.6;13.8;Example and Counterexample Rate
1.6;13.8;Confidence
1.3;10.2;Laplace Correction
1.2;13.8;Compliance
1.1;444.4;Ylue Q
1.1;398.9;Ylue Y
1.1;4.8;Odd Multiplier
1.0;13.8;Sebag-Schoenauer
1.0;10.2;Support
1.0;10.2;Prevalence
1.0;10.2;Least Contradiction
1.0;10.2;Jaccard
1.0;10.2;Cosine
1.0;10.2;Accuracy
1.0;2.0;Lift
0.9;4.8;Conviction
0.3;444.4;Odds Ratio
0.3;440.7;Specificity
0.0;440.7;Relative Risk
0.0;21.6;Linear Correlation Coefficient
0.0;6.9;Added Value
0.0;5.8;Lovinger
0.0;5.6;Piatetsky-Shapiro
0.0;2.9;Coverage
0.0;2.4;Two-way Support Variation
0.0;2.3;Information Gain
0.0;2.2;J Measure
0.0;2.1;Leverage
0.0;2.0;Zhang
0.0;2.0;Two-way Support
0.0;2.0;One-way Support
0.0;2.0;Klosgen
0.0;2.0;Interestingness Weighting Dependency
0.0;2.0;Gini Index
0.0;2.0;Collective Strength
0.0;2.0;Certainty factor
